transfer_id,quote_id,status,reference_number,source_account_id,direction,customer_id,transaction_timestamp,beneficiary_id,beneficiary_account_number,beneficiary_iban,source_amount,target_amount,payment_purpose_key,payment_purpose_name,service_type,source_iban,total_fees,fee_details
LOC-IN-0000001,QUOTE-LOC-IN-0000001,COMPLETED,REF-LOC-IN-0000001,EXT-SRC-000001,INWARD,R2001,2026-01-03 09:01:00,,220000000001,AE070330000220000000001,6583.00,6583.00,SALARY,Salary,FTS,AE121017000000000000001,0.00,[]
LOC-IN-0000003,QUOTE-LOC-IN-0000003,COMPLETED,REF-LOC-IN-0000003,EXT-SRC-000002,INWARD,R2001,2026-02-06 09:01:00,,220000000001,AE070330000220000000001,6630.00,6630.00,SALARY,Salary,FTS,AE121027000000000000002,0.00,[]
LOC-IN-0000005,QUOTE-LOC-IN-0000005,COMPLETED,REF-LOC-IN-0000005,EXT-SRC-000003,INWARD,R2001,2026-03-09 09:01:00,,220000000001,AE070330000220000000001,6677.00,6677.00,SALARY,Salary,FTS,AE121037000000000000003,0.00,[]
LOC-IN-0000007,QUOTE-LOC-IN-0000007,COMPLETED,REF-LOC-IN-0000007,EXT-SRC-000004,INWARD,R2001,2026-04-12 09:01:00,,220000000001,AE070330000220000000001,6724.00,6724.00,SALARY,Salary,FTS,AE121047000000000000004,0.00,[]
LOC-IN-0000009,QUOTE-LOC-IN-0000009,COMPLETED,REF-LOC-IN-0000009,EXT-SRC-000005,INWARD,R2001,2026-05-15 09:01:00,,220000000001,AE070330000220000000001,6771.00,6771.00,SALARY,Salary,FTS,AE121057000000000000005,0.00,[]
LOC-IN-0000011,QUOTE-LOC-IN-0000011,COMPLETED,REF-LOC-IN-0000011,EXT-SRC-000006,INWARD,R3001,2026-01-10 10:02:00,,220000000002,AE070330000220000000002,6666.00,6666.00,SALARY,Salary,FTS,AE121067000000000000006,0.00,[]
LOC-IN-0000013,QUOTE-LOC-IN-0000013,COMPLETED,REF-LOC-IN-0000013,EXT-SRC-000007,INWARD,R3001,2026-02-13 10:02:00,,220000000002,AE070330000220000000002,6713.00,6713.00,SALARY,Salary,FTS,AE121077000000000000007,0.00,[]
LOC-IN-0000015,QUOTE-LOC-IN-0000015,COMPLETED,REF-LOC-IN-0000015,EXT-SRC-000008,INWARD,R3001,2026-03-16 10:02:00,,220000000002,AE070330000220000000002,6760.00,6760.00,SALARY,Salary,FTS,AE121087000000000000008,0.00,[]
LOC-IN-0000017,QUOTE-LOC-IN-0000017,COMPLETED,REF-LOC-IN-0000017,EXT-SRC-000009,INWARD,R3001,2026-03-28 10:02:00,,220000000002,AE070330000220000000002,6807.00,6807.00,SALARY,Salary,FTS,AE121097000000000000009,0.00,[]
LOC-IN-0000019,QUOTE-LOC-IN-0000019,COMPLETED,REF-LOC-IN-0000019,EXT-SRC-000010,INWARD,R3001,2026-04-30 10:02:00,,220000000002,AE070330000220000000002,6854.00,6854.00,SALARY,Salary,FTS,AE121107000000000000010,0.00,[]
LOC-IN-0000021,QUOTE-LOC-IN-0000021,COMPLETED,REF-LOC-IN-0000021,EXT-SRC-000011,INWARD,R3002,2026-01-17 11:03:00,,220000000003,AE070330000220000000003,6749.00,6749.00,SALARY,Salary,FTS,AE121117000000000000011,0.00,[]
LOC-IN-0000023,QUOTE-LOC-IN-0000023,COMPLETED,REF-LOC-IN-0000023,EXT-SRC-000012,INWARD,R3002,2026-01-29 11:03:00,,220000000003,AE070330000220000000003,6796.00,6796.00,SALARY,Salary,FTS,AE121127000000000000012,0.00,[]
LOC-IN-0000025,QUOTE-LOC-IN-0000025,COMPLETED,REF-LOC-IN-0000025,EXT-SRC-000013,INWARD,R3002,2026-03-01 11:03:00,,220000000003,AE070330000220000000003,6843.00,6843.00,SALARY,Salary,FTS,AE121137000000000000013,0.00,[]
LOC-IN-0000027,QUOTE-LOC-IN-0000027,COMPLETED,REF-LOC-IN-0000027,EXT-SRC-000014,INWARD,R3002,2026-04-04 11:03:00,,220000000003,AE070330000220000000003,6890.00,6890.00,SALARY,Salary,FTS,AE121147000000000000014,0.00,[]
LOC-IN-0000029,QUOTE-LOC-IN-0000029,COMPLETED,REF-LOC-IN-0000029,EXT-SRC-000015,INWARD,R3002,2026-05-07 11:03:00,,220000000003,AE070330000220000000003,6937.00,6937.00,SALARY,Salary,FTS,AE121157000000000000015,0.00,[]
LOC-IN-0000031,QUOTE-LOC-IN-0000031,COMPLETED,REF-LOC-IN-0000031,EXT-SRC-000016,INWARD,R3003,2026-01-02 12:04:00,,220000000004,AE070330000220000000004,6832.00,6832.00,SALARY,Salary,FTS,AE121167000000000000016,0.00,[]
LOC-IN-0000033,QUOTE-LOC-IN-0000033,COMPLETED,REF-LOC-IN-0000033,EXT-SRC-000017,INWARD,R3003,2026-02-05 12:04:00,,220000000004,AE070330000220000000004,6879.00,6879.00,SALARY,Salary,FTS,AE121177000000000000017,0.00,[]
LOC-IN-0000035,QUOTE-LOC-IN-0000035,COMPLETED,REF-LOC-IN-0000035,EXT-SRC-000018,INWARD,R3003,2026-03-08 12:04:00,,220000000004,AE070330000220000000004,6926.00,6926.00,SALARY,Salary,FTS,AE121187000000000000018,0.00,[]
LOC-IN-0000037,QUOTE-LOC-IN-0000037,COMPLETED,REF-LOC-IN-0000037,EXT-SRC-000019,INWARD,R3003,2026-04-11 12:04:00,,220000000004,AE070330000220000000004,6973.00,6973.00,SALARY,Salary,FTS,AE121197000000000000019,0.00,[]
LOC-IN-0000039,QUOTE-LOC-IN-0000039,COMPLETED,REF-LOC-IN-0000039,EXT-SRC-000020,INWARD,R3003,2026-05-14 12:04:00,,220000000004,AE070330000220000000004,7020.00,7020.00,SALARY,Salary,FTS,AE121207000000000000020,0.00,[]
LOC-IN-0000041,QUOTE-LOC-IN-0000041,COMPLETED,REF-LOC-IN-0000041,EXT-SRC-000021,INWARD,R3004,2026-01-09 13:05:00,,220000000005,AE070330000220000000005,6915.00,6915.00,SALARY,Salary,FTS,AE121217000000000000021,0.00,[]
LOC-IN-0000043,QUOTE-LOC-IN-0000043,COMPLETED,REF-LOC-IN-0000043,EXT-SRC-000022,INWARD,R3004,2026-02-12 13:05:00,,220000000005,AE070330000220000000005,6962.00,6962.00,SALARY,Salary,FTS,AE121227000000000000022,0.00,[]
LOC-IN-0000045,QUOTE-LOC-IN-0000045,COMPLETED,REF-LOC-IN-0000045,EXT-SRC-000023,INWARD,R3004,2026-03-15 13:05:00,,220000000005,AE070330000220000000005,7009.00,7009.00,SALARY,Salary,FTS,AE121237000000000000023,0.00,[]
LOC-IN-0000047,QUOTE-LOC-IN-0000047,COMPLETED,REF-LOC-IN-0000047,EXT-SRC-000024,INWARD,R3004,2026-03-27 13:05:00,,220000000005,AE070330000220000000005,7056.00,7056.00,SALARY,Salary,FTS,AE121247000000000000024,0.00,[]
LOC-IN-0000049,QUOTE-LOC-IN-0000049,COMPLETED,REF-LOC-IN-0000049,EXT-SRC-000025,INWARD,R3004,2026-04-29 13:05:00,,220000000005,AE070330000220000000005,7103.00,7103.00,SALARY,Salary,FTS,AE121257000000000000025,0.00,[]
LOC-IN-0000051,QUOTE-LOC-IN-0000051,COMPLETED,REF-LOC-IN-0000051,EXT-SRC-000026,INWARD,R3005,2026-01-16 14:06:00,,220000000006,AE070330000220000000006,6998.00,6998.00,SALARY,Salary,FTS,AE121267000000000000026,0.00,[]
LOC-IN-0000053,QUOTE-LOC-IN-0000053,COMPLETED,REF-LOC-IN-0000053,EXT-SRC-000027,INWARD,R3005,2026-01-28 14:06:00,,220000000006,AE070330000220000000006,7045.00,7045.00,SALARY,Salary,FTS,AE121277000000000000027,0.00,[]
LOC-IN-0000055,QUOTE-LOC-IN-0000055,COMPLETED,REF-LOC-IN-0000055,EXT-SRC-000028,INWARD,R3005,2026-02-28 14:06:00,,220000000006,AE070330000220000000006,7092.00,7092.00,SALARY,Salary,FTS,AE121287000000000000028,0.00,[]
LOC-IN-0000057,QUOTE-LOC-IN-0000057,COMPLETED,REF-LOC-IN-0000057,EXT-SRC-000029,INWARD,R3005,2026-04-03 14:06:00,,220000000006,AE070330000220000000006,7139.00,7139.00,SALARY,Salary,FTS,AE121297000000000000029,0.00,[]
LOC-IN-0000059,QUOTE-LOC-IN-0000059,COMPLETED,REF-LOC-IN-0000059,EXT-SRC-000030,INWARD,R3005,2026-05-06 14:06:00,,220000000006,AE070330000220000000006,7186.00,7186.00,SALARY,Salary,FTS,AE121307000000000000030,0.00,[]
LOC-IN-0000061,QUOTE-LOC-IN-0000061,COMPLETED,REF-LOC-IN-0000061,EXT-SRC-000031,INWARD,R3006,2026-01-01 15:07:00,,220000000007,AE070330000220000000007,7081.00,7081.00,SALARY,Salary,FTS,AE121317000000000000031,0.00,[]
LOC-IN-0000063,QUOTE-LOC-IN-0000063,COMPLETED,REF-LOC-IN-0000063,EXT-SRC-000032,INWARD,R3006,2026-02-04 15:07:00,,220000000007,AE070330000220000000007,7128.00,7128.00,SALARY,Salary,FTS,AE121327000000000000032,0.00,[]
LOC-IN-0000065,QUOTE-LOC-IN-0000065,COMPLETED,REF-LOC-IN-0000065,EXT-SRC-000033,INWARD,R3006,2026-03-07 15:07:00,,220000000007,AE070330000220000000007,7175.00,7175.00,SALARY,Salary,FTS,AE121337000000000000033,0.00,[]
LOC-IN-0000067,QUOTE-LOC-IN-0000067,COMPLETED,REF-LOC-IN-0000067,EXT-SRC-000034,INWARD,R3006,2026-04-10 15:07:00,,220000000007,AE070330000220000000007,7222.00,7222.00,SALARY,Salary,FTS,AE121347000000000000034,0.00,[]
LOC-IN-0000069,QUOTE-LOC-IN-0000069,COMPLETED,REF-LOC-IN-0000069,EXT-SRC-000035,INWARD,R3006,2026-05-13 15:07:00,,220000000007,AE070330000220000000007,7269.00,7269.00,SALARY,Salary,FTS,AE121357000000000000035,0.00,[]
LOC-IN-0000071,QUOTE-LOC-IN-0000071,COMPLETED,REF-LOC-IN-0000071,EXT-SRC-000036,INWARD,R3007,2026-01-08 16:08:00,,220000000008,AE070330000220000000008,7164.00,7164.00,SALARY,Salary,FTS,AE121367000000000000036,0.00,[]
LOC-IN-0000073,QUOTE-LOC-IN-0000073,COMPLETED,REF-LOC-IN-0000073,EXT-SRC-000037,INWARD,R3007,2026-02-11 16:08:00,,220000000008,AE070330000220000000008,7211.00,7211.00,SALARY,Salary,FTS,AE121377000000000000037,0.00,[]
LOC-IN-0000075,QUOTE-LOC-IN-0000075,COMPLETED,REF-LOC-IN-0000075,EXT-SRC-000038,INWARD,R3007,2026-03-14 16:08:00,,220000000008,AE070330000220000000008,7258.00,7258.00,SALARY,Salary,FTS,AE121387000000000000038,0.00,[]
LOC-IN-0000077,QUOTE-LOC-IN-0000077,COMPLETED,REF-LOC-IN-0000077,EXT-SRC-000039,INWARD,R3007,2026-04-17 16:08:00,,220000000008,AE070330000220000000008,7305.00,7305.00,SALARY,Salary,FTS,AE121397000000000000039,0.00,[]
LOC-IN-0000079,QUOTE-LOC-IN-0000079,COMPLETED,REF-LOC-IN-0000079,EXT-SRC-000040,INWARD,R3007,2026-04-28 16:08:00,,220000000008,AE070330000220000000008,7352.00,7352.00,SALARY,Salary,FTS,AE121407000000000000040,0.00,[]
LOC-IN-0000081,QUOTE-LOC-IN-0000081,COMPLETED,REF-LOC-IN-0000081,EXT-SRC-000041,INWARD,R3008,2026-01-15 17:09:00,,220000000009,AE070330000220000000009,7247.00,7247.00,SALARY,Salary,FTS,AE121417000000000000041,0.00,[]
LOC-IN-0000083,QUOTE-LOC-IN-0000083,COMPLETED,REF-LOC-IN-0000083,EXT-SRC-000042,INWARD,R3008,2026-01-27 17:09:00,,220000000009,AE070330000220000000009,7294.00,7294.00,SALARY,Salary,FTS,AE121427000000000000042,0.00,[]
LOC-IN-0000085,QUOTE-LOC-IN-0000085,COMPLETED,REF-LOC-IN-0000085,EXT-SRC-000043,INWARD,R3008,2026-02-27 17:09:00,,220000000009,AE070330000220000000009,7341.00,7341.00,SALARY,Salary,FTS,AE121437000000000000043,0.00,[]
LOC-IN-0000087,QUOTE-LOC-IN-0000087,COMPLETED,REF-LOC-IN-0000087,EXT-SRC-000044,INWARD,R3008,2026-04-02 17:09:00,,220000000009,AE070330000220000000009,7388.00,7388.00,SALARY,Salary,FTS,AE121447000000000000044,0.00,[]
LOC-IN-0000089,QUOTE-LOC-IN-0000089,COMPLETED,REF-LOC-IN-0000089,EXT-SRC-000045,INWARD,R3008,2026-05-05 17:09:00,,220000000009,AE070330000220000000009,7435.00,7435.00,SALARY,Salary,FTS,AE121457000000000000045,0.00,[]
LOC-IN-0000091,QUOTE-LOC-IN-0000091,COMPLETED,REF-LOC-IN-0000091,EXT-SRC-000046,INWARD,R3009,2025-12-31 18:10:00,,220000000010,AE070330000220000000010,7330.00,7330.00,SALARY,Salary,FTS,AE121467000000000000046,0.00,[]
LOC-IN-0000093,QUOTE-LOC-IN-0000093,COMPLETED,REF-LOC-IN-0000093,EXT-SRC-000047,INWARD,R3009,2026-02-03 18:10:00,,220000000010,AE070330000220000000010,7377.00,7377.00,SALARY,Salary,FTS,AE121477000000000000047,0.00,[]
LOC-IN-0000095,QUOTE-LOC-IN-0000095,COMPLETED,REF-LOC-IN-0000095,EXT-SRC-000048,INWARD,R3009,2026-03-06 18:10:00,,220000000010,AE070330000220000000010,7424.00,7424.00,SALARY,Salary,FTS,AE121487000000000000048,0.00,[]
LOC-IN-0000097,QUOTE-LOC-IN-0000097,COMPLETED,REF-LOC-IN-0000097,EXT-SRC-000049,INWARD,R3009,2026-04-09 18:10:00,,220000000010,AE070330000220000000010,7471.00,7471.00,SALARY,Salary,FTS,AE121497000000000000049,0.00,[]
LOC-IN-0000099,QUOTE-LOC-IN-0000099,COMPLETED,REF-LOC-IN-0000099,EXT-SRC-000050,INWARD,R3009,2026-05-12 18:10:00,,220000000010,AE070330000220000000010,7518.00,7518.00,SALARY,Salary,FTS,AE121507000000000000050,0.00,[]
LOC-IN-0000101,QUOTE-LOC-IN-0000101,COMPLETED,REF-LOC-IN-0000101,EXT-SRC-000051,INWARD,R3010,2026-01-07 08:11:00,,220000000011,AE070330000220000000011,7413.00,7413.00,SALARY,Salary,FTS,AE121517000000000000051,0.00,[]
LOC-IN-0000103,QUOTE-LOC-IN-0000103,COMPLETED,REF-LOC-IN-0000103,EXT-SRC-000052,INWARD,R3010,2026-02-10 08:11:00,,220000000011,AE070330000220000000011,7460.00,7460.00,SALARY,Salary,FTS,AE121527000000000000052,0.00,[]
LOC-IN-0000105,QUOTE-LOC-IN-0000105,COMPLETED,REF-LOC-IN-0000105,EXT-SRC-000053,INWARD,R3010,2026-03-13 08:11:00,,220000000011,AE070330000220000000011,7507.00,7507.00,SALARY,Salary,FTS,AE121537000000000000053,0.00,[]
LOC-IN-0000107,QUOTE-LOC-IN-0000107,COMPLETED,REF-LOC-IN-0000107,EXT-SRC-000054,INWARD,R3010,2026-04-16 08:11:00,,220000000011,AE070330000220000000011,7554.00,7554.00,SALARY,Salary,FTS,AE121547000000000000054,0.00,[]
LOC-IN-0000109,QUOTE-LOC-IN-0000109,COMPLETED,REF-LOC-IN-0000109,EXT-SRC-000055,INWARD,R3010,2026-04-27 08:11:00,,220000000011,AE070330000220000000011,7601.00,7601.00,SALARY,Salary,FTS,AE121557000000000000055,0.00,[]
LOC-IN-0000111,QUOTE-LOC-IN-0000111,COMPLETED,REF-LOC-IN-0000111,EXT-SRC-000056,INWARD,R3011,2026-01-14 09:12:00,,220000000012,AE070330000220000000012,7496.00,7496.00,SALARY,Salary,FTS,AE121567000000000000056,0.00,[]
LOC-IN-0000113,QUOTE-LOC-IN-0000113,COMPLETED,REF-LOC-IN-0000113,EXT-SRC-000057,INWARD,R3011,2026-02-17 09:12:00,,220000000012,AE070330000220000000012,7543.00,7543.00,SALARY,Salary,FTS,AE121577000000000000057,0.00,[]
LOC-IN-0000115,QUOTE-LOC-IN-0000115,COMPLETED,REF-LOC-IN-0000115,EXT-SRC-000058,INWARD,R3011,2026-02-26 09:12:00,,220000000012,AE070330000220000000012,7590.00,7590.00,SALARY,Salary,FTS,AE121587000000000000058,0.00,[]
LOC-IN-0000117,QUOTE-LOC-IN-0000117,COMPLETED,REF-LOC-IN-0000117,EXT-SRC-000059,INWARD,R3011,2026-04-01 09:12:00,,220000000012,AE070330000220000000012,7637.00,7637.00,SALARY,Salary,FTS,AE121597000000000000059,0.00,[]
LOC-IN-0000119,QUOTE-LOC-IN-0000119,COMPLETED,REF-LOC-IN-0000119,EXT-SRC-000060,INWARD,R3011,2026-05-04 09:12:00,,220000000012,AE070330000220000000012,7684.00,7684.00,SALARY,Salary,FTS,AE121607000000000000060,0.00,[]
LOC-IN-0000121,QUOTE-LOC-IN-0000121,COMPLETED,REF-LOC-IN-0000121,EXT-SRC-000061,INWARD,R3012,2025-12-30 10:13:00,,220000000013,AE070330000220000000013,7579.00,7579.00,SALARY,Salary,FTS,AE121617000000000000061,0.00,[]
LOC-IN-0000123,QUOTE-LOC-IN-0000123,COMPLETED,REF-LOC-IN-0000123,EXT-SRC-000062,INWARD,R3012,2026-02-02 10:13:00,,220000000013,AE070330000220000000013,7626.00,7626.00,SALARY,Salary,FTS,AE121627000000000000062,0.00,[]
LOC-IN-0000125,QUOTE-LOC-IN-0000125,COMPLETED,REF-LOC-IN-0000125,EXT-SRC-000063,INWARD,R3012,2026-03-05 10:13:00,,220000000013,AE070330000220000000013,7673.00,7673.00,SALARY,Salary,FTS,AE121637000000000000063,0.00,[]
LOC-IN-0000127,QUOTE-LOC-IN-0000127,COMPLETED,REF-LOC-IN-0000127,EXT-SRC-000064,INWARD,R3012,2026-04-08 10:13:00,,220000000013,AE070330000220000000013,7720.00,7720.00,SALARY,Salary,FTS,AE121647000000000000064,0.00,[]
LOC-IN-0000129,QUOTE-LOC-IN-0000129,COMPLETED,REF-LOC-IN-0000129,EXT-SRC-000065,INWARD,R3012,2026-05-11 10:13:00,,220000000013,AE070330000220000000013,7767.00,7767.00,SALARY,Salary,FTS,AE121657000000000000065,0.00,[]
LOC-IN-0000131,QUOTE-LOC-IN-0000131,COMPLETED,REF-LOC-IN-0000131,EXT-SRC-000066,INWARD,R3013,2026-01-06 11:14:00,,220000000014,AE070330000220000000014,7662.00,7662.00,SALARY,Salary,FTS,AE121667000000000000066,0.00,[]
LOC-IN-0000133,QUOTE-LOC-IN-0000133,COMPLETED,REF-LOC-IN-0000133,EXT-SRC-000067,INWARD,R3013,2026-02-09 11:14:00,,220000000014,AE070330000220000000014,7709.00,7709.00,SALARY,Salary,FTS,AE121677000000000000067,0.00,[]
LOC-IN-0000135,QUOTE-LOC-IN-0000135,COMPLETED,REF-LOC-IN-0000135,EXT-SRC-000068,INWARD,R3013,2026-03-12 11:14:00,,220000000014,AE070330000220000000014,7756.00,7756.00,SALARY,Salary,FTS,AE121687000000000000068,0.00,[]
LOC-IN-0000137,QUOTE-LOC-IN-0000137,COMPLETED,REF-LOC-IN-0000137,EXT-SRC-000069,INWARD,R3013,2026-04-15 11:14:00,,220000000014,AE070330000220000000014,7803.00,7803.00,SALARY,Salary,FTS,AE121697000000000000069,0.00,[]
LOC-IN-0000139,QUOTE-LOC-IN-0000139,COMPLETED,REF-LOC-IN-0000139,EXT-SRC-000070,INWARD,R3013,2026-04-26 11:14:00,,220000000014,AE070330000220000000014,7850.00,7850.00,SALARY,Salary,FTS,AE121707000000000000070,0.00,[]
LOC-IN-0000141,QUOTE-LOC-IN-0000141,COMPLETED,REF-LOC-IN-0000141,EXT-SRC-000071,INWARD,R3014,2026-01-13 12:15:00,,220000000015,AE070330000220000000015,7745.00,7745.00,SALARY,Salary,FTS,AE121717000000000000071,0.00,[]
LOC-IN-0000143,QUOTE-LOC-IN-0000143,COMPLETED,REF-LOC-IN-0000143,EXT-SRC-000072,INWARD,R3014,2026-02-16 12:15:00,,220000000015,AE070330000220000000015,7792.00,7792.00,SALARY,Salary,FTS,AE121727000000000000072,0.00,[]
LOC-IN-0000145,QUOTE-LOC-IN-0000145,COMPLETED,REF-LOC-IN-0000145,EXT-SRC-000073,INWARD,R3014,2026-02-25 12:15:00,,220000000015,AE070330000220000000015,7839.00,7839.00,SALARY,Salary,FTS,AE121737000000000000073,0.00,[]
LOC-IN-0000147,QUOTE-LOC-IN-0000147,COMPLETED,REF-LOC-IN-0000147,EXT-SRC-000074,INWARD,R3014,2026-03-31 12:15:00,,220000000015,AE070330000220000000015,7886.00,7886.00,SALARY,Salary,FTS,AE121747000000000000074,0.00,[]
LOC-IN-0000149,QUOTE-LOC-IN-0000149,COMPLETED,REF-LOC-IN-0000149,EXT-SRC-000075,INWARD,R3014,2026-05-03 12:15:00,,220000000015,AE070330000220000000015,7933.00,7933.00,SALARY,Salary,FTS,AE121757000000000000075,0.00,[]
LOC-IN-0000151,QUOTE-LOC-IN-0000151,COMPLETED,REF-LOC-IN-0000151,EXT-SRC-000076,INWARD,R3015,2025-12-29 13:16:00,,220000000016,AE070330000220000000016,7828.00,7828.00,SALARY,Salary,FTS,AE121767000000000000076,0.00,[]
LOC-IN-0000153,QUOTE-LOC-IN-0000153,COMPLETED,REF-LOC-IN-0000153,EXT-SRC-000077,INWARD,R3015,2026-02-01 13:16:00,,220000000016,AE070330000220000000016,7875.00,7875.00,SALARY,Salary,FTS,AE121777000000000000077,0.00,[]
LOC-IN-0000155,QUOTE-LOC-IN-0000155,COMPLETED,REF-LOC-IN-0000155,EXT-SRC-000078,INWARD,R3015,2026-03-04 13:16:00,,220000000016,AE070330000220000000016,7922.00,7922.00,SALARY,Salary,FTS,AE121787000000000000078,0.00,[]
LOC-IN-0000157,QUOTE-LOC-IN-0000157,COMPLETED,REF-LOC-IN-0000157,EXT-SRC-000079,INWARD,R3015,2026-04-07 13:16:00,,220000000016,AE070330000220000000016,7969.00,7969.00,SALARY,Salary,FTS,AE121797000000000000079,0.00,[]
LOC-IN-0000159,QUOTE-LOC-IN-0000159,COMPLETED,REF-LOC-IN-0000159,EXT-SRC-000080,INWARD,R3015,2026-05-10 13:16:00,,220000000016,AE070330000220000000016,8016.00,8016.00,SALARY,Salary,FTS,AE121807000000000000080,0.00,[]
LOC-IN-0000161,QUOTE-LOC-IN-0000161,COMPLETED,REF-LOC-IN-0000161,EXT-SRC-000081,INWARD,R3016,2026-01-05 14:17:00,,220000000017,AE070330000220000000017,7911.00,7911.00,SALARY,Salary,FTS,AE121817000000000000081,0.00,[]
LOC-IN-0000163,QUOTE-LOC-IN-0000163,COMPLETED,REF-LOC-IN-0000163,EXT-SRC-000082,INWARD,R3016,2026-02-08 14:17:00,,220000000017,AE070330000220000000017,7958.00,7958.00,SALARY,Salary,FTS,AE121827000000000000082,0.00,[]
LOC-IN-0000165,QUOTE-LOC-IN-0000165,COMPLETED,REF-LOC-IN-0000165,EXT-SRC-000083,INWARD,R3016,2026-03-11 14:17:00,,220000000017,AE070330000220000000017,8005.00,8005.00,SALARY,Salary,FTS,AE121837000000000000083,0.00,[]
LOC-IN-0000167,QUOTE-LOC-IN-0000167,COMPLETED,REF-LOC-IN-0000167,EXT-SRC-000084,INWARD,R3016,2026-04-14 14:17:00,,220000000017,AE070330000220000000017,8052.00,8052.00,SALARY,Salary,FTS,AE121847000000000000084,0.00,[]
LOC-IN-0000169,QUOTE-LOC-IN-0000169,COMPLETED,REF-LOC-IN-0000169,EXT-SRC-000085,INWARD,R3016,2026-05-17 14:17:00,,220000000017,AE070330000220000000017,8099.00,8099.00,SALARY,Salary,FTS,AE121857000000000000085,0.00,[]
LOC-IN-0000171,QUOTE-LOC-IN-0000171,COMPLETED,REF-LOC-IN-0000171,EXT-SRC-000086,INWARD,R3017,2026-01-12 15:18:00,,220000000018,AE070330000220000000018,7994.00,7994.00,SALARY,Salary,FTS,AE121867000000000000086,0.00,[]
LOC-IN-0000173,QUOTE-LOC-IN-0000173,COMPLETED,REF-LOC-IN-0000173,EXT-SRC-000087,INWARD,R3017,2026-02-15 15:18:00,,220000000018,AE070330000220000000018,8041.00,8041.00,SALARY,Salary,FTS,AE121877000000000000087,0.00,[]
LOC-IN-0000175,QUOTE-LOC-IN-0000175,COMPLETED,REF-LOC-IN-0000175,EXT-SRC-000088,INWARD,R3017,2026-02-24 15:18:00,,220000000018,AE070330000220000000018,8088.00,8088.00,SALARY,Salary,FTS,AE121887000000000000088,0.00,[]
LOC-IN-0000177,QUOTE-LOC-IN-0000177,COMPLETED,REF-LOC-IN-0000177,EXT-SRC-000089,INWARD,R3017,2026-03-30 15:18:00,,220000000018,AE070330000220000000018,8135.00,8135.00,SALARY,Salary,FTS,AE121897000000000000089,0.00,[]
LOC-IN-0000179,QUOTE-LOC-IN-0000179,COMPLETED,REF-LOC-IN-0000179,EXT-SRC-000090,INWARD,R3017,2026-05-02 15:18:00,,220000000018,AE070330000220000000018,8182.00,8182.00,SALARY,Salary,FTS,AE121907000000000000090,0.00,[]
LOC-IN-0000181,QUOTE-LOC-IN-0000181,COMPLETED,REF-LOC-IN-0000181,EXT-SRC-000091,INWARD,R3018,2025-12-28 16:19:00,,220000000019,AE070330000220000000019,8077.00,8077.00,SALARY,Salary,FTS,AE121917000000000000091,0.00,[]
LOC-IN-0000183,QUOTE-LOC-IN-0000183,COMPLETED,REF-LOC-IN-0000183,EXT-SRC-000092,INWARD,R3018,2026-01-31 16:19:00,,220000000019,AE070330000220000000019,8124.00,8124.00,SALARY,Salary,FTS,AE121927000000000000092,0.00,[]
LOC-IN-0000185,QUOTE-LOC-IN-0000185,COMPLETED,REF-LOC-IN-0000185,EXT-SRC-000093,INWARD,R3018,2026-03-03 16:19:00,,220000000019,AE070330000220000000019,8171.00,8171.00,SALARY,Salary,FTS,AE121937000000000000093,0.00,[]
LOC-IN-0000187,QUOTE-LOC-IN-0000187,COMPLETED,REF-LOC-IN-0000187,EXT-SRC-000094,INWARD,R3018,2026-04-06 16:19:00,,220000000019,AE070330000220000000019,8218.00,8218.00,SALARY,Salary,FTS,AE121947000000000000094,0.00,[]
LOC-IN-0000189,QUOTE-LOC-IN-0000189,COMPLETED,REF-LOC-IN-0000189,EXT-SRC-000095,INWARD,R3018,2026-05-09 16:19:00,,220000000019,AE070330000220000000019,8265.00,8265.00,SALARY,Salary,FTS,AE121957000000000000095,0.00,[]
LOC-IN-0000191,QUOTE-LOC-IN-0000191,COMPLETED,REF-LOC-IN-0000191,EXT-SRC-000096,INWARD,R3019,2026-01-04 17:20:00,,220000000020,AE070330000220000000020,8160.00,8160.00,SALARY,Salary,FTS,AE121967000000000000096,0.00,[]
LOC-IN-0000193,QUOTE-LOC-IN-0000193,COMPLETED,REF-LOC-IN-0000193,EXT-SRC-000097,INWARD,R3019,2026-02-07 17:20:00,,220000000020,AE070330000220000000020,8207.00,8207.00,SALARY,Salary,FTS,AE121977000000000000097,0.00,[]
LOC-IN-0000195,QUOTE-LOC-IN-0000195,COMPLETED,REF-LOC-IN-0000195,EXT-SRC-000098,INWARD,R3019,2026-03-10 17:20:00,,220000000020,AE070330000220000000020,8254.00,8254.00,SALARY,Salary,FTS,AE121987000000000000098,0.00,[]
LOC-IN-0000197,QUOTE-LOC-IN-0000197,COMPLETED,REF-LOC-IN-0000197,EXT-SRC-000099,INWARD,R3019,2026-04-13 17:20:00,,220000000020,AE070330000220000000020,8301.00,8301.00,SALARY,Salary,FTS,AE121997000000000000099,0.00,[]
LOC-IN-0000199,QUOTE-LOC-IN-0000199,COMPLETED,REF-LOC-IN-0000199,EXT-SRC-000100,INWARD,R3019,2026-05-16 17:20:00,,220000000020,AE070330000220000000020,8348.00,8348.00,SALARY,Salary,FTS,AE122007000000000000100,0.00,[]
LOC-IN-0000201,QUOTE-LOC-IN-0000201,COMPLETED,REF-LOC-IN-0000201,EXT-SRC-000101,INWARD,R3020,2026-01-11 18:21:00,,220000000021,AE070330000220000000021,8243.00,8243.00,SALARY,Salary,FTS,AE122017000000000000101,0.00,[]
LOC-IN-0000203,QUOTE-LOC-IN-0000203,COMPLETED,REF-LOC-IN-0000203,EXT-SRC-000102,INWARD,R3020,2026-02-14 18:21:00,,220000000021,AE070330000220000000021,8290.00,8290.00,SALARY,Salary,FTS,AE122027000000000000102,0.00,[]
LOC-IN-0000205,QUOTE-LOC-IN-0000205,COMPLETED,REF-LOC-IN-0000205,EXT-SRC-000103,INWARD,R3020,2026-03-17 18:21:00,,220000000021,AE070330000220000000021,8337.00,8337.00,SALARY,Salary,FTS,AE122037000000000000103,0.00,[]
LOC-IN-0000207,QUOTE-LOC-IN-0000207,COMPLETED,REF-LOC-IN-0000207,EXT-SRC-000104,INWARD,R3020,2026-03-29 18:21:00,,220000000021,AE070330000220000000021,8384.00,8384.00,SALARY,Salary,FTS,AE122047000000000000104,0.00,[]
LOC-IN-0000209,QUOTE-LOC-IN-0000209,COMPLETED,REF-LOC-IN-0000209,EXT-SRC-000105,INWARD,R3020,2026-05-01 18:21:00,,220000000021,AE070330000220000000021,8431.00,8431.00,SALARY,Salary,FTS,AE122057000000000000105,0.00,[]
LOC-IN-0000211,QUOTE-LOC-IN-0000211,COMPLETED,REF-LOC-IN-0000211,EXT-SRC-000106,INWARD,R3021,2025-12-27 08:22:00,,220000000022,AE070330000220000000022,8326.00,8326.00,SALARY,Salary,FTS,AE122067000000000000106,0.00,[]
LOC-IN-0000213,QUOTE-LOC-IN-0000213,COMPLETED,REF-LOC-IN-0000213,EXT-SRC-000107,INWARD,R3021,2026-01-30 08:22:00,,220000000022,AE070330000220000000022,8373.00,8373.00,SALARY,Salary,FTS,AE122077000000000000107,0.00,[]
LOC-IN-0000215,QUOTE-LOC-IN-0000215,COMPLETED,REF-LOC-IN-0000215,EXT-SRC-000108,INWARD,R3021,2026-03-02 08:22:00,,220000000022,AE070330000220000000022,8420.00,8420.00,SALARY,Salary,FTS,AE122087000000000000108,0.00,[]
LOC-IN-0000217,QUOTE-LOC-IN-0000217,COMPLETED,REF-LOC-IN-0000217,EXT-SRC-000109,INWARD,R3021,2026-04-05 08:22:00,,220000000022,AE070330000220000000022,8467.00,8467.00,SALARY,Salary,FTS,AE122097000000000000109,0.00,[]
LOC-IN-0000219,QUOTE-LOC-IN-0000219,COMPLETED,REF-LOC-IN-0000219,EXT-SRC-000110,INWARD,R3021,2026-05-08 08:22:00,,220000000022,AE070330000220000000022,8514.00,8514.00,SALARY,Salary,FTS,AE122107000000000000110,0.00,[]
LOC-IN-0000221,QUOTE-LOC-IN-0000221,COMPLETED,REF-LOC-IN-0000221,EXT-SRC-000111,INWARD,R3022,2026-01-03 09:23:00,,220000000023,AE070330000220000000023,8409.00,8409.00,SALARY,Salary,FTS,AE122117000000000000111,0.00,[]
LOC-IN-0000223,QUOTE-LOC-IN-0000223,COMPLETED,REF-LOC-IN-0000223,EXT-SRC-000112,INWARD,R3022,2026-02-06 09:23:00,,220000000023,AE070330000220000000023,8456.00,8456.00,SALARY,Salary,FTS,AE122127000000000000112,0.00,[]
LOC-IN-0000225,QUOTE-LOC-IN-0000225,COMPLETED,REF-LOC-IN-0000225,EXT-SRC-000113,INWARD,R3022,2026-03-09 09:23:00,,220000000023,AE070330000220000000023,8503.00,8503.00,SALARY,Salary,FTS,AE122137000000000000113,0.00,[]
LOC-IN-0000227,QUOTE-LOC-IN-0000227,COMPLETED,REF-LOC-IN-0000227,EXT-SRC-000114,INWARD,R3022,2026-04-12 09:23:00,,220000000023,AE070330000220000000023,8550.00,8550.00,SALARY,Salary,FTS,AE122147000000000000114,0.00,[]
LOC-IN-0000229,QUOTE-LOC-IN-0000229,COMPLETED,REF-LOC-IN-0000229,EXT-SRC-000115,INWARD,R3022,2026-05-15 09:23:00,,220000000023,AE070330000220000000023,8597.00,8597.00,SALARY,Salary,FTS,AE122157000000000000115,0.00,[]
LOC-IN-0000231,QUOTE-LOC-IN-0000231,COMPLETED,REF-LOC-IN-0000231,EXT-SRC-000116,INWARD,R3023,2026-01-10 10:24:00,,220000000024,AE070330000220000000024,8492.00,8492.00,SALARY,Salary,FTS,AE122167000000000000116,0.00,[]
LOC-IN-0000233,QUOTE-LOC-IN-0000233,COMPLETED,REF-LOC-IN-0000233,EXT-SRC-000117,INWARD,R3023,2026-02-13 10:24:00,,220000000024,AE070330000220000000024,8539.00,8539.00,SALARY,Salary,FTS,AE122177000000000000117,0.00,[]
LOC-IN-0000235,QUOTE-LOC-IN-0000235,COMPLETED,REF-LOC-IN-0000235,EXT-SRC-000118,INWARD,R3023,2026-03-16 10:24:00,,220000000024,AE070330000220000000024,8586.00,8586.00,SALARY,Salary,FTS,AE122187000000000000118,0.00,[]
LOC-IN-0000237,QUOTE-LOC-IN-0000237,COMPLETED,REF-LOC-IN-0000237,EXT-SRC-000119,INWARD,R3023,2026-03-28 10:24:00,,220000000024,AE070330000220000000024,8633.00,8633.00,SALARY,Salary,FTS,AE122197000000000000119,0.00,[]
LOC-IN-0000239,QUOTE-LOC-IN-0000239,COMPLETED,REF-LOC-IN-0000239,EXT-SRC-000120,INWARD,R3023,2026-04-30 10:24:00,,220000000024,AE070330000220000000024,8680.00,8680.00,SALARY,Salary,FTS,AE122207000000000000120,0.00,[]
LOC-IN-0000241,QUOTE-LOC-IN-0000241,COMPLETED,REF-LOC-IN-0000241,EXT-SRC-000121,INWARD,R3024,2026-01-17 11:25:00,,220000000025,AE070330000220000000025,8575.00,8575.00,SALARY,Salary,FTS,AE122217000000000000121,0.00,[]
LOC-IN-0000243,QUOTE-LOC-IN-0000243,COMPLETED,REF-LOC-IN-0000243,EXT-SRC-000122,INWARD,R3024,2026-01-29 11:25:00,,220000000025,AE070330000220000000025,8622.00,8622.00,SALARY,Salary,FTS,AE122227000000000000122,0.00,[]
LOC-IN-0000245,QUOTE-LOC-IN-0000245,COMPLETED,REF-LOC-IN-0000245,EXT-SRC-000123,INWARD,R3024,2026-03-01 11:25:00,,220000000025,AE070330000220000000025,8669.00,8669.00,SALARY,Salary,FTS,AE122237000000000000123,0.00,[]
LOC-IN-0000247,QUOTE-LOC-IN-0000247,COMPLETED,REF-LOC-IN-0000247,EXT-SRC-000124,INWARD,R3024,2026-04-04 11:25:00,,220000000025,AE070330000220000000025,8716.00,8716.00,SALARY,Salary,FTS,AE122247000000000000124,0.00,[]
LOC-IN-0000249,QUOTE-LOC-IN-0000249,COMPLETED,REF-LOC-IN-0000249,EXT-SRC-000125,INWARD,R3024,2026-05-07 11:25:00,,220000000025,AE070330000220000000025,8763.00,8763.00,SALARY,Salary,FTS,AE122257000000000000125,0.00,[]
LOC-IN-0000251,QUOTE-LOC-IN-0000251,COMPLETED,REF-LOC-IN-0000251,EXT-SRC-000126,INWARD,R3025,2026-01-02 12:26:00,,220000000026,AE070330000220000000026,8658.00,8658.00,SALARY,Salary,FTS,AE122267000000000000126,0.00,[]
LOC-IN-0000253,QUOTE-LOC-IN-0000253,COMPLETED,REF-LOC-IN-0000253,EXT-SRC-000127,INWARD,R3025,2026-02-05 12:26:00,,220000000026,AE070330000220000000026,8705.00,8705.00,SALARY,Salary,FTS,AE122277000000000000127,0.00,[]
LOC-IN-0000255,QUOTE-LOC-IN-0000255,COMPLETED,REF-LOC-IN-0000255,EXT-SRC-000128,INWARD,R3025,2026-03-08 12:26:00,,220000000026,AE070330000220000000026,8752.00,8752.00,SALARY,Salary,FTS,AE122287000000000000128,0.00,[]
LOC-IN-0000257,QUOTE-LOC-IN-0000257,COMPLETED,REF-LOC-IN-0000257,EXT-SRC-000129,INWARD,R3025,2026-04-11 12:26:00,,220000000026,AE070330000220000000026,8799.00,8799.00,SALARY,Salary,FTS,AE122297000000000000129,0.00,[]
LOC-IN-0000259,QUOTE-LOC-IN-0000259,COMPLETED,REF-LOC-IN-0000259,EXT-SRC-000130,INWARD,R3025,2026-05-14 12:26:00,,220000000026,AE070330000220000000026,8846.00,8846.00,SALARY,Salary,FTS,AE122307000000000000130,0.00,[]
LOC-IN-0000261,QUOTE-LOC-IN-0000261,COMPLETED,REF-LOC-IN-0000261,EXT-SRC-000131,INWARD,R3026,2026-01-09 13:27:00,,220000000027,AE070330000220000000027,8741.00,8741.00,SALARY,Salary,FTS,AE122317000000000000131,0.00,[]
LOC-IN-0000263,QUOTE-LOC-IN-0000263,COMPLETED,REF-LOC-IN-0000263,EXT-SRC-000132,INWARD,R3026,2026-02-12 13:27:00,,220000000027,AE070330000220000000027,8788.00,8788.00,SALARY,Salary,FTS,AE122327000000000000132,0.00,[]
LOC-IN-0000265,QUOTE-LOC-IN-0000265,COMPLETED,REF-LOC-IN-0000265,EXT-SRC-000133,INWARD,R3026,2026-03-15 13:27:00,,220000000027,AE070330000220000000027,8835.00,8835.00,SALARY,Salary,FTS,AE122337000000000000133,0.00,[]
LOC-IN-0000267,QUOTE-LOC-IN-0000267,COMPLETED,REF-LOC-IN-0000267,EXT-SRC-000134,INWARD,R3026,2026-03-27 13:27:00,,220000000027,AE070330000220000000027,8882.00,8882.00,SALARY,Salary,FTS,AE122347000000000000134,0.00,[]
LOC-IN-0000269,QUOTE-LOC-IN-0000269,COMPLETED,REF-LOC-IN-0000269,EXT-SRC-000135,INWARD,R3026,2026-04-29 13:27:00,,220000000027,AE070330000220000000027,8929.00,8929.00,SALARY,Salary,FTS,AE122357000000000000135,0.00,[]
LOC-IN-0000271,QUOTE-LOC-IN-0000271,COMPLETED,REF-LOC-IN-0000271,EXT-SRC-000136,INWARD,R3027,2026-01-16 14:28:00,,220000000028,AE070330000220000000028,8824.00,8824.00,SALARY,Salary,FTS,AE122367000000000000136,0.00,[]
LOC-IN-0000273,QUOTE-LOC-IN-0000273,COMPLETED,REF-LOC-IN-0000273,EXT-SRC-000137,INWARD,R3027,2026-01-28 14:28:00,,220000000028,AE070330000220000000028,8871.00,8871.00,SALARY,Salary,FTS,AE122377000000000000137,0.00,[]
LOC-IN-0000275,QUOTE-LOC-IN-0000275,COMPLETED,REF-LOC-IN-0000275,EXT-SRC-000138,INWARD,R3027,2026-02-28 14:28:00,,220000000028,AE070330000220000000028,8918.00,8918.00,SALARY,Salary,FTS,AE122387000000000000138,0.00,[]
LOC-IN-0000277,QUOTE-LOC-IN-0000277,COMPLETED,REF-LOC-IN-0000277,EXT-SRC-000139,INWARD,R3027,2026-04-03 14:28:00,,220000000028,AE070330000220000000028,8965.00,8965.00,SALARY,Salary,FTS,AE122397000000000000139,0.00,[]
LOC-IN-0000279,QUOTE-LOC-IN-0000279,COMPLETED,REF-LOC-IN-0000279,EXT-SRC-000140,INWARD,R3027,2026-05-06 14:28:00,,220000000028,AE070330000220000000028,9012.00,9012.00,SALARY,Salary,FTS,AE122407000000000000140,0.00,[]
LOC-IN-0000281,QUOTE-LOC-IN-0000281,COMPLETED,REF-LOC-IN-0000281,EXT-SRC-000141,INWARD,R3028,2026-01-01 15:29:00,,220000000029,AE070330000220000000029,8907.00,8907.00,SALARY,Salary,FTS,AE122417000000000000141,0.00,[]
LOC-IN-0000283,QUOTE-LOC-IN-0000283,COMPLETED,REF-LOC-IN-0000283,EXT-SRC-000142,INWARD,R3028,2026-02-04 15:29:00,,220000000029,AE070330000220000000029,8954.00,8954.00,SALARY,Salary,FTS,AE122427000000000000142,0.00,[]
LOC-IN-0000285,QUOTE-LOC-IN-0000285,COMPLETED,REF-LOC-IN-0000285,EXT-SRC-000143,INWARD,R3028,2026-03-07 15:29:00,,220000000029,AE070330000220000000029,9001.00,9001.00,SALARY,Salary,FTS,AE122437000000000000143,0.00,[]
LOC-IN-0000287,QUOTE-LOC-IN-0000287,COMPLETED,REF-LOC-IN-0000287,EXT-SRC-000144,INWARD,R3028,2026-04-10 15:29:00,,220000000029,AE070330000220000000029,9048.00,9048.00,SALARY,Salary,FTS,AE122447000000000000144,0.00,[]
LOC-IN-0000289,QUOTE-LOC-IN-0000289,COMPLETED,REF-LOC-IN-0000289,EXT-SRC-000145,INWARD,R3028,2026-05-13 15:29:00,,220000000029,AE070330000220000000029,9095.00,9095.00,SALARY,Salary,FTS,AE122457000000000000145,0.00,[]
LOC-IN-0000291,QUOTE-LOC-IN-0000291,COMPLETED,REF-LOC-IN-0000291,EXT-SRC-000146,INWARD,R3029,2026-01-08 16:30:00,,220000000030,AE070330000220000000030,8990.00,8990.00,SALARY,Salary,FTS,AE122467000000000000146,0.00,[]
LOC-IN-0000293,QUOTE-LOC-IN-0000293,COMPLETED,REF-LOC-IN-0000293,EXT-SRC-000147,INWARD,R3029,2026-02-11 16:30:00,,220000000030,AE070330000220000000030,9037.00,9037.00,SALARY,Salary,FTS,AE122477000000000000147,0.00,[]
LOC-IN-0000295,QUOTE-LOC-IN-0000295,COMPLETED,REF-LOC-IN-0000295,EXT-SRC-000148,INWARD,R3029,2026-03-14 16:30:00,,220000000030,AE070330000220000000030,9084.00,9084.00,SALARY,Salary,FTS,AE122487000000000000148,0.00,[]
LOC-IN-0000297,QUOTE-LOC-IN-0000297,COMPLETED,REF-LOC-IN-0000297,EXT-SRC-000149,INWARD,R3029,2026-04-17 16:30:00,,220000000030,AE070330000220000000030,9131.00,9131.00,SALARY,Salary,FTS,AE122497000000000000149,0.00,[]
LOC-IN-0000299,QUOTE-LOC-IN-0000299,COMPLETED,REF-LOC-IN-0000299,EXT-SRC-000150,INWARD,R3029,2026-04-28 16:30:00,,220000000030,AE070330000220000000030,9178.00,9178.00,SALARY,Salary,FTS,AE122507000000000000150,0.00,[]
LOC-IN-0000301,QUOTE-LOC-IN-0000301,COMPLETED,REF-LOC-IN-0000301,EXT-SRC-000151,INWARD,R3030,2026-01-15 17:31:00,,220000000031,AE070330000220000000031,9073.00,9073.00,SALARY,Salary,FTS,AE122517000000000000151,0.00,[]
LOC-IN-0000303,QUOTE-LOC-IN-0000303,COMPLETED,REF-LOC-IN-0000303,EXT-SRC-000152,INWARD,R3030,2026-01-27 17:31:00,,220000000031,AE070330000220000000031,9120.00,9120.00,SALARY,Salary,FTS,AE122527000000000000152,0.00,[]
LOC-IN-0000305,QUOTE-LOC-IN-0000305,COMPLETED,REF-LOC-IN-0000305,EXT-SRC-000153,INWARD,R3030,2026-02-27 17:31:00,,220000000031,AE070330000220000000031,9167.00,9167.00,SALARY,Salary,FTS,AE122537000000000000153,0.00,[]
LOC-IN-0000307,QUOTE-LOC-IN-0000307,COMPLETED,REF-LOC-IN-0000307,EXT-SRC-000154,INWARD,R3030,2026-04-02 17:31:00,,220000000031,AE070330000220000000031,9214.00,9214.00,SALARY,Salary,FTS,AE122547000000000000154,0.00,[]
LOC-IN-0000309,QUOTE-LOC-IN-0000309,COMPLETED,REF-LOC-IN-0000309,EXT-SRC-000155,INWARD,R3030,2026-05-05 17:31:00,,220000000031,AE070330000220000000031,9261.00,9261.00,SALARY,Salary,FTS,AE122557000000000000155,0.00,[]
LOC-IN-0000311,QUOTE-LOC-IN-0000311,COMPLETED,REF-LOC-IN-0000311,EXT-SRC-000156,INWARD,R3031,2025-12-31 18:32:00,,220000000032,AE070330000220000000032,9156.00,9156.00,SALARY,Salary,FTS,AE122567000000000000156,0.00,[]
LOC-IN-0000313,QUOTE-LOC-IN-0000313,COMPLETED,REF-LOC-IN-0000313,EXT-SRC-000157,INWARD,R3031,2026-02-03 18:32:00,,220000000032,AE070330000220000000032,9203.00,9203.00,SALARY,Salary,FTS,AE122577000000000000157,0.00,[]
LOC-IN-0000315,QUOTE-LOC-IN-0000315,COMPLETED,REF-LOC-IN-0000315,EXT-SRC-000158,INWARD,R3031,2026-03-06 18:32:00,,220000000032,AE070330000220000000032,9250.00,9250.00,SALARY,Salary,FTS,AE122587000000000000158,0.00,[]
LOC-IN-0000317,QUOTE-LOC-IN-0000317,COMPLETED,REF-LOC-IN-0000317,EXT-SRC-000159,INWARD,R3031,2026-04-09 18:32:00,,220000000032,AE070330000220000000032,9297.00,9297.00,SALARY,Salary,FTS,AE122597000000000000159,0.00,[]
LOC-IN-0000319,QUOTE-LOC-IN-0000319,COMPLETED,REF-LOC-IN-0000319,EXT-SRC-000160,INWARD,R3031,2026-05-12 18:32:00,,220000000032,AE070330000220000000032,9344.00,9344.00,SALARY,Salary,FTS,AE122607000000000000160,0.00,[]
LOC-IN-0000321,QUOTE-LOC-IN-0000321,COMPLETED,REF-LOC-IN-0000321,EXT-SRC-000161,INWARD,R3032,2026-01-07 08:33:00,,220000000033,AE070330000220000000033,9239.00,9239.00,SALARY,Salary,FTS,AE122617000000000000161,0.00,[]
LOC-IN-0000323,QUOTE-LOC-IN-0000323,COMPLETED,REF-LOC-IN-0000323,EXT-SRC-000162,INWARD,R3032,2026-02-10 08:33:00,,220000000033,AE070330000220000000033,9286.00,9286.00,SALARY,Salary,FTS,AE122627000000000000162,0.00,[]
LOC-IN-0000325,QUOTE-LOC-IN-0000325,COMPLETED,REF-LOC-IN-0000325,EXT-SRC-000163,INWARD,R3032,2026-03-13 08:33:00,,220000000033,AE070330000220000000033,9333.00,9333.00,SALARY,Salary,FTS,AE122637000000000000163,0.00,[]
LOC-IN-0000327,QUOTE-LOC-IN-0000327,COMPLETED,REF-LOC-IN-0000327,EXT-SRC-000164,INWARD,R3032,2026-04-16 08:33:00,,220000000033,AE070330000220000000033,9380.00,9380.00,SALARY,Salary,FTS,AE122647000000000000164,0.00,[]
LOC-IN-0000329,QUOTE-LOC-IN-0000329,COMPLETED,REF-LOC-IN-0000329,EXT-SRC-000165,INWARD,R3032,2026-04-27 08:33:00,,220000000033,AE070330000220000000033,9427.00,9427.00,SALARY,Salary,FTS,AE122657000000000000165,0.00,[]
LOC-IN-0000331,QUOTE-LOC-IN-0000331,COMPLETED,REF-LOC-IN-0000331,EXT-SRC-000166,INWARD,R3033,2026-01-14 09:34:00,,220000000034,AE070330000220000000034,9322.00,9322.00,SALARY,Salary,FTS,AE122667000000000000166,0.00,[]
LOC-IN-0000333,QUOTE-LOC-IN-0000333,COMPLETED,REF-LOC-IN-0000333,EXT-SRC-000167,INWARD,R3033,2026-02-17 09:34:00,,220000000034,AE070330000220000000034,9369.00,9369.00,SALARY,Salary,FTS,AE122677000000000000167,0.00,[]
LOC-IN-0000335,QUOTE-LOC-IN-0000335,COMPLETED,REF-LOC-IN-0000335,EXT-SRC-000168,INWARD,R3033,2026-02-26 09:34:00,,220000000034,AE070330000220000000034,9416.00,9416.00,SALARY,Salary,FTS,AE122687000000000000168,0.00,[]
LOC-IN-0000337,QUOTE-LOC-IN-0000337,COMPLETED,REF-LOC-IN-0000337,EXT-SRC-000169,INWARD,R3033,2026-04-01 09:34:00,,220000000034,AE070330000220000000034,9463.00,9463.00,SALARY,Salary,FTS,AE122697000000000000169,0.00,[]
LOC-IN-0000339,QUOTE-LOC-IN-0000339,COMPLETED,REF-LOC-IN-0000339,EXT-SRC-000170,INWARD,R3033,2026-05-04 09:34:00,,220000000034,AE070330000220000000034,9510.00,9510.00,SALARY,Salary,FTS,AE122707000000000000170,0.00,[]
LOC-IN-0000341,QUOTE-LOC-IN-0000341,COMPLETED,REF-LOC-IN-0000341,EXT-SRC-000171,INWARD,R3034,2025-12-30 10:35:00,,220000000035,AE070330000220000000035,9405.00,9405.00,SALARY,Salary,FTS,AE122717000000000000171,0.00,[]
LOC-IN-0000343,QUOTE-LOC-IN-0000343,COMPLETED,REF-LOC-IN-0000343,EXT-SRC-000172,INWARD,R3034,2026-02-02 10:35:00,,220000000035,AE070330000220000000035,9452.00,9452.00,SALARY,Salary,FTS,AE122727000000000000172,0.00,[]
LOC-IN-0000345,QUOTE-LOC-IN-0000345,COMPLETED,REF-LOC-IN-0000345,EXT-SRC-000173,INWARD,R3034,2026-03-05 10:35:00,,220000000035,AE070330000220000000035,9499.00,9499.00,SALARY,Salary,FTS,AE122737000000000000173,0.00,[]
LOC-IN-0000347,QUOTE-LOC-IN-0000347,COMPLETED,REF-LOC-IN-0000347,EXT-SRC-000174,INWARD,R3034,2026-04-08 10:35:00,,220000000035,AE070330000220000000035,9546.00,9546.00,SALARY,Salary,FTS,AE122747000000000000174,0.00,[]
LOC-IN-0000349,QUOTE-LOC-IN-0000349,COMPLETED,REF-LOC-IN-0000349,EXT-SRC-000175,INWARD,R3034,2026-05-11 10:35:00,,220000000035,AE070330000220000000035,9593.00,9593.00,SALARY,Salary,FTS,AE122757000000000000175,0.00,[]
LOC-IN-0000351,QUOTE-LOC-IN-0000351,COMPLETED,REF-LOC-IN-0000351,EXT-SRC-000176,INWARD,R3035,2026-01-06 11:36:00,,220000000036,AE070330000220000000036,9488.00,9488.00,SALARY,Salary,FTS,AE122767000000000000176,0.00,[]
LOC-IN-0000353,QUOTE-LOC-IN-0000353,COMPLETED,REF-LOC-IN-0000353,EXT-SRC-000177,INWARD,R3035,2026-02-09 11:36:00,,220000000036,AE070330000220000000036,9535.00,9535.00,SALARY,Salary,FTS,AE122777000000000000177,0.00,[]
LOC-IN-0000355,QUOTE-LOC-IN-0000355,COMPLETED,REF-LOC-IN-0000355,EXT-SRC-000178,INWARD,R3035,2026-03-12 11:36:00,,220000000036,AE070330000220000000036,9582.00,9582.00,SALARY,Salary,FTS,AE122787000000000000178,0.00,[]
LOC-IN-0000357,QUOTE-LOC-IN-0000357,COMPLETED,REF-LOC-IN-0000357,EXT-SRC-000179,INWARD,R3035,2026-04-15 11:36:00,,220000000036,AE070330000220000000036,9629.00,9629.00,SALARY,Salary,FTS,AE122797000000000000179,0.00,[]
LOC-IN-0000359,QUOTE-LOC-IN-0000359,COMPLETED,REF-LOC-IN-0000359,EXT-SRC-000180,INWARD,R3035,2026-04-26 11:36:00,,220000000036,AE070330000220000000036,9676.00,9676.00,SALARY,Salary,FTS,AE122807000000000000180,0.00,[]
LOC-IN-0000361,QUOTE-LOC-IN-0000361,COMPLETED,REF-LOC-IN-0000361,EXT-SRC-000181,INWARD,R3036,2026-01-13 12:37:00,,220000000037,AE070330000220000000037,9571.00,9571.00,SALARY,Salary,FTS,AE122817000000000000181,0.00,[]
LOC-IN-0000363,QUOTE-LOC-IN-0000363,COMPLETED,REF-LOC-IN-0000363,EXT-SRC-000182,INWARD,R3036,2026-02-16 12:37:00,,220000000037,AE070330000220000000037,9618.00,9618.00,SALARY,Salary,FTS,AE122827000000000000182,0.00,[]
LOC-IN-0000365,QUOTE-LOC-IN-0000365,COMPLETED,REF-LOC-IN-0000365,EXT-SRC-000183,INWARD,R3036,2026-02-25 12:37:00,,220000000037,AE070330000220000000037,9665.00,9665.00,SALARY,Salary,FTS,AE122837000000000000183,0.00,[]
LOC-IN-0000367,QUOTE-LOC-IN-0000367,COMPLETED,REF-LOC-IN-0000367,EXT-SRC-000184,INWARD,R3036,2026-03-31 12:37:00,,220000000037,AE070330000220000000037,9712.00,9712.00,SALARY,Salary,FTS,AE122847000000000000184,0.00,[]
LOC-IN-0000369,QUOTE-LOC-IN-0000369,COMPLETED,REF-LOC-IN-0000369,EXT-SRC-000185,INWARD,R3036,2026-05-03 12:37:00,,220000000037,AE070330000220000000037,9759.00,9759.00,SALARY,Salary,FTS,AE122857000000000000185,0.00,[]
LOC-IN-0000371,QUOTE-LOC-IN-0000371,COMPLETED,REF-LOC-IN-0000371,EXT-SRC-000186,INWARD,R3037,2025-12-29 13:38:00,,220000000038,AE070330000220000000038,9654.00,9654.00,SALARY,Salary,FTS,AE122867000000000000186,0.00,[]
LOC-IN-0000373,QUOTE-LOC-IN-0000373,COMPLETED,REF-LOC-IN-0000373,EXT-SRC-000187,INWARD,R3037,2026-02-01 13:38:00,,220000000038,AE070330000220000000038,9701.00,9701.00,SALARY,Salary,FTS,AE122877000000000000187,0.00,[]
LOC-IN-0000375,QUOTE-LOC-IN-0000375,COMPLETED,REF-LOC-IN-0000375,EXT-SRC-000188,INWARD,R3037,2026-03-04 13:38:00,,220000000038,AE070330000220000000038,9748.00,9748.00,SALARY,Salary,FTS,AE122887000000000000188,0.00,[]
LOC-IN-0000377,QUOTE-LOC-IN-0000377,COMPLETED,REF-LOC-IN-0000377,EXT-SRC-000189,INWARD,R3037,2026-04-07 13:38:00,,220000000038,AE070330000220000000038,9795.00,9795.00,SALARY,Salary,FTS,AE122897000000000000189,0.00,[]
LOC-IN-0000379,QUOTE-LOC-IN-0000379,COMPLETED,REF-LOC-IN-0000379,EXT-SRC-000190,INWARD,R3037,2026-05-10 13:38:00,,220000000038,AE070330000220000000038,9842.00,9842.00,SALARY,Salary,FTS,AE122907000000000000190,0.00,[]
LOC-IN-0000381,QUOTE-LOC-IN-0000381,COMPLETED,REF-LOC-IN-0000381,EXT-SRC-000191,INWARD,R3038,2026-01-05 14:39:00,,220000000039,AE070330000220000000039,9737.00,9737.00,SALARY,Salary,FTS,AE122917000000000000191,0.00,[]
LOC-IN-0000383,QUOTE-LOC-IN-0000383,COMPLETED,REF-LOC-IN-0000383,EXT-SRC-000192,INWARD,R3038,2026-02-08 14:39:00,,220000000039,AE070330000220000000039,9784.00,9784.00,SALARY,Salary,FTS,AE122927000000000000192,0.00,[]
LOC-IN-0000385,QUOTE-LOC-IN-0000385,COMPLETED,REF-LOC-IN-0000385,EXT-SRC-000193,INWARD,R3038,2026-03-11 14:39:00,,220000000039,AE070330000220000000039,9831.00,9831.00,SALARY,Salary,FTS,AE122937000000000000193,0.00,[]
LOC-IN-0000387,QUOTE-LOC-IN-0000387,COMPLETED,REF-LOC-IN-0000387,EXT-SRC-000194,INWARD,R3038,2026-04-14 14:39:00,,220000000039,AE070330000220000000039,9878.00,9878.00,SALARY,Salary,FTS,AE122947000000000000194,0.00,[]
LOC-IN-0000389,QUOTE-LOC-IN-0000389,COMPLETED,REF-LOC-IN-0000389,EXT-SRC-000195,INWARD,R3038,2026-05-17 14:39:00,,220000000039,AE070330000220000000039,9925.00,9925.00,SALARY,Salary,FTS,AE122957000000000000195,0.00,[]
LOC-IN-0000391,QUOTE-LOC-IN-0000391,COMPLETED,REF-LOC-IN-0000391,EXT-SRC-000196,INWARD,R3039,2026-01-12 15:40:00,,220000000040,AE070330000220000000040,9820.00,9820.00,SALARY,Salary,FTS,AE122967000000000000196,0.00,[]
LOC-IN-0000393,QUOTE-LOC-IN-0000393,COMPLETED,REF-LOC-IN-0000393,EXT-SRC-000197,INWARD,R3039,2026-02-15 15:40:00,,220000000040,AE070330000220000000040,9867.00,9867.00,SALARY,Salary,FTS,AE122977000000000000197,0.00,[]
LOC-IN-0000395,QUOTE-LOC-IN-0000395,COMPLETED,REF-LOC-IN-0000395,EXT-SRC-000198,INWARD,R3039,2026-02-24 15:40:00,,220000000040,AE070330000220000000040,9914.00,9914.00,SALARY,Salary,FTS,AE122987000000000000198,0.00,[]
LOC-IN-0000397,QUOTE-LOC-IN-0000397,COMPLETED,REF-LOC-IN-0000397,EXT-SRC-000199,INWARD,R3039,2026-03-30 15:40:00,,220000000040,AE070330000220000000040,9961.00,9961.00,SALARY,Salary,FTS,AE122997000000000000199,0.00,[]
LOC-IN-0000399,QUOTE-LOC-IN-0000399,COMPLETED,REF-LOC-IN-0000399,EXT-SRC-000200,INWARD,R3039,2026-05-02 15:40:00,,220000000040,AE070330000220000000040,10008.00,10008.00,SALARY,Salary,FTS,AE123007000000000000200,0.00,[]
LOC-IN-0000401,QUOTE-LOC-IN-0000401,COMPLETED,REF-LOC-IN-0000401,EXT-SRC-000201,INWARD,R3040,2025-12-28 16:41:00,,220000000041,AE070330000220000000041,9903.00,9903.00,SALARY,Salary,FTS,AE123017000000000000201,0.00,[]
LOC-IN-0000403,QUOTE-LOC-IN-0000403,COMPLETED,REF-LOC-IN-0000403,EXT-SRC-000202,INWARD,R3040,2026-01-31 16:41:00,,220000000041,AE070330000220000000041,9950.00,9950.00,SALARY,Salary,FTS,AE123027000000000000202,0.00,[]
LOC-IN-0000405,QUOTE-LOC-IN-0000405,COMPLETED,REF-LOC-IN-0000405,EXT-SRC-000203,INWARD,R3040,2026-03-03 16:41:00,,220000000041,AE070330000220000000041,9997.00,9997.00,SALARY,Salary,FTS,AE123037000000000000203,0.00,[]
LOC-IN-0000407,QUOTE-LOC-IN-0000407,COMPLETED,REF-LOC-IN-0000407,EXT-SRC-000204,INWARD,R3040,2026-04-06 16:41:00,,220000000041,AE070330000220000000041,10044.00,10044.00,SALARY,Salary,FTS,AE123047000000000000204,0.00,[]
LOC-IN-0000409,QUOTE-LOC-IN-0000409,COMPLETED,REF-LOC-IN-0000409,EXT-SRC-000205,INWARD,R3040,2026-05-09 16:41:00,,220000000041,AE070330000220000000041,10091.00,10091.00,SALARY,Salary,FTS,AE123057000000000000205,0.00,[]
LOC-IN-0000411,QUOTE-LOC-IN-0000411,COMPLETED,REF-LOC-IN-0000411,EXT-SRC-000206,INWARD,R3041,2026-01-04 17:42:00,,220000000042,AE070330000220000000042,9986.00,9986.00,SALARY,Salary,FTS,AE123067000000000000206,0.00,[]
LOC-IN-0000413,QUOTE-LOC-IN-0000413,COMPLETED,REF-LOC-IN-0000413,EXT-SRC-000207,INWARD,R3041,2026-02-07 17:42:00,,220000000042,AE070330000220000000042,10033.00,10033.00,SALARY,Salary,FTS,AE123077000000000000207,0.00,[]
LOC-IN-0000415,QUOTE-LOC-IN-0000415,COMPLETED,REF-LOC-IN-0000415,EXT-SRC-000208,INWARD,R3041,2026-03-10 17:42:00,,220000000042,AE070330000220000000042,10080.00,10080.00,SALARY,Salary,FTS,AE123087000000000000208,0.00,[]
LOC-IN-0000417,QUOTE-LOC-IN-0000417,COMPLETED,REF-LOC-IN-0000417,EXT-SRC-000209,INWARD,R3041,2026-04-13 17:42:00,,220000000042,AE070330000220000000042,10127.00,10127.00,SALARY,Salary,FTS,AE123097000000000000209,0.00,[]
LOC-IN-0000419,QUOTE-LOC-IN-0000419,COMPLETED,REF-LOC-IN-0000419,EXT-SRC-000210,INWARD,R3041,2026-05-16 17:42:00,,220000000042,AE070330000220000000042,10174.00,10174.00,SALARY,Salary,FTS,AE123107000000000000210,0.00,[]
LOC-IN-0000421,QUOTE-LOC-IN-0000421,COMPLETED,REF-LOC-IN-0000421,EXT-SRC-000211,INWARD,R3042,2026-01-11 18:43:00,,220000000043,AE070330000220000000043,10069.00,10069.00,SALARY,Salary,FTS,AE123117000000000000211,0.00,[]
LOC-IN-0000423,QUOTE-LOC-IN-0000423,COMPLETED,REF-LOC-IN-0000423,EXT-SRC-000212,INWARD,R3042,2026-02-14 18:43:00,,220000000043,AE070330000220000000043,10116.00,10116.00,SALARY,Salary,FTS,AE123127000000000000212,0.00,[]
LOC-IN-0000425,QUOTE-LOC-IN-0000425,COMPLETED,REF-LOC-IN-0000425,EXT-SRC-000213,INWARD,R3042,2026-03-17 18:43:00,,220000000043,AE070330000220000000043,10163.00,10163.00,SALARY,Salary,FTS,AE123137000000000000213,0.00,[]
LOC-IN-0000427,QUOTE-LOC-IN-0000427,COMPLETED,REF-LOC-IN-0000427,EXT-SRC-000214,INWARD,R3042,2026-03-29 18:43:00,,220000000043,AE070330000220000000043,10210.00,10210.00,SALARY,Salary,FTS,AE123147000000000000214,0.00,[]
LOC-IN-0000429,QUOTE-LOC-IN-0000429,COMPLETED,REF-LOC-IN-0000429,EXT-SRC-000215,INWARD,R3042,2026-05-01 18:43:00,,220000000043,AE070330000220000000043,10257.00,10257.00,SALARY,Salary,FTS,AE123157000000000000215,0.00,[]
LOC-IN-0000431,QUOTE-LOC-IN-0000431,COMPLETED,REF-LOC-IN-0000431,EXT-SRC-000216,INWARD,R3043,2025-12-27 08:44:00,,220000000044,AE070330000220000000044,10152.00,10152.00,SALARY,Salary,FTS,AE123167000000000000216,0.00,[]
LOC-IN-0000433,QUOTE-LOC-IN-0000433,COMPLETED,REF-LOC-IN-0000433,EXT-SRC-000217,INWARD,R3043,2026-01-30 08:44:00,,220000000044,AE070330000220000000044,10199.00,10199.00,SALARY,Salary,FTS,AE123177000000000000217,0.00,[]
LOC-IN-0000435,QUOTE-LOC-IN-0000435,COMPLETED,REF-LOC-IN-0000435,EXT-SRC-000218,INWARD,R3043,2026-03-02 08:44:00,,220000000044,AE070330000220000000044,10246.00,10246.00,SALARY,Salary,FTS,AE123187000000000000218,0.00,[]
LOC-IN-0000437,QUOTE-LOC-IN-0000437,COMPLETED,REF-LOC-IN-0000437,EXT-SRC-000219,INWARD,R3043,2026-04-05 08:44:00,,220000000044,AE070330000220000000044,10293.00,10293.00,SALARY,Salary,FTS,AE123197000000000000219,0.00,[]
LOC-IN-0000439,QUOTE-LOC-IN-0000439,COMPLETED,REF-LOC-IN-0000439,EXT-SRC-000220,INWARD,R3043,2026-05-08 08:44:00,,220000000044,AE070330000220000000044,10340.00,10340.00,SALARY,Salary,FTS,AE123207000000000000220,0.00,[]
LOC-IN-0000441,QUOTE-LOC-IN-0000441,COMPLETED,REF-LOC-IN-0000441,EXT-SRC-000221,INWARD,R3044,2026-01-03 09:45:00,,220000000045,AE070330000220000000045,10235.00,10235.00,SALARY,Salary,FTS,AE123217000000000000221,0.00,[]
LOC-IN-0000443,QUOTE-LOC-IN-0000443,COMPLETED,REF-LOC-IN-0000443,EXT-SRC-000222,INWARD,R3044,2026-02-06 09:45:00,,220000000045,AE070330000220000000045,10282.00,10282.00,SALARY,Salary,FTS,AE123227000000000000222,0.00,[]
LOC-IN-0000445,QUOTE-LOC-IN-0000445,COMPLETED,REF-LOC-IN-0000445,EXT-SRC-000223,INWARD,R3044,2026-03-09 09:45:00,,220000000045,AE070330000220000000045,10329.00,10329.00,SALARY,Salary,FTS,AE123237000000000000223,0.00,[]
LOC-IN-0000447,QUOTE-LOC-IN-0000447,COMPLETED,REF-LOC-IN-0000447,EXT-SRC-000224,INWARD,R3044,2026-04-12 09:45:00,,220000000045,AE070330000220000000045,10376.00,10376.00,SALARY,Salary,FTS,AE123247000000000000224,0.00,[]
LOC-IN-0000449,QUOTE-LOC-IN-0000449,COMPLETED,REF-LOC-IN-0000449,EXT-SRC-000225,INWARD,R3044,2026-05-15 09:45:00,,220000000045,AE070330000220000000045,10423.00,10423.00,SALARY,Salary,FTS,AE123257000000000000225,0.00,[]
LOC-IN-0000451,QUOTE-LOC-IN-0000451,COMPLETED,REF-LOC-IN-0000451,EXT-SRC-000226,INWARD,R3045,2026-01-10 10:46:00,,220000000046,AE070330000220000000046,10318.00,10318.00,SALARY,Salary,FTS,AE123267000000000000226,0.00,[]
LOC-IN-0000453,QUOTE-LOC-IN-0000453,COMPLETED,REF-LOC-IN-0000453,EXT-SRC-000227,INWARD,R3045,2026-02-13 10:46:00,,220000000046,AE070330000220000000046,10365.00,10365.00,SALARY,Salary,FTS,AE123277000000000000227,0.00,[]
LOC-IN-0000455,QUOTE-LOC-IN-0000455,COMPLETED,REF-LOC-IN-0000455,EXT-SRC-000228,INWARD,R3045,2026-03-16 10:46:00,,220000000046,AE070330000220000000046,10412.00,10412.00,SALARY,Salary,FTS,AE123287000000000000228,0.00,[]
LOC-IN-0000457,QUOTE-LOC-IN-0000457,COMPLETED,REF-LOC-IN-0000457,EXT-SRC-000229,INWARD,R3045,2026-03-28 10:46:00,,220000000046,AE070330000220000000046,10459.00,10459.00,SALARY,Salary,FTS,AE123297000000000000229,0.00,[]
LOC-IN-0000459,QUOTE-LOC-IN-0000459,COMPLETED,REF-LOC-IN-0000459,EXT-SRC-000230,INWARD,R3045,2026-04-30 10:46:00,,220000000046,AE070330000220000000046,10506.00,10506.00,SALARY,Salary,FTS,AE123307000000000000230,0.00,[]
LOC-IN-0000461,QUOTE-LOC-IN-0000461,COMPLETED,REF-LOC-IN-0000461,EXT-SRC-000231,INWARD,R3046,2026-01-17 11:47:00,,220000000047,AE070330000220000000047,10401.00,10401.00,SALARY,Salary,FTS,AE123317000000000000231,0.00,[]
LOC-IN-0000463,QUOTE-LOC-IN-0000463,COMPLETED,REF-LOC-IN-0000463,EXT-SRC-000232,INWARD,R3046,2026-01-29 11:47:00,,220000000047,AE070330000220000000047,10448.00,10448.00,SALARY,Salary,FTS,AE123327000000000000232,0.00,[]
LOC-IN-0000465,QUOTE-LOC-IN-0000465,COMPLETED,REF-LOC-IN-0000465,EXT-SRC-000233,INWARD,R3046,2026-03-01 11:47:00,,220000000047,AE070330000220000000047,10495.00,10495.00,SALARY,Salary,FTS,AE123337000000000000233,0.00,[]
LOC-IN-0000467,QUOTE-LOC-IN-0000467,COMPLETED,REF-LOC-IN-0000467,EXT-SRC-000234,INWARD,R3046,2026-04-04 11:47:00,,220000000047,AE070330000220000000047,10542.00,10542.00,SALARY,Salary,FTS,AE123347000000000000234,0.00,[]
LOC-IN-0000469,QUOTE-LOC-IN-0000469,COMPLETED,REF-LOC-IN-0000469,EXT-SRC-000235,INWARD,R3046,2026-05-07 11:47:00,,220000000047,AE070330000220000000047,10589.00,10589.00,SALARY,Salary,FTS,AE123357000000000000235,0.00,[]
LOC-IN-0000471,QUOTE-LOC-IN-0000471,COMPLETED,REF-LOC-IN-0000471,EXT-SRC-000236,INWARD,R3047,2026-01-02 12:48:00,,220000000048,AE070330000220000000048,10484.00,10484.00,SALARY,Salary,FTS,AE123367000000000000236,0.00,[]
LOC-IN-0000473,QUOTE-LOC-IN-0000473,COMPLETED,REF-LOC-IN-0000473,EXT-SRC-000237,INWARD,R3047,2026-02-05 12:48:00,,220000000048,AE070330000220000000048,10531.00,10531.00,SALARY,Salary,FTS,AE123377000000000000237,0.00,[]
LOC-IN-0000475,QUOTE-LOC-IN-0000475,COMPLETED,REF-LOC-IN-0000475,EXT-SRC-000238,INWARD,R3047,2026-03-08 12:48:00,,220000000048,AE070330000220000000048,10578.00,10578.00,SALARY,Salary,FTS,AE123387000000000000238,0.00,[]
LOC-IN-0000477,QUOTE-LOC-IN-0000477,COMPLETED,REF-LOC-IN-0000477,EXT-SRC-000239,INWARD,R3047,2026-04-11 12:48:00,,220000000048,AE070330000220000000048,10625.00,10625.00,SALARY,Salary,FTS,AE123397000000000000239,0.00,[]
LOC-IN-0000479,QUOTE-LOC-IN-0000479,COMPLETED,REF-LOC-IN-0000479,EXT-SRC-000240,INWARD,R3047,2026-05-14 12:48:00,,220000000048,AE070330000220000000048,10672.00,10672.00,SALARY,Salary,FTS,AE123407000000000000240,0.00,[]
LOC-IN-0000481,QUOTE-LOC-IN-0000481,COMPLETED,REF-LOC-IN-0000481,EXT-SRC-000241,INWARD,R3048,2026-01-09 13:49:00,,220000000049,AE070330000220000000049,10567.00,10567.00,SALARY,Salary,FTS,AE123417000000000000241,0.00,[]
LOC-IN-0000483,QUOTE-LOC-IN-0000483,COMPLETED,REF-LOC-IN-0000483,EXT-SRC-000242,INWARD,R3048,2026-02-12 13:49:00,,220000000049,AE070330000220000000049,10614.00,10614.00,SALARY,Salary,FTS,AE123427000000000000242,0.00,[]
LOC-IN-0000485,QUOTE-LOC-IN-0000485,COMPLETED,REF-LOC-IN-0000485,EXT-SRC-000243,INWARD,R3048,2026-03-15 13:49:00,,220000000049,AE070330000220000000049,10661.00,10661.00,SALARY,Salary,FTS,AE123437000000000000243,0.00,[]
LOC-IN-0000487,QUOTE-LOC-IN-0000487,COMPLETED,REF-LOC-IN-0000487,EXT-SRC-000244,INWARD,R3048,2026-03-27 13:49:00,,220000000049,AE070330000220000000049,10708.00,10708.00,SALARY,Salary,FTS,AE123447000000000000244,0.00,[]
LOC-IN-0000489,QUOTE-LOC-IN-0000489,COMPLETED,REF-LOC-IN-0000489,EXT-SRC-000245,INWARD,R3048,2026-04-29 13:49:00,,220000000049,AE070330000220000000049,10755.00,10755.00,SALARY,Salary,FTS,AE123457000000000000245,0.00,[]
LOC-IN-0000491,QUOTE-LOC-IN-0000491,COMPLETED,REF-LOC-IN-0000491,EXT-SRC-000246,INWARD,R3049,2026-01-16 14:50:00,,220000000050,AE070330000220000000050,10650.00,10650.00,SALARY,Salary,FTS,AE123467000000000000246,0.00,[]
LOC-IN-0000493,QUOTE-LOC-IN-0000493,COMPLETED,REF-LOC-IN-0000493,EXT-SRC-000247,INWARD,R3049,2026-01-28 14:50:00,,220000000050,AE070330000220000000050,10697.00,10697.00,SALARY,Salary,FTS,AE123477000000000000247,0.00,[]
LOC-IN-0000495,QUOTE-LOC-IN-0000495,COMPLETED,REF-LOC-IN-0000495,EXT-SRC-000248,INWARD,R3049,2026-02-28 14:50:00,,220000000050,AE070330000220000000050,10744.00,10744.00,SALARY,Salary,FTS,AE123487000000000000248,0.00,[]
LOC-IN-0000497,QUOTE-LOC-IN-0000497,COMPLETED,REF-LOC-IN-0000497,EXT-SRC-000249,INWARD,R3049,2026-04-03 14:50:00,,220000000050,AE070330000220000000050,10791.00,10791.00,SALARY,Salary,FTS,AE123497000000000000249,0.00,[]
LOC-IN-0000499,QUOTE-LOC-IN-0000499,COMPLETED,REF-LOC-IN-0000499,EXT-SRC-000250,INWARD,R3049,2026-05-06 14:50:00,,220000000050,AE070330000220000000050,10838.00,10838.00,SALARY,Salary,FTS,AE123507000000000000250,0.00,[]
LOC-IN-0000501,QUOTE-LOC-IN-0000501,COMPLETED,REF-LOC-IN-0000501,EXT-SRC-000251,INWARD,R3050,2026-01-01 15:51:00,,220000000051,AE070330000220000000051,10733.00,10733.00,SALARY,Salary,FTS,AE123517000000000000251,0.00,[]
LOC-IN-0000503,QUOTE-LOC-IN-0000503,COMPLETED,REF-LOC-IN-0000503,EXT-SRC-000252,INWARD,R3050,2026-02-04 15:51:00,,220000000051,AE070330000220000000051,10780.00,10780.00,SALARY,Salary,FTS,AE123527000000000000252,0.00,[]
LOC-IN-0000505,QUOTE-LOC-IN-0000505,COMPLETED,REF-LOC-IN-0000505,EXT-SRC-000253,INWARD,R3050,2026-03-07 15:51:00,,220000000051,AE070330000220000000051,10827.00,10827.00,SALARY,Salary,FTS,AE123537000000000000253,0.00,[]
LOC-IN-0000507,QUOTE-LOC-IN-0000507,COMPLETED,REF-LOC-IN-0000507,EXT-SRC-000254,INWARD,R3050,2026-04-10 15:51:00,,220000000051,AE070330000220000000051,10874.00,10874.00,SALARY,Salary,FTS,AE123547000000000000254,0.00,[]
LOC-IN-0000509,QUOTE-LOC-IN-0000509,COMPLETED,REF-LOC-IN-0000509,EXT-SRC-000255,INWARD,R3050,2026-05-13 15:51:00,,220000000051,AE070330000220000000051,10921.00,10921.00,SALARY,Salary,FTS,AE123557000000000000255,0.00,[]
LOC-IN-0000511,QUOTE-LOC-IN-0000511,COMPLETED,REF-LOC-IN-0000511,EXT-SRC-000256,INWARD,R3051,2026-01-08 16:52:00,,220000000052,AE070330000220000000052,10816.00,10816.00,SALARY,Salary,FTS,AE123567000000000000256,0.00,[]
LOC-IN-0000513,QUOTE-LOC-IN-0000513,COMPLETED,REF-LOC-IN-0000513,EXT-SRC-000257,INWARD,R3051,2026-02-11 16:52:00,,220000000052,AE070330000220000000052,10863.00,10863.00,SALARY,Salary,FTS,AE123577000000000000257,0.00,[]
LOC-IN-0000515,QUOTE-LOC-IN-0000515,COMPLETED,REF-LOC-IN-0000515,EXT-SRC-000258,INWARD,R3051,2026-03-14 16:52:00,,220000000052,AE070330000220000000052,10910.00,10910.00,SALARY,Salary,FTS,AE123587000000000000258,0.00,[]
LOC-IN-0000517,QUOTE-LOC-IN-0000517,COMPLETED,REF-LOC-IN-0000517,EXT-SRC-000259,INWARD,R3051,2026-04-17 16:52:00,,220000000052,AE070330000220000000052,10957.00,10957.00,SALARY,Salary,FTS,AE123597000000000000259,0.00,[]
LOC-IN-0000519,QUOTE-LOC-IN-0000519,COMPLETED,REF-LOC-IN-0000519,EXT-SRC-000260,INWARD,R3051,2026-04-28 16:52:00,,220000000052,AE070330000220000000052,11004.00,11004.00,SALARY,Salary,FTS,AE123607000000000000260,0.00,[]
LOC-IN-0000521,QUOTE-LOC-IN-0000521,COMPLETED,REF-LOC-IN-0000521,EXT-SRC-000261,INWARD,R3052,2026-01-15 17:53:00,,220000000053,AE070330000220000000053,10899.00,10899.00,SALARY,Salary,FTS,AE123617000000000000261,0.00,[]
LOC-IN-0000523,QUOTE-LOC-IN-0000523,COMPLETED,REF-LOC-IN-0000523,EXT-SRC-000262,INWARD,R3052,2026-01-27 17:53:00,,220000000053,AE070330000220000000053,10946.00,10946.00,SALARY,Salary,FTS,AE123627000000000000262,0.00,[]
LOC-IN-0000525,QUOTE-LOC-IN-0000525,COMPLETED,REF-LOC-IN-0000525,EXT-SRC-000263,INWARD,R3052,2026-02-27 17:53:00,,220000000053,AE070330000220000000053,10993.00,10993.00,SALARY,Salary,FTS,AE123637000000000000263,0.00,[]
LOC-IN-0000527,QUOTE-LOC-IN-0000527,COMPLETED,REF-LOC-IN-0000527,EXT-SRC-000264,INWARD,R3052,2026-04-02 17:53:00,,220000000053,AE070330000220000000053,11040.00,11040.00,SALARY,Salary,FTS,AE123647000000000000264,0.00,[]
LOC-IN-0000529,QUOTE-LOC-IN-0000529,COMPLETED,REF-LOC-IN-0000529,EXT-SRC-000265,INWARD,R3052,2026-05-05 17:53:00,,220000000053,AE070330000220000000053,11087.00,11087.00,SALARY,Salary,FTS,AE123657000000000000265,0.00,[]
LOC-IN-0000531,QUOTE-LOC-IN-0000531,COMPLETED,REF-LOC-IN-0000531,EXT-SRC-000266,INWARD,R3053,2025-12-31 18:54:00,,220000000054,AE070330000220000000054,10982.00,10982.00,SALARY,Salary,FTS,AE123667000000000000266,0.00,[]
LOC-IN-0000533,QUOTE-LOC-IN-0000533,COMPLETED,REF-LOC-IN-0000533,EXT-SRC-000267,INWARD,R3053,2026-02-03 18:54:00,,220000000054,AE070330000220000000054,11029.00,11029.00,SALARY,Salary,FTS,AE123677000000000000267,0.00,[]
LOC-IN-0000535,QUOTE-LOC-IN-0000535,COMPLETED,REF-LOC-IN-0000535,EXT-SRC-000268,INWARD,R3053,2026-03-06 18:54:00,,220000000054,AE070330000220000000054,11076.00,11076.00,SALARY,Salary,FTS,AE123687000000000000268,0.00,[]
LOC-IN-0000537,QUOTE-LOC-IN-0000537,COMPLETED,REF-LOC-IN-0000537,EXT-SRC-000269,INWARD,R3053,2026-04-09 18:54:00,,220000000054,AE070330000220000000054,11123.00,11123.00,SALARY,Salary,FTS,AE123697000000000000269,0.00,[]
LOC-IN-0000539,QUOTE-LOC-IN-0000539,COMPLETED,REF-LOC-IN-0000539,EXT-SRC-000270,INWARD,R3053,2026-05-12 18:54:00,,220000000054,AE070330000220000000054,11170.00,11170.00,SALARY,Salary,FTS,AE123707000000000000270,0.00,[]
LOC-IN-0000541,QUOTE-LOC-IN-0000541,COMPLETED,REF-LOC-IN-0000541,EXT-SRC-000271,INWARD,R3054,2026-01-07 08:55:00,,220000000055,AE070330000220000000055,11065.00,11065.00,SALARY,Salary,FTS,AE123717000000000000271,0.00,[]
LOC-IN-0000543,QUOTE-LOC-IN-0000543,COMPLETED,REF-LOC-IN-0000543,EXT-SRC-000272,INWARD,R3054,2026-02-10 08:55:00,,220000000055,AE070330000220000000055,11112.00,11112.00,SALARY,Salary,FTS,AE123727000000000000272,0.00,[]
LOC-IN-0000545,QUOTE-LOC-IN-0000545,COMPLETED,REF-LOC-IN-0000545,EXT-SRC-000273,INWARD,R3054,2026-03-13 08:55:00,,220000000055,AE070330000220000000055,11159.00,11159.00,SALARY,Salary,FTS,AE123737000000000000273,0.00,[]
LOC-IN-0000547,QUOTE-LOC-IN-0000547,COMPLETED,REF-LOC-IN-0000547,EXT-SRC-000274,INWARD,R3054,2026-04-16 08:55:00,,220000000055,AE070330000220000000055,11206.00,11206.00,SALARY,Salary,FTS,AE123747000000000000274,0.00,[]
LOC-IN-0000549,QUOTE-LOC-IN-0000549,COMPLETED,REF-LOC-IN-0000549,EXT-SRC-000275,INWARD,R3054,2026-04-27 08:55:00,,220000000055,AE070330000220000000055,11253.00,11253.00,SALARY,Salary,FTS,AE123757000000000000275,0.00,[]
LOC-IN-0000551,QUOTE-LOC-IN-0000551,COMPLETED,REF-LOC-IN-0000551,EXT-SRC-000276,INWARD,R3055,2026-01-14 09:56:00,,220000000056,AE070330000220000000056,11148.00,11148.00,SALARY,Salary,FTS,AE123767000000000000276,0.00,[]
LOC-IN-0000553,QUOTE-LOC-IN-0000553,COMPLETED,REF-LOC-IN-0000553,EXT-SRC-000277,INWARD,R3055,2026-02-17 09:56:00,,220000000056,AE070330000220000000056,11195.00,11195.00,SALARY,Salary,FTS,AE123777000000000000277,0.00,[]
LOC-IN-0000555,QUOTE-LOC-IN-0000555,COMPLETED,REF-LOC-IN-0000555,EXT-SRC-000278,INWARD,R3055,2026-02-26 09:56:00,,220000000056,AE070330000220000000056,11242.00,11242.00,SALARY,Salary,FTS,AE123787000000000000278,0.00,[]
LOC-IN-0000557,QUOTE-LOC-IN-0000557,COMPLETED,REF-LOC-IN-0000557,EXT-SRC-000279,INWARD,R3055,2026-04-01 09:56:00,,220000000056,AE070330000220000000056,11289.00,11289.00,SALARY,Salary,FTS,AE123797000000000000279,0.00,[]
LOC-IN-0000559,QUOTE-LOC-IN-0000559,COMPLETED,REF-LOC-IN-0000559,EXT-SRC-000280,INWARD,R3055,2026-05-04 09:56:00,,220000000056,AE070330000220000000056,11336.00,11336.00,SALARY,Salary,FTS,AE123807000000000000280,0.00,[]
LOC-IN-0000561,QUOTE-LOC-IN-0000561,COMPLETED,REF-LOC-IN-0000561,EXT-SRC-000281,INWARD,R3056,2025-12-30 10:57:00,,220000000057,AE070330000220000000057,11231.00,11231.00,SALARY,Salary,FTS,AE123817000000000000281,0.00,[]
LOC-IN-0000563,QUOTE-LOC-IN-0000563,COMPLETED,REF-LOC-IN-0000563,EXT-SRC-000282,INWARD,R3056,2026-02-02 10:57:00,,220000000057,AE070330000220000000057,11278.00,11278.00,SALARY,Salary,FTS,AE123827000000000000282,0.00,[]
LOC-IN-0000565,QUOTE-LOC-IN-0000565,COMPLETED,REF-LOC-IN-0000565,EXT-SRC-000283,INWARD,R3056,2026-03-05 10:57:00,,220000000057,AE070330000220000000057,11325.00,11325.00,SALARY,Salary,FTS,AE123837000000000000283,0.00,[]
LOC-IN-0000567,QUOTE-LOC-IN-0000567,COMPLETED,REF-LOC-IN-0000567,EXT-SRC-000284,INWARD,R3056,2026-04-08 10:57:00,,220000000057,AE070330000220000000057,11372.00,11372.00,SALARY,Salary,FTS,AE123847000000000000284,0.00,[]
LOC-IN-0000569,QUOTE-LOC-IN-0000569,COMPLETED,REF-LOC-IN-0000569,EXT-SRC-000285,INWARD,R3056,2026-05-11 10:57:00,,220000000057,AE070330000220000000057,11419.00,11419.00,SALARY,Salary,FTS,AE123857000000000000285,0.00,[]
LOC-IN-0000571,QUOTE-LOC-IN-0000571,COMPLETED,REF-LOC-IN-0000571,EXT-SRC-000286,INWARD,R3057,2026-01-06 11:58:00,,220000000058,AE070330000220000000058,11314.00,11314.00,SALARY,Salary,FTS,AE123867000000000000286,0.00,[]
LOC-IN-0000573,QUOTE-LOC-IN-0000573,COMPLETED,REF-LOC-IN-0000573,EXT-SRC-000287,INWARD,R3057,2026-02-09 11:58:00,,220000000058,AE070330000220000000058,11361.00,11361.00,SALARY,Salary,FTS,AE123877000000000000287,0.00,[]
LOC-IN-0000575,QUOTE-LOC-IN-0000575,COMPLETED,REF-LOC-IN-0000575,EXT-SRC-000288,INWARD,R3057,2026-03-12 11:58:00,,220000000058,AE070330000220000000058,11408.00,11408.00,SALARY,Salary,FTS,AE123887000000000000288,0.00,[]
LOC-IN-0000577,QUOTE-LOC-IN-0000577,COMPLETED,REF-LOC-IN-0000577,EXT-SRC-000289,INWARD,R3057,2026-04-15 11:58:00,,220000000058,AE070330000220000000058,11455.00,11455.00,SALARY,Salary,FTS,AE123897000000000000289,0.00,[]
LOC-IN-0000579,QUOTE-LOC-IN-0000579,COMPLETED,REF-LOC-IN-0000579,EXT-SRC-000290,INWARD,R3057,2026-04-26 11:58:00,,220000000058,AE070330000220000000058,11502.00,11502.00,SALARY,Salary,FTS,AE123907000000000000290,0.00,[]
LOC-IN-0000581,QUOTE-LOC-IN-0000581,COMPLETED,REF-LOC-IN-0000581,EXT-SRC-000291,INWARD,R3058,2026-01-13 12:59:00,,220000000059,AE070330000220000000059,11397.00,11397.00,SALARY,Salary,FTS,AE123917000000000000291,0.00,[]
LOC-IN-0000583,QUOTE-LOC-IN-0000583,COMPLETED,REF-LOC-IN-0000583,EXT-SRC-000292,INWARD,R3058,2026-02-16 12:59:00,,220000000059,AE070330000220000000059,11444.00,11444.00,SALARY,Salary,FTS,AE123927000000000000292,0.00,[]
LOC-IN-0000585,QUOTE-LOC-IN-0000585,COMPLETED,REF-LOC-IN-0000585,EXT-SRC-000293,INWARD,R3058,2026-02-25 12:59:00,,220000000059,AE070330000220000000059,11491.00,11491.00,SALARY,Salary,FTS,AE123937000000000000293,0.00,[]
LOC-IN-0000587,QUOTE-LOC-IN-0000587,COMPLETED,REF-LOC-IN-0000587,EXT-SRC-000294,INWARD,R3058,2026-03-31 12:59:00,,220000000059,AE070330000220000000059,11538.00,11538.00,SALARY,Salary,FTS,AE123947000000000000294,0.00,[]
LOC-IN-0000589,QUOTE-LOC-IN-0000589,COMPLETED,REF-LOC-IN-0000589,EXT-SRC-000295,INWARD,R3058,2026-05-03 12:59:00,,220000000059,AE070330000220000000059,11585.00,11585.00,SALARY,Salary,FTS,AE123957000000000000295,0.00,[]
LOC-IN-0000591,QUOTE-LOC-IN-0000591,COMPLETED,REF-LOC-IN-0000591,EXT-SRC-000296,INWARD,R3059,2025-12-29 13:00:00,,220000000060,AE070330000220000000060,11480.00,11480.00,SALARY,Salary,FTS,AE123967000000000000296,0.00,[]
LOC-IN-0000593,QUOTE-LOC-IN-0000593,COMPLETED,REF-LOC-IN-0000593,EXT-SRC-000297,INWARD,R3059,2026-02-01 13:00:00,,220000000060,AE070330000220000000060,11527.00,11527.00,SALARY,Salary,FTS,AE123977000000000000297,0.00,[]
LOC-IN-0000595,QUOTE-LOC-IN-0000595,COMPLETED,REF-LOC-IN-0000595,EXT-SRC-000298,INWARD,R3059,2026-03-04 13:00:00,,220000000060,AE070330000220000000060,11574.00,11574.00,SALARY,Salary,FTS,AE123987000000000000298,0.00,[]
LOC-IN-0000597,QUOTE-LOC-IN-0000597,COMPLETED,REF-LOC-IN-0000597,EXT-SRC-000299,INWARD,R3059,2026-04-07 13:00:00,,220000000060,AE070330000220000000060,11621.00,11621.00,SALARY,Salary,FTS,AE123997000000000000299,0.00,[]
LOC-IN-0000599,QUOTE-LOC-IN-0000599,COMPLETED,REF-LOC-IN-0000599,EXT-SRC-000300,INWARD,R3059,2026-05-10 13:00:00,,220000000060,AE070330000220000000060,11668.00,11668.00,SALARY,Salary,FTS,AE124007000000000000300,0.00,[]
LOC-IN-0000601,QUOTE-LOC-IN-0000601,COMPLETED,REF-LOC-IN-0000601,EXT-SRC-000301,INWARD,R3060,2026-01-05 14:01:00,,220000000061,AE070330000220000000061,11563.00,11563.00,SALARY,Salary,FTS,AE124017000000000000301,0.00,[]
LOC-IN-0000603,QUOTE-LOC-IN-0000603,COMPLETED,REF-LOC-IN-0000603,EXT-SRC-000302,INWARD,R3060,2026-02-08 14:01:00,,220000000061,AE070330000220000000061,11610.00,11610.00,SALARY,Salary,FTS,AE124027000000000000302,0.00,[]
LOC-IN-0000605,QUOTE-LOC-IN-0000605,COMPLETED,REF-LOC-IN-0000605,EXT-SRC-000303,INWARD,R3060,2026-03-11 14:01:00,,220000000061,AE070330000220000000061,11657.00,11657.00,SALARY,Salary,FTS,AE124037000000000000303,0.00,[]
LOC-IN-0000607,QUOTE-LOC-IN-0000607,COMPLETED,REF-LOC-IN-0000607,EXT-SRC-000304,INWARD,R3060,2026-04-14 14:01:00,,220000000061,AE070330000220000000061,11704.00,11704.00,SALARY,Salary,FTS,AE124047000000000000304,0.00,[]
LOC-IN-0000609,QUOTE-LOC-IN-0000609,COMPLETED,REF-LOC-IN-0000609,EXT-SRC-000305,INWARD,R3060,2026-05-17 14:01:00,,220000000061,AE070330000220000000061,11751.00,11751.00,SALARY,Salary,FTS,AE124057000000000000305,0.00,[]
LOC-IN-0000611,QUOTE-LOC-IN-0000611,COMPLETED,REF-LOC-IN-0000611,EXT-SRC-000306,INWARD,R3061,2026-01-12 15:02:00,,220000000062,AE070330000220000000062,11646.00,11646.00,SALARY,Salary,FTS,AE124067000000000000306,0.00,[]
LOC-IN-0000613,QUOTE-LOC-IN-0000613,COMPLETED,REF-LOC-IN-0000613,EXT-SRC-000307,INWARD,R3061,2026-02-15 15:02:00,,220000000062,AE070330000220000000062,11693.00,11693.00,SALARY,Salary,FTS,AE124077000000000000307,0.00,[]
LOC-IN-0000615,QUOTE-LOC-IN-0000615,COMPLETED,REF-LOC-IN-0000615,EXT-SRC-000308,INWARD,R3061,2026-02-24 15:02:00,,220000000062,AE070330000220000000062,11740.00,11740.00,SALARY,Salary,FTS,AE124087000000000000308,0.00,[]
LOC-IN-0000617,QUOTE-LOC-IN-0000617,COMPLETED,REF-LOC-IN-0000617,EXT-SRC-000309,INWARD,R3061,2026-03-30 15:02:00,,220000000062,AE070330000220000000062,11787.00,11787.00,SALARY,Salary,FTS,AE124097000000000000309,0.00,[]
LOC-IN-0000619,QUOTE-LOC-IN-0000619,COMPLETED,REF-LOC-IN-0000619,EXT-SRC-000310,INWARD,R3061,2026-05-02 15:02:00,,220000000062,AE070330000220000000062,11834.00,11834.00,SALARY,Salary,FTS,AE124107000000000000310,0.00,[]
LOC-IN-0000621,QUOTE-LOC-IN-0000621,COMPLETED,REF-LOC-IN-0000621,EXT-SRC-000311,INWARD,R3062,2025-12-28 16:03:00,,220000000063,AE070330000220000000063,11729.00,11729.00,SALARY,Salary,FTS,AE124117000000000000311,0.00,[]
LOC-IN-0000623,QUOTE-LOC-IN-0000623,COMPLETED,REF-LOC-IN-0000623,EXT-SRC-000312,INWARD,R3062,2026-01-31 16:03:00,,220000000063,AE070330000220000000063,11776.00,11776.00,SALARY,Salary,FTS,AE124127000000000000312,0.00,[]
LOC-IN-0000625,QUOTE-LOC-IN-0000625,COMPLETED,REF-LOC-IN-0000625,EXT-SRC-000313,INWARD,R3062,2026-03-03 16:03:00,,220000000063,AE070330000220000000063,11823.00,11823.00,SALARY,Salary,FTS,AE124137000000000000313,0.00,[]
LOC-IN-0000627,QUOTE-LOC-IN-0000627,COMPLETED,REF-LOC-IN-0000627,EXT-SRC-000314,INWARD,R3062,2026-04-06 16:03:00,,220000000063,AE070330000220000000063,11870.00,11870.00,SALARY,Salary,FTS,AE124147000000000000314,0.00,[]
LOC-IN-0000629,QUOTE-LOC-IN-0000629,COMPLETED,REF-LOC-IN-0000629,EXT-SRC-000315,INWARD,R3062,2026-05-09 16:03:00,,220000000063,AE070330000220000000063,11917.00,11917.00,SALARY,Salary,FTS,AE124157000000000000315,0.00,[]
LOC-IN-0000631,QUOTE-LOC-IN-0000631,COMPLETED,REF-LOC-IN-0000631,EXT-SRC-000316,INWARD,R3063,2026-01-04 17:04:00,,220000000064,AE070330000220000000064,11812.00,11812.00,SALARY,Salary,FTS,AE124167000000000000316,0.00,[]
LOC-IN-0000633,QUOTE-LOC-IN-0000633,COMPLETED,REF-LOC-IN-0000633,EXT-SRC-000317,INWARD,R3063,2026-02-07 17:04:00,,220000000064,AE070330000220000000064,11859.00,11859.00,SALARY,Salary,FTS,AE124177000000000000317,0.00,[]
LOC-IN-0000635,QUOTE-LOC-IN-0000635,COMPLETED,REF-LOC-IN-0000635,EXT-SRC-000318,INWARD,R3063,2026-03-10 17:04:00,,220000000064,AE070330000220000000064,11906.00,11906.00,SALARY,Salary,FTS,AE124187000000000000318,0.00,[]
LOC-IN-0000637,QUOTE-LOC-IN-0000637,COMPLETED,REF-LOC-IN-0000637,EXT-SRC-000319,INWARD,R3063,2026-04-13 17:04:00,,220000000064,AE070330000220000000064,11953.00,11953.00,SALARY,Salary,FTS,AE124197000000000000319,0.00,[]
LOC-IN-0000639,QUOTE-LOC-IN-0000639,COMPLETED,REF-LOC-IN-0000639,EXT-SRC-000320,INWARD,R3063,2026-05-16 17:04:00,,220000000064,AE070330000220000000064,12000.00,12000.00,SALARY,Salary,FTS,AE124207000000000000320,0.00,[]
LOC-IN-0000641,QUOTE-LOC-IN-0000641,COMPLETED,REF-LOC-IN-0000641,EXT-SRC-000321,INWARD,R3064,2026-01-11 18:05:00,,220000000065,AE070330000220000000065,11895.00,11895.00,SALARY,Salary,FTS,AE124217000000000000321,0.00,[]
LOC-IN-0000643,QUOTE-LOC-IN-0000643,COMPLETED,REF-LOC-IN-0000643,EXT-SRC-000322,INWARD,R3064,2026-02-14 18:05:00,,220000000065,AE070330000220000000065,11942.00,11942.00,SALARY,Salary,FTS,AE124227000000000000322,0.00,[]
LOC-IN-0000645,QUOTE-LOC-IN-0000645,COMPLETED,REF-LOC-IN-0000645,EXT-SRC-000323,INWARD,R3064,2026-03-17 18:05:00,,220000000065,AE070330000220000000065,11989.00,11989.00,SALARY,Salary,FTS,AE124237000000000000323,0.00,[]
LOC-IN-0000647,QUOTE-LOC-IN-0000647,COMPLETED,REF-LOC-IN-0000647,EXT-SRC-000324,INWARD,R3064,2026-03-29 18:05:00,,220000000065,AE070330000220000000065,6535.00,6535.00,SALARY,Salary,FTS,AE124247000000000000324,0.00,[]
LOC-IN-0000649,QUOTE-LOC-IN-0000649,COMPLETED,REF-LOC-IN-0000649,EXT-SRC-000325,INWARD,R3064,2026-05-01 18:05:00,,220000000065,AE070330000220000000065,6582.00,6582.00,SALARY,Salary,FTS,AE124257000000000000325,0.00,[]
LOC-IN-0000651,QUOTE-LOC-IN-0000651,COMPLETED,REF-LOC-IN-0000651,EXT-SRC-000326,INWARD,R3065,2025-12-27 08:06:00,,220000000066,AE070330000220000000066,11978.00,11978.00,SALARY,Salary,FTS,AE124267000000000000326,0.00,[]
LOC-IN-0000653,QUOTE-LOC-IN-0000653,COMPLETED,REF-LOC-IN-0000653,EXT-SRC-000327,INWARD,R3065,2026-01-30 08:06:00,,220000000066,AE070330000220000000066,6524.00,6524.00,SALARY,Salary,FTS,AE124277000000000000327,0.00,[]
LOC-IN-0000655,QUOTE-LOC-IN-0000655,COMPLETED,REF-LOC-IN-0000655,EXT-SRC-000328,INWARD,R3065,2026-03-02 08:06:00,,220000000066,AE070330000220000000066,6571.00,6571.00,SALARY,Salary,FTS,AE124287000000000000328,0.00,[]
LOC-IN-0000657,QUOTE-LOC-IN-0000657,COMPLETED,REF-LOC-IN-0000657,EXT-SRC-000329,INWARD,R3065,2026-04-05 08:06:00,,220000000066,AE070330000220000000066,6618.00,6618.00,SALARY,Salary,FTS,AE124297000000000000329,0.00,[]
LOC-IN-0000659,QUOTE-LOC-IN-0000659,COMPLETED,REF-LOC-IN-0000659,EXT-SRC-000330,INWARD,R3065,2026-05-08 08:06:00,,220000000066,AE070330000220000000066,6665.00,6665.00,SALARY,Salary,FTS,AE124307000000000000330,0.00,[]
LOC-IN-0000661,QUOTE-LOC-IN-0000661,COMPLETED,REF-LOC-IN-0000661,EXT-SRC-000331,INWARD,R3066,2026-01-03 09:07:00,,220000000067,AE070330000220000000067,6560.00,6560.00,SALARY,Salary,FTS,AE124317000000000000331,0.00,[]
LOC-IN-0000663,QUOTE-LOC-IN-0000663,COMPLETED,REF-LOC-IN-0000663,EXT-SRC-000332,INWARD,R3066,2026-02-06 09:07:00,,220000000067,AE070330000220000000067,6607.00,6607.00,SALARY,Salary,FTS,AE124327000000000000332,0.00,[]
LOC-IN-0000665,QUOTE-LOC-IN-0000665,COMPLETED,REF-LOC-IN-0000665,EXT-SRC-000333,INWARD,R3066,2026-03-09 09:07:00,,220000000067,AE070330000220000000067,6654.00,6654.00,SALARY,Salary,FTS,AE124337000000000000333,0.00,[]
LOC-IN-0000667,QUOTE-LOC-IN-0000667,COMPLETED,REF-LOC-IN-0000667,EXT-SRC-000334,INWARD,R3066,2026-04-12 09:07:00,,220000000067,AE070330000220000000067,6701.00,6701.00,SALARY,Salary,FTS,AE124347000000000000334,0.00,[]
LOC-IN-0000669,QUOTE-LOC-IN-0000669,COMPLETED,REF-LOC-IN-0000669,EXT-SRC-000335,INWARD,R3066,2026-05-15 09:07:00,,220000000067,AE070330000220000000067,6748.00,6748.00,SALARY,Salary,FTS,AE124357000000000000335,0.00,[]
LOC-IN-0000671,QUOTE-LOC-IN-0000671,COMPLETED,REF-LOC-IN-0000671,EXT-SRC-000336,INWARD,R3067,2026-01-10 10:08:00,,220000000068,AE070330000220000000068,6643.00,6643.00,SALARY,Salary,FTS,AE124367000000000000336,0.00,[]
LOC-IN-0000673,QUOTE-LOC-IN-0000673,COMPLETED,REF-LOC-IN-0000673,EXT-SRC-000337,INWARD,R3067,2026-02-13 10:08:00,,220000000068,AE070330000220000000068,6690.00,6690.00,SALARY,Salary,FTS,AE124377000000000000337,0.00,[]
LOC-IN-0000675,QUOTE-LOC-IN-0000675,COMPLETED,REF-LOC-IN-0000675,EXT-SRC-000338,INWARD,R3067,2026-03-16 10:08:00,,220000000068,AE070330000220000000068,6737.00,6737.00,SALARY,Salary,FTS,AE124387000000000000338,0.00,[]
LOC-IN-0000677,QUOTE-LOC-IN-0000677,COMPLETED,REF-LOC-IN-0000677,EXT-SRC-000339,INWARD,R3067,2026-03-28 10:08:00,,220000000068,AE070330000220000000068,6784.00,6784.00,SALARY,Salary,FTS,AE124397000000000000339,0.00,[]
LOC-IN-0000679,QUOTE-LOC-IN-0000679,COMPLETED,REF-LOC-IN-0000679,EXT-SRC-000340,INWARD,R3067,2026-04-30 10:08:00,,220000000068,AE070330000220000000068,6831.00,6831.00,SALARY,Salary,FTS,AE124407000000000000340,0.00,[]
LOC-IN-0000681,QUOTE-LOC-IN-0000681,COMPLETED,REF-LOC-IN-0000681,EXT-SRC-000341,INWARD,R3068,2026-01-17 11:09:00,,220000000069,AE070330000220000000069,6726.00,6726.00,SALARY,Salary,FTS,AE124417000000000000341,0.00,[]
LOC-IN-0000683,QUOTE-LOC-IN-0000683,COMPLETED,REF-LOC-IN-0000683,EXT-SRC-000342,INWARD,R3068,2026-01-29 11:09:00,,220000000069,AE070330000220000000069,6773.00,6773.00,SALARY,Salary,FTS,AE124427000000000000342,0.00,[]
LOC-IN-0000685,QUOTE-LOC-IN-0000685,COMPLETED,REF-LOC-IN-0000685,EXT-SRC-000343,INWARD,R3068,2026-03-01 11:09:00,,220000000069,AE070330000220000000069,6820.00,6820.00,SALARY,Salary,FTS,AE124437000000000000343,0.00,[]
LOC-IN-0000687,QUOTE-LOC-IN-0000687,COMPLETED,REF-LOC-IN-0000687,EXT-SRC-000344,INWARD,R3068,2026-04-04 11:09:00,,220000000069,AE070330000220000000069,6867.00,6867.00,SALARY,Salary,FTS,AE124447000000000000344,0.00,[]
LOC-IN-0000689,QUOTE-LOC-IN-0000689,COMPLETED,REF-LOC-IN-0000689,EXT-SRC-000345,INWARD,R3068,2026-05-07 11:09:00,,220000000069,AE070330000220000000069,6914.00,6914.00,SALARY,Salary,FTS,AE124457000000000000345,0.00,[]
LOC-IN-0000691,QUOTE-LOC-IN-0000691,COMPLETED,REF-LOC-IN-0000691,EXT-SRC-000346,INWARD,R3069,2026-01-02 12:10:00,,220000000070,AE070330000220000000070,6809.00,6809.00,SALARY,Salary,FTS,AE124467000000000000346,0.00,[]
LOC-IN-0000693,QUOTE-LOC-IN-0000693,COMPLETED,REF-LOC-IN-0000693,EXT-SRC-000347,INWARD,R3069,2026-02-05 12:10:00,,220000000070,AE070330000220000000070,6856.00,6856.00,SALARY,Salary,FTS,AE124477000000000000347,0.00,[]
LOC-IN-0000695,QUOTE-LOC-IN-0000695,COMPLETED,REF-LOC-IN-0000695,EXT-SRC-000348,INWARD,R3069,2026-03-08 12:10:00,,220000000070,AE070330000220000000070,6903.00,6903.00,SALARY,Salary,FTS,AE124487000000000000348,0.00,[]
LOC-IN-0000697,QUOTE-LOC-IN-0000697,COMPLETED,REF-LOC-IN-0000697,EXT-SRC-000349,INWARD,R3069,2026-04-11 12:10:00,,220000000070,AE070330000220000000070,6950.00,6950.00,SALARY,Salary,FTS,AE124497000000000000349,0.00,[]
LOC-IN-0000699,QUOTE-LOC-IN-0000699,COMPLETED,REF-LOC-IN-0000699,EXT-SRC-000350,INWARD,R3069,2026-05-14 12:10:00,,220000000070,AE070330000220000000070,6997.00,6997.00,SALARY,Salary,FTS,AE124507000000000000350,0.00,[]
LOC-IN-0000701,QUOTE-LOC-IN-0000701,COMPLETED,REF-LOC-IN-0000701,EXT-SRC-000351,INWARD,R3070,2026-01-09 13:11:00,,220000000071,AE070330000220000000071,6892.00,6892.00,SALARY,Salary,FTS,AE124517000000000000351,0.00,[]
LOC-IN-0000703,QUOTE-LOC-IN-0000703,COMPLETED,REF-LOC-IN-0000703,EXT-SRC-000352,INWARD,R3070,2026-02-12 13:11:00,,220000000071,AE070330000220000000071,6939.00,6939.00,SALARY,Salary,FTS,AE124527000000000000352,0.00,[]
LOC-IN-0000705,QUOTE-LOC-IN-0000705,COMPLETED,REF-LOC-IN-0000705,EXT-SRC-000353,INWARD,R3070,2026-03-15 13:11:00,,220000000071,AE070330000220000000071,6986.00,6986.00,SALARY,Salary,FTS,AE124537000000000000353,0.00,[]
LOC-IN-0000707,QUOTE-LOC-IN-0000707,COMPLETED,REF-LOC-IN-0000707,EXT-SRC-000354,INWARD,R3070,2026-03-27 13:11:00,,220000000071,AE070330000220000000071,7033.00,7033.00,SALARY,Salary,FTS,AE124547000000000000354,0.00,[]
LOC-IN-0000709,QUOTE-LOC-IN-0000709,COMPLETED,REF-LOC-IN-0000709,EXT-SRC-000355,INWARD,R3070,2026-04-29 13:11:00,,220000000071,AE070330000220000000071,7080.00,7080.00,SALARY,Salary,FTS,AE124557000000000000355,0.00,[]
LOC-IN-0000711,QUOTE-LOC-IN-0000711,COMPLETED,REF-LOC-IN-0000711,EXT-SRC-000356,INWARD,R3071,2026-01-16 14:12:00,,220000000072,AE070330000220000000072,6975.00,6975.00,SALARY,Salary,FTS,AE124567000000000000356,0.00,[]
LOC-IN-0000713,QUOTE-LOC-IN-0000713,COMPLETED,REF-LOC-IN-0000713,EXT-SRC-000357,INWARD,R3071,2026-01-28 14:12:00,,220000000072,AE070330000220000000072,7022.00,7022.00,SALARY,Salary,FTS,AE124577000000000000357,0.00,[]
LOC-IN-0000715,QUOTE-LOC-IN-0000715,COMPLETED,REF-LOC-IN-0000715,EXT-SRC-000358,INWARD,R3071,2026-02-28 14:12:00,,220000000072,AE070330000220000000072,7069.00,7069.00,SALARY,Salary,FTS,AE124587000000000000358,0.00,[]
LOC-IN-0000717,QUOTE-LOC-IN-0000717,COMPLETED,REF-LOC-IN-0000717,EXT-SRC-000359,INWARD,R3071,2026-04-03 14:12:00,,220000000072,AE070330000220000000072,7116.00,7116.00,SALARY,Salary,FTS,AE124597000000000000359,0.00,[]
LOC-IN-0000719,QUOTE-LOC-IN-0000719,COMPLETED,REF-LOC-IN-0000719,EXT-SRC-000360,INWARD,R3071,2026-05-06 14:12:00,,220000000072,AE070330000220000000072,7163.00,7163.00,SALARY,Salary,FTS,AE124607000000000000360,0.00,[]
LOC-IN-0000721,QUOTE-LOC-IN-0000721,COMPLETED,REF-LOC-IN-0000721,EXT-SRC-000361,INWARD,R3072,2026-01-01 15:13:00,,220000000073,AE070330000220000000073,7058.00,7058.00,SALARY,Salary,FTS,AE124617000000000000361,0.00,[]
LOC-IN-0000723,QUOTE-LOC-IN-0000723,COMPLETED,REF-LOC-IN-0000723,EXT-SRC-000362,INWARD,R3072,2026-02-04 15:13:00,,220000000073,AE070330000220000000073,7105.00,7105.00,SALARY,Salary,FTS,AE124627000000000000362,0.00,[]
LOC-IN-0000725,QUOTE-LOC-IN-0000725,COMPLETED,REF-LOC-IN-0000725,EXT-SRC-000363,INWARD,R3072,2026-03-07 15:13:00,,220000000073,AE070330000220000000073,7152.00,7152.00,SALARY,Salary,FTS,AE124637000000000000363,0.00,[]
LOC-IN-0000727,QUOTE-LOC-IN-0000727,COMPLETED,REF-LOC-IN-0000727,EXT-SRC-000364,INWARD,R3072,2026-04-10 15:13:00,,220000000073,AE070330000220000000073,7199.00,7199.00,SALARY,Salary,FTS,AE124647000000000000364,0.00,[]
LOC-IN-0000729,QUOTE-LOC-IN-0000729,COMPLETED,REF-LOC-IN-0000729,EXT-SRC-000365,INWARD,R3072,2026-05-13 15:13:00,,220000000073,AE070330000220000000073,7246.00,7246.00,SALARY,Salary,FTS,AE124657000000000000365,0.00,[]
LOC-IN-0000731,QUOTE-LOC-IN-0000731,COMPLETED,REF-LOC-IN-0000731,EXT-SRC-000366,INWARD,R3073,2026-01-08 16:14:00,,220000000074,AE070330000220000000074,7141.00,7141.00,SALARY,Salary,FTS,AE124667000000000000366,0.00,[]
LOC-IN-0000733,QUOTE-LOC-IN-0000733,COMPLETED,REF-LOC-IN-0000733,EXT-SRC-000367,INWARD,R3073,2026-02-11 16:14:00,,220000000074,AE070330000220000000074,7188.00,7188.00,SALARY,Salary,FTS,AE124677000000000000367,0.00,[]
LOC-IN-0000735,QUOTE-LOC-IN-0000735,COMPLETED,REF-LOC-IN-0000735,EXT-SRC-000368,INWARD,R3073,2026-03-14 16:14:00,,220000000074,AE070330000220000000074,7235.00,7235.00,SALARY,Salary,FTS,AE124687000000000000368,0.00,[]
LOC-IN-0000737,QUOTE-LOC-IN-0000737,COMPLETED,REF-LOC-IN-0000737,EXT-SRC-000369,INWARD,R3073,2026-04-17 16:14:00,,220000000074,AE070330000220000000074,7282.00,7282.00,SALARY,Salary,FTS,AE124697000000000000369,0.00,[]
LOC-IN-0000739,QUOTE-LOC-IN-0000739,COMPLETED,REF-LOC-IN-0000739,EXT-SRC-000370,INWARD,R3073,2026-04-28 16:14:00,,220000000074,AE070330000220000000074,7329.00,7329.00,SALARY,Salary,FTS,AE124707000000000000370,0.00,[]
LOC-IN-0000741,QUOTE-LOC-IN-0000741,COMPLETED,REF-LOC-IN-0000741,EXT-SRC-000371,INWARD,R3074,2026-01-15 17:15:00,,220000000075,AE070330000220000000075,7224.00,7224.00,SALARY,Salary,FTS,AE124717000000000000371,0.00,[]
LOC-IN-0000743,QUOTE-LOC-IN-0000743,COMPLETED,REF-LOC-IN-0000743,EXT-SRC-000372,INWARD,R3074,2026-01-27 17:15:00,,220000000075,AE070330000220000000075,7271.00,7271.00,SALARY,Salary,FTS,AE124727000000000000372,0.00,[]
LOC-IN-0000745,QUOTE-LOC-IN-0000745,COMPLETED,REF-LOC-IN-0000745,EXT-SRC-000373,INWARD,R3074,2026-02-27 17:15:00,,220000000075,AE070330000220000000075,7318.00,7318.00,SALARY,Salary,FTS,AE124737000000000000373,0.00,[]
LOC-IN-0000747,QUOTE-LOC-IN-0000747,COMPLETED,REF-LOC-IN-0000747,EXT-SRC-000374,INWARD,R3074,2026-04-02 17:15:00,,220000000075,AE070330000220000000075,7365.00,7365.00,SALARY,Salary,FTS,AE124747000000000000374,0.00,[]
LOC-IN-0000749,QUOTE-LOC-IN-0000749,COMPLETED,REF-LOC-IN-0000749,EXT-SRC-000375,INWARD,R3074,2026-05-05 17:15:00,,220000000075,AE070330000220000000075,7412.00,7412.00,SALARY,Salary,FTS,AE124757000000000000375,0.00,[]
LOC-IN-0000751,QUOTE-LOC-IN-0000751,COMPLETED,REF-LOC-IN-0000751,EXT-SRC-000376,INWARD,R3075,2025-12-31 18:16:00,,220000000076,AE070330000220000000076,7307.00,7307.00,SALARY,Salary,FTS,AE124767000000000000376,0.00,[]
LOC-IN-0000753,QUOTE-LOC-IN-0000753,COMPLETED,REF-LOC-IN-0000753,EXT-SRC-000377,INWARD,R3075,2026-02-03 18:16:00,,220000000076,AE070330000220000000076,7354.00,7354.00,SALARY,Salary,FTS,AE124777000000000000377,0.00,[]
LOC-IN-0000755,QUOTE-LOC-IN-0000755,COMPLETED,REF-LOC-IN-0000755,EXT-SRC-000378,INWARD,R3075,2026-03-06 18:16:00,,220000000076,AE070330000220000000076,7401.00,7401.00,SALARY,Salary,FTS,AE124787000000000000378,0.00,[]
LOC-IN-0000757,QUOTE-LOC-IN-0000757,COMPLETED,REF-LOC-IN-0000757,EXT-SRC-000379,INWARD,R3075,2026-04-09 18:16:00,,220000000076,AE070330000220000000076,7448.00,7448.00,SALARY,Salary,FTS,AE124797000000000000379,0.00,[]
LOC-IN-0000759,QUOTE-LOC-IN-0000759,COMPLETED,REF-LOC-IN-0000759,EXT-SRC-000380,INWARD,R3075,2026-05-12 18:16:00,,220000000076,AE070330000220000000076,7495.00,7495.00,SALARY,Salary,FTS,AE124807000000000000380,0.00,[]
LOC-IN-0000761,QUOTE-LOC-IN-0000761,COMPLETED,REF-LOC-IN-0000761,EXT-SRC-000381,INWARD,R3076,2026-01-07 08:17:00,,220000000077,AE070330000220000000077,7390.00,7390.00,SALARY,Salary,FTS,AE124817000000000000381,0.00,[]
LOC-IN-0000763,QUOTE-LOC-IN-0000763,COMPLETED,REF-LOC-IN-0000763,EXT-SRC-000382,INWARD,R3076,2026-02-10 08:17:00,,220000000077,AE070330000220000000077,7437.00,7437.00,SALARY,Salary,FTS,AE124827000000000000382,0.00,[]
LOC-IN-0000765,QUOTE-LOC-IN-0000765,COMPLETED,REF-LOC-IN-0000765,EXT-SRC-000383,INWARD,R3076,2026-03-13 08:17:00,,220000000077,AE070330000220000000077,7484.00,7484.00,SALARY,Salary,FTS,AE124837000000000000383,0.00,[]
LOC-IN-0000767,QUOTE-LOC-IN-0000767,COMPLETED,REF-LOC-IN-0000767,EXT-SRC-000384,INWARD,R3076,2026-04-16 08:17:00,,220000000077,AE070330000220000000077,7531.00,7531.00,SALARY,Salary,FTS,AE124847000000000000384,0.00,[]
LOC-IN-0000769,QUOTE-LOC-IN-0000769,COMPLETED,REF-LOC-IN-0000769,EXT-SRC-000385,INWARD,R3076,2026-04-27 08:17:00,,220000000077,AE070330000220000000077,7578.00,7578.00,SALARY,Salary,FTS,AE124857000000000000385,0.00,[]
LOC-IN-0000771,QUOTE-LOC-IN-0000771,COMPLETED,REF-LOC-IN-0000771,EXT-SRC-000386,INWARD,R3077,2026-01-14 09:18:00,,220000000078,AE070330000220000000078,7473.00,7473.00,SALARY,Salary,FTS,AE124867000000000000386,0.00,[]
LOC-IN-0000773,QUOTE-LOC-IN-0000773,COMPLETED,REF-LOC-IN-0000773,EXT-SRC-000387,INWARD,R3077,2026-02-17 09:18:00,,220000000078,AE070330000220000000078,7520.00,7520.00,SALARY,Salary,FTS,AE124877000000000000387,0.00,[]
LOC-IN-0000775,QUOTE-LOC-IN-0000775,COMPLETED,REF-LOC-IN-0000775,EXT-SRC-000388,INWARD,R3077,2026-02-26 09:18:00,,220000000078,AE070330000220000000078,7567.00,7567.00,SALARY,Salary,FTS,AE124887000000000000388,0.00,[]
LOC-IN-0000777,QUOTE-LOC-IN-0000777,COMPLETED,REF-LOC-IN-0000777,EXT-SRC-000389,INWARD,R3077,2026-04-01 09:18:00,,220000000078,AE070330000220000000078,7614.00,7614.00,SALARY,Salary,FTS,AE124897000000000000389,0.00,[]
LOC-IN-0000779,QUOTE-LOC-IN-0000779,COMPLETED,REF-LOC-IN-0000779,EXT-SRC-000390,INWARD,R3077,2026-05-04 09:18:00,,220000000078,AE070330000220000000078,7661.00,7661.00,SALARY,Salary,FTS,AE124907000000000000390,0.00,[]
LOC-IN-0000781,QUOTE-LOC-IN-0000781,COMPLETED,REF-LOC-IN-0000781,EXT-SRC-000391,INWARD,R3078,2025-12-30 10:19:00,,220000000079,AE070330000220000000079,7556.00,7556.00,SALARY,Salary,FTS,AE124917000000000000391,0.00,[]
LOC-IN-0000783,QUOTE-LOC-IN-0000783,COMPLETED,REF-LOC-IN-0000783,EXT-SRC-000392,INWARD,R3078,2026-02-02 10:19:00,,220000000079,AE070330000220000000079,7603.00,7603.00,SALARY,Salary,FTS,AE124927000000000000392,0.00,[]
LOC-IN-0000785,QUOTE-LOC-IN-0000785,COMPLETED,REF-LOC-IN-0000785,EXT-SRC-000393,INWARD,R3078,2026-03-05 10:19:00,,220000000079,AE070330000220000000079,7650.00,7650.00,SALARY,Salary,FTS,AE124937000000000000393,0.00,[]
LOC-IN-0000787,QUOTE-LOC-IN-0000787,COMPLETED,REF-LOC-IN-0000787,EXT-SRC-000394,INWARD,R3078,2026-04-08 10:19:00,,220000000079,AE070330000220000000079,7697.00,7697.00,SALARY,Salary,FTS,AE124947000000000000394,0.00,[]
LOC-IN-0000789,QUOTE-LOC-IN-0000789,COMPLETED,REF-LOC-IN-0000789,EXT-SRC-000395,INWARD,R3078,2026-05-11 10:19:00,,220000000079,AE070330000220000000079,7744.00,7744.00,SALARY,Salary,FTS,AE124957000000000000395,0.00,[]
LOC-IN-0000791,QUOTE-LOC-IN-0000791,COMPLETED,REF-LOC-IN-0000791,EXT-SRC-000396,INWARD,R3079,2026-01-06 11:20:00,,220000000080,AE070330000220000000080,7639.00,7639.00,SALARY,Salary,FTS,AE124967000000000000396,0.00,[]
LOC-IN-0000793,QUOTE-LOC-IN-0000793,COMPLETED,REF-LOC-IN-0000793,EXT-SRC-000397,INWARD,R3079,2026-02-09 11:20:00,,220000000080,AE070330000220000000080,7686.00,7686.00,SALARY,Salary,FTS,AE124977000000000000397,0.00,[]
LOC-IN-0000795,QUOTE-LOC-IN-0000795,COMPLETED,REF-LOC-IN-0000795,EXT-SRC-000398,INWARD,R3079,2026-03-12 11:20:00,,220000000080,AE070330000220000000080,7733.00,7733.00,SALARY,Salary,FTS,AE124987000000000000398,0.00,[]
LOC-IN-0000797,QUOTE-LOC-IN-0000797,COMPLETED,REF-LOC-IN-0000797,EXT-SRC-000399,INWARD,R3079,2026-04-15 11:20:00,,220000000080,AE070330000220000000080,7780.00,7780.00,SALARY,Salary,FTS,AE124997000000000000399,0.00,[]
LOC-IN-0000799,QUOTE-LOC-IN-0000799,COMPLETED,REF-LOC-IN-0000799,EXT-SRC-000400,INWARD,R3079,2026-04-26 11:20:00,,220000000080,AE070330000220000000080,7827.00,7827.00,SALARY,Salary,FTS,AE125007000000000000400,0.00,[]
LOC-IN-0000801,QUOTE-LOC-IN-0000801,COMPLETED,REF-LOC-IN-0000801,EXT-SRC-000401,INWARD,R3080,2026-01-13 12:21:00,,220000000081,AE070330000220000000081,7722.00,7722.00,SALARY,Salary,FTS,AE125017000000000000401,0.00,[]
LOC-IN-0000803,QUOTE-LOC-IN-0000803,COMPLETED,REF-LOC-IN-0000803,EXT-SRC-000402,INWARD,R3080,2026-02-16 12:21:00,,220000000081,AE070330000220000000081,7769.00,7769.00,SALARY,Salary,FTS,AE125027000000000000402,0.00,[]
LOC-IN-0000805,QUOTE-LOC-IN-0000805,COMPLETED,REF-LOC-IN-0000805,EXT-SRC-000403,INWARD,R3080,2026-02-25 12:21:00,,220000000081,AE070330000220000000081,7816.00,7816.00,SALARY,Salary,FTS,AE125037000000000000403,0.00,[]
LOC-IN-0000807,QUOTE-LOC-IN-0000807,COMPLETED,REF-LOC-IN-0000807,EXT-SRC-000404,INWARD,R3080,2026-03-31 12:21:00,,220000000081,AE070330000220000000081,7863.00,7863.00,SALARY,Salary,FTS,AE125047000000000000404,0.00,[]
LOC-IN-0000809,QUOTE-LOC-IN-0000809,COMPLETED,REF-LOC-IN-0000809,EXT-SRC-000405,INWARD,R3080,2026-05-03 12:21:00,,220000000081,AE070330000220000000081,7910.00,7910.00,SALARY,Salary,FTS,AE125057000000000000405,0.00,[]
LOC-IN-0000811,QUOTE-LOC-IN-0000811,COMPLETED,REF-LOC-IN-0000811,EXT-SRC-000406,INWARD,R3081,2025-12-29 13:22:00,,220000000082,AE070330000220000000082,7805.00,7805.00,SALARY,Salary,FTS,AE125067000000000000406,0.00,[]
LOC-IN-0000813,QUOTE-LOC-IN-0000813,COMPLETED,REF-LOC-IN-0000813,EXT-SRC-000407,INWARD,R3081,2026-02-01 13:22:00,,220000000082,AE070330000220000000082,7852.00,7852.00,SALARY,Salary,FTS,AE125077000000000000407,0.00,[]
LOC-IN-0000815,QUOTE-LOC-IN-0000815,COMPLETED,REF-LOC-IN-0000815,EXT-SRC-000408,INWARD,R3081,2026-03-04 13:22:00,,220000000082,AE070330000220000000082,7899.00,7899.00,SALARY,Salary,FTS,AE125087000000000000408,0.00,[]
LOC-IN-0000817,QUOTE-LOC-IN-0000817,COMPLETED,REF-LOC-IN-0000817,EXT-SRC-000409,INWARD,R3081,2026-04-07 13:22:00,,220000000082,AE070330000220000000082,7946.00,7946.00,SALARY,Salary,FTS,AE125097000000000000409,0.00,[]
LOC-IN-0000819,QUOTE-LOC-IN-0000819,COMPLETED,REF-LOC-IN-0000819,EXT-SRC-000410,INWARD,R3081,2026-05-10 13:22:00,,220000000082,AE070330000220000000082,7993.00,7993.00,SALARY,Salary,FTS,AE125107000000000000410,0.00,[]
LOC-IN-0000821,QUOTE-LOC-IN-0000821,COMPLETED,REF-LOC-IN-0000821,EXT-SRC-000411,INWARD,R3082,2026-01-05 14:23:00,,220000000083,AE070330000220000000083,7888.00,7888.00,SALARY,Salary,FTS,AE125117000000000000411,0.00,[]
LOC-IN-0000823,QUOTE-LOC-IN-0000823,COMPLETED,REF-LOC-IN-0000823,EXT-SRC-000412,INWARD,R3082,2026-02-08 14:23:00,,220000000083,AE070330000220000000083,7935.00,7935.00,SALARY,Salary,FTS,AE125127000000000000412,0.00,[]
LOC-IN-0000825,QUOTE-LOC-IN-0000825,COMPLETED,REF-LOC-IN-0000825,EXT-SRC-000413,INWARD,R3082,2026-03-11 14:23:00,,220000000083,AE070330000220000000083,7982.00,7982.00,SALARY,Salary,FTS,AE125137000000000000413,0.00,[]
LOC-IN-0000827,QUOTE-LOC-IN-0000827,COMPLETED,REF-LOC-IN-0000827,EXT-SRC-000414,INWARD,R3082,2026-04-14 14:23:00,,220000000083,AE070330000220000000083,8029.00,8029.00,SALARY,Salary,FTS,AE125147000000000000414,0.00,[]
LOC-IN-0000829,QUOTE-LOC-IN-0000829,COMPLETED,REF-LOC-IN-0000829,EXT-SRC-000415,INWARD,R3082,2026-05-17 14:23:00,,220000000083,AE070330000220000000083,8076.00,8076.00,SALARY,Salary,FTS,AE125157000000000000415,0.00,[]
LOC-IN-0000831,QUOTE-LOC-IN-0000831,COMPLETED,REF-LOC-IN-0000831,EXT-SRC-000416,INWARD,R3083,2026-01-12 15:24:00,,220000000084,AE070330000220000000084,7971.00,7971.00,SALARY,Salary,FTS,AE125167000000000000416,0.00,[]
LOC-IN-0000833,QUOTE-LOC-IN-0000833,COMPLETED,REF-LOC-IN-0000833,EXT-SRC-000417,INWARD,R3083,2026-02-15 15:24:00,,220000000084,AE070330000220000000084,8018.00,8018.00,SALARY,Salary,FTS,AE125177000000000000417,0.00,[]
LOC-IN-0000835,QUOTE-LOC-IN-0000835,COMPLETED,REF-LOC-IN-0000835,EXT-SRC-000418,INWARD,R3083,2026-02-24 15:24:00,,220000000084,AE070330000220000000084,8065.00,8065.00,SALARY,Salary,FTS,AE125187000000000000418,0.00,[]
LOC-IN-0000837,QUOTE-LOC-IN-0000837,COMPLETED,REF-LOC-IN-0000837,EXT-SRC-000419,INWARD,R3083,2026-03-30 15:24:00,,220000000084,AE070330000220000000084,8112.00,8112.00,SALARY,Salary,FTS,AE125197000000000000419,0.00,[]
LOC-IN-0000839,QUOTE-LOC-IN-0000839,COMPLETED,REF-LOC-IN-0000839,EXT-SRC-000420,INWARD,R3083,2026-05-02 15:24:00,,220000000084,AE070330000220000000084,8159.00,8159.00,SALARY,Salary,FTS,AE125207000000000000420,0.00,[]
LOC-IN-0000841,QUOTE-LOC-IN-0000841,COMPLETED,REF-LOC-IN-0000841,EXT-SRC-000421,INWARD,R3084,2025-12-28 16:25:00,,220000000085,AE070330000220000000085,8054.00,8054.00,SALARY,Salary,FTS,AE125217000000000000421,0.00,[]
LOC-IN-0000843,QUOTE-LOC-IN-0000843,COMPLETED,REF-LOC-IN-0000843,EXT-SRC-000422,INWARD,R3084,2026-01-31 16:25:00,,220000000085,AE070330000220000000085,8101.00,8101.00,SALARY,Salary,FTS,AE125227000000000000422,0.00,[]
LOC-IN-0000845,QUOTE-LOC-IN-0000845,COMPLETED,REF-LOC-IN-0000845,EXT-SRC-000423,INWARD,R3084,2026-03-03 16:25:00,,220000000085,AE070330000220000000085,8148.00,8148.00,SALARY,Salary,FTS,AE125237000000000000423,0.00,[]
LOC-IN-0000847,QUOTE-LOC-IN-0000847,COMPLETED,REF-LOC-IN-0000847,EXT-SRC-000424,INWARD,R3084,2026-04-06 16:25:00,,220000000085,AE070330000220000000085,8195.00,8195.00,SALARY,Salary,FTS,AE125247000000000000424,0.00,[]
LOC-IN-0000849,QUOTE-LOC-IN-0000849,COMPLETED,REF-LOC-IN-0000849,EXT-SRC-000425,INWARD,R3084,2026-05-09 16:25:00,,220000000085,AE070330000220000000085,8242.00,8242.00,SALARY,Salary,FTS,AE125257000000000000425,0.00,[]
LOC-IN-0000851,QUOTE-LOC-IN-0000851,COMPLETED,REF-LOC-IN-0000851,EXT-SRC-000426,INWARD,R3085,2026-01-04 17:26:00,,220000000086,AE070330000220000000086,8137.00,8137.00,SALARY,Salary,FTS,AE125267000000000000426,0.00,[]
LOC-IN-0000853,QUOTE-LOC-IN-0000853,COMPLETED,REF-LOC-IN-0000853,EXT-SRC-000427,INWARD,R3085,2026-02-07 17:26:00,,220000000086,AE070330000220000000086,8184.00,8184.00,SALARY,Salary,FTS,AE125277000000000000427,0.00,[]
LOC-IN-0000855,QUOTE-LOC-IN-0000855,COMPLETED,REF-LOC-IN-0000855,EXT-SRC-000428,INWARD,R3085,2026-03-10 17:26:00,,220000000086,AE070330000220000000086,8231.00,8231.00,SALARY,Salary,FTS,AE125287000000000000428,0.00,[]
LOC-IN-0000857,QUOTE-LOC-IN-0000857,COMPLETED,REF-LOC-IN-0000857,EXT-SRC-000429,INWARD,R3085,2026-04-13 17:26:00,,220000000086,AE070330000220000000086,8278.00,8278.00,SALARY,Salary,FTS,AE125297000000000000429,0.00,[]
LOC-IN-0000859,QUOTE-LOC-IN-0000859,COMPLETED,REF-LOC-IN-0000859,EXT-SRC-000430,INWARD,R3085,2026-05-16 17:26:00,,220000000086,AE070330000220000000086,8325.00,8325.00,SALARY,Salary,FTS,AE125307000000000000430,0.00,[]
LOC-IN-0000861,QUOTE-LOC-IN-0000861,COMPLETED,REF-LOC-IN-0000861,EXT-SRC-000431,INWARD,R3086,2026-01-11 18:27:00,,220000000087,AE070330000220000000087,8220.00,8220.00,SALARY,Salary,FTS,AE125317000000000000431,0.00,[]
LOC-IN-0000863,QUOTE-LOC-IN-0000863,COMPLETED,REF-LOC-IN-0000863,EXT-SRC-000432,INWARD,R3086,2026-02-14 18:27:00,,220000000087,AE070330000220000000087,8267.00,8267.00,SALARY,Salary,FTS,AE125327000000000000432,0.00,[]
LOC-IN-0000865,QUOTE-LOC-IN-0000865,COMPLETED,REF-LOC-IN-0000865,EXT-SRC-000433,INWARD,R3086,2026-03-17 18:27:00,,220000000087,AE070330000220000000087,8314.00,8314.00,SALARY,Salary,FTS,AE125337000000000000433,0.00,[]
LOC-IN-0000867,QUOTE-LOC-IN-0000867,COMPLETED,REF-LOC-IN-0000867,EXT-SRC-000434,INWARD,R3086,2026-03-29 18:27:00,,220000000087,AE070330000220000000087,8361.00,8361.00,SALARY,Salary,FTS,AE125347000000000000434,0.00,[]
LOC-IN-0000869,QUOTE-LOC-IN-0000869,COMPLETED,REF-LOC-IN-0000869,EXT-SRC-000435,INWARD,R3086,2026-05-01 18:27:00,,220000000087,AE070330000220000000087,8408.00,8408.00,SALARY,Salary,FTS,AE125357000000000000435,0.00,[]
LOC-IN-0000871,QUOTE-LOC-IN-0000871,COMPLETED,REF-LOC-IN-0000871,EXT-SRC-000436,INWARD,R3087,2025-12-27 08:28:00,,220000000088,AE070330000220000000088,8303.00,8303.00,SALARY,Salary,FTS,AE125367000000000000436,0.00,[]
LOC-IN-0000873,QUOTE-LOC-IN-0000873,COMPLETED,REF-LOC-IN-0000873,EXT-SRC-000437,INWARD,R3087,2026-01-30 08:28:00,,220000000088,AE070330000220000000088,8350.00,8350.00,SALARY,Salary,FTS,AE125377000000000000437,0.00,[]
LOC-IN-0000875,QUOTE-LOC-IN-0000875,COMPLETED,REF-LOC-IN-0000875,EXT-SRC-000438,INWARD,R3087,2026-03-02 08:28:00,,220000000088,AE070330000220000000088,8397.00,8397.00,SALARY,Salary,FTS,AE125387000000000000438,0.00,[]
LOC-IN-0000877,QUOTE-LOC-IN-0000877,COMPLETED,REF-LOC-IN-0000877,EXT-SRC-000439,INWARD,R3087,2026-04-05 08:28:00,,220000000088,AE070330000220000000088,8444.00,8444.00,SALARY,Salary,FTS,AE125397000000000000439,0.00,[]
LOC-IN-0000879,QUOTE-LOC-IN-0000879,COMPLETED,REF-LOC-IN-0000879,EXT-SRC-000440,INWARD,R3087,2026-05-08 08:28:00,,220000000088,AE070330000220000000088,8491.00,8491.00,SALARY,Salary,FTS,AE125407000000000000440,0.00,[]
LOC-IN-0000881,QUOTE-LOC-IN-0000881,COMPLETED,REF-LOC-IN-0000881,EXT-SRC-000441,INWARD,R3088,2026-01-03 09:29:00,,220000000089,AE070330000220000000089,8386.00,8386.00,SALARY,Salary,FTS,AE125417000000000000441,0.00,[]
LOC-IN-0000883,QUOTE-LOC-IN-0000883,COMPLETED,REF-LOC-IN-0000883,EXT-SRC-000442,INWARD,R3088,2026-02-06 09:29:00,,220000000089,AE070330000220000000089,8433.00,8433.00,SALARY,Salary,FTS,AE125427000000000000442,0.00,[]
LOC-IN-0000885,QUOTE-LOC-IN-0000885,COMPLETED,REF-LOC-IN-0000885,EXT-SRC-000443,INWARD,R3088,2026-03-09 09:29:00,,220000000089,AE070330000220000000089,8480.00,8480.00,SALARY,Salary,FTS,AE125437000000000000443,0.00,[]
LOC-IN-0000887,QUOTE-LOC-IN-0000887,COMPLETED,REF-LOC-IN-0000887,EXT-SRC-000444,INWARD,R3088,2026-04-12 09:29:00,,220000000089,AE070330000220000000089,8527.00,8527.00,SALARY,Salary,FTS,AE125447000000000000444,0.00,[]
LOC-IN-0000889,QUOTE-LOC-IN-0000889,COMPLETED,REF-LOC-IN-0000889,EXT-SRC-000445,INWARD,R3088,2026-05-15 09:29:00,,220000000089,AE070330000220000000089,8574.00,8574.00,SALARY,Salary,FTS,AE125457000000000000445,0.00,[]
LOC-IN-0000891,QUOTE-LOC-IN-0000891,COMPLETED,REF-LOC-IN-0000891,EXT-SRC-000446,INWARD,R3089,2026-01-10 10:30:00,,220000000090,AE070330000220000000090,8469.00,8469.00,SALARY,Salary,FTS,AE125467000000000000446,0.00,[]
LOC-IN-0000893,QUOTE-LOC-IN-0000893,COMPLETED,REF-LOC-IN-0000893,EXT-SRC-000447,INWARD,R3089,2026-02-13 10:30:00,,220000000090,AE070330000220000000090,8516.00,8516.00,SALARY,Salary,FTS,AE125477000000000000447,0.00,[]
LOC-IN-0000895,QUOTE-LOC-IN-0000895,COMPLETED,REF-LOC-IN-0000895,EXT-SRC-000448,INWARD,R3089,2026-03-16 10:30:00,,220000000090,AE070330000220000000090,8563.00,8563.00,SALARY,Salary,FTS,AE125487000000000000448,0.00,[]
LOC-IN-0000897,QUOTE-LOC-IN-0000897,COMPLETED,REF-LOC-IN-0000897,EXT-SRC-000449,INWARD,R3089,2026-03-28 10:30:00,,220000000090,AE070330000220000000090,8610.00,8610.00,SALARY,Salary,FTS,AE125497000000000000449,0.00,[]
LOC-IN-0000899,QUOTE-LOC-IN-0000899,COMPLETED,REF-LOC-IN-0000899,EXT-SRC-000450,INWARD,R3089,2026-04-30 10:30:00,,220000000090,AE070330000220000000090,8657.00,8657.00,SALARY,Salary,FTS,AE125507000000000000450,0.00,[]
LOC-IN-0000901,QUOTE-LOC-IN-0000901,COMPLETED,REF-LOC-IN-0000901,EXT-SRC-000451,INWARD,R3090,2026-01-17 11:31:00,,220000000091,AE070330000220000000091,8552.00,8552.00,SALARY,Salary,FTS,AE125517000000000000451,0.00,[]
LOC-IN-0000903,QUOTE-LOC-IN-0000903,COMPLETED,REF-LOC-IN-0000903,EXT-SRC-000452,INWARD,R3090,2026-01-29 11:31:00,,220000000091,AE070330000220000000091,8599.00,8599.00,SALARY,Salary,FTS,AE125527000000000000452,0.00,[]
LOC-IN-0000905,QUOTE-LOC-IN-0000905,COMPLETED,REF-LOC-IN-0000905,EXT-SRC-000453,INWARD,R3090,2026-03-01 11:31:00,,220000000091,AE070330000220000000091,8646.00,8646.00,SALARY,Salary,FTS,AE125537000000000000453,0.00,[]
LOC-IN-0000907,QUOTE-LOC-IN-0000907,COMPLETED,REF-LOC-IN-0000907,EXT-SRC-000454,INWARD,R3090,2026-04-04 11:31:00,,220000000091,AE070330000220000000091,8693.00,8693.00,SALARY,Salary,FTS,AE125547000000000000454,0.00,[]
LOC-IN-0000909,QUOTE-LOC-IN-0000909,COMPLETED,REF-LOC-IN-0000909,EXT-SRC-000455,INWARD,R3090,2026-05-07 11:31:00,,220000000091,AE070330000220000000091,8740.00,8740.00,SALARY,Salary,FTS,AE125557000000000000455,0.00,[]
LOC-IN-0000911,QUOTE-LOC-IN-0000911,COMPLETED,REF-LOC-IN-0000911,EXT-SRC-000456,INWARD,R3091,2026-01-02 12:32:00,,220000000092,AE070330000220000000092,8635.00,8635.00,SALARY,Salary,FTS,AE125567000000000000456,0.00,[]
LOC-IN-0000913,QUOTE-LOC-IN-0000913,COMPLETED,REF-LOC-IN-0000913,EXT-SRC-000457,INWARD,R3091,2026-02-05 12:32:00,,220000000092,AE070330000220000000092,8682.00,8682.00,SALARY,Salary,FTS,AE125577000000000000457,0.00,[]
LOC-IN-0000915,QUOTE-LOC-IN-0000915,COMPLETED,REF-LOC-IN-0000915,EXT-SRC-000458,INWARD,R3091,2026-03-08 12:32:00,,220000000092,AE070330000220000000092,8729.00,8729.00,SALARY,Salary,FTS,AE125587000000000000458,0.00,[]
LOC-IN-0000917,QUOTE-LOC-IN-0000917,COMPLETED,REF-LOC-IN-0000917,EXT-SRC-000459,INWARD,R3091,2026-04-11 12:32:00,,220000000092,AE070330000220000000092,8776.00,8776.00,SALARY,Salary,FTS,AE125597000000000000459,0.00,[]
LOC-IN-0000919,QUOTE-LOC-IN-0000919,COMPLETED,REF-LOC-IN-0000919,EXT-SRC-000460,INWARD,R3091,2026-05-14 12:32:00,,220000000092,AE070330000220000000092,8823.00,8823.00,SALARY,Salary,FTS,AE125607000000000000460,0.00,[]
LOC-IN-0000921,QUOTE-LOC-IN-0000921,COMPLETED,REF-LOC-IN-0000921,EXT-SRC-000461,INWARD,R3092,2026-01-09 13:33:00,,220000000093,AE070330000220000000093,8718.00,8718.00,SALARY,Salary,FTS,AE125617000000000000461,0.00,[]
LOC-IN-0000923,QUOTE-LOC-IN-0000923,COMPLETED,REF-LOC-IN-0000923,EXT-SRC-000462,INWARD,R3092,2026-02-12 13:33:00,,220000000093,AE070330000220000000093,8765.00,8765.00,SALARY,Salary,FTS,AE125627000000000000462,0.00,[]
LOC-IN-0000925,QUOTE-LOC-IN-0000925,COMPLETED,REF-LOC-IN-0000925,EXT-SRC-000463,INWARD,R3092,2026-03-15 13:33:00,,220000000093,AE070330000220000000093,8812.00,8812.00,SALARY,Salary,FTS,AE125637000000000000463,0.00,[]
LOC-IN-0000927,QUOTE-LOC-IN-0000927,COMPLETED,REF-LOC-IN-0000927,EXT-SRC-000464,INWARD,R3092,2026-03-27 13:33:00,,220000000093,AE070330000220000000093,8859.00,8859.00,SALARY,Salary,FTS,AE125647000000000000464,0.00,[]
LOC-IN-0000929,QUOTE-LOC-IN-0000929,COMPLETED,REF-LOC-IN-0000929,EXT-SRC-000465,INWARD,R3092,2026-04-29 13:33:00,,220000000093,AE070330000220000000093,8906.00,8906.00,SALARY,Salary,FTS,AE125657000000000000465,0.00,[]
LOC-IN-0000931,QUOTE-LOC-IN-0000931,COMPLETED,REF-LOC-IN-0000931,EXT-SRC-000466,INWARD,R3093,2026-01-16 14:34:00,,220000000094,AE070330000220000000094,8801.00,8801.00,SALARY,Salary,FTS,AE125667000000000000466,0.00,[]
LOC-IN-0000933,QUOTE-LOC-IN-0000933,COMPLETED,REF-LOC-IN-0000933,EXT-SRC-000467,INWARD,R3093,2026-01-28 14:34:00,,220000000094,AE070330000220000000094,8848.00,8848.00,SALARY,Salary,FTS,AE125677000000000000467,0.00,[]
LOC-IN-0000935,QUOTE-LOC-IN-0000935,COMPLETED,REF-LOC-IN-0000935,EXT-SRC-000468,INWARD,R3093,2026-02-28 14:34:00,,220000000094,AE070330000220000000094,8895.00,8895.00,SALARY,Salary,FTS,AE125687000000000000468,0.00,[]
LOC-IN-0000937,QUOTE-LOC-IN-0000937,COMPLETED,REF-LOC-IN-0000937,EXT-SRC-000469,INWARD,R3093,2026-04-03 14:34:00,,220000000094,AE070330000220000000094,8942.00,8942.00,SALARY,Salary,FTS,AE125697000000000000469,0.00,[]
LOC-IN-0000939,QUOTE-LOC-IN-0000939,COMPLETED,REF-LOC-IN-0000939,EXT-SRC-000470,INWARD,R3093,2026-05-06 14:34:00,,220000000094,AE070330000220000000094,8989.00,8989.00,SALARY,Salary,FTS,AE125707000000000000470,0.00,[]
LOC-IN-0000941,QUOTE-LOC-IN-0000941,COMPLETED,REF-LOC-IN-0000941,EXT-SRC-000471,INWARD,R3094,2026-01-01 15:35:00,,220000000095,AE070330000220000000095,8884.00,8884.00,SALARY,Salary,FTS,AE125717000000000000471,0.00,[]
LOC-IN-0000943,QUOTE-LOC-IN-0000943,COMPLETED,REF-LOC-IN-0000943,EXT-SRC-000472,INWARD,R3094,2026-02-04 15:35:00,,220000000095,AE070330000220000000095,8931.00,8931.00,SALARY,Salary,FTS,AE125727000000000000472,0.00,[]
LOC-IN-0000945,QUOTE-LOC-IN-0000945,COMPLETED,REF-LOC-IN-0000945,EXT-SRC-000473,INWARD,R3094,2026-03-07 15:35:00,,220000000095,AE070330000220000000095,8978.00,8978.00,SALARY,Salary,FTS,AE125737000000000000473,0.00,[]
LOC-IN-0000947,QUOTE-LOC-IN-0000947,COMPLETED,REF-LOC-IN-0000947,EXT-SRC-000474,INWARD,R3094,2026-04-10 15:35:00,,220000000095,AE070330000220000000095,9025.00,9025.00,SALARY,Salary,FTS,AE125747000000000000474,0.00,[]
LOC-IN-0000949,QUOTE-LOC-IN-0000949,COMPLETED,REF-LOC-IN-0000949,EXT-SRC-000475,INWARD,R3094,2026-05-13 15:35:00,,220000000095,AE070330000220000000095,9072.00,9072.00,SALARY,Salary,FTS,AE125757000000000000475,0.00,[]
LOC-IN-0000951,QUOTE-LOC-IN-0000951,COMPLETED,REF-LOC-IN-0000951,EXT-SRC-000476,INWARD,R3095,2026-01-08 16:36:00,,220000000096,AE070330000220000000096,8967.00,8967.00,SALARY,Salary,FTS,AE125767000000000000476,0.00,[]
LOC-IN-0000953,QUOTE-LOC-IN-0000953,COMPLETED,REF-LOC-IN-0000953,EXT-SRC-000477,INWARD,R3095,2026-02-11 16:36:00,,220000000096,AE070330000220000000096,9014.00,9014.00,SALARY,Salary,FTS,AE125777000000000000477,0.00,[]
LOC-IN-0000955,QUOTE-LOC-IN-0000955,COMPLETED,REF-LOC-IN-0000955,EXT-SRC-000478,INWARD,R3095,2026-03-14 16:36:00,,220000000096,AE070330000220000000096,9061.00,9061.00,SALARY,Salary,FTS,AE125787000000000000478,0.00,[]
LOC-IN-0000957,QUOTE-LOC-IN-0000957,COMPLETED,REF-LOC-IN-0000957,EXT-SRC-000479,INWARD,R3095,2026-04-17 16:36:00,,220000000096,AE070330000220000000096,9108.00,9108.00,SALARY,Salary,FTS,AE125797000000000000479,0.00,[]
LOC-IN-0000959,QUOTE-LOC-IN-0000959,COMPLETED,REF-LOC-IN-0000959,EXT-SRC-000480,INWARD,R3095,2026-04-28 16:36:00,,220000000096,AE070330000220000000096,9155.00,9155.00,SALARY,Salary,FTS,AE125807000000000000480,0.00,[]
LOC-IN-0000961,QUOTE-LOC-IN-0000961,COMPLETED,REF-LOC-IN-0000961,EXT-SRC-000481,INWARD,R3096,2026-01-15 17:37:00,,220000000097,AE070330000220000000097,9050.00,9050.00,SALARY,Salary,FTS,AE125817000000000000481,0.00,[]
LOC-IN-0000963,QUOTE-LOC-IN-0000963,COMPLETED,REF-LOC-IN-0000963,EXT-SRC-000482,INWARD,R3096,2026-01-27 17:37:00,,220000000097,AE070330000220000000097,9097.00,9097.00,SALARY,Salary,FTS,AE125827000000000000482,0.00,[]
LOC-IN-0000965,QUOTE-LOC-IN-0000965,COMPLETED,REF-LOC-IN-0000965,EXT-SRC-000483,INWARD,R3096,2026-02-27 17:37:00,,220000000097,AE070330000220000000097,9144.00,9144.00,SALARY,Salary,FTS,AE125837000000000000483,0.00,[]
LOC-IN-0000967,QUOTE-LOC-IN-0000967,COMPLETED,REF-LOC-IN-0000967,EXT-SRC-000484,INWARD,R3096,2026-04-02 17:37:00,,220000000097,AE070330000220000000097,9191.00,9191.00,SALARY,Salary,FTS,AE125847000000000000484,0.00,[]
LOC-IN-0000969,QUOTE-LOC-IN-0000969,COMPLETED,REF-LOC-IN-0000969,EXT-SRC-000485,INWARD,R3096,2026-05-05 17:37:00,,220000000097,AE070330000220000000097,9238.00,9238.00,SALARY,Salary,FTS,AE125857000000000000485,0.00,[]
LOC-IN-0000971,QUOTE-LOC-IN-0000971,COMPLETED,REF-LOC-IN-0000971,EXT-SRC-000486,INWARD,R3097,2025-12-31 18:38:00,,220000000098,AE070330000220000000098,9133.00,9133.00,SALARY,Salary,FTS,AE125867000000000000486,0.00,[]
LOC-IN-0000973,QUOTE-LOC-IN-0000973,COMPLETED,REF-LOC-IN-0000973,EXT-SRC-000487,INWARD,R3097,2026-02-03 18:38:00,,220000000098,AE070330000220000000098,9180.00,9180.00,SALARY,Salary,FTS,AE125877000000000000487,0.00,[]
LOC-IN-0000975,QUOTE-LOC-IN-0000975,COMPLETED,REF-LOC-IN-0000975,EXT-SRC-000488,INWARD,R3097,2026-03-06 18:38:00,,220000000098,AE070330000220000000098,9227.00,9227.00,SALARY,Salary,FTS,AE125887000000000000488,0.00,[]
LOC-IN-0000977,QUOTE-LOC-IN-0000977,COMPLETED,REF-LOC-IN-0000977,EXT-SRC-000489,INWARD,R3097,2026-04-09 18:38:00,,220000000098,AE070330000220000000098,9274.00,9274.00,SALARY,Salary,FTS,AE125897000000000000489,0.00,[]
LOC-IN-0000979,QUOTE-LOC-IN-0000979,COMPLETED,REF-LOC-IN-0000979,EXT-SRC-000490,INWARD,R3097,2026-05-12 18:38:00,,220000000098,AE070330000220000000098,9321.00,9321.00,SALARY,Salary,FTS,AE125907000000000000490,0.00,[]
LOC-IN-0000981,QUOTE-LOC-IN-0000981,COMPLETED,REF-LOC-IN-0000981,EXT-SRC-000491,INWARD,R3098,2026-01-07 08:39:00,,220000000099,AE070330000220000000099,9216.00,9216.00,SALARY,Salary,FTS,AE125917000000000000491,0.00,[]
LOC-IN-0000983,QUOTE-LOC-IN-0000983,COMPLETED,REF-LOC-IN-0000983,EXT-SRC-000492,INWARD,R3098,2026-02-10 08:39:00,,220000000099,AE070330000220000000099,9263.00,9263.00,SALARY,Salary,FTS,AE125927000000000000492,0.00,[]
LOC-IN-0000985,QUOTE-LOC-IN-0000985,COMPLETED,REF-LOC-IN-0000985,EXT-SRC-000493,INWARD,R3098,2026-03-13 08:39:00,,220000000099,AE070330000220000000099,9310.00,9310.00,SALARY,Salary,FTS,AE125937000000000000493,0.00,[]
LOC-IN-0000987,QUOTE-LOC-IN-0000987,COMPLETED,REF-LOC-IN-0000987,EXT-SRC-000494,INWARD,R3098,2026-04-16 08:39:00,,220000000099,AE070330000220000000099,9357.00,9357.00,SALARY,Salary,FTS,AE125947000000000000494,0.00,[]
LOC-IN-0000989,QUOTE-LOC-IN-0000989,COMPLETED,REF-LOC-IN-0000989,EXT-SRC-000495,INWARD,R3098,2026-04-27 08:39:00,,220000000099,AE070330000220000000099,9404.00,9404.00,SALARY,Salary,FTS,AE125957000000000000495,0.00,[]
LOC-IN-0000991,QUOTE-LOC-IN-0000991,COMPLETED,REF-LOC-IN-0000991,EXT-SRC-000496,INWARD,R3099,2026-01-14 09:40:00,,220000000100,AE070330000220000000100,9299.00,9299.00,SALARY,Salary,FTS,AE125967000000000000496,0.00,[]
LOC-IN-0000993,QUOTE-LOC-IN-0000993,COMPLETED,REF-LOC-IN-0000993,EXT-SRC-000497,INWARD,R3099,2026-02-17 09:40:00,,220000000100,AE070330000220000000100,9346.00,9346.00,SALARY,Salary,FTS,AE125977000000000000497,0.00,[]
LOC-IN-0000995,QUOTE-LOC-IN-0000995,COMPLETED,REF-LOC-IN-0000995,EXT-SRC-000498,INWARD,R3099,2026-02-26 09:40:00,,220000000100,AE070330000220000000100,9393.00,9393.00,SALARY,Salary,FTS,AE125987000000000000498,0.00,[]
LOC-IN-0000997,QUOTE-LOC-IN-0000997,COMPLETED,REF-LOC-IN-0000997,EXT-SRC-000499,INWARD,R3099,2026-04-01 09:40:00,,220000000100,AE070330000220000000100,9440.00,9440.00,SALARY,Salary,FTS,AE125997000000000000499,0.00,[]
LOC-IN-0000999,QUOTE-LOC-IN-0000999,COMPLETED,REF-LOC-IN-0000999,EXT-SRC-000500,INWARD,R3099,2026-05-04 09:40:00,,220000000100,AE070330000220000000100,9487.00,9487.00,SALARY,Salary,FTS,AE126007000000000000500,0.00,[]
LOC-IN-0001001,QUOTE-LOC-IN-0001001,COMPLETED,REF-LOC-IN-0001001,EXT-SRC-000501,INWARD,R3100,2025-12-30 10:41:00,,220000000101,AE070330000220000000101,9382.00,9382.00,SALARY,Salary,FTS,AE126017000000000000501,0.00,[]
LOC-IN-0001003,QUOTE-LOC-IN-0001003,COMPLETED,REF-LOC-IN-0001003,EXT-SRC-000502,INWARD,R3100,2026-02-02 10:41:00,,220000000101,AE070330000220000000101,9429.00,9429.00,SALARY,Salary,FTS,AE126027000000000000502,0.00,[]
LOC-IN-0001005,QUOTE-LOC-IN-0001005,COMPLETED,REF-LOC-IN-0001005,EXT-SRC-000503,INWARD,R3100,2026-03-05 10:41:00,,220000000101,AE070330000220000000101,9476.00,9476.00,SALARY,Salary,FTS,AE126037000000000000503,0.00,[]
LOC-IN-0001007,QUOTE-LOC-IN-0001007,COMPLETED,REF-LOC-IN-0001007,EXT-SRC-000504,INWARD,R3100,2026-04-08 10:41:00,,220000000101,AE070330000220000000101,9523.00,9523.00,SALARY,Salary,FTS,AE126047000000000000504,0.00,[]
LOC-IN-0001009,QUOTE-LOC-IN-0001009,COMPLETED,REF-LOC-IN-0001009,EXT-SRC-000505,INWARD,R3100,2026-05-11 10:41:00,,220000000101,AE070330000220000000101,9570.00,9570.00,SALARY,Salary,FTS,AE126057000000000000505,0.00,[]
LOC-IN-0001011,QUOTE-LOC-IN-0001011,COMPLETED,REF-LOC-IN-0001011,EXT-SRC-000506,INWARD,R3101,2026-01-06 11:42:00,,220000000102,AE070330000220000000102,9465.00,9465.00,SALARY,Salary,FTS,AE126067000000000000506,0.00,[]
LOC-IN-0001013,QUOTE-LOC-IN-0001013,COMPLETED,REF-LOC-IN-0001013,EXT-SRC-000507,INWARD,R3101,2026-02-09 11:42:00,,220000000102,AE070330000220000000102,9512.00,9512.00,SALARY,Salary,FTS,AE126077000000000000507,0.00,[]
LOC-IN-0001015,QUOTE-LOC-IN-0001015,COMPLETED,REF-LOC-IN-0001015,EXT-SRC-000508,INWARD,R3101,2026-03-12 11:42:00,,220000000102,AE070330000220000000102,9559.00,9559.00,SALARY,Salary,FTS,AE126087000000000000508,0.00,[]
LOC-IN-0001017,QUOTE-LOC-IN-0001017,COMPLETED,REF-LOC-IN-0001017,EXT-SRC-000509,INWARD,R3101,2026-04-15 11:42:00,,220000000102,AE070330000220000000102,9606.00,9606.00,SALARY,Salary,FTS,AE126097000000000000509,0.00,[]
LOC-IN-0001019,QUOTE-LOC-IN-0001019,COMPLETED,REF-LOC-IN-0001019,EXT-SRC-000510,INWARD,R3101,2026-04-26 11:42:00,,220000000102,AE070330000220000000102,9653.00,9653.00,SALARY,Salary,FTS,AE126107000000000000510,0.00,[]
LOC-IN-0001021,QUOTE-LOC-IN-0001021,COMPLETED,REF-LOC-IN-0001021,EXT-SRC-000511,INWARD,R3102,2026-01-13 12:43:00,,220000000103,AE070330000220000000103,9548.00,9548.00,SALARY,Salary,FTS,AE126117000000000000511,0.00,[]
LOC-IN-0001023,QUOTE-LOC-IN-0001023,COMPLETED,REF-LOC-IN-0001023,EXT-SRC-000512,INWARD,R3102,2026-02-16 12:43:00,,220000000103,AE070330000220000000103,9595.00,9595.00,SALARY,Salary,FTS,AE126127000000000000512,0.00,[]
LOC-IN-0001025,QUOTE-LOC-IN-0001025,COMPLETED,REF-LOC-IN-0001025,EXT-SRC-000513,INWARD,R3102,2026-02-25 12:43:00,,220000000103,AE070330000220000000103,9642.00,9642.00,SALARY,Salary,FTS,AE126137000000000000513,0.00,[]
LOC-IN-0001027,QUOTE-LOC-IN-0001027,COMPLETED,REF-LOC-IN-0001027,EXT-SRC-000514,INWARD,R3102,2026-03-31 12:43:00,,220000000103,AE070330000220000000103,9689.00,9689.00,SALARY,Salary,FTS,AE126147000000000000514,0.00,[]
LOC-IN-0001029,QUOTE-LOC-IN-0001029,COMPLETED,REF-LOC-IN-0001029,EXT-SRC-000515,INWARD,R3102,2026-05-03 12:43:00,,220000000103,AE070330000220000000103,9736.00,9736.00,SALARY,Salary,FTS,AE126157000000000000515,0.00,[]
LOC-IN-0001031,QUOTE-LOC-IN-0001031,COMPLETED,REF-LOC-IN-0001031,EXT-SRC-000516,INWARD,R3103,2025-12-29 13:44:00,,220000000104,AE070330000220000000104,9631.00,9631.00,SALARY,Salary,FTS,AE126167000000000000516,0.00,[]
LOC-IN-0001033,QUOTE-LOC-IN-0001033,COMPLETED,REF-LOC-IN-0001033,EXT-SRC-000517,INWARD,R3103,2026-02-01 13:44:00,,220000000104,AE070330000220000000104,9678.00,9678.00,SALARY,Salary,FTS,AE126177000000000000517,0.00,[]
LOC-IN-0001035,QUOTE-LOC-IN-0001035,COMPLETED,REF-LOC-IN-0001035,EXT-SRC-000518,INWARD,R3103,2026-03-04 13:44:00,,220000000104,AE070330000220000000104,9725.00,9725.00,SALARY,Salary,FTS,AE126187000000000000518,0.00,[]
LOC-IN-0001037,QUOTE-LOC-IN-0001037,COMPLETED,REF-LOC-IN-0001037,EXT-SRC-000519,INWARD,R3103,2026-04-07 13:44:00,,220000000104,AE070330000220000000104,9772.00,9772.00,SALARY,Salary,FTS,AE126197000000000000519,0.00,[]
LOC-IN-0001039,QUOTE-LOC-IN-0001039,COMPLETED,REF-LOC-IN-0001039,EXT-SRC-000520,INWARD,R3103,2026-05-10 13:44:00,,220000000104,AE070330000220000000104,9819.00,9819.00,SALARY,Salary,FTS,AE126207000000000000520,0.00,[]
LOC-IN-0001041,QUOTE-LOC-IN-0001041,COMPLETED,REF-LOC-IN-0001041,EXT-SRC-000521,INWARD,R3104,2026-01-05 14:45:00,,220000000105,AE070330000220000000105,9714.00,9714.00,SALARY,Salary,FTS,AE126217000000000000521,0.00,[]
LOC-IN-0001043,QUOTE-LOC-IN-0001043,COMPLETED,REF-LOC-IN-0001043,EXT-SRC-000522,INWARD,R3104,2026-02-08 14:45:00,,220000000105,AE070330000220000000105,9761.00,9761.00,SALARY,Salary,FTS,AE126227000000000000522,0.00,[]
LOC-IN-0001045,QUOTE-LOC-IN-0001045,COMPLETED,REF-LOC-IN-0001045,EXT-SRC-000523,INWARD,R3104,2026-03-11 14:45:00,,220000000105,AE070330000220000000105,9808.00,9808.00,SALARY,Salary,FTS,AE126237000000000000523,0.00,[]
LOC-IN-0001047,QUOTE-LOC-IN-0001047,COMPLETED,REF-LOC-IN-0001047,EXT-SRC-000524,INWARD,R3104,2026-04-14 14:45:00,,220000000105,AE070330000220000000105,9855.00,9855.00,SALARY,Salary,FTS,AE126247000000000000524,0.00,[]
LOC-IN-0001049,QUOTE-LOC-IN-0001049,COMPLETED,REF-LOC-IN-0001049,EXT-SRC-000525,INWARD,R3104,2026-05-17 14:45:00,,220000000105,AE070330000220000000105,9902.00,9902.00,SALARY,Salary,FTS,AE126257000000000000525,0.00,[]
LOC-IN-0001051,QUOTE-LOC-IN-0001051,COMPLETED,REF-LOC-IN-0001051,EXT-SRC-000526,INWARD,R3105,2026-01-12 15:46:00,,220000000106,AE070330000220000000106,9797.00,9797.00,SALARY,Salary,FTS,AE126267000000000000526,0.00,[]
LOC-IN-0001053,QUOTE-LOC-IN-0001053,COMPLETED,REF-LOC-IN-0001053,EXT-SRC-000527,INWARD,R3105,2026-02-15 15:46:00,,220000000106,AE070330000220000000106,9844.00,9844.00,SALARY,Salary,FTS,AE126277000000000000527,0.00,[]
LOC-IN-0001055,QUOTE-LOC-IN-0001055,COMPLETED,REF-LOC-IN-0001055,EXT-SRC-000528,INWARD,R3105,2026-02-24 15:46:00,,220000000106,AE070330000220000000106,9891.00,9891.00,SALARY,Salary,FTS,AE126287000000000000528,0.00,[]
LOC-IN-0001057,QUOTE-LOC-IN-0001057,COMPLETED,REF-LOC-IN-0001057,EXT-SRC-000529,INWARD,R3105,2026-03-30 15:46:00,,220000000106,AE070330000220000000106,9938.00,9938.00,SALARY,Salary,FTS,AE126297000000000000529,0.00,[]
LOC-IN-0001059,QUOTE-LOC-IN-0001059,COMPLETED,REF-LOC-IN-0001059,EXT-SRC-000530,INWARD,R3105,2026-05-02 15:46:00,,220000000106,AE070330000220000000106,9985.00,9985.00,SALARY,Salary,FTS,AE126307000000000000530,0.00,[]
LOC-IN-0001061,QUOTE-LOC-IN-0001061,COMPLETED,REF-LOC-IN-0001061,EXT-SRC-000531,INWARD,R3106,2025-12-28 16:47:00,,220000000107,AE070330000220000000107,9880.00,9880.00,SALARY,Salary,FTS,AE126317000000000000531,0.00,[]
LOC-IN-0001063,QUOTE-LOC-IN-0001063,COMPLETED,REF-LOC-IN-0001063,EXT-SRC-000532,INWARD,R3106,2026-01-31 16:47:00,,220000000107,AE070330000220000000107,9927.00,9927.00,SALARY,Salary,FTS,AE126327000000000000532,0.00,[]
LOC-IN-0001065,QUOTE-LOC-IN-0001065,COMPLETED,REF-LOC-IN-0001065,EXT-SRC-000533,INWARD,R3106,2026-03-03 16:47:00,,220000000107,AE070330000220000000107,9974.00,9974.00,SALARY,Salary,FTS,AE126337000000000000533,0.00,[]
LOC-IN-0001067,QUOTE-LOC-IN-0001067,COMPLETED,REF-LOC-IN-0001067,EXT-SRC-000534,INWARD,R3106,2026-04-06 16:47:00,,220000000107,AE070330000220000000107,10021.00,10021.00,SALARY,Salary,FTS,AE126347000000000000534,0.00,[]
LOC-IN-0001069,QUOTE-LOC-IN-0001069,COMPLETED,REF-LOC-IN-0001069,EXT-SRC-000535,INWARD,R3106,2026-05-09 16:47:00,,220000000107,AE070330000220000000107,10068.00,10068.00,SALARY,Salary,FTS,AE126357000000000000535,0.00,[]
LOC-IN-0001071,QUOTE-LOC-IN-0001071,COMPLETED,REF-LOC-IN-0001071,EXT-SRC-000536,INWARD,R3107,2026-01-04 17:48:00,,220000000108,AE070330000220000000108,9963.00,9963.00,SALARY,Salary,FTS,AE126367000000000000536,0.00,[]
LOC-IN-0001073,QUOTE-LOC-IN-0001073,COMPLETED,REF-LOC-IN-0001073,EXT-SRC-000537,INWARD,R3107,2026-02-07 17:48:00,,220000000108,AE070330000220000000108,10010.00,10010.00,SALARY,Salary,FTS,AE126377000000000000537,0.00,[]
LOC-IN-0001075,QUOTE-LOC-IN-0001075,COMPLETED,REF-LOC-IN-0001075,EXT-SRC-000538,INWARD,R3107,2026-03-10 17:48:00,,220000000108,AE070330000220000000108,10057.00,10057.00,SALARY,Salary,FTS,AE126387000000000000538,0.00,[]
LOC-IN-0001077,QUOTE-LOC-IN-0001077,COMPLETED,REF-LOC-IN-0001077,EXT-SRC-000539,INWARD,R3107,2026-04-13 17:48:00,,220000000108,AE070330000220000000108,10104.00,10104.00,SALARY,Salary,FTS,AE126397000000000000539,0.00,[]
LOC-IN-0001079,QUOTE-LOC-IN-0001079,COMPLETED,REF-LOC-IN-0001079,EXT-SRC-000540,INWARD,R3107,2026-05-16 17:48:00,,220000000108,AE070330000220000000108,10151.00,10151.00,SALARY,Salary,FTS,AE126407000000000000540,0.00,[]
LOC-IN-0001081,QUOTE-LOC-IN-0001081,COMPLETED,REF-LOC-IN-0001081,EXT-SRC-000541,INWARD,R3108,2026-01-11 18:49:00,,220000000109,AE070330000220000000109,10046.00,10046.00,SALARY,Salary,FTS,AE126417000000000000541,0.00,[]
LOC-IN-0001083,QUOTE-LOC-IN-0001083,COMPLETED,REF-LOC-IN-0001083,EXT-SRC-000542,INWARD,R3108,2026-02-14 18:49:00,,220000000109,AE070330000220000000109,10093.00,10093.00,SALARY,Salary,FTS,AE126427000000000000542,0.00,[]
LOC-IN-0001085,QUOTE-LOC-IN-0001085,COMPLETED,REF-LOC-IN-0001085,EXT-SRC-000543,INWARD,R3108,2026-03-17 18:49:00,,220000000109,AE070330000220000000109,10140.00,10140.00,SALARY,Salary,FTS,AE126437000000000000543,0.00,[]
LOC-IN-0001087,QUOTE-LOC-IN-0001087,COMPLETED,REF-LOC-IN-0001087,EXT-SRC-000544,INWARD,R3108,2026-03-29 18:49:00,,220000000109,AE070330000220000000109,10187.00,10187.00,SALARY,Salary,FTS,AE126447000000000000544,0.00,[]
LOC-IN-0001089,QUOTE-LOC-IN-0001089,COMPLETED,REF-LOC-IN-0001089,EXT-SRC-000545,INWARD,R3108,2026-05-01 18:49:00,,220000000109,AE070330000220000000109,10234.00,10234.00,SALARY,Salary,FTS,AE126457000000000000545,0.00,[]
LOC-IN-0001091,QUOTE-LOC-IN-0001091,COMPLETED,REF-LOC-IN-0001091,EXT-SRC-000546,INWARD,R3109,2025-12-27 08:50:00,,220000000110,AE070330000220000000110,10129.00,10129.00,SALARY,Salary,FTS,AE126467000000000000546,0.00,[]
LOC-IN-0001093,QUOTE-LOC-IN-0001093,COMPLETED,REF-LOC-IN-0001093,EXT-SRC-000547,INWARD,R3109,2026-01-30 08:50:00,,220000000110,AE070330000220000000110,10176.00,10176.00,SALARY,Salary,FTS,AE126477000000000000547,0.00,[]
LOC-IN-0001095,QUOTE-LOC-IN-0001095,COMPLETED,REF-LOC-IN-0001095,EXT-SRC-000548,INWARD,R3109,2026-03-02 08:50:00,,220000000110,AE070330000220000000110,10223.00,10223.00,SALARY,Salary,FTS,AE126487000000000000548,0.00,[]
LOC-IN-0001097,QUOTE-LOC-IN-0001097,COMPLETED,REF-LOC-IN-0001097,EXT-SRC-000549,INWARD,R3109,2026-04-05 08:50:00,,220000000110,AE070330000220000000110,10270.00,10270.00,SALARY,Salary,FTS,AE126497000000000000549,0.00,[]
LOC-IN-0001099,QUOTE-LOC-IN-0001099,COMPLETED,REF-LOC-IN-0001099,EXT-SRC-000550,INWARD,R3109,2026-05-08 08:50:00,,220000000110,AE070330000220000000110,10317.00,10317.00,SALARY,Salary,FTS,AE126507000000000000550,0.00,[]
LOC-IN-0001101,QUOTE-LOC-IN-0001101,COMPLETED,REF-LOC-IN-0001101,EXT-SRC-000551,INWARD,R3110,2026-01-03 09:51:00,,220000000111,AE070330000220000000111,10212.00,10212.00,SALARY,Salary,FTS,AE126517000000000000551,0.00,[]
LOC-IN-0001103,QUOTE-LOC-IN-0001103,COMPLETED,REF-LOC-IN-0001103,EXT-SRC-000552,INWARD,R3110,2026-02-06 09:51:00,,220000000111,AE070330000220000000111,10259.00,10259.00,SALARY,Salary,FTS,AE126527000000000000552,0.00,[]
LOC-IN-0001105,QUOTE-LOC-IN-0001105,COMPLETED,REF-LOC-IN-0001105,EXT-SRC-000553,INWARD,R3110,2026-03-09 09:51:00,,220000000111,AE070330000220000000111,10306.00,10306.00,SALARY,Salary,FTS,AE126537000000000000553,0.00,[]
LOC-IN-0001107,QUOTE-LOC-IN-0001107,COMPLETED,REF-LOC-IN-0001107,EXT-SRC-000554,INWARD,R3110,2026-04-12 09:51:00,,220000000111,AE070330000220000000111,10353.00,10353.00,SALARY,Salary,FTS,AE126547000000000000554,0.00,[]
LOC-IN-0001109,QUOTE-LOC-IN-0001109,COMPLETED,REF-LOC-IN-0001109,EXT-SRC-000555,INWARD,R3110,2026-05-15 09:51:00,,220000000111,AE070330000220000000111,10400.00,10400.00,SALARY,Salary,FTS,AE126557000000000000555,0.00,[]
LOC-IN-0001111,QUOTE-LOC-IN-0001111,COMPLETED,REF-LOC-IN-0001111,EXT-SRC-000556,INWARD,R3111,2026-01-10 10:52:00,,220000000112,AE070330000220000000112,10295.00,10295.00,SALARY,Salary,FTS,AE126567000000000000556,0.00,[]
LOC-IN-0001113,QUOTE-LOC-IN-0001113,COMPLETED,REF-LOC-IN-0001113,EXT-SRC-000557,INWARD,R3111,2026-02-13 10:52:00,,220000000112,AE070330000220000000112,10342.00,10342.00,SALARY,Salary,FTS,AE126577000000000000557,0.00,[]
LOC-IN-0001115,QUOTE-LOC-IN-0001115,COMPLETED,REF-LOC-IN-0001115,EXT-SRC-000558,INWARD,R3111,2026-03-16 10:52:00,,220000000112,AE070330000220000000112,10389.00,10389.00,SALARY,Salary,FTS,AE126587000000000000558,0.00,[]
LOC-IN-0001117,QUOTE-LOC-IN-0001117,COMPLETED,REF-LOC-IN-0001117,EXT-SRC-000559,INWARD,R3111,2026-03-28 10:52:00,,220000000112,AE070330000220000000112,10436.00,10436.00,SALARY,Salary,FTS,AE126597000000000000559,0.00,[]
LOC-IN-0001119,QUOTE-LOC-IN-0001119,COMPLETED,REF-LOC-IN-0001119,EXT-SRC-000560,INWARD,R3111,2026-04-30 10:52:00,,220000000112,AE070330000220000000112,10483.00,10483.00,SALARY,Salary,FTS,AE126607000000000000560,0.00,[]
LOC-IN-0001121,QUOTE-LOC-IN-0001121,COMPLETED,REF-LOC-IN-0001121,EXT-SRC-000561,INWARD,R3112,2026-01-17 11:53:00,,220000000113,AE070330000220000000113,10378.00,10378.00,SALARY,Salary,FTS,AE126617000000000000561,0.00,[]
LOC-IN-0001123,QUOTE-LOC-IN-0001123,COMPLETED,REF-LOC-IN-0001123,EXT-SRC-000562,INWARD,R3112,2026-01-29 11:53:00,,220000000113,AE070330000220000000113,10425.00,10425.00,SALARY,Salary,FTS,AE126627000000000000562,0.00,[]
LOC-IN-0001125,QUOTE-LOC-IN-0001125,COMPLETED,REF-LOC-IN-0001125,EXT-SRC-000563,INWARD,R3112,2026-03-01 11:53:00,,220000000113,AE070330000220000000113,10472.00,10472.00,SALARY,Salary,FTS,AE126637000000000000563,0.00,[]
LOC-IN-0001127,QUOTE-LOC-IN-0001127,COMPLETED,REF-LOC-IN-0001127,EXT-SRC-000564,INWARD,R3112,2026-04-04 11:53:00,,220000000113,AE070330000220000000113,10519.00,10519.00,SALARY,Salary,FTS,AE126647000000000000564,0.00,[]
LOC-IN-0001129,QUOTE-LOC-IN-0001129,COMPLETED,REF-LOC-IN-0001129,EXT-SRC-000565,INWARD,R3112,2026-05-07 11:53:00,,220000000113,AE070330000220000000113,10566.00,10566.00,SALARY,Salary,FTS,AE126657000000000000565,0.00,[]
LOC-IN-0001131,QUOTE-LOC-IN-0001131,COMPLETED,REF-LOC-IN-0001131,EXT-SRC-000566,INWARD,R3113,2026-01-02 12:54:00,,220000000114,AE070330000220000000114,10461.00,10461.00,SALARY,Salary,FTS,AE126667000000000000566,0.00,[]
LOC-IN-0001133,QUOTE-LOC-IN-0001133,COMPLETED,REF-LOC-IN-0001133,EXT-SRC-000567,INWARD,R3113,2026-02-05 12:54:00,,220000000114,AE070330000220000000114,10508.00,10508.00,SALARY,Salary,FTS,AE126677000000000000567,0.00,[]
LOC-IN-0001135,QUOTE-LOC-IN-0001135,COMPLETED,REF-LOC-IN-0001135,EXT-SRC-000568,INWARD,R3113,2026-03-08 12:54:00,,220000000114,AE070330000220000000114,10555.00,10555.00,SALARY,Salary,FTS,AE126687000000000000568,0.00,[]
LOC-IN-0001137,QUOTE-LOC-IN-0001137,COMPLETED,REF-LOC-IN-0001137,EXT-SRC-000569,INWARD,R3113,2026-04-11 12:54:00,,220000000114,AE070330000220000000114,10602.00,10602.00,SALARY,Salary,FTS,AE126697000000000000569,0.00,[]
LOC-IN-0001139,QUOTE-LOC-IN-0001139,COMPLETED,REF-LOC-IN-0001139,EXT-SRC-000570,INWARD,R3113,2026-05-14 12:54:00,,220000000114,AE070330000220000000114,10649.00,10649.00,SALARY,Salary,FTS,AE126707000000000000570,0.00,[]
LOC-IN-0001141,QUOTE-LOC-IN-0001141,COMPLETED,REF-LOC-IN-0001141,EXT-SRC-000571,INWARD,R3114,2026-01-09 13:55:00,,220000000115,AE070330000220000000115,10544.00,10544.00,SALARY,Salary,FTS,AE126717000000000000571,0.00,[]
LOC-IN-0001143,QUOTE-LOC-IN-0001143,COMPLETED,REF-LOC-IN-0001143,EXT-SRC-000572,INWARD,R3114,2026-02-12 13:55:00,,220000000115,AE070330000220000000115,10591.00,10591.00,SALARY,Salary,FTS,AE126727000000000000572,0.00,[]
LOC-IN-0001145,QUOTE-LOC-IN-0001145,COMPLETED,REF-LOC-IN-0001145,EXT-SRC-000573,INWARD,R3114,2026-03-15 13:55:00,,220000000115,AE070330000220000000115,10638.00,10638.00,SALARY,Salary,FTS,AE126737000000000000573,0.00,[]
LOC-IN-0001147,QUOTE-LOC-IN-0001147,COMPLETED,REF-LOC-IN-0001147,EXT-SRC-000574,INWARD,R3114,2026-03-27 13:55:00,,220000000115,AE070330000220000000115,10685.00,10685.00,SALARY,Salary,FTS,AE126747000000000000574,0.00,[]
LOC-IN-0001149,QUOTE-LOC-IN-0001149,COMPLETED,REF-LOC-IN-0001149,EXT-SRC-000575,INWARD,R3114,2026-04-29 13:55:00,,220000000115,AE070330000220000000115,10732.00,10732.00,SALARY,Salary,FTS,AE126757000000000000575,0.00,[]
LOC-IN-0001151,QUOTE-LOC-IN-0001151,COMPLETED,REF-LOC-IN-0001151,EXT-SRC-000576,INWARD,R3115,2026-01-16 14:56:00,,220000000116,AE070330000220000000116,10627.00,10627.00,SALARY,Salary,FTS,AE126767000000000000576,0.00,[]
LOC-IN-0001153,QUOTE-LOC-IN-0001153,COMPLETED,REF-LOC-IN-0001153,EXT-SRC-000577,INWARD,R3115,2026-01-28 14:56:00,,220000000116,AE070330000220000000116,10674.00,10674.00,SALARY,Salary,FTS,AE126777000000000000577,0.00,[]
LOC-IN-0001155,QUOTE-LOC-IN-0001155,COMPLETED,REF-LOC-IN-0001155,EXT-SRC-000578,INWARD,R3115,2026-02-28 14:56:00,,220000000116,AE070330000220000000116,10721.00,10721.00,SALARY,Salary,FTS,AE126787000000000000578,0.00,[]
LOC-IN-0001157,QUOTE-LOC-IN-0001157,COMPLETED,REF-LOC-IN-0001157,EXT-SRC-000579,INWARD,R3115,2026-04-03 14:56:00,,220000000116,AE070330000220000000116,10768.00,10768.00,SALARY,Salary,FTS,AE126797000000000000579,0.00,[]
LOC-IN-0001159,QUOTE-LOC-IN-0001159,COMPLETED,REF-LOC-IN-0001159,EXT-SRC-000580,INWARD,R3115,2026-05-06 14:56:00,,220000000116,AE070330000220000000116,10815.00,10815.00,SALARY,Salary,FTS,AE126807000000000000580,0.00,[]
LOC-IN-0001161,QUOTE-LOC-IN-0001161,COMPLETED,REF-LOC-IN-0001161,EXT-SRC-000581,INWARD,R3116,2026-01-01 15:57:00,,220000000117,AE070330000220000000117,10710.00,10710.00,SALARY,Salary,FTS,AE126817000000000000581,0.00,[]
LOC-IN-0001163,QUOTE-LOC-IN-0001163,COMPLETED,REF-LOC-IN-0001163,EXT-SRC-000582,INWARD,R3116,2026-02-04 15:57:00,,220000000117,AE070330000220000000117,10757.00,10757.00,SALARY,Salary,FTS,AE126827000000000000582,0.00,[]
LOC-IN-0001165,QUOTE-LOC-IN-0001165,COMPLETED,REF-LOC-IN-0001165,EXT-SRC-000583,INWARD,R3116,2026-03-07 15:57:00,,220000000117,AE070330000220000000117,10804.00,10804.00,SALARY,Salary,FTS,AE126837000000000000583,0.00,[]
LOC-IN-0001167,QUOTE-LOC-IN-0001167,COMPLETED,REF-LOC-IN-0001167,EXT-SRC-000584,INWARD,R3116,2026-04-10 15:57:00,,220000000117,AE070330000220000000117,10851.00,10851.00,SALARY,Salary,FTS,AE126847000000000000584,0.00,[]
LOC-IN-0001169,QUOTE-LOC-IN-0001169,COMPLETED,REF-LOC-IN-0001169,EXT-SRC-000585,INWARD,R3116,2026-05-13 15:57:00,,220000000117,AE070330000220000000117,10898.00,10898.00,SALARY,Salary,FTS,AE126857000000000000585,0.00,[]
LOC-IN-0001171,QUOTE-LOC-IN-0001171,COMPLETED,REF-LOC-IN-0001171,EXT-SRC-000586,INWARD,R3117,2026-01-08 16:58:00,,220000000118,AE070330000220000000118,10793.00,10793.00,SALARY,Salary,FTS,AE126867000000000000586,0.00,[]
LOC-IN-0001173,QUOTE-LOC-IN-0001173,COMPLETED,REF-LOC-IN-0001173,EXT-SRC-000587,INWARD,R3117,2026-02-11 16:58:00,,220000000118,AE070330000220000000118,10840.00,10840.00,SALARY,Salary,FTS,AE126877000000000000587,0.00,[]
LOC-IN-0001175,QUOTE-LOC-IN-0001175,COMPLETED,REF-LOC-IN-0001175,EXT-SRC-000588,INWARD,R3117,2026-03-14 16:58:00,,220000000118,AE070330000220000000118,10887.00,10887.00,SALARY,Salary,FTS,AE126887000000000000588,0.00,[]
LOC-IN-0001177,QUOTE-LOC-IN-0001177,COMPLETED,REF-LOC-IN-0001177,EXT-SRC-000589,INWARD,R3117,2026-04-17 16:58:00,,220000000118,AE070330000220000000118,10934.00,10934.00,SALARY,Salary,FTS,AE126897000000000000589,0.00,[]
LOC-IN-0001179,QUOTE-LOC-IN-0001179,COMPLETED,REF-LOC-IN-0001179,EXT-SRC-000590,INWARD,R3117,2026-04-28 16:58:00,,220000000118,AE070330000220000000118,10981.00,10981.00,SALARY,Salary,FTS,AE126907000000000000590,0.00,[]
LOC-IN-0001181,QUOTE-LOC-IN-0001181,COMPLETED,REF-LOC-IN-0001181,EXT-SRC-000591,INWARD,R3118,2026-01-15 17:59:00,,220000000119,AE070330000220000000119,10876.00,10876.00,SALARY,Salary,FTS,AE126917000000000000591,0.00,[]
LOC-IN-0001183,QUOTE-LOC-IN-0001183,COMPLETED,REF-LOC-IN-0001183,EXT-SRC-000592,INWARD,R3118,2026-01-27 17:59:00,,220000000119,AE070330000220000000119,10923.00,10923.00,SALARY,Salary,FTS,AE126927000000000000592,0.00,[]
LOC-IN-0001185,QUOTE-LOC-IN-0001185,COMPLETED,REF-LOC-IN-0001185,EXT-SRC-000593,INWARD,R3118,2026-02-27 17:59:00,,220000000119,AE070330000220000000119,10970.00,10970.00,SALARY,Salary,FTS,AE126937000000000000593,0.00,[]
LOC-IN-0001187,QUOTE-LOC-IN-0001187,COMPLETED,REF-LOC-IN-0001187,EXT-SRC-000594,INWARD,R3118,2026-04-02 17:59:00,,220000000119,AE070330000220000000119,11017.00,11017.00,SALARY,Salary,FTS,AE126947000000000000594,0.00,[]
LOC-IN-0001189,QUOTE-LOC-IN-0001189,COMPLETED,REF-LOC-IN-0001189,EXT-SRC-000595,INWARD,R3118,2026-05-05 17:59:00,,220000000119,AE070330000220000000119,11064.00,11064.00,SALARY,Salary,FTS,AE126957000000000000595,0.00,[]
LOC-IN-0001191,QUOTE-LOC-IN-0001191,COMPLETED,REF-LOC-IN-0001191,EXT-SRC-000596,INWARD,R3119,2025-12-31 18:00:00,,220000000120,AE070330000220000000120,10959.00,10959.00,SALARY,Salary,FTS,AE126967000000000000596,0.00,[]
LOC-IN-0001193,QUOTE-LOC-IN-0001193,COMPLETED,REF-LOC-IN-0001193,EXT-SRC-000597,INWARD,R3119,2026-02-03 18:00:00,,220000000120,AE070330000220000000120,11006.00,11006.00,SALARY,Salary,FTS,AE126977000000000000597,0.00,[]
LOC-IN-0001195,QUOTE-LOC-IN-0001195,COMPLETED,REF-LOC-IN-0001195,EXT-SRC-000598,INWARD,R3119,2026-03-06 18:00:00,,220000000120,AE070330000220000000120,11053.00,11053.00,SALARY,Salary,FTS,AE126987000000000000598,0.00,[]
LOC-IN-0001197,QUOTE-LOC-IN-0001197,COMPLETED,REF-LOC-IN-0001197,EXT-SRC-000599,INWARD,R3119,2026-04-09 18:00:00,,220000000120,AE070330000220000000120,11100.00,11100.00,SALARY,Salary,FTS,AE126997000000000000599,0.00,[]
LOC-IN-0001199,QUOTE-LOC-IN-0001199,COMPLETED,REF-LOC-IN-0001199,EXT-SRC-000600,INWARD,R3119,2026-05-12 18:00:00,,220000000120,AE070330000220000000120,11147.00,11147.00,SALARY,Salary,FTS,AE127007000000000000600,0.00,[]
LOC-IN-0001201,QUOTE-LOC-IN-0001201,COMPLETED,REF-LOC-IN-0001201,EXT-SRC-000601,INWARD,R3120,2026-01-07 08:01:00,,220000000121,AE070330000220000000121,11042.00,11042.00,SALARY,Salary,FTS,AE127017000000000000601,0.00,[]
LOC-IN-0001203,QUOTE-LOC-IN-0001203,COMPLETED,REF-LOC-IN-0001203,EXT-SRC-000602,INWARD,R3120,2026-02-10 08:01:00,,220000000121,AE070330000220000000121,11089.00,11089.00,SALARY,Salary,FTS,AE127027000000000000602,0.00,[]
LOC-IN-0001205,QUOTE-LOC-IN-0001205,COMPLETED,REF-LOC-IN-0001205,EXT-SRC-000603,INWARD,R3120,2026-03-13 08:01:00,,220000000121,AE070330000220000000121,11136.00,11136.00,SALARY,Salary,FTS,AE127037000000000000603,0.00,[]
LOC-IN-0001207,QUOTE-LOC-IN-0001207,COMPLETED,REF-LOC-IN-0001207,EXT-SRC-000604,INWARD,R3120,2026-04-16 08:01:00,,220000000121,AE070330000220000000121,11183.00,11183.00,SALARY,Salary,FTS,AE127047000000000000604,0.00,[]
LOC-IN-0001209,QUOTE-LOC-IN-0001209,COMPLETED,REF-LOC-IN-0001209,EXT-SRC-000605,INWARD,R3120,2026-04-27 08:01:00,,220000000121,AE070330000220000000121,11230.00,11230.00,SALARY,Salary,FTS,AE127057000000000000605,0.00,[]
LOC-IN-0001211,QUOTE-LOC-IN-0001211,COMPLETED,REF-LOC-IN-0001211,EXT-SRC-000606,INWARD,R3121,2026-01-14 09:02:00,,220000000122,AE070330000220000000122,11125.00,11125.00,SALARY,Salary,FTS,AE127067000000000000606,0.00,[]
LOC-IN-0001213,QUOTE-LOC-IN-0001213,COMPLETED,REF-LOC-IN-0001213,EXT-SRC-000607,INWARD,R3121,2026-02-17 09:02:00,,220000000122,AE070330000220000000122,11172.00,11172.00,SALARY,Salary,FTS,AE127077000000000000607,0.00,[]
LOC-IN-0001215,QUOTE-LOC-IN-0001215,COMPLETED,REF-LOC-IN-0001215,EXT-SRC-000608,INWARD,R3121,2026-02-26 09:02:00,,220000000122,AE070330000220000000122,11219.00,11219.00,SALARY,Salary,FTS,AE127087000000000000608,0.00,[]
LOC-IN-0001217,QUOTE-LOC-IN-0001217,COMPLETED,REF-LOC-IN-0001217,EXT-SRC-000609,INWARD,R3121,2026-04-01 09:02:00,,220000000122,AE070330000220000000122,11266.00,11266.00,SALARY,Salary,FTS,AE127097000000000000609,0.00,[]
LOC-IN-0001219,QUOTE-LOC-IN-0001219,COMPLETED,REF-LOC-IN-0001219,EXT-SRC-000610,INWARD,R3121,2026-05-04 09:02:00,,220000000122,AE070330000220000000122,11313.00,11313.00,SALARY,Salary,FTS,AE127107000000000000610,0.00,[]
LOC-IN-0001221,QUOTE-LOC-IN-0001221,COMPLETED,REF-LOC-IN-0001221,EXT-SRC-000611,INWARD,R3122,2025-12-30 10:03:00,,220000000123,AE070330000220000000123,11208.00,11208.00,SALARY,Salary,FTS,AE127117000000000000611,0.00,[]
LOC-IN-0001223,QUOTE-LOC-IN-0001223,COMPLETED,REF-LOC-IN-0001223,EXT-SRC-000612,INWARD,R3122,2026-02-02 10:03:00,,220000000123,AE070330000220000000123,11255.00,11255.00,SALARY,Salary,FTS,AE127127000000000000612,0.00,[]
LOC-IN-0001225,QUOTE-LOC-IN-0001225,COMPLETED,REF-LOC-IN-0001225,EXT-SRC-000613,INWARD,R3122,2026-03-05 10:03:00,,220000000123,AE070330000220000000123,11302.00,11302.00,SALARY,Salary,FTS,AE127137000000000000613,0.00,[]
LOC-IN-0001227,QUOTE-LOC-IN-0001227,COMPLETED,REF-LOC-IN-0001227,EXT-SRC-000614,INWARD,R3122,2026-04-08 10:03:00,,220000000123,AE070330000220000000123,11349.00,11349.00,SALARY,Salary,FTS,AE127147000000000000614,0.00,[]
LOC-IN-0001229,QUOTE-LOC-IN-0001229,COMPLETED,REF-LOC-IN-0001229,EXT-SRC-000615,INWARD,R3122,2026-05-11 10:03:00,,220000000123,AE070330000220000000123,11396.00,11396.00,SALARY,Salary,FTS,AE127157000000000000615,0.00,[]
LOC-IN-0001231,QUOTE-LOC-IN-0001231,COMPLETED,REF-LOC-IN-0001231,EXT-SRC-000616,INWARD,R3123,2026-01-06 11:04:00,,220000000124,AE070330000220000000124,11291.00,11291.00,SALARY,Salary,FTS,AE127167000000000000616,0.00,[]
LOC-IN-0001233,QUOTE-LOC-IN-0001233,COMPLETED,REF-LOC-IN-0001233,EXT-SRC-000617,INWARD,R3123,2026-02-09 11:04:00,,220000000124,AE070330000220000000124,11338.00,11338.00,SALARY,Salary,FTS,AE127177000000000000617,0.00,[]
LOC-IN-0001235,QUOTE-LOC-IN-0001235,COMPLETED,REF-LOC-IN-0001235,EXT-SRC-000618,INWARD,R3123,2026-03-12 11:04:00,,220000000124,AE070330000220000000124,11385.00,11385.00,SALARY,Salary,FTS,AE127187000000000000618,0.00,[]
LOC-IN-0001237,QUOTE-LOC-IN-0001237,COMPLETED,REF-LOC-IN-0001237,EXT-SRC-000619,INWARD,R3123,2026-04-15 11:04:00,,220000000124,AE070330000220000000124,11432.00,11432.00,SALARY,Salary,FTS,AE127197000000000000619,0.00,[]
LOC-IN-0001239,QUOTE-LOC-IN-0001239,COMPLETED,REF-LOC-IN-0001239,EXT-SRC-000620,INWARD,R3123,2026-04-26 11:04:00,,220000000124,AE070330000220000000124,11479.00,11479.00,SALARY,Salary,FTS,AE127207000000000000620,0.00,[]
LOC-IN-0001241,QUOTE-LOC-IN-0001241,COMPLETED,REF-LOC-IN-0001241,EXT-SRC-000621,INWARD,R3124,2026-01-13 12:05:00,,220000000125,AE070330000220000000125,11374.00,11374.00,SALARY,Salary,FTS,AE127217000000000000621,0.00,[]
LOC-IN-0001243,QUOTE-LOC-IN-0001243,COMPLETED,REF-LOC-IN-0001243,EXT-SRC-000622,INWARD,R3124,2026-02-16 12:05:00,,220000000125,AE070330000220000000125,11421.00,11421.00,SALARY,Salary,FTS,AE127227000000000000622,0.00,[]
LOC-IN-0001245,QUOTE-LOC-IN-0001245,COMPLETED,REF-LOC-IN-0001245,EXT-SRC-000623,INWARD,R3124,2026-02-25 12:05:00,,220000000125,AE070330000220000000125,11468.00,11468.00,SALARY,Salary,FTS,AE127237000000000000623,0.00,[]
LOC-IN-0001247,QUOTE-LOC-IN-0001247,COMPLETED,REF-LOC-IN-0001247,EXT-SRC-000624,INWARD,R3124,2026-03-31 12:05:00,,220000000125,AE070330000220000000125,11515.00,11515.00,SALARY,Salary,FTS,AE127247000000000000624,0.00,[]
LOC-IN-0001249,QUOTE-LOC-IN-0001249,COMPLETED,REF-LOC-IN-0001249,EXT-SRC-000625,INWARD,R3124,2026-05-03 12:05:00,,220000000125,AE070330000220000000125,11562.00,11562.00,SALARY,Salary,FTS,AE127257000000000000625,0.00,[]
LOC-IN-0001251,QUOTE-LOC-IN-0001251,COMPLETED,REF-LOC-IN-0001251,EXT-SRC-000626,INWARD,R3125,2025-12-29 13:06:00,,220000000126,AE070330000220000000126,11457.00,11457.00,SALARY,Salary,FTS,AE127267000000000000626,0.00,[]
LOC-IN-0001253,QUOTE-LOC-IN-0001253,COMPLETED,REF-LOC-IN-0001253,EXT-SRC-000627,INWARD,R3125,2026-02-01 13:06:00,,220000000126,AE070330000220000000126,11504.00,11504.00,SALARY,Salary,FTS,AE127277000000000000627,0.00,[]
LOC-IN-0001255,QUOTE-LOC-IN-0001255,COMPLETED,REF-LOC-IN-0001255,EXT-SRC-000628,INWARD,R3125,2026-03-04 13:06:00,,220000000126,AE070330000220000000126,11551.00,11551.00,SALARY,Salary,FTS,AE127287000000000000628,0.00,[]
LOC-IN-0001257,QUOTE-LOC-IN-0001257,COMPLETED,REF-LOC-IN-0001257,EXT-SRC-000629,INWARD,R3125,2026-04-07 13:06:00,,220000000126,AE070330000220000000126,11598.00,11598.00,SALARY,Salary,FTS,AE127297000000000000629,0.00,[]
LOC-IN-0001259,QUOTE-LOC-IN-0001259,COMPLETED,REF-LOC-IN-0001259,EXT-SRC-000630,INWARD,R3125,2026-05-10 13:06:00,,220000000126,AE070330000220000000126,11645.00,11645.00,SALARY,Salary,FTS,AE127307000000000000630,0.00,[]
LOC-IN-0001261,QUOTE-LOC-IN-0001261,COMPLETED,REF-LOC-IN-0001261,EXT-SRC-000631,INWARD,R3126,2026-01-05 14:07:00,,220000000127,AE070330000220000000127,11540.00,11540.00,SALARY,Salary,FTS,AE127317000000000000631,0.00,[]
LOC-IN-0001263,QUOTE-LOC-IN-0001263,COMPLETED,REF-LOC-IN-0001263,EXT-SRC-000632,INWARD,R3126,2026-02-08 14:07:00,,220000000127,AE070330000220000000127,11587.00,11587.00,SALARY,Salary,FTS,AE127327000000000000632,0.00,[]
LOC-IN-0001265,QUOTE-LOC-IN-0001265,COMPLETED,REF-LOC-IN-0001265,EXT-SRC-000633,INWARD,R3126,2026-03-11 14:07:00,,220000000127,AE070330000220000000127,11634.00,11634.00,SALARY,Salary,FTS,AE127337000000000000633,0.00,[]
LOC-IN-0001267,QUOTE-LOC-IN-0001267,COMPLETED,REF-LOC-IN-0001267,EXT-SRC-000634,INWARD,R3126,2026-04-14 14:07:00,,220000000127,AE070330000220000000127,11681.00,11681.00,SALARY,Salary,FTS,AE127347000000000000634,0.00,[]
LOC-IN-0001269,QUOTE-LOC-IN-0001269,COMPLETED,REF-LOC-IN-0001269,EXT-SRC-000635,INWARD,R3126,2026-05-17 14:07:00,,220000000127,AE070330000220000000127,11728.00,11728.00,SALARY,Salary,FTS,AE127357000000000000635,0.00,[]
LOC-IN-0001271,QUOTE-LOC-IN-0001271,COMPLETED,REF-LOC-IN-0001271,EXT-SRC-000636,INWARD,R3127,2026-01-12 15:08:00,,220000000128,AE070330000220000000128,11623.00,11623.00,SALARY,Salary,FTS,AE127367000000000000636,0.00,[]
LOC-IN-0001273,QUOTE-LOC-IN-0001273,COMPLETED,REF-LOC-IN-0001273,EXT-SRC-000637,INWARD,R3127,2026-02-15 15:08:00,,220000000128,AE070330000220000000128,11670.00,11670.00,SALARY,Salary,FTS,AE127377000000000000637,0.00,[]
LOC-IN-0001275,QUOTE-LOC-IN-0001275,COMPLETED,REF-LOC-IN-0001275,EXT-SRC-000638,INWARD,R3127,2026-02-24 15:08:00,,220000000128,AE070330000220000000128,11717.00,11717.00,SALARY,Salary,FTS,AE127387000000000000638,0.00,[]
LOC-IN-0001277,QUOTE-LOC-IN-0001277,COMPLETED,REF-LOC-IN-0001277,EXT-SRC-000639,INWARD,R3127,2026-03-30 15:08:00,,220000000128,AE070330000220000000128,11764.00,11764.00,SALARY,Salary,FTS,AE127397000000000000639,0.00,[]
LOC-IN-0001279,QUOTE-LOC-IN-0001279,COMPLETED,REF-LOC-IN-0001279,EXT-SRC-000640,INWARD,R3127,2026-05-02 15:08:00,,220000000128,AE070330000220000000128,11811.00,11811.00,SALARY,Salary,FTS,AE127407000000000000640,0.00,[]
LOC-IN-0001281,QUOTE-LOC-IN-0001281,COMPLETED,REF-LOC-IN-0001281,EXT-SRC-000641,INWARD,R3128,2025-12-28 16:09:00,,220000000129,AE070330000220000000129,11706.00,11706.00,SALARY,Salary,FTS,AE127417000000000000641,0.00,[]
LOC-IN-0001283,QUOTE-LOC-IN-0001283,COMPLETED,REF-LOC-IN-0001283,EXT-SRC-000642,INWARD,R3128,2026-01-31 16:09:00,,220000000129,AE070330000220000000129,11753.00,11753.00,SALARY,Salary,FTS,AE127427000000000000642,0.00,[]
LOC-IN-0001285,QUOTE-LOC-IN-0001285,COMPLETED,REF-LOC-IN-0001285,EXT-SRC-000643,INWARD,R3128,2026-03-03 16:09:00,,220000000129,AE070330000220000000129,11800.00,11800.00,SALARY,Salary,FTS,AE127437000000000000643,0.00,[]
LOC-IN-0001287,QUOTE-LOC-IN-0001287,COMPLETED,REF-LOC-IN-0001287,EXT-SRC-000644,INWARD,R3128,2026-04-06 16:09:00,,220000000129,AE070330000220000000129,11847.00,11847.00,SALARY,Salary,FTS,AE127447000000000000644,0.00,[]
LOC-IN-0001289,QUOTE-LOC-IN-0001289,COMPLETED,REF-LOC-IN-0001289,EXT-SRC-000645,INWARD,R3128,2026-05-09 16:09:00,,220000000129,AE070330000220000000129,11894.00,11894.00,SALARY,Salary,FTS,AE127457000000000000645,0.00,[]
LOC-IN-0001291,QUOTE-LOC-IN-0001291,COMPLETED,REF-LOC-IN-0001291,EXT-SRC-000646,INWARD,R3129,2026-01-04 17:10:00,,220000000130,AE070330000220000000130,11789.00,11789.00,SALARY,Salary,FTS,AE127467000000000000646,0.00,[]
LOC-IN-0001293,QUOTE-LOC-IN-0001293,COMPLETED,REF-LOC-IN-0001293,EXT-SRC-000647,INWARD,R3129,2026-02-07 17:10:00,,220000000130,AE070330000220000000130,11836.00,11836.00,SALARY,Salary,FTS,AE127477000000000000647,0.00,[]
LOC-IN-0001295,QUOTE-LOC-IN-0001295,COMPLETED,REF-LOC-IN-0001295,EXT-SRC-000648,INWARD,R3129,2026-03-10 17:10:00,,220000000130,AE070330000220000000130,11883.00,11883.00,SALARY,Salary,FTS,AE127487000000000000648,0.00,[]
LOC-IN-0001297,QUOTE-LOC-IN-0001297,COMPLETED,REF-LOC-IN-0001297,EXT-SRC-000649,INWARD,R3129,2026-04-13 17:10:00,,220000000130,AE070330000220000000130,11930.00,11930.00,SALARY,Salary,FTS,AE127497000000000000649,0.00,[]
LOC-IN-0001299,QUOTE-LOC-IN-0001299,COMPLETED,REF-LOC-IN-0001299,EXT-SRC-000650,INWARD,R3129,2026-05-16 17:10:00,,220000000130,AE070330000220000000130,11977.00,11977.00,SALARY,Salary,FTS,AE127507000000000000650,0.00,[]
LOC-IN-0001301,QUOTE-LOC-IN-0001301,COMPLETED,REF-LOC-IN-0001301,EXT-SRC-000651,INWARD,R3130,2026-01-11 18:11:00,,220000000131,AE070330000220000000131,11872.00,11872.00,SALARY,Salary,FTS,AE127517000000000000651,0.00,[]
LOC-IN-0001303,QUOTE-LOC-IN-0001303,COMPLETED,REF-LOC-IN-0001303,EXT-SRC-000652,INWARD,R3130,2026-02-14 18:11:00,,220000000131,AE070330000220000000131,11919.00,11919.00,SALARY,Salary,FTS,AE127527000000000000652,0.00,[]
LOC-IN-0001305,QUOTE-LOC-IN-0001305,COMPLETED,REF-LOC-IN-0001305,EXT-SRC-000653,INWARD,R3130,2026-03-17 18:11:00,,220000000131,AE070330000220000000131,11966.00,11966.00,SALARY,Salary,FTS,AE127537000000000000653,0.00,[]
LOC-IN-0001307,QUOTE-LOC-IN-0001307,COMPLETED,REF-LOC-IN-0001307,EXT-SRC-000654,INWARD,R3130,2026-03-29 18:11:00,,220000000131,AE070330000220000000131,6512.00,6512.00,SALARY,Salary,FTS,AE127547000000000000654,0.00,[]
LOC-IN-0001309,QUOTE-LOC-IN-0001309,COMPLETED,REF-LOC-IN-0001309,EXT-SRC-000655,INWARD,R3130,2026-05-01 18:11:00,,220000000131,AE070330000220000000131,6559.00,6559.00,SALARY,Salary,FTS,AE127557000000000000655,0.00,[]
LOC-IN-0001311,QUOTE-LOC-IN-0001311,COMPLETED,REF-LOC-IN-0001311,EXT-SRC-000656,INWARD,R3131,2025-12-27 08:12:00,,220000000132,AE070330000220000000132,11955.00,11955.00,SALARY,Salary,FTS,AE127567000000000000656,0.00,[]
LOC-IN-0001313,QUOTE-LOC-IN-0001313,COMPLETED,REF-LOC-IN-0001313,EXT-SRC-000657,INWARD,R3131,2026-01-30 08:12:00,,220000000132,AE070330000220000000132,6501.00,6501.00,SALARY,Salary,FTS,AE127577000000000000657,0.00,[]
LOC-IN-0001315,QUOTE-LOC-IN-0001315,COMPLETED,REF-LOC-IN-0001315,EXT-SRC-000658,INWARD,R3131,2026-03-02 08:12:00,,220000000132,AE070330000220000000132,6548.00,6548.00,SALARY,Salary,FTS,AE127587000000000000658,0.00,[]
LOC-IN-0001317,QUOTE-LOC-IN-0001317,COMPLETED,REF-LOC-IN-0001317,EXT-SRC-000659,INWARD,R3131,2026-04-05 08:12:00,,220000000132,AE070330000220000000132,6595.00,6595.00,SALARY,Salary,FTS,AE127597000000000000659,0.00,[]
LOC-IN-0001319,QUOTE-LOC-IN-0001319,COMPLETED,REF-LOC-IN-0001319,EXT-SRC-000660,INWARD,R3131,2026-05-08 08:12:00,,220000000132,AE070330000220000000132,6642.00,6642.00,SALARY,Salary,FTS,AE127607000000000000660,0.00,[]
LOC-IN-0001321,QUOTE-LOC-IN-0001321,COMPLETED,REF-LOC-IN-0001321,EXT-SRC-000661,INWARD,R3132,2026-01-03 09:13:00,,220000000133,AE070330000220000000133,6537.00,6537.00,SALARY,Salary,FTS,AE127617000000000000661,0.00,[]
LOC-IN-0001323,QUOTE-LOC-IN-0001323,COMPLETED,REF-LOC-IN-0001323,EXT-SRC-000662,INWARD,R3132,2026-02-06 09:13:00,,220000000133,AE070330000220000000133,6584.00,6584.00,SALARY,Salary,FTS,AE127627000000000000662,0.00,[]
LOC-IN-0001325,QUOTE-LOC-IN-0001325,COMPLETED,REF-LOC-IN-0001325,EXT-SRC-000663,INWARD,R3132,2026-03-09 09:13:00,,220000000133,AE070330000220000000133,6631.00,6631.00,SALARY,Salary,FTS,AE127637000000000000663,0.00,[]
LOC-IN-0001327,QUOTE-LOC-IN-0001327,COMPLETED,REF-LOC-IN-0001327,EXT-SRC-000664,INWARD,R3132,2026-04-12 09:13:00,,220000000133,AE070330000220000000133,6678.00,6678.00,SALARY,Salary,FTS,AE127647000000000000664,0.00,[]
LOC-IN-0001329,QUOTE-LOC-IN-0001329,COMPLETED,REF-LOC-IN-0001329,EXT-SRC-000665,INWARD,R3132,2026-05-15 09:13:00,,220000000133,AE070330000220000000133,6725.00,6725.00,SALARY,Salary,FTS,AE127657000000000000665,0.00,[]
LOC-IN-0001331,QUOTE-LOC-IN-0001331,COMPLETED,REF-LOC-IN-0001331,EXT-SRC-000666,INWARD,R3133,2026-01-10 10:14:00,,220000000134,AE070330000220000000134,6620.00,6620.00,SALARY,Salary,FTS,AE127667000000000000666,0.00,[]
LOC-IN-0001333,QUOTE-LOC-IN-0001333,COMPLETED,REF-LOC-IN-0001333,EXT-SRC-000667,INWARD,R3133,2026-02-13 10:14:00,,220000000134,AE070330000220000000134,6667.00,6667.00,SALARY,Salary,FTS,AE127677000000000000667,0.00,[]
LOC-IN-0001335,QUOTE-LOC-IN-0001335,COMPLETED,REF-LOC-IN-0001335,EXT-SRC-000668,INWARD,R3133,2026-03-16 10:14:00,,220000000134,AE070330000220000000134,6714.00,6714.00,SALARY,Salary,FTS,AE127687000000000000668,0.00,[]
LOC-IN-0001337,QUOTE-LOC-IN-0001337,COMPLETED,REF-LOC-IN-0001337,EXT-SRC-000669,INWARD,R3133,2026-03-28 10:14:00,,220000000134,AE070330000220000000134,6761.00,6761.00,SALARY,Salary,FTS,AE127697000000000000669,0.00,[]
LOC-IN-0001339,QUOTE-LOC-IN-0001339,COMPLETED,REF-LOC-IN-0001339,EXT-SRC-000670,INWARD,R3133,2026-04-30 10:14:00,,220000000134,AE070330000220000000134,6808.00,6808.00,SALARY,Salary,FTS,AE127707000000000000670,0.00,[]
LOC-IN-0001341,QUOTE-LOC-IN-0001341,COMPLETED,REF-LOC-IN-0001341,EXT-SRC-000671,INWARD,R3134,2026-01-17 11:15:00,,220000000135,AE070330000220000000135,6703.00,6703.00,SALARY,Salary,FTS,AE127717000000000000671,0.00,[]
LOC-IN-0001343,QUOTE-LOC-IN-0001343,COMPLETED,REF-LOC-IN-0001343,EXT-SRC-000672,INWARD,R3134,2026-01-29 11:15:00,,220000000135,AE070330000220000000135,6750.00,6750.00,SALARY,Salary,FTS,AE127727000000000000672,0.00,[]
LOC-IN-0001345,QUOTE-LOC-IN-0001345,COMPLETED,REF-LOC-IN-0001345,EXT-SRC-000673,INWARD,R3134,2026-03-01 11:15:00,,220000000135,AE070330000220000000135,6797.00,6797.00,SALARY,Salary,FTS,AE127737000000000000673,0.00,[]
LOC-IN-0001347,QUOTE-LOC-IN-0001347,COMPLETED,REF-LOC-IN-0001347,EXT-SRC-000674,INWARD,R3134,2026-04-04 11:15:00,,220000000135,AE070330000220000000135,6844.00,6844.00,SALARY,Salary,FTS,AE127747000000000000674,0.00,[]
LOC-IN-0001349,QUOTE-LOC-IN-0001349,COMPLETED,REF-LOC-IN-0001349,EXT-SRC-000675,INWARD,R3134,2026-05-07 11:15:00,,220000000135,AE070330000220000000135,6891.00,6891.00,SALARY,Salary,FTS,AE127757000000000000675,0.00,[]
LOC-IN-0001351,QUOTE-LOC-IN-0001351,COMPLETED,REF-LOC-IN-0001351,EXT-SRC-000676,INWARD,R3135,2026-01-02 12:16:00,,220000000136,AE070330000220000000136,6786.00,6786.00,SALARY,Salary,FTS,AE127767000000000000676,0.00,[]
LOC-IN-0001353,QUOTE-LOC-IN-0001353,COMPLETED,REF-LOC-IN-0001353,EXT-SRC-000677,INWARD,R3135,2026-02-05 12:16:00,,220000000136,AE070330000220000000136,6833.00,6833.00,SALARY,Salary,FTS,AE127777000000000000677,0.00,[]
LOC-IN-0001355,QUOTE-LOC-IN-0001355,COMPLETED,REF-LOC-IN-0001355,EXT-SRC-000678,INWARD,R3135,2026-03-08 12:16:00,,220000000136,AE070330000220000000136,6880.00,6880.00,SALARY,Salary,FTS,AE127787000000000000678,0.00,[]
LOC-IN-0001357,QUOTE-LOC-IN-0001357,COMPLETED,REF-LOC-IN-0001357,EXT-SRC-000679,INWARD,R3135,2026-04-11 12:16:00,,220000000136,AE070330000220000000136,6927.00,6927.00,SALARY,Salary,FTS,AE127797000000000000679,0.00,[]
LOC-IN-0001359,QUOTE-LOC-IN-0001359,COMPLETED,REF-LOC-IN-0001359,EXT-SRC-000680,INWARD,R3135,2026-05-14 12:16:00,,220000000136,AE070330000220000000136,6974.00,6974.00,SALARY,Salary,FTS,AE127807000000000000680,0.00,[]
LOC-IN-0001361,QUOTE-LOC-IN-0001361,COMPLETED,REF-LOC-IN-0001361,EXT-SRC-000681,INWARD,R3136,2026-01-09 13:17:00,,220000000137,AE070330000220000000137,6869.00,6869.00,SALARY,Salary,FTS,AE127817000000000000681,0.00,[]
LOC-IN-0001363,QUOTE-LOC-IN-0001363,COMPLETED,REF-LOC-IN-0001363,EXT-SRC-000682,INWARD,R3136,2026-02-12 13:17:00,,220000000137,AE070330000220000000137,6916.00,6916.00,SALARY,Salary,FTS,AE127827000000000000682,0.00,[]
LOC-IN-0001365,QUOTE-LOC-IN-0001365,COMPLETED,REF-LOC-IN-0001365,EXT-SRC-000683,INWARD,R3136,2026-03-15 13:17:00,,220000000137,AE070330000220000000137,6963.00,6963.00,SALARY,Salary,FTS,AE127837000000000000683,0.00,[]
LOC-IN-0001367,QUOTE-LOC-IN-0001367,COMPLETED,REF-LOC-IN-0001367,EXT-SRC-000684,INWARD,R3136,2026-03-27 13:17:00,,220000000137,AE070330000220000000137,7010.00,7010.00,SALARY,Salary,FTS,AE127847000000000000684,0.00,[]
LOC-IN-0001369,QUOTE-LOC-IN-0001369,COMPLETED,REF-LOC-IN-0001369,EXT-SRC-000685,INWARD,R3136,2026-04-29 13:17:00,,220000000137,AE070330000220000000137,7057.00,7057.00,SALARY,Salary,FTS,AE127857000000000000685,0.00,[]
LOC-IN-0001371,QUOTE-LOC-IN-0001371,COMPLETED,REF-LOC-IN-0001371,EXT-SRC-000686,INWARD,R3137,2026-01-16 14:18:00,,220000000138,AE070330000220000000138,6952.00,6952.00,SALARY,Salary,FTS,AE127867000000000000686,0.00,[]
LOC-IN-0001373,QUOTE-LOC-IN-0001373,COMPLETED,REF-LOC-IN-0001373,EXT-SRC-000687,INWARD,R3137,2026-01-28 14:18:00,,220000000138,AE070330000220000000138,6999.00,6999.00,SALARY,Salary,FTS,AE127877000000000000687,0.00,[]
LOC-IN-0001375,QUOTE-LOC-IN-0001375,COMPLETED,REF-LOC-IN-0001375,EXT-SRC-000688,INWARD,R3137,2026-02-28 14:18:00,,220000000138,AE070330000220000000138,7046.00,7046.00,SALARY,Salary,FTS,AE127887000000000000688,0.00,[]
LOC-IN-0001377,QUOTE-LOC-IN-0001377,COMPLETED,REF-LOC-IN-0001377,EXT-SRC-000689,INWARD,R3137,2026-04-03 14:18:00,,220000000138,AE070330000220000000138,7093.00,7093.00,SALARY,Salary,FTS,AE127897000000000000689,0.00,[]
LOC-IN-0001379,QUOTE-LOC-IN-0001379,COMPLETED,REF-LOC-IN-0001379,EXT-SRC-000690,INWARD,R3137,2026-05-06 14:18:00,,220000000138,AE070330000220000000138,7140.00,7140.00,SALARY,Salary,FTS,AE127907000000000000690,0.00,[]
LOC-IN-0001381,QUOTE-LOC-IN-0001381,COMPLETED,REF-LOC-IN-0001381,EXT-SRC-000691,INWARD,R3138,2026-01-01 15:19:00,,220000000139,AE070330000220000000139,7035.00,7035.00,SALARY,Salary,FTS,AE127917000000000000691,0.00,[]
LOC-IN-0001383,QUOTE-LOC-IN-0001383,COMPLETED,REF-LOC-IN-0001383,EXT-SRC-000692,INWARD,R3138,2026-02-04 15:19:00,,220000000139,AE070330000220000000139,7082.00,7082.00,SALARY,Salary,FTS,AE127927000000000000692,0.00,[]
LOC-IN-0001385,QUOTE-LOC-IN-0001385,COMPLETED,REF-LOC-IN-0001385,EXT-SRC-000693,INWARD,R3138,2026-03-07 15:19:00,,220000000139,AE070330000220000000139,7129.00,7129.00,SALARY,Salary,FTS,AE127937000000000000693,0.00,[]
LOC-IN-0001387,QUOTE-LOC-IN-0001387,COMPLETED,REF-LOC-IN-0001387,EXT-SRC-000694,INWARD,R3138,2026-04-10 15:19:00,,220000000139,AE070330000220000000139,7176.00,7176.00,SALARY,Salary,FTS,AE127947000000000000694,0.00,[]
LOC-IN-0001389,QUOTE-LOC-IN-0001389,COMPLETED,REF-LOC-IN-0001389,EXT-SRC-000695,INWARD,R3138,2026-05-13 15:19:00,,220000000139,AE070330000220000000139,7223.00,7223.00,SALARY,Salary,FTS,AE127957000000000000695,0.00,[]
LOC-IN-0001391,QUOTE-LOC-IN-0001391,COMPLETED,REF-LOC-IN-0001391,EXT-SRC-000696,INWARD,R3139,2026-01-08 16:20:00,,220000000140,AE070330000220000000140,7118.00,7118.00,SALARY,Salary,FTS,AE127967000000000000696,0.00,[]
LOC-IN-0001393,QUOTE-LOC-IN-0001393,COMPLETED,REF-LOC-IN-0001393,EXT-SRC-000697,INWARD,R3139,2026-02-11 16:20:00,,220000000140,AE070330000220000000140,7165.00,7165.00,SALARY,Salary,FTS,AE127977000000000000697,0.00,[]
LOC-IN-0001395,QUOTE-LOC-IN-0001395,COMPLETED,REF-LOC-IN-0001395,EXT-SRC-000698,INWARD,R3139,2026-03-14 16:20:00,,220000000140,AE070330000220000000140,7212.00,7212.00,SALARY,Salary,FTS,AE127987000000000000698,0.00,[]
LOC-IN-0001397,QUOTE-LOC-IN-0001397,COMPLETED,REF-LOC-IN-0001397,EXT-SRC-000699,INWARD,R3139,2026-04-17 16:20:00,,220000000140,AE070330000220000000140,7259.00,7259.00,SALARY,Salary,FTS,AE127997000000000000699,0.00,[]
LOC-IN-0001399,QUOTE-LOC-IN-0001399,COMPLETED,REF-LOC-IN-0001399,EXT-SRC-000700,INWARD,R3139,2026-04-28 16:20:00,,220000000140,AE070330000220000000140,7306.00,7306.00,SALARY,Salary,FTS,AE128007000000000000700,0.00,[]
LOC-IN-0001401,QUOTE-LOC-IN-0001401,COMPLETED,REF-LOC-IN-0001401,EXT-SRC-000701,INWARD,R3140,2026-01-15 17:21:00,,220000000141,AE070330000220000000141,7201.00,7201.00,SALARY,Salary,FTS,AE128017000000000000701,0.00,[]
LOC-IN-0001403,QUOTE-LOC-IN-0001403,COMPLETED,REF-LOC-IN-0001403,EXT-SRC-000702,INWARD,R3140,2026-01-27 17:21:00,,220000000141,AE070330000220000000141,7248.00,7248.00,SALARY,Salary,FTS,AE128027000000000000702,0.00,[]
LOC-IN-0001405,QUOTE-LOC-IN-0001405,COMPLETED,REF-LOC-IN-0001405,EXT-SRC-000703,INWARD,R3140,2026-02-27 17:21:00,,220000000141,AE070330000220000000141,7295.00,7295.00,SALARY,Salary,FTS,AE128037000000000000703,0.00,[]
LOC-IN-0001407,QUOTE-LOC-IN-0001407,COMPLETED,REF-LOC-IN-0001407,EXT-SRC-000704,INWARD,R3140,2026-04-02 17:21:00,,220000000141,AE070330000220000000141,7342.00,7342.00,SALARY,Salary,FTS,AE128047000000000000704,0.00,[]
LOC-IN-0001409,QUOTE-LOC-IN-0001409,COMPLETED,REF-LOC-IN-0001409,EXT-SRC-000705,INWARD,R3140,2026-05-05 17:21:00,,220000000141,AE070330000220000000141,7389.00,7389.00,SALARY,Salary,FTS,AE128057000000000000705,0.00,[]
LOC-IN-0001411,QUOTE-LOC-IN-0001411,COMPLETED,REF-LOC-IN-0001411,EXT-SRC-000706,INWARD,R3141,2025-12-31 18:22:00,,220000000142,AE070330000220000000142,7284.00,7284.00,SALARY,Salary,FTS,AE128067000000000000706,0.00,[]
LOC-IN-0001413,QUOTE-LOC-IN-0001413,COMPLETED,REF-LOC-IN-0001413,EXT-SRC-000707,INWARD,R3141,2026-02-03 18:22:00,,220000000142,AE070330000220000000142,7331.00,7331.00,SALARY,Salary,FTS,AE128077000000000000707,0.00,[]
LOC-IN-0001415,QUOTE-LOC-IN-0001415,COMPLETED,REF-LOC-IN-0001415,EXT-SRC-000708,INWARD,R3141,2026-03-06 18:22:00,,220000000142,AE070330000220000000142,7378.00,7378.00,SALARY,Salary,FTS,AE128087000000000000708,0.00,[]
LOC-IN-0001417,QUOTE-LOC-IN-0001417,COMPLETED,REF-LOC-IN-0001417,EXT-SRC-000709,INWARD,R3141,2026-04-09 18:22:00,,220000000142,AE070330000220000000142,7425.00,7425.00,SALARY,Salary,FTS,AE128097000000000000709,0.00,[]
LOC-IN-0001419,QUOTE-LOC-IN-0001419,COMPLETED,REF-LOC-IN-0001419,EXT-SRC-000710,INWARD,R3141,2026-05-12 18:22:00,,220000000142,AE070330000220000000142,7472.00,7472.00,SALARY,Salary,FTS,AE128107000000000000710,0.00,[]
LOC-IN-0001421,QUOTE-LOC-IN-0001421,COMPLETED,REF-LOC-IN-0001421,EXT-SRC-000711,INWARD,R3142,2026-01-07 08:23:00,,220000000143,AE070330000220000000143,7367.00,7367.00,SALARY,Salary,FTS,AE128117000000000000711,0.00,[]
LOC-IN-0001423,QUOTE-LOC-IN-0001423,COMPLETED,REF-LOC-IN-0001423,EXT-SRC-000712,INWARD,R3142,2026-02-10 08:23:00,,220000000143,AE070330000220000000143,7414.00,7414.00,SALARY,Salary,FTS,AE128127000000000000712,0.00,[]
LOC-IN-0001425,QUOTE-LOC-IN-0001425,COMPLETED,REF-LOC-IN-0001425,EXT-SRC-000713,INWARD,R3142,2026-03-13 08:23:00,,220000000143,AE070330000220000000143,7461.00,7461.00,SALARY,Salary,FTS,AE128137000000000000713,0.00,[]
LOC-IN-0001427,QUOTE-LOC-IN-0001427,COMPLETED,REF-LOC-IN-0001427,EXT-SRC-000714,INWARD,R3142,2026-04-16 08:23:00,,220000000143,AE070330000220000000143,7508.00,7508.00,SALARY,Salary,FTS,AE128147000000000000714,0.00,[]
LOC-IN-0001429,QUOTE-LOC-IN-0001429,COMPLETED,REF-LOC-IN-0001429,EXT-SRC-000715,INWARD,R3142,2026-04-27 08:23:00,,220000000143,AE070330000220000000143,7555.00,7555.00,SALARY,Salary,FTS,AE128157000000000000715,0.00,[]
LOC-IN-0001431,QUOTE-LOC-IN-0001431,COMPLETED,REF-LOC-IN-0001431,EXT-SRC-000716,INWARD,R3143,2026-01-14 09:24:00,,220000000144,AE070330000220000000144,7450.00,7450.00,SALARY,Salary,FTS,AE128167000000000000716,0.00,[]
LOC-IN-0001433,QUOTE-LOC-IN-0001433,COMPLETED,REF-LOC-IN-0001433,EXT-SRC-000717,INWARD,R3143,2026-02-17 09:24:00,,220000000144,AE070330000220000000144,7497.00,7497.00,SALARY,Salary,FTS,AE128177000000000000717,0.00,[]
LOC-IN-0001435,QUOTE-LOC-IN-0001435,COMPLETED,REF-LOC-IN-0001435,EXT-SRC-000718,INWARD,R3143,2026-02-26 09:24:00,,220000000144,AE070330000220000000144,7544.00,7544.00,SALARY,Salary,FTS,AE128187000000000000718,0.00,[]
LOC-IN-0001437,QUOTE-LOC-IN-0001437,COMPLETED,REF-LOC-IN-0001437,EXT-SRC-000719,INWARD,R3143,2026-04-01 09:24:00,,220000000144,AE070330000220000000144,7591.00,7591.00,SALARY,Salary,FTS,AE128197000000000000719,0.00,[]
LOC-IN-0001439,QUOTE-LOC-IN-0001439,COMPLETED,REF-LOC-IN-0001439,EXT-SRC-000720,INWARD,R3143,2026-05-04 09:24:00,,220000000144,AE070330000220000000144,7638.00,7638.00,SALARY,Salary,FTS,AE128207000000000000720,0.00,[]
LOC-IN-0001441,QUOTE-LOC-IN-0001441,COMPLETED,REF-LOC-IN-0001441,EXT-SRC-000721,INWARD,R3144,2025-12-30 10:25:00,,220000000145,AE070330000220000000145,7533.00,7533.00,SALARY,Salary,FTS,AE128217000000000000721,0.00,[]
LOC-IN-0001443,QUOTE-LOC-IN-0001443,COMPLETED,REF-LOC-IN-0001443,EXT-SRC-000722,INWARD,R3144,2026-02-02 10:25:00,,220000000145,AE070330000220000000145,7580.00,7580.00,SALARY,Salary,FTS,AE128227000000000000722,0.00,[]
LOC-IN-0001445,QUOTE-LOC-IN-0001445,COMPLETED,REF-LOC-IN-0001445,EXT-SRC-000723,INWARD,R3144,2026-03-05 10:25:00,,220000000145,AE070330000220000000145,7627.00,7627.00,SALARY,Salary,FTS,AE128237000000000000723,0.00,[]
LOC-IN-0001447,QUOTE-LOC-IN-0001447,COMPLETED,REF-LOC-IN-0001447,EXT-SRC-000724,INWARD,R3144,2026-04-08 10:25:00,,220000000145,AE070330000220000000145,7674.00,7674.00,SALARY,Salary,FTS,AE128247000000000000724,0.00,[]
LOC-IN-0001449,QUOTE-LOC-IN-0001449,COMPLETED,REF-LOC-IN-0001449,EXT-SRC-000725,INWARD,R3144,2026-05-11 10:25:00,,220000000145,AE070330000220000000145,7721.00,7721.00,SALARY,Salary,FTS,AE128257000000000000725,0.00,[]
LOC-IN-0001451,QUOTE-LOC-IN-0001451,COMPLETED,REF-LOC-IN-0001451,EXT-SRC-000726,INWARD,R3145,2026-01-06 11:26:00,,220000000146,AE070330000220000000146,7616.00,7616.00,SALARY,Salary,FTS,AE128267000000000000726,0.00,[]
LOC-IN-0001453,QUOTE-LOC-IN-0001453,COMPLETED,REF-LOC-IN-0001453,EXT-SRC-000727,INWARD,R3145,2026-02-09 11:26:00,,220000000146,AE070330000220000000146,7663.00,7663.00,SALARY,Salary,FTS,AE128277000000000000727,0.00,[]
LOC-IN-0001455,QUOTE-LOC-IN-0001455,COMPLETED,REF-LOC-IN-0001455,EXT-SRC-000728,INWARD,R3145,2026-03-12 11:26:00,,220000000146,AE070330000220000000146,7710.00,7710.00,SALARY,Salary,FTS,AE128287000000000000728,0.00,[]
LOC-IN-0001457,QUOTE-LOC-IN-0001457,COMPLETED,REF-LOC-IN-0001457,EXT-SRC-000729,INWARD,R3145,2026-04-15 11:26:00,,220000000146,AE070330000220000000146,7757.00,7757.00,SALARY,Salary,FTS,AE128297000000000000729,0.00,[]
LOC-IN-0001459,QUOTE-LOC-IN-0001459,COMPLETED,REF-LOC-IN-0001459,EXT-SRC-000730,INWARD,R3145,2026-04-26 11:26:00,,220000000146,AE070330000220000000146,7804.00,7804.00,SALARY,Salary,FTS,AE128307000000000000730,0.00,[]
LOC-IN-0001461,QUOTE-LOC-IN-0001461,COMPLETED,REF-LOC-IN-0001461,EXT-SRC-000731,INWARD,R3146,2026-01-13 12:27:00,,220000000147,AE070330000220000000147,7699.00,7699.00,SALARY,Salary,FTS,AE128317000000000000731,0.00,[]
LOC-IN-0001463,QUOTE-LOC-IN-0001463,COMPLETED,REF-LOC-IN-0001463,EXT-SRC-000732,INWARD,R3146,2026-02-16 12:27:00,,220000000147,AE070330000220000000147,7746.00,7746.00,SALARY,Salary,FTS,AE128327000000000000732,0.00,[]
LOC-IN-0001465,QUOTE-LOC-IN-0001465,COMPLETED,REF-LOC-IN-0001465,EXT-SRC-000733,INWARD,R3146,2026-02-25 12:27:00,,220000000147,AE070330000220000000147,7793.00,7793.00,SALARY,Salary,FTS,AE128337000000000000733,0.00,[]
LOC-IN-0001467,QUOTE-LOC-IN-0001467,COMPLETED,REF-LOC-IN-0001467,EXT-SRC-000734,INWARD,R3146,2026-03-31 12:27:00,,220000000147,AE070330000220000000147,7840.00,7840.00,SALARY,Salary,FTS,AE128347000000000000734,0.00,[]
LOC-IN-0001469,QUOTE-LOC-IN-0001469,COMPLETED,REF-LOC-IN-0001469,EXT-SRC-000735,INWARD,R3146,2026-05-03 12:27:00,,220000000147,AE070330000220000000147,7887.00,7887.00,SALARY,Salary,FTS,AE128357000000000000735,0.00,[]
LOC-IN-0001471,QUOTE-LOC-IN-0001471,COMPLETED,REF-LOC-IN-0001471,EXT-SRC-000736,INWARD,R3147,2025-12-29 13:28:00,,220000000148,AE070330000220000000148,7782.00,7782.00,SALARY,Salary,FTS,AE128367000000000000736,0.00,[]
LOC-IN-0001473,QUOTE-LOC-IN-0001473,COMPLETED,REF-LOC-IN-0001473,EXT-SRC-000737,INWARD,R3147,2026-02-01 13:28:00,,220000000148,AE070330000220000000148,7829.00,7829.00,SALARY,Salary,FTS,AE128377000000000000737,0.00,[]
LOC-IN-0001475,QUOTE-LOC-IN-0001475,COMPLETED,REF-LOC-IN-0001475,EXT-SRC-000738,INWARD,R3147,2026-03-04 13:28:00,,220000000148,AE070330000220000000148,7876.00,7876.00,SALARY,Salary,FTS,AE128387000000000000738,0.00,[]
LOC-IN-0001477,QUOTE-LOC-IN-0001477,COMPLETED,REF-LOC-IN-0001477,EXT-SRC-000739,INWARD,R3147,2026-04-07 13:28:00,,220000000148,AE070330000220000000148,7923.00,7923.00,SALARY,Salary,FTS,AE128397000000000000739,0.00,[]
LOC-IN-0001479,QUOTE-LOC-IN-0001479,COMPLETED,REF-LOC-IN-0001479,EXT-SRC-000740,INWARD,R3147,2026-05-10 13:28:00,,220000000148,AE070330000220000000148,7970.00,7970.00,SALARY,Salary,FTS,AE128407000000000000740,0.00,[]
LOC-IN-0001481,QUOTE-LOC-IN-0001481,COMPLETED,REF-LOC-IN-0001481,EXT-SRC-000741,INWARD,R3148,2026-01-05 14:29:00,,220000000149,AE070330000220000000149,7865.00,7865.00,SALARY,Salary,FTS,AE128417000000000000741,0.00,[]
LOC-IN-0001483,QUOTE-LOC-IN-0001483,COMPLETED,REF-LOC-IN-0001483,EXT-SRC-000742,INWARD,R3148,2026-02-08 14:29:00,,220000000149,AE070330000220000000149,7912.00,7912.00,SALARY,Salary,FTS,AE128427000000000000742,0.00,[]
LOC-IN-0001485,QUOTE-LOC-IN-0001485,COMPLETED,REF-LOC-IN-0001485,EXT-SRC-000743,INWARD,R3148,2026-03-11 14:29:00,,220000000149,AE070330000220000000149,7959.00,7959.00,SALARY,Salary,FTS,AE128437000000000000743,0.00,[]
LOC-IN-0001487,QUOTE-LOC-IN-0001487,COMPLETED,REF-LOC-IN-0001487,EXT-SRC-000744,INWARD,R3148,2026-04-14 14:29:00,,220000000149,AE070330000220000000149,8006.00,8006.00,SALARY,Salary,FTS,AE128447000000000000744,0.00,[]
LOC-IN-0001489,QUOTE-LOC-IN-0001489,COMPLETED,REF-LOC-IN-0001489,EXT-SRC-000745,INWARD,R3148,2026-05-17 14:29:00,,220000000149,AE070330000220000000149,8053.00,8053.00,SALARY,Salary,FTS,AE128457000000000000745,0.00,[]
LOC-IN-0001491,QUOTE-LOC-IN-0001491,COMPLETED,REF-LOC-IN-0001491,EXT-SRC-000746,INWARD,R3149,2026-01-12 15:30:00,,220000000150,AE070330000220000000150,7948.00,7948.00,SALARY,Salary,FTS,AE128467000000000000746,0.00,[]
LOC-IN-0001493,QUOTE-LOC-IN-0001493,COMPLETED,REF-LOC-IN-0001493,EXT-SRC-000747,INWARD,R3149,2026-02-15 15:30:00,,220000000150,AE070330000220000000150,7995.00,7995.00,SALARY,Salary,FTS,AE128477000000000000747,0.00,[]
LOC-IN-0001495,QUOTE-LOC-IN-0001495,COMPLETED,REF-LOC-IN-0001495,EXT-SRC-000748,INWARD,R3149,2026-02-24 15:30:00,,220000000150,AE070330000220000000150,8042.00,8042.00,SALARY,Salary,FTS,AE128487000000000000748,0.00,[]
LOC-IN-0001497,QUOTE-LOC-IN-0001497,COMPLETED,REF-LOC-IN-0001497,EXT-SRC-000749,INWARD,R3149,2026-03-30 15:30:00,,220000000150,AE070330000220000000150,8089.00,8089.00,SALARY,Salary,FTS,AE128497000000000000749,0.00,[]
LOC-IN-0001499,QUOTE-LOC-IN-0001499,COMPLETED,REF-LOC-IN-0001499,EXT-SRC-000750,INWARD,R3149,2026-05-02 15:30:00,,220000000150,AE070330000220000000150,8136.00,8136.00,SALARY,Salary,FTS,AE128507000000000000750,0.00,[]
LOC-IN-0001501,QUOTE-LOC-IN-0001501,COMPLETED,REF-LOC-IN-0001501,EXT-SRC-000751,INWARD,R3150,2025-12-28 16:31:00,,220000000151,AE070330000220000000151,8031.00,8031.00,SALARY,Salary,FTS,AE128517000000000000751,0.00,[]
LOC-IN-0001503,QUOTE-LOC-IN-0001503,COMPLETED,REF-LOC-IN-0001503,EXT-SRC-000752,INWARD,R3150,2026-01-31 16:31:00,,220000000151,AE070330000220000000151,8078.00,8078.00,SALARY,Salary,FTS,AE128527000000000000752,0.00,[]
LOC-IN-0001505,QUOTE-LOC-IN-0001505,COMPLETED,REF-LOC-IN-0001505,EXT-SRC-000753,INWARD,R3150,2026-03-03 16:31:00,,220000000151,AE070330000220000000151,8125.00,8125.00,SALARY,Salary,FTS,AE128537000000000000753,0.00,[]
LOC-IN-0001507,QUOTE-LOC-IN-0001507,COMPLETED,REF-LOC-IN-0001507,EXT-SRC-000754,INWARD,R3150,2026-04-06 16:31:00,,220000000151,AE070330000220000000151,8172.00,8172.00,SALARY,Salary,FTS,AE128547000000000000754,0.00,[]
LOC-IN-0001509,QUOTE-LOC-IN-0001509,COMPLETED,REF-LOC-IN-0001509,EXT-SRC-000755,INWARD,R3150,2026-05-09 16:31:00,,220000000151,AE070330000220000000151,8219.00,8219.00,SALARY,Salary,FTS,AE128557000000000000755,0.00,[]
LOC-IN-0001511,QUOTE-LOC-IN-0001511,COMPLETED,REF-LOC-IN-0001511,EXT-SRC-000756,INWARD,R3151,2026-01-04 17:32:00,,220000000152,AE070330000220000000152,8114.00,8114.00,SALARY,Salary,FTS,AE128567000000000000756,0.00,[]
LOC-IN-0001513,QUOTE-LOC-IN-0001513,COMPLETED,REF-LOC-IN-0001513,EXT-SRC-000757,INWARD,R3151,2026-02-07 17:32:00,,220000000152,AE070330000220000000152,8161.00,8161.00,SALARY,Salary,FTS,AE128577000000000000757,0.00,[]
LOC-IN-0001515,QUOTE-LOC-IN-0001515,COMPLETED,REF-LOC-IN-0001515,EXT-SRC-000758,INWARD,R3151,2026-03-10 17:32:00,,220000000152,AE070330000220000000152,8208.00,8208.00,SALARY,Salary,FTS,AE128587000000000000758,0.00,[]
LOC-IN-0001517,QUOTE-LOC-IN-0001517,COMPLETED,REF-LOC-IN-0001517,EXT-SRC-000759,INWARD,R3151,2026-04-13 17:32:00,,220000000152,AE070330000220000000152,8255.00,8255.00,SALARY,Salary,FTS,AE128597000000000000759,0.00,[]
LOC-IN-0001519,QUOTE-LOC-IN-0001519,COMPLETED,REF-LOC-IN-0001519,EXT-SRC-000760,INWARD,R3151,2026-05-16 17:32:00,,220000000152,AE070330000220000000152,8302.00,8302.00,SALARY,Salary,FTS,AE128607000000000000760,0.00,[]
LOC-IN-0001521,QUOTE-LOC-IN-0001521,COMPLETED,REF-LOC-IN-0001521,EXT-SRC-000761,INWARD,R3152,2026-01-11 18:33:00,,220000000153,AE070330000220000000153,8197.00,8197.00,SALARY,Salary,FTS,AE128617000000000000761,0.00,[]
LOC-IN-0001523,QUOTE-LOC-IN-0001523,COMPLETED,REF-LOC-IN-0001523,EXT-SRC-000762,INWARD,R3152,2026-02-14 18:33:00,,220000000153,AE070330000220000000153,8244.00,8244.00,SALARY,Salary,FTS,AE128627000000000000762,0.00,[]
LOC-IN-0001525,QUOTE-LOC-IN-0001525,COMPLETED,REF-LOC-IN-0001525,EXT-SRC-000763,INWARD,R3152,2026-03-17 18:33:00,,220000000153,AE070330000220000000153,8291.00,8291.00,SALARY,Salary,FTS,AE128637000000000000763,0.00,[]
LOC-IN-0001527,QUOTE-LOC-IN-0001527,COMPLETED,REF-LOC-IN-0001527,EXT-SRC-000764,INWARD,R3152,2026-03-29 18:33:00,,220000000153,AE070330000220000000153,8338.00,8338.00,SALARY,Salary,FTS,AE128647000000000000764,0.00,[]
LOC-IN-0001529,QUOTE-LOC-IN-0001529,COMPLETED,REF-LOC-IN-0001529,EXT-SRC-000765,INWARD,R3152,2026-05-01 18:33:00,,220000000153,AE070330000220000000153,8385.00,8385.00,SALARY,Salary,FTS,AE128657000000000000765,0.00,[]
LOC-IN-0001531,QUOTE-LOC-IN-0001531,COMPLETED,REF-LOC-IN-0001531,EXT-SRC-000766,INWARD,R3153,2025-12-27 08:34:00,,220000000154,AE070330000220000000154,8280.00,8280.00,SALARY,Salary,FTS,AE128667000000000000766,0.00,[]
LOC-IN-0001533,QUOTE-LOC-IN-0001533,COMPLETED,REF-LOC-IN-0001533,EXT-SRC-000767,INWARD,R3153,2026-01-30 08:34:00,,220000000154,AE070330000220000000154,8327.00,8327.00,SALARY,Salary,FTS,AE128677000000000000767,0.00,[]
LOC-IN-0001535,QUOTE-LOC-IN-0001535,COMPLETED,REF-LOC-IN-0001535,EXT-SRC-000768,INWARD,R3153,2026-03-02 08:34:00,,220000000154,AE070330000220000000154,8374.00,8374.00,SALARY,Salary,FTS,AE128687000000000000768,0.00,[]
LOC-IN-0001537,QUOTE-LOC-IN-0001537,COMPLETED,REF-LOC-IN-0001537,EXT-SRC-000769,INWARD,R3153,2026-04-05 08:34:00,,220000000154,AE070330000220000000154,8421.00,8421.00,SALARY,Salary,FTS,AE128697000000000000769,0.00,[]
LOC-IN-0001539,QUOTE-LOC-IN-0001539,COMPLETED,REF-LOC-IN-0001539,EXT-SRC-000770,INWARD,R3153,2026-05-08 08:34:00,,220000000154,AE070330000220000000154,8468.00,8468.00,SALARY,Salary,FTS,AE128707000000000000770,0.00,[]
LOC-IN-0001541,QUOTE-LOC-IN-0001541,COMPLETED,REF-LOC-IN-0001541,EXT-SRC-000771,INWARD,R3154,2026-01-03 09:35:00,,220000000155,AE070330000220000000155,8363.00,8363.00,SALARY,Salary,FTS,AE128717000000000000771,0.00,[]
LOC-IN-0001543,QUOTE-LOC-IN-0001543,COMPLETED,REF-LOC-IN-0001543,EXT-SRC-000772,INWARD,R3154,2026-02-06 09:35:00,,220000000155,AE070330000220000000155,8410.00,8410.00,SALARY,Salary,FTS,AE128727000000000000772,0.00,[]
LOC-IN-0001545,QUOTE-LOC-IN-0001545,COMPLETED,REF-LOC-IN-0001545,EXT-SRC-000773,INWARD,R3154,2026-03-09 09:35:00,,220000000155,AE070330000220000000155,8457.00,8457.00,SALARY,Salary,FTS,AE128737000000000000773,0.00,[]
LOC-IN-0001547,QUOTE-LOC-IN-0001547,COMPLETED,REF-LOC-IN-0001547,EXT-SRC-000774,INWARD,R3154,2026-04-12 09:35:00,,220000000155,AE070330000220000000155,8504.00,8504.00,SALARY,Salary,FTS,AE128747000000000000774,0.00,[]
LOC-IN-0001549,QUOTE-LOC-IN-0001549,COMPLETED,REF-LOC-IN-0001549,EXT-SRC-000775,INWARD,R3154,2026-05-15 09:35:00,,220000000155,AE070330000220000000155,8551.00,8551.00,SALARY,Salary,FTS,AE128757000000000000775,0.00,[]
LOC-IN-0001551,QUOTE-LOC-IN-0001551,COMPLETED,REF-LOC-IN-0001551,EXT-SRC-000776,INWARD,R3155,2026-01-10 10:36:00,,220000000156,AE070330000220000000156,8446.00,8446.00,SALARY,Salary,FTS,AE128767000000000000776,0.00,[]
LOC-IN-0001553,QUOTE-LOC-IN-0001553,COMPLETED,REF-LOC-IN-0001553,EXT-SRC-000777,INWARD,R3155,2026-02-13 10:36:00,,220000000156,AE070330000220000000156,8493.00,8493.00,SALARY,Salary,FTS,AE128777000000000000777,0.00,[]
LOC-IN-0001555,QUOTE-LOC-IN-0001555,COMPLETED,REF-LOC-IN-0001555,EXT-SRC-000778,INWARD,R3155,2026-03-16 10:36:00,,220000000156,AE070330000220000000156,8540.00,8540.00,SALARY,Salary,FTS,AE128787000000000000778,0.00,[]
LOC-IN-0001557,QUOTE-LOC-IN-0001557,COMPLETED,REF-LOC-IN-0001557,EXT-SRC-000779,INWARD,R3155,2026-03-28 10:36:00,,220000000156,AE070330000220000000156,8587.00,8587.00,SALARY,Salary,FTS,AE128797000000000000779,0.00,[]
LOC-IN-0001559,QUOTE-LOC-IN-0001559,COMPLETED,REF-LOC-IN-0001559,EXT-SRC-000780,INWARD,R3155,2026-04-30 10:36:00,,220000000156,AE070330000220000000156,8634.00,8634.00,SALARY,Salary,FTS,AE128807000000000000780,0.00,[]
LOC-IN-0001561,QUOTE-LOC-IN-0001561,COMPLETED,REF-LOC-IN-0001561,EXT-SRC-000781,INWARD,R3156,2026-01-17 11:37:00,,220000000157,AE070330000220000000157,8529.00,8529.00,SALARY,Salary,FTS,AE128817000000000000781,0.00,[]
LOC-IN-0001563,QUOTE-LOC-IN-0001563,COMPLETED,REF-LOC-IN-0001563,EXT-SRC-000782,INWARD,R3156,2026-01-29 11:37:00,,220000000157,AE070330000220000000157,8576.00,8576.00,SALARY,Salary,FTS,AE128827000000000000782,0.00,[]
LOC-IN-0001565,QUOTE-LOC-IN-0001565,COMPLETED,REF-LOC-IN-0001565,EXT-SRC-000783,INWARD,R3156,2026-03-01 11:37:00,,220000000157,AE070330000220000000157,8623.00,8623.00,SALARY,Salary,FTS,AE128837000000000000783,0.00,[]
LOC-IN-0001567,QUOTE-LOC-IN-0001567,COMPLETED,REF-LOC-IN-0001567,EXT-SRC-000784,INWARD,R3156,2026-04-04 11:37:00,,220000000157,AE070330000220000000157,8670.00,8670.00,SALARY,Salary,FTS,AE128847000000000000784,0.00,[]
LOC-IN-0001569,QUOTE-LOC-IN-0001569,COMPLETED,REF-LOC-IN-0001569,EXT-SRC-000785,INWARD,R3156,2026-05-07 11:37:00,,220000000157,AE070330000220000000157,8717.00,8717.00,SALARY,Salary,FTS,AE128857000000000000785,0.00,[]
LOC-IN-0001571,QUOTE-LOC-IN-0001571,COMPLETED,REF-LOC-IN-0001571,EXT-SRC-000786,INWARD,R3157,2026-01-02 12:38:00,,220000000158,AE070330000220000000158,8612.00,8612.00,SALARY,Salary,FTS,AE128867000000000000786,0.00,[]
LOC-IN-0001573,QUOTE-LOC-IN-0001573,COMPLETED,REF-LOC-IN-0001573,EXT-SRC-000787,INWARD,R3157,2026-02-05 12:38:00,,220000000158,AE070330000220000000158,8659.00,8659.00,SALARY,Salary,FTS,AE128877000000000000787,0.00,[]
LOC-IN-0001575,QUOTE-LOC-IN-0001575,COMPLETED,REF-LOC-IN-0001575,EXT-SRC-000788,INWARD,R3157,2026-03-08 12:38:00,,220000000158,AE070330000220000000158,8706.00,8706.00,SALARY,Salary,FTS,AE128887000000000000788,0.00,[]
LOC-IN-0001577,QUOTE-LOC-IN-0001577,COMPLETED,REF-LOC-IN-0001577,EXT-SRC-000789,INWARD,R3157,2026-04-11 12:38:00,,220000000158,AE070330000220000000158,8753.00,8753.00,SALARY,Salary,FTS,AE128897000000000000789,0.00,[]
LOC-IN-0001579,QUOTE-LOC-IN-0001579,COMPLETED,REF-LOC-IN-0001579,EXT-SRC-000790,INWARD,R3157,2026-05-14 12:38:00,,220000000158,AE070330000220000000158,8800.00,8800.00,SALARY,Salary,FTS,AE128907000000000000790,0.00,[]
LOC-IN-0001581,QUOTE-LOC-IN-0001581,COMPLETED,REF-LOC-IN-0001581,EXT-SRC-000791,INWARD,R3158,2026-01-09 13:39:00,,220000000159,AE070330000220000000159,8695.00,8695.00,SALARY,Salary,FTS,AE128917000000000000791,0.00,[]
LOC-IN-0001583,QUOTE-LOC-IN-0001583,COMPLETED,REF-LOC-IN-0001583,EXT-SRC-000792,INWARD,R3158,2026-02-12 13:39:00,,220000000159,AE070330000220000000159,8742.00,8742.00,SALARY,Salary,FTS,AE128927000000000000792,0.00,[]
LOC-IN-0001585,QUOTE-LOC-IN-0001585,COMPLETED,REF-LOC-IN-0001585,EXT-SRC-000793,INWARD,R3158,2026-03-15 13:39:00,,220000000159,AE070330000220000000159,8789.00,8789.00,SALARY,Salary,FTS,AE128937000000000000793,0.00,[]
LOC-IN-0001587,QUOTE-LOC-IN-0001587,COMPLETED,REF-LOC-IN-0001587,EXT-SRC-000794,INWARD,R3158,2026-03-27 13:39:00,,220000000159,AE070330000220000000159,8836.00,8836.00,SALARY,Salary,FTS,AE128947000000000000794,0.00,[]
LOC-IN-0001589,QUOTE-LOC-IN-0001589,COMPLETED,REF-LOC-IN-0001589,EXT-SRC-000795,INWARD,R3158,2026-04-29 13:39:00,,220000000159,AE070330000220000000159,8883.00,8883.00,SALARY,Salary,FTS,AE128957000000000000795,0.00,[]
LOC-IN-0001591,QUOTE-LOC-IN-0001591,COMPLETED,REF-LOC-IN-0001591,EXT-SRC-000796,INWARD,R3159,2026-01-16 14:40:00,,220000000160,AE070330000220000000160,8778.00,8778.00,SALARY,Salary,FTS,AE128967000000000000796,0.00,[]
LOC-IN-0001593,QUOTE-LOC-IN-0001593,COMPLETED,REF-LOC-IN-0001593,EXT-SRC-000797,INWARD,R3159,2026-01-28 14:40:00,,220000000160,AE070330000220000000160,8825.00,8825.00,SALARY,Salary,FTS,AE128977000000000000797,0.00,[]
LOC-IN-0001595,QUOTE-LOC-IN-0001595,COMPLETED,REF-LOC-IN-0001595,EXT-SRC-000798,INWARD,R3159,2026-02-28 14:40:00,,220000000160,AE070330000220000000160,8872.00,8872.00,SALARY,Salary,FTS,AE128987000000000000798,0.00,[]
LOC-IN-0001597,QUOTE-LOC-IN-0001597,COMPLETED,REF-LOC-IN-0001597,EXT-SRC-000799,INWARD,R3159,2026-04-03 14:40:00,,220000000160,AE070330000220000000160,8919.00,8919.00,SALARY,Salary,FTS,AE128997000000000000799,0.00,[]
LOC-IN-0001599,QUOTE-LOC-IN-0001599,COMPLETED,REF-LOC-IN-0001599,EXT-SRC-000800,INWARD,R3159,2026-05-06 14:40:00,,220000000160,AE070330000220000000160,8966.00,8966.00,SALARY,Salary,FTS,AE129007000000000000800,0.00,[]
LOC-IN-0001601,QUOTE-LOC-IN-0001601,COMPLETED,REF-LOC-IN-0001601,EXT-SRC-000801,INWARD,R3160,2026-01-01 15:41:00,,220000000161,AE070330000220000000161,8861.00,8861.00,SALARY,Salary,FTS,AE129017000000000000801,0.00,[]
LOC-IN-0001603,QUOTE-LOC-IN-0001603,COMPLETED,REF-LOC-IN-0001603,EXT-SRC-000802,INWARD,R3160,2026-02-04 15:41:00,,220000000161,AE070330000220000000161,8908.00,8908.00,SALARY,Salary,FTS,AE129027000000000000802,0.00,[]
LOC-IN-0001605,QUOTE-LOC-IN-0001605,COMPLETED,REF-LOC-IN-0001605,EXT-SRC-000803,INWARD,R3160,2026-03-07 15:41:00,,220000000161,AE070330000220000000161,8955.00,8955.00,SALARY,Salary,FTS,AE129037000000000000803,0.00,[]
LOC-IN-0001607,QUOTE-LOC-IN-0001607,COMPLETED,REF-LOC-IN-0001607,EXT-SRC-000804,INWARD,R3160,2026-04-10 15:41:00,,220000000161,AE070330000220000000161,9002.00,9002.00,SALARY,Salary,FTS,AE129047000000000000804,0.00,[]
LOC-IN-0001609,QUOTE-LOC-IN-0001609,COMPLETED,REF-LOC-IN-0001609,EXT-SRC-000805,INWARD,R3160,2026-05-13 15:41:00,,220000000161,AE070330000220000000161,9049.00,9049.00,SALARY,Salary,FTS,AE129057000000000000805,0.00,[]
LOC-IN-0001611,QUOTE-LOC-IN-0001611,COMPLETED,REF-LOC-IN-0001611,EXT-SRC-000806,INWARD,R3161,2026-01-08 16:42:00,,220000000162,AE070330000220000000162,8944.00,8944.00,SALARY,Salary,FTS,AE129067000000000000806,0.00,[]
LOC-IN-0001613,QUOTE-LOC-IN-0001613,COMPLETED,REF-LOC-IN-0001613,EXT-SRC-000807,INWARD,R3161,2026-02-11 16:42:00,,220000000162,AE070330000220000000162,8991.00,8991.00,SALARY,Salary,FTS,AE129077000000000000807,0.00,[]
LOC-IN-0001615,QUOTE-LOC-IN-0001615,COMPLETED,REF-LOC-IN-0001615,EXT-SRC-000808,INWARD,R3161,2026-03-14 16:42:00,,220000000162,AE070330000220000000162,9038.00,9038.00,SALARY,Salary,FTS,AE129087000000000000808,0.00,[]
LOC-IN-0001617,QUOTE-LOC-IN-0001617,COMPLETED,REF-LOC-IN-0001617,EXT-SRC-000809,INWARD,R3161,2026-04-17 16:42:00,,220000000162,AE070330000220000000162,9085.00,9085.00,SALARY,Salary,FTS,AE129097000000000000809,0.00,[]
LOC-IN-0001619,QUOTE-LOC-IN-0001619,COMPLETED,REF-LOC-IN-0001619,EXT-SRC-000810,INWARD,R3161,2026-04-28 16:42:00,,220000000162,AE070330000220000000162,9132.00,9132.00,SALARY,Salary,FTS,AE129107000000000000810,0.00,[]
LOC-IN-0001621,QUOTE-LOC-IN-0001621,COMPLETED,REF-LOC-IN-0001621,EXT-SRC-000811,INWARD,R3162,2026-01-15 17:43:00,,220000000163,AE070330000220000000163,9027.00,9027.00,SALARY,Salary,FTS,AE129117000000000000811,0.00,[]
LOC-IN-0001623,QUOTE-LOC-IN-0001623,COMPLETED,REF-LOC-IN-0001623,EXT-SRC-000812,INWARD,R3162,2026-01-27 17:43:00,,220000000163,AE070330000220000000163,9074.00,9074.00,SALARY,Salary,FTS,AE129127000000000000812,0.00,[]
LOC-IN-0001625,QUOTE-LOC-IN-0001625,COMPLETED,REF-LOC-IN-0001625,EXT-SRC-000813,INWARD,R3162,2026-02-27 17:43:00,,220000000163,AE070330000220000000163,9121.00,9121.00,SALARY,Salary,FTS,AE129137000000000000813,0.00,[]
LOC-IN-0001627,QUOTE-LOC-IN-0001627,COMPLETED,REF-LOC-IN-0001627,EXT-SRC-000814,INWARD,R3162,2026-04-02 17:43:00,,220000000163,AE070330000220000000163,9168.00,9168.00,SALARY,Salary,FTS,AE129147000000000000814,0.00,[]
LOC-IN-0001629,QUOTE-LOC-IN-0001629,COMPLETED,REF-LOC-IN-0001629,EXT-SRC-000815,INWARD,R3162,2026-05-05 17:43:00,,220000000163,AE070330000220000000163,9215.00,9215.00,SALARY,Salary,FTS,AE129157000000000000815,0.00,[]
LOC-IN-0001631,QUOTE-LOC-IN-0001631,COMPLETED,REF-LOC-IN-0001631,EXT-SRC-000816,INWARD,R3163,2025-12-31 18:44:00,,220000000164,AE070330000220000000164,9110.00,9110.00,SALARY,Salary,FTS,AE129167000000000000816,0.00,[]
LOC-IN-0001633,QUOTE-LOC-IN-0001633,COMPLETED,REF-LOC-IN-0001633,EXT-SRC-000817,INWARD,R3163,2026-02-03 18:44:00,,220000000164,AE070330000220000000164,9157.00,9157.00,SALARY,Salary,FTS,AE129177000000000000817,0.00,[]
LOC-IN-0001635,QUOTE-LOC-IN-0001635,COMPLETED,REF-LOC-IN-0001635,EXT-SRC-000818,INWARD,R3163,2026-03-06 18:44:00,,220000000164,AE070330000220000000164,9204.00,9204.00,SALARY,Salary,FTS,AE129187000000000000818,0.00,[]
LOC-IN-0001637,QUOTE-LOC-IN-0001637,COMPLETED,REF-LOC-IN-0001637,EXT-SRC-000819,INWARD,R3163,2026-04-09 18:44:00,,220000000164,AE070330000220000000164,9251.00,9251.00,SALARY,Salary,FTS,AE129197000000000000819,0.00,[]
LOC-IN-0001639,QUOTE-LOC-IN-0001639,COMPLETED,REF-LOC-IN-0001639,EXT-SRC-000820,INWARD,R3163,2026-05-12 18:44:00,,220000000164,AE070330000220000000164,9298.00,9298.00,SALARY,Salary,FTS,AE129207000000000000820,0.00,[]
LOC-IN-0001641,QUOTE-LOC-IN-0001641,COMPLETED,REF-LOC-IN-0001641,EXT-SRC-000821,INWARD,R3164,2026-01-07 08:45:00,,220000000165,AE070330000220000000165,9193.00,9193.00,SALARY,Salary,FTS,AE129217000000000000821,0.00,[]
LOC-IN-0001643,QUOTE-LOC-IN-0001643,COMPLETED,REF-LOC-IN-0001643,EXT-SRC-000822,INWARD,R3164,2026-02-10 08:45:00,,220000000165,AE070330000220000000165,9240.00,9240.00,SALARY,Salary,FTS,AE129227000000000000822,0.00,[]
LOC-IN-0001645,QUOTE-LOC-IN-0001645,COMPLETED,REF-LOC-IN-0001645,EXT-SRC-000823,INWARD,R3164,2026-03-13 08:45:00,,220000000165,AE070330000220000000165,9287.00,9287.00,SALARY,Salary,FTS,AE129237000000000000823,0.00,[]
LOC-IN-0001647,QUOTE-LOC-IN-0001647,COMPLETED,REF-LOC-IN-0001647,EXT-SRC-000824,INWARD,R3164,2026-04-16 08:45:00,,220000000165,AE070330000220000000165,9334.00,9334.00,SALARY,Salary,FTS,AE129247000000000000824,0.00,[]
LOC-IN-0001649,QUOTE-LOC-IN-0001649,COMPLETED,REF-LOC-IN-0001649,EXT-SRC-000825,INWARD,R3164,2026-04-27 08:45:00,,220000000165,AE070330000220000000165,9381.00,9381.00,SALARY,Salary,FTS,AE129257000000000000825,0.00,[]
LOC-IN-0001651,QUOTE-LOC-IN-0001651,COMPLETED,REF-LOC-IN-0001651,EXT-SRC-000826,INWARD,R3165,2026-01-14 09:46:00,,220000000166,AE070330000220000000166,9276.00,9276.00,SALARY,Salary,FTS,AE129267000000000000826,0.00,[]
LOC-IN-0001653,QUOTE-LOC-IN-0001653,COMPLETED,REF-LOC-IN-0001653,EXT-SRC-000827,INWARD,R3165,2026-02-17 09:46:00,,220000000166,AE070330000220000000166,9323.00,9323.00,SALARY,Salary,FTS,AE129277000000000000827,0.00,[]
LOC-IN-0001655,QUOTE-LOC-IN-0001655,COMPLETED,REF-LOC-IN-0001655,EXT-SRC-000828,INWARD,R3165,2026-02-26 09:46:00,,220000000166,AE070330000220000000166,9370.00,9370.00,SALARY,Salary,FTS,AE129287000000000000828,0.00,[]
LOC-IN-0001657,QUOTE-LOC-IN-0001657,COMPLETED,REF-LOC-IN-0001657,EXT-SRC-000829,INWARD,R3165,2026-04-01 09:46:00,,220000000166,AE070330000220000000166,9417.00,9417.00,SALARY,Salary,FTS,AE129297000000000000829,0.00,[]
LOC-IN-0001659,QUOTE-LOC-IN-0001659,COMPLETED,REF-LOC-IN-0001659,EXT-SRC-000830,INWARD,R3165,2026-05-04 09:46:00,,220000000166,AE070330000220000000166,9464.00,9464.00,SALARY,Salary,FTS,AE129307000000000000830,0.00,[]
LOC-IN-0001661,QUOTE-LOC-IN-0001661,COMPLETED,REF-LOC-IN-0001661,EXT-SRC-000831,INWARD,R3166,2025-12-30 10:47:00,,220000000167,AE070330000220000000167,9359.00,9359.00,SALARY,Salary,FTS,AE129317000000000000831,0.00,[]
LOC-IN-0001663,QUOTE-LOC-IN-0001663,COMPLETED,REF-LOC-IN-0001663,EXT-SRC-000832,INWARD,R3166,2026-02-02 10:47:00,,220000000167,AE070330000220000000167,9406.00,9406.00,SALARY,Salary,FTS,AE129327000000000000832,0.00,[]
LOC-IN-0001665,QUOTE-LOC-IN-0001665,COMPLETED,REF-LOC-IN-0001665,EXT-SRC-000833,INWARD,R3166,2026-03-05 10:47:00,,220000000167,AE070330000220000000167,9453.00,9453.00,SALARY,Salary,FTS,AE129337000000000000833,0.00,[]
LOC-IN-0001667,QUOTE-LOC-IN-0001667,COMPLETED,REF-LOC-IN-0001667,EXT-SRC-000834,INWARD,R3166,2026-04-08 10:47:00,,220000000167,AE070330000220000000167,9500.00,9500.00,SALARY,Salary,FTS,AE129347000000000000834,0.00,[]
LOC-IN-0001669,QUOTE-LOC-IN-0001669,COMPLETED,REF-LOC-IN-0001669,EXT-SRC-000835,INWARD,R3166,2026-05-11 10:47:00,,220000000167,AE070330000220000000167,9547.00,9547.00,SALARY,Salary,FTS,AE129357000000000000835,0.00,[]
LOC-IN-0001671,QUOTE-LOC-IN-0001671,COMPLETED,REF-LOC-IN-0001671,EXT-SRC-000836,INWARD,R3167,2026-01-06 11:48:00,,220000000168,AE070330000220000000168,9442.00,9442.00,SALARY,Salary,FTS,AE129367000000000000836,0.00,[]
LOC-IN-0001673,QUOTE-LOC-IN-0001673,COMPLETED,REF-LOC-IN-0001673,EXT-SRC-000837,INWARD,R3167,2026-02-09 11:48:00,,220000000168,AE070330000220000000168,9489.00,9489.00,SALARY,Salary,FTS,AE129377000000000000837,0.00,[]
LOC-IN-0001675,QUOTE-LOC-IN-0001675,COMPLETED,REF-LOC-IN-0001675,EXT-SRC-000838,INWARD,R3167,2026-03-12 11:48:00,,220000000168,AE070330000220000000168,9536.00,9536.00,SALARY,Salary,FTS,AE129387000000000000838,0.00,[]
LOC-IN-0001677,QUOTE-LOC-IN-0001677,COMPLETED,REF-LOC-IN-0001677,EXT-SRC-000839,INWARD,R3167,2026-04-15 11:48:00,,220000000168,AE070330000220000000168,9583.00,9583.00,SALARY,Salary,FTS,AE129397000000000000839,0.00,[]
LOC-IN-0001679,QUOTE-LOC-IN-0001679,COMPLETED,REF-LOC-IN-0001679,EXT-SRC-000840,INWARD,R3167,2026-04-26 11:48:00,,220000000168,AE070330000220000000168,9630.00,9630.00,SALARY,Salary,FTS,AE129407000000000000840,0.00,[]
LOC-IN-0001681,QUOTE-LOC-IN-0001681,COMPLETED,REF-LOC-IN-0001681,EXT-SRC-000841,INWARD,R3168,2026-01-13 12:49:00,,220000000169,AE070330000220000000169,9525.00,9525.00,SALARY,Salary,FTS,AE129417000000000000841,0.00,[]
LOC-IN-0001683,QUOTE-LOC-IN-0001683,COMPLETED,REF-LOC-IN-0001683,EXT-SRC-000842,INWARD,R3168,2026-02-16 12:49:00,,220000000169,AE070330000220000000169,9572.00,9572.00,SALARY,Salary,FTS,AE129427000000000000842,0.00,[]
LOC-IN-0001685,QUOTE-LOC-IN-0001685,COMPLETED,REF-LOC-IN-0001685,EXT-SRC-000843,INWARD,R3168,2026-02-25 12:49:00,,220000000169,AE070330000220000000169,9619.00,9619.00,SALARY,Salary,FTS,AE129437000000000000843,0.00,[]
LOC-IN-0001687,QUOTE-LOC-IN-0001687,COMPLETED,REF-LOC-IN-0001687,EXT-SRC-000844,INWARD,R3168,2026-03-31 12:49:00,,220000000169,AE070330000220000000169,9666.00,9666.00,SALARY,Salary,FTS,AE129447000000000000844,0.00,[]
LOC-IN-0001689,QUOTE-LOC-IN-0001689,COMPLETED,REF-LOC-IN-0001689,EXT-SRC-000845,INWARD,R3168,2026-05-03 12:49:00,,220000000169,AE070330000220000000169,9713.00,9713.00,SALARY,Salary,FTS,AE129457000000000000845,0.00,[]
LOC-IN-0001691,QUOTE-LOC-IN-0001691,COMPLETED,REF-LOC-IN-0001691,EXT-SRC-000846,INWARD,R3169,2025-12-29 13:50:00,,220000000170,AE070330000220000000170,9608.00,9608.00,SALARY,Salary,FTS,AE129467000000000000846,0.00,[]
LOC-IN-0001693,QUOTE-LOC-IN-0001693,COMPLETED,REF-LOC-IN-0001693,EXT-SRC-000847,INWARD,R3169,2026-02-01 13:50:00,,220000000170,AE070330000220000000170,9655.00,9655.00,SALARY,Salary,FTS,AE129477000000000000847,0.00,[]
LOC-IN-0001695,QUOTE-LOC-IN-0001695,COMPLETED,REF-LOC-IN-0001695,EXT-SRC-000848,INWARD,R3169,2026-03-04 13:50:00,,220000000170,AE070330000220000000170,9702.00,9702.00,SALARY,Salary,FTS,AE129487000000000000848,0.00,[]
LOC-IN-0001697,QUOTE-LOC-IN-0001697,COMPLETED,REF-LOC-IN-0001697,EXT-SRC-000849,INWARD,R3169,2026-04-07 13:50:00,,220000000170,AE070330000220000000170,9749.00,9749.00,SALARY,Salary,FTS,AE129497000000000000849,0.00,[]
LOC-IN-0001699,QUOTE-LOC-IN-0001699,COMPLETED,REF-LOC-IN-0001699,EXT-SRC-000850,INWARD,R3169,2026-05-10 13:50:00,,220000000170,AE070330000220000000170,9796.00,9796.00,SALARY,Salary,FTS,AE129507000000000000850,0.00,[]
LOC-IN-0001701,QUOTE-LOC-IN-0001701,COMPLETED,REF-LOC-IN-0001701,EXT-SRC-000851,INWARD,R3170,2026-01-05 14:51:00,,220000000171,AE070330000220000000171,9691.00,9691.00,SALARY,Salary,FTS,AE129517000000000000851,0.00,[]
LOC-IN-0001703,QUOTE-LOC-IN-0001703,COMPLETED,REF-LOC-IN-0001703,EXT-SRC-000852,INWARD,R3170,2026-02-08 14:51:00,,220000000171,AE070330000220000000171,9738.00,9738.00,SALARY,Salary,FTS,AE129527000000000000852,0.00,[]
LOC-IN-0001705,QUOTE-LOC-IN-0001705,COMPLETED,REF-LOC-IN-0001705,EXT-SRC-000853,INWARD,R3170,2026-03-11 14:51:00,,220000000171,AE070330000220000000171,9785.00,9785.00,SALARY,Salary,FTS,AE129537000000000000853,0.00,[]
LOC-IN-0001707,QUOTE-LOC-IN-0001707,COMPLETED,REF-LOC-IN-0001707,EXT-SRC-000854,INWARD,R3170,2026-04-14 14:51:00,,220000000171,AE070330000220000000171,9832.00,9832.00,SALARY,Salary,FTS,AE129547000000000000854,0.00,[]
LOC-IN-0001709,QUOTE-LOC-IN-0001709,COMPLETED,REF-LOC-IN-0001709,EXT-SRC-000855,INWARD,R3170,2026-05-17 14:51:00,,220000000171,AE070330000220000000171,9879.00,9879.00,SALARY,Salary,FTS,AE129557000000000000855,0.00,[]
LOC-IN-0001711,QUOTE-LOC-IN-0001711,COMPLETED,REF-LOC-IN-0001711,EXT-SRC-000856,INWARD,R3171,2026-01-12 15:52:00,,220000000172,AE070330000220000000172,9774.00,9774.00,SALARY,Salary,FTS,AE129567000000000000856,0.00,[]
LOC-IN-0001713,QUOTE-LOC-IN-0001713,COMPLETED,REF-LOC-IN-0001713,EXT-SRC-000857,INWARD,R3171,2026-02-15 15:52:00,,220000000172,AE070330000220000000172,9821.00,9821.00,SALARY,Salary,FTS,AE129577000000000000857,0.00,[]
LOC-IN-0001715,QUOTE-LOC-IN-0001715,COMPLETED,REF-LOC-IN-0001715,EXT-SRC-000858,INWARD,R3171,2026-02-24 15:52:00,,220000000172,AE070330000220000000172,9868.00,9868.00,SALARY,Salary,FTS,AE129587000000000000858,0.00,[]
LOC-IN-0001717,QUOTE-LOC-IN-0001717,COMPLETED,REF-LOC-IN-0001717,EXT-SRC-000859,INWARD,R3171,2026-03-30 15:52:00,,220000000172,AE070330000220000000172,9915.00,9915.00,SALARY,Salary,FTS,AE129597000000000000859,0.00,[]
LOC-IN-0001719,QUOTE-LOC-IN-0001719,COMPLETED,REF-LOC-IN-0001719,EXT-SRC-000860,INWARD,R3171,2026-05-02 15:52:00,,220000000172,AE070330000220000000172,9962.00,9962.00,SALARY,Salary,FTS,AE129607000000000000860,0.00,[]
LOC-IN-0001721,QUOTE-LOC-IN-0001721,COMPLETED,REF-LOC-IN-0001721,EXT-SRC-000861,INWARD,R3172,2025-12-28 16:53:00,,220000000173,AE070330000220000000173,9857.00,9857.00,SALARY,Salary,FTS,AE129617000000000000861,0.00,[]
LOC-IN-0001723,QUOTE-LOC-IN-0001723,COMPLETED,REF-LOC-IN-0001723,EXT-SRC-000862,INWARD,R3172,2026-01-31 16:53:00,,220000000173,AE070330000220000000173,9904.00,9904.00,SALARY,Salary,FTS,AE129627000000000000862,0.00,[]
LOC-IN-0001725,QUOTE-LOC-IN-0001725,COMPLETED,REF-LOC-IN-0001725,EXT-SRC-000863,INWARD,R3172,2026-03-03 16:53:00,,220000000173,AE070330000220000000173,9951.00,9951.00,SALARY,Salary,FTS,AE129637000000000000863,0.00,[]
LOC-IN-0001727,QUOTE-LOC-IN-0001727,COMPLETED,REF-LOC-IN-0001727,EXT-SRC-000864,INWARD,R3172,2026-04-06 16:53:00,,220000000173,AE070330000220000000173,9998.00,9998.00,SALARY,Salary,FTS,AE129647000000000000864,0.00,[]
LOC-IN-0001729,QUOTE-LOC-IN-0001729,COMPLETED,REF-LOC-IN-0001729,EXT-SRC-000865,INWARD,R3172,2026-05-09 16:53:00,,220000000173,AE070330000220000000173,10045.00,10045.00,SALARY,Salary,FTS,AE129657000000000000865,0.00,[]
LOC-IN-0001731,QUOTE-LOC-IN-0001731,COMPLETED,REF-LOC-IN-0001731,EXT-SRC-000866,INWARD,R3173,2026-01-04 17:54:00,,220000000174,AE070330000220000000174,9940.00,9940.00,SALARY,Salary,FTS,AE129667000000000000866,0.00,[]
LOC-IN-0001733,QUOTE-LOC-IN-0001733,COMPLETED,REF-LOC-IN-0001733,EXT-SRC-000867,INWARD,R3173,2026-02-07 17:54:00,,220000000174,AE070330000220000000174,9987.00,9987.00,SALARY,Salary,FTS,AE129677000000000000867,0.00,[]
LOC-IN-0001735,QUOTE-LOC-IN-0001735,COMPLETED,REF-LOC-IN-0001735,EXT-SRC-000868,INWARD,R3173,2026-03-10 17:54:00,,220000000174,AE070330000220000000174,10034.00,10034.00,SALARY,Salary,FTS,AE129687000000000000868,0.00,[]
LOC-IN-0001737,QUOTE-LOC-IN-0001737,COMPLETED,REF-LOC-IN-0001737,EXT-SRC-000869,INWARD,R3173,2026-04-13 17:54:00,,220000000174,AE070330000220000000174,10081.00,10081.00,SALARY,Salary,FTS,AE129697000000000000869,0.00,[]
LOC-IN-0001739,QUOTE-LOC-IN-0001739,COMPLETED,REF-LOC-IN-0001739,EXT-SRC-000870,INWARD,R3173,2026-05-16 17:54:00,,220000000174,AE070330000220000000174,10128.00,10128.00,SALARY,Salary,FTS,AE129707000000000000870,0.00,[]
LOC-IN-0001741,QUOTE-LOC-IN-0001741,COMPLETED,REF-LOC-IN-0001741,EXT-SRC-000871,INWARD,R3174,2026-01-11 18:55:00,,220000000175,AE070330000220000000175,10023.00,10023.00,SALARY,Salary,FTS,AE129717000000000000871,0.00,[]
LOC-IN-0001743,QUOTE-LOC-IN-0001743,COMPLETED,REF-LOC-IN-0001743,EXT-SRC-000872,INWARD,R3174,2026-02-14 18:55:00,,220000000175,AE070330000220000000175,10070.00,10070.00,SALARY,Salary,FTS,AE129727000000000000872,0.00,[]
LOC-IN-0001745,QUOTE-LOC-IN-0001745,COMPLETED,REF-LOC-IN-0001745,EXT-SRC-000873,INWARD,R3174,2026-03-17 18:55:00,,220000000175,AE070330000220000000175,10117.00,10117.00,SALARY,Salary,FTS,AE129737000000000000873,0.00,[]
LOC-IN-0001747,QUOTE-LOC-IN-0001747,COMPLETED,REF-LOC-IN-0001747,EXT-SRC-000874,INWARD,R3174,2026-03-29 18:55:00,,220000000175,AE070330000220000000175,10164.00,10164.00,SALARY,Salary,FTS,AE129747000000000000874,0.00,[]
LOC-IN-0001749,QUOTE-LOC-IN-0001749,COMPLETED,REF-LOC-IN-0001749,EXT-SRC-000875,INWARD,R3174,2026-05-01 18:55:00,,220000000175,AE070330000220000000175,10211.00,10211.00,SALARY,Salary,FTS,AE129757000000000000875,0.00,[]
LOC-IN-0001751,QUOTE-LOC-IN-0001751,COMPLETED,REF-LOC-IN-0001751,EXT-SRC-000876,INWARD,R3175,2025-12-27 08:56:00,,220000000176,AE070330000220000000176,10106.00,10106.00,SALARY,Salary,FTS,AE129767000000000000876,0.00,[]
LOC-IN-0001753,QUOTE-LOC-IN-0001753,COMPLETED,REF-LOC-IN-0001753,EXT-SRC-000877,INWARD,R3175,2026-01-30 08:56:00,,220000000176,AE070330000220000000176,10153.00,10153.00,SALARY,Salary,FTS,AE129777000000000000877,0.00,[]
LOC-IN-0001755,QUOTE-LOC-IN-0001755,COMPLETED,REF-LOC-IN-0001755,EXT-SRC-000878,INWARD,R3175,2026-03-02 08:56:00,,220000000176,AE070330000220000000176,10200.00,10200.00,SALARY,Salary,FTS,AE129787000000000000878,0.00,[]
LOC-IN-0001757,QUOTE-LOC-IN-0001757,COMPLETED,REF-LOC-IN-0001757,EXT-SRC-000879,INWARD,R3175,2026-04-05 08:56:00,,220000000176,AE070330000220000000176,10247.00,10247.00,SALARY,Salary,FTS,AE129797000000000000879,0.00,[]
LOC-IN-0001759,QUOTE-LOC-IN-0001759,COMPLETED,REF-LOC-IN-0001759,EXT-SRC-000880,INWARD,R3175,2026-05-08 08:56:00,,220000000176,AE070330000220000000176,10294.00,10294.00,SALARY,Salary,FTS,AE129807000000000000880,0.00,[]
LOC-IN-0001761,QUOTE-LOC-IN-0001761,COMPLETED,REF-LOC-IN-0001761,EXT-SRC-000881,INWARD,R3176,2026-01-03 09:57:00,,220000000177,AE070330000220000000177,10189.00,10189.00,SALARY,Salary,FTS,AE129817000000000000881,0.00,[]
LOC-IN-0001763,QUOTE-LOC-IN-0001763,COMPLETED,REF-LOC-IN-0001763,EXT-SRC-000882,INWARD,R3176,2026-02-06 09:57:00,,220000000177,AE070330000220000000177,10236.00,10236.00,SALARY,Salary,FTS,AE129827000000000000882,0.00,[]
LOC-IN-0001765,QUOTE-LOC-IN-0001765,COMPLETED,REF-LOC-IN-0001765,EXT-SRC-000883,INWARD,R3176,2026-03-09 09:57:00,,220000000177,AE070330000220000000177,10283.00,10283.00,SALARY,Salary,FTS,AE129837000000000000883,0.00,[]
LOC-IN-0001767,QUOTE-LOC-IN-0001767,COMPLETED,REF-LOC-IN-0001767,EXT-SRC-000884,INWARD,R3176,2026-04-12 09:57:00,,220000000177,AE070330000220000000177,10330.00,10330.00,SALARY,Salary,FTS,AE129847000000000000884,0.00,[]
LOC-IN-0001769,QUOTE-LOC-IN-0001769,COMPLETED,REF-LOC-IN-0001769,EXT-SRC-000885,INWARD,R3176,2026-05-15 09:57:00,,220000000177,AE070330000220000000177,10377.00,10377.00,SALARY,Salary,FTS,AE129857000000000000885,0.00,[]
LOC-IN-0001771,QUOTE-LOC-IN-0001771,COMPLETED,REF-LOC-IN-0001771,EXT-SRC-000886,INWARD,R3177,2026-01-10 10:58:00,,220000000178,AE070330000220000000178,10272.00,10272.00,SALARY,Salary,FTS,AE129867000000000000886,0.00,[]
LOC-IN-0001773,QUOTE-LOC-IN-0001773,COMPLETED,REF-LOC-IN-0001773,EXT-SRC-000887,INWARD,R3177,2026-02-13 10:58:00,,220000000178,AE070330000220000000178,10319.00,10319.00,SALARY,Salary,FTS,AE129877000000000000887,0.00,[]
LOC-IN-0001775,QUOTE-LOC-IN-0001775,COMPLETED,REF-LOC-IN-0001775,EXT-SRC-000888,INWARD,R3177,2026-03-16 10:58:00,,220000000178,AE070330000220000000178,10366.00,10366.00,SALARY,Salary,FTS,AE129887000000000000888,0.00,[]
LOC-IN-0001777,QUOTE-LOC-IN-0001777,COMPLETED,REF-LOC-IN-0001777,EXT-SRC-000889,INWARD,R3177,2026-03-28 10:58:00,,220000000178,AE070330000220000000178,10413.00,10413.00,SALARY,Salary,FTS,AE129897000000000000889,0.00,[]
LOC-IN-0001779,QUOTE-LOC-IN-0001779,COMPLETED,REF-LOC-IN-0001779,EXT-SRC-000890,INWARD,R3177,2026-04-30 10:58:00,,220000000178,AE070330000220000000178,10460.00,10460.00,SALARY,Salary,FTS,AE129907000000000000890,0.00,[]
LOC-IN-0001781,QUOTE-LOC-IN-0001781,COMPLETED,REF-LOC-IN-0001781,EXT-SRC-000891,INWARD,R3178,2026-01-17 11:59:00,,220000000179,AE070330000220000000179,10355.00,10355.00,SALARY,Salary,FTS,AE129917000000000000891,0.00,[]
LOC-IN-0001783,QUOTE-LOC-IN-0001783,COMPLETED,REF-LOC-IN-0001783,EXT-SRC-000892,INWARD,R3178,2026-01-29 11:59:00,,220000000179,AE070330000220000000179,10402.00,10402.00,SALARY,Salary,FTS,AE129927000000000000892,0.00,[]
LOC-IN-0001785,QUOTE-LOC-IN-0001785,COMPLETED,REF-LOC-IN-0001785,EXT-SRC-000893,INWARD,R3178,2026-03-01 11:59:00,,220000000179,AE070330000220000000179,10449.00,10449.00,SALARY,Salary,FTS,AE129937000000000000893,0.00,[]
LOC-IN-0001787,QUOTE-LOC-IN-0001787,COMPLETED,REF-LOC-IN-0001787,EXT-SRC-000894,INWARD,R3178,2026-04-04 11:59:00,,220000000179,AE070330000220000000179,10496.00,10496.00,SALARY,Salary,FTS,AE129947000000000000894,0.00,[]
LOC-IN-0001789,QUOTE-LOC-IN-0001789,COMPLETED,REF-LOC-IN-0001789,EXT-SRC-000895,INWARD,R3178,2026-05-07 11:59:00,,220000000179,AE070330000220000000179,10543.00,10543.00,SALARY,Salary,FTS,AE129957000000000000895,0.00,[]
LOC-IN-0001791,QUOTE-LOC-IN-0001791,COMPLETED,REF-LOC-IN-0001791,EXT-SRC-000896,INWARD,R3179,2026-01-02 12:00:00,,220000000180,AE070330000220000000180,10438.00,10438.00,SALARY,Salary,FTS,AE129967000000000000896,0.00,[]
LOC-IN-0001793,QUOTE-LOC-IN-0001793,COMPLETED,REF-LOC-IN-0001793,EXT-SRC-000897,INWARD,R3179,2026-02-05 12:00:00,,220000000180,AE070330000220000000180,10485.00,10485.00,SALARY,Salary,FTS,AE129977000000000000897,0.00,[]
LOC-IN-0001795,QUOTE-LOC-IN-0001795,COMPLETED,REF-LOC-IN-0001795,EXT-SRC-000898,INWARD,R3179,2026-03-08 12:00:00,,220000000180,AE070330000220000000180,10532.00,10532.00,SALARY,Salary,FTS,AE129987000000000000898,0.00,[]
LOC-IN-0001797,QUOTE-LOC-IN-0001797,COMPLETED,REF-LOC-IN-0001797,EXT-SRC-000899,INWARD,R3179,2026-04-11 12:00:00,,220000000180,AE070330000220000000180,10579.00,10579.00,SALARY,Salary,FTS,AE129997000000000000899,0.00,[]
LOC-IN-0001799,QUOTE-LOC-IN-0001799,COMPLETED,REF-LOC-IN-0001799,EXT-SRC-000900,INWARD,R3179,2026-05-14 12:00:00,,220000000180,AE070330000220000000180,10626.00,10626.00,SALARY,Salary,FTS,AE121007000000000000900,0.00,[]
LOC-IN-0001801,QUOTE-LOC-IN-0001801,COMPLETED,REF-LOC-IN-0001801,EXT-SRC-000901,INWARD,R3180,2026-01-09 13:01:00,,220000000181,AE070330000220000000181,10521.00,10521.00,SALARY,Salary,FTS,AE121017000000000000901,0.00,[]
LOC-IN-0001803,QUOTE-LOC-IN-0001803,COMPLETED,REF-LOC-IN-0001803,EXT-SRC-000902,INWARD,R3180,2026-02-12 13:01:00,,220000000181,AE070330000220000000181,10568.00,10568.00,SALARY,Salary,FTS,AE121027000000000000902,0.00,[]
LOC-IN-0001805,QUOTE-LOC-IN-0001805,COMPLETED,REF-LOC-IN-0001805,EXT-SRC-000903,INWARD,R3180,2026-03-15 13:01:00,,220000000181,AE070330000220000000181,10615.00,10615.00,SALARY,Salary,FTS,AE121037000000000000903,0.00,[]
LOC-IN-0001807,QUOTE-LOC-IN-0001807,COMPLETED,REF-LOC-IN-0001807,EXT-SRC-000904,INWARD,R3180,2026-03-27 13:01:00,,220000000181,AE070330000220000000181,10662.00,10662.00,SALARY,Salary,FTS,AE121047000000000000904,0.00,[]
LOC-IN-0001809,QUOTE-LOC-IN-0001809,COMPLETED,REF-LOC-IN-0001809,EXT-SRC-000905,INWARD,R3180,2026-04-29 13:01:00,,220000000181,AE070330000220000000181,10709.00,10709.00,SALARY,Salary,FTS,AE121057000000000000905,0.00,[]
LOC-IN-0001811,QUOTE-LOC-IN-0001811,COMPLETED,REF-LOC-IN-0001811,EXT-SRC-000906,INWARD,R3181,2026-01-16 14:02:00,,220000000182,AE070330000220000000182,10604.00,10604.00,SALARY,Salary,FTS,AE121067000000000000906,0.00,[]
LOC-IN-0001813,QUOTE-LOC-IN-0001813,COMPLETED,REF-LOC-IN-0001813,EXT-SRC-000907,INWARD,R3181,2026-01-28 14:02:00,,220000000182,AE070330000220000000182,10651.00,10651.00,SALARY,Salary,FTS,AE121077000000000000907,0.00,[]
LOC-IN-0001815,QUOTE-LOC-IN-0001815,COMPLETED,REF-LOC-IN-0001815,EXT-SRC-000908,INWARD,R3181,2026-02-28 14:02:00,,220000000182,AE070330000220000000182,10698.00,10698.00,SALARY,Salary,FTS,AE121087000000000000908,0.00,[]
LOC-IN-0001817,QUOTE-LOC-IN-0001817,COMPLETED,REF-LOC-IN-0001817,EXT-SRC-000909,INWARD,R3181,2026-04-03 14:02:00,,220000000182,AE070330000220000000182,10745.00,10745.00,SALARY,Salary,FTS,AE121097000000000000909,0.00,[]
LOC-IN-0001819,QUOTE-LOC-IN-0001819,COMPLETED,REF-LOC-IN-0001819,EXT-SRC-000910,INWARD,R3181,2026-05-06 14:02:00,,220000000182,AE070330000220000000182,10792.00,10792.00,SALARY,Salary,FTS,AE121107000000000000910,0.00,[]
LOC-IN-0001821,QUOTE-LOC-IN-0001821,COMPLETED,REF-LOC-IN-0001821,EXT-SRC-000911,INWARD,R3182,2026-01-01 15:03:00,,220000000183,AE070330000220000000183,10687.00,10687.00,SALARY,Salary,FTS,AE121117000000000000911,0.00,[]
LOC-IN-0001823,QUOTE-LOC-IN-0001823,COMPLETED,REF-LOC-IN-0001823,EXT-SRC-000912,INWARD,R3182,2026-02-04 15:03:00,,220000000183,AE070330000220000000183,10734.00,10734.00,SALARY,Salary,FTS,AE121127000000000000912,0.00,[]
LOC-IN-0001825,QUOTE-LOC-IN-0001825,COMPLETED,REF-LOC-IN-0001825,EXT-SRC-000913,INWARD,R3182,2026-03-07 15:03:00,,220000000183,AE070330000220000000183,10781.00,10781.00,SALARY,Salary,FTS,AE121137000000000000913,0.00,[]
LOC-IN-0001827,QUOTE-LOC-IN-0001827,COMPLETED,REF-LOC-IN-0001827,EXT-SRC-000914,INWARD,R3182,2026-04-10 15:03:00,,220000000183,AE070330000220000000183,10828.00,10828.00,SALARY,Salary,FTS,AE121147000000000000914,0.00,[]
LOC-IN-0001829,QUOTE-LOC-IN-0001829,COMPLETED,REF-LOC-IN-0001829,EXT-SRC-000915,INWARD,R3182,2026-05-13 15:03:00,,220000000183,AE070330000220000000183,10875.00,10875.00,SALARY,Salary,FTS,AE121157000000000000915,0.00,[]
LOC-IN-0001831,QUOTE-LOC-IN-0001831,COMPLETED,REF-LOC-IN-0001831,EXT-SRC-000916,INWARD,R3183,2026-01-08 16:04:00,,220000000184,AE070330000220000000184,10770.00,10770.00,SALARY,Salary,FTS,AE121167000000000000916,0.00,[]
LOC-IN-0001833,QUOTE-LOC-IN-0001833,COMPLETED,REF-LOC-IN-0001833,EXT-SRC-000917,INWARD,R3183,2026-02-11 16:04:00,,220000000184,AE070330000220000000184,10817.00,10817.00,SALARY,Salary,FTS,AE121177000000000000917,0.00,[]
LOC-IN-0001835,QUOTE-LOC-IN-0001835,COMPLETED,REF-LOC-IN-0001835,EXT-SRC-000918,INWARD,R3183,2026-03-14 16:04:00,,220000000184,AE070330000220000000184,10864.00,10864.00,SALARY,Salary,FTS,AE121187000000000000918,0.00,[]
LOC-IN-0001837,QUOTE-LOC-IN-0001837,COMPLETED,REF-LOC-IN-0001837,EXT-SRC-000919,INWARD,R3183,2026-04-17 16:04:00,,220000000184,AE070330000220000000184,10911.00,10911.00,SALARY,Salary,FTS,AE121197000000000000919,0.00,[]
LOC-IN-0001839,QUOTE-LOC-IN-0001839,COMPLETED,REF-LOC-IN-0001839,EXT-SRC-000920,INWARD,R3183,2026-04-28 16:04:00,,220000000184,AE070330000220000000184,10958.00,10958.00,SALARY,Salary,FTS,AE121207000000000000920,0.00,[]
LOC-IN-0001841,QUOTE-LOC-IN-0001841,COMPLETED,REF-LOC-IN-0001841,EXT-SRC-000921,INWARD,R3184,2026-01-15 17:05:00,,220000000185,AE070330000220000000185,10853.00,10853.00,SALARY,Salary,FTS,AE121217000000000000921,0.00,[]
LOC-IN-0001843,QUOTE-LOC-IN-0001843,COMPLETED,REF-LOC-IN-0001843,EXT-SRC-000922,INWARD,R3184,2026-01-27 17:05:00,,220000000185,AE070330000220000000185,10900.00,10900.00,SALARY,Salary,FTS,AE121227000000000000922,0.00,[]
LOC-IN-0001845,QUOTE-LOC-IN-0001845,COMPLETED,REF-LOC-IN-0001845,EXT-SRC-000923,INWARD,R3184,2026-02-27 17:05:00,,220000000185,AE070330000220000000185,10947.00,10947.00,SALARY,Salary,FTS,AE121237000000000000923,0.00,[]
LOC-IN-0001847,QUOTE-LOC-IN-0001847,COMPLETED,REF-LOC-IN-0001847,EXT-SRC-000924,INWARD,R3184,2026-04-02 17:05:00,,220000000185,AE070330000220000000185,10994.00,10994.00,SALARY,Salary,FTS,AE121247000000000000924,0.00,[]
LOC-IN-0001849,QUOTE-LOC-IN-0001849,COMPLETED,REF-LOC-IN-0001849,EXT-SRC-000925,INWARD,R3184,2026-05-05 17:05:00,,220000000185,AE070330000220000000185,11041.00,11041.00,SALARY,Salary,FTS,AE121257000000000000925,0.00,[]
LOC-IN-0001851,QUOTE-LOC-IN-0001851,COMPLETED,REF-LOC-IN-0001851,EXT-SRC-000926,INWARD,R3185,2025-12-31 18:06:00,,220000000186,AE070330000220000000186,10936.00,10936.00,SALARY,Salary,FTS,AE121267000000000000926,0.00,[]
LOC-IN-0001853,QUOTE-LOC-IN-0001853,COMPLETED,REF-LOC-IN-0001853,EXT-SRC-000927,INWARD,R3185,2026-02-03 18:06:00,,220000000186,AE070330000220000000186,10983.00,10983.00,SALARY,Salary,FTS,AE121277000000000000927,0.00,[]
LOC-IN-0001855,QUOTE-LOC-IN-0001855,COMPLETED,REF-LOC-IN-0001855,EXT-SRC-000928,INWARD,R3185,2026-03-06 18:06:00,,220000000186,AE070330000220000000186,11030.00,11030.00,SALARY,Salary,FTS,AE121287000000000000928,0.00,[]
LOC-IN-0001857,QUOTE-LOC-IN-0001857,COMPLETED,REF-LOC-IN-0001857,EXT-SRC-000929,INWARD,R3185,2026-04-09 18:06:00,,220000000186,AE070330000220000000186,11077.00,11077.00,SALARY,Salary,FTS,AE121297000000000000929,0.00,[]
LOC-IN-0001859,QUOTE-LOC-IN-0001859,COMPLETED,REF-LOC-IN-0001859,EXT-SRC-000930,INWARD,R3185,2026-05-12 18:06:00,,220000000186,AE070330000220000000186,11124.00,11124.00,SALARY,Salary,FTS,AE121307000000000000930,0.00,[]
LOC-IN-0001861,QUOTE-LOC-IN-0001861,COMPLETED,REF-LOC-IN-0001861,EXT-SRC-000931,INWARD,R3186,2026-01-07 08:07:00,,220000000187,AE070330000220000000187,11019.00,11019.00,SALARY,Salary,FTS,AE121317000000000000931,0.00,[]
LOC-IN-0001863,QUOTE-LOC-IN-0001863,COMPLETED,REF-LOC-IN-0001863,EXT-SRC-000932,INWARD,R3186,2026-02-10 08:07:00,,220000000187,AE070330000220000000187,11066.00,11066.00,SALARY,Salary,FTS,AE121327000000000000932,0.00,[]
LOC-IN-0001865,QUOTE-LOC-IN-0001865,COMPLETED,REF-LOC-IN-0001865,EXT-SRC-000933,INWARD,R3186,2026-03-13 08:07:00,,220000000187,AE070330000220000000187,11113.00,11113.00,SALARY,Salary,FTS,AE121337000000000000933,0.00,[]
LOC-IN-0001867,QUOTE-LOC-IN-0001867,COMPLETED,REF-LOC-IN-0001867,EXT-SRC-000934,INWARD,R3186,2026-04-16 08:07:00,,220000000187,AE070330000220000000187,11160.00,11160.00,SALARY,Salary,FTS,AE121347000000000000934,0.00,[]
LOC-IN-0001869,QUOTE-LOC-IN-0001869,COMPLETED,REF-LOC-IN-0001869,EXT-SRC-000935,INWARD,R3186,2026-04-27 08:07:00,,220000000187,AE070330000220000000187,11207.00,11207.00,SALARY,Salary,FTS,AE121357000000000000935,0.00,[]
LOC-IN-0001871,QUOTE-LOC-IN-0001871,COMPLETED,REF-LOC-IN-0001871,EXT-SRC-000936,INWARD,R3187,2026-01-14 09:08:00,,220000000188,AE070330000220000000188,11102.00,11102.00,SALARY,Salary,FTS,AE121367000000000000936,0.00,[]
LOC-IN-0001873,QUOTE-LOC-IN-0001873,COMPLETED,REF-LOC-IN-0001873,EXT-SRC-000937,INWARD,R3187,2026-02-17 09:08:00,,220000000188,AE070330000220000000188,11149.00,11149.00,SALARY,Salary,FTS,AE121377000000000000937,0.00,[]
LOC-IN-0001875,QUOTE-LOC-IN-0001875,COMPLETED,REF-LOC-IN-0001875,EXT-SRC-000938,INWARD,R3187,2026-02-26 09:08:00,,220000000188,AE070330000220000000188,11196.00,11196.00,SALARY,Salary,FTS,AE121387000000000000938,0.00,[]
LOC-IN-0001877,QUOTE-LOC-IN-0001877,COMPLETED,REF-LOC-IN-0001877,EXT-SRC-000939,INWARD,R3187,2026-04-01 09:08:00,,220000000188,AE070330000220000000188,11243.00,11243.00,SALARY,Salary,FTS,AE121397000000000000939,0.00,[]
LOC-IN-0001879,QUOTE-LOC-IN-0001879,COMPLETED,REF-LOC-IN-0001879,EXT-SRC-000940,INWARD,R3187,2026-05-04 09:08:00,,220000000188,AE070330000220000000188,11290.00,11290.00,SALARY,Salary,FTS,AE121407000000000000940,0.00,[]
LOC-IN-0001881,QUOTE-LOC-IN-0001881,COMPLETED,REF-LOC-IN-0001881,EXT-SRC-000941,INWARD,R3188,2025-12-30 10:09:00,,220000000189,AE070330000220000000189,11185.00,11185.00,SALARY,Salary,FTS,AE121417000000000000941,0.00,[]
LOC-IN-0001883,QUOTE-LOC-IN-0001883,COMPLETED,REF-LOC-IN-0001883,EXT-SRC-000942,INWARD,R3188,2026-02-02 10:09:00,,220000000189,AE070330000220000000189,11232.00,11232.00,SALARY,Salary,FTS,AE121427000000000000942,0.00,[]
LOC-IN-0001885,QUOTE-LOC-IN-0001885,COMPLETED,REF-LOC-IN-0001885,EXT-SRC-000943,INWARD,R3188,2026-03-05 10:09:00,,220000000189,AE070330000220000000189,11279.00,11279.00,SALARY,Salary,FTS,AE121437000000000000943,0.00,[]
LOC-IN-0001887,QUOTE-LOC-IN-0001887,COMPLETED,REF-LOC-IN-0001887,EXT-SRC-000944,INWARD,R3188,2026-04-08 10:09:00,,220000000189,AE070330000220000000189,11326.00,11326.00,SALARY,Salary,FTS,AE121447000000000000944,0.00,[]
LOC-IN-0001889,QUOTE-LOC-IN-0001889,COMPLETED,REF-LOC-IN-0001889,EXT-SRC-000945,INWARD,R3188,2026-05-11 10:09:00,,220000000189,AE070330000220000000189,11373.00,11373.00,SALARY,Salary,FTS,AE121457000000000000945,0.00,[]
LOC-IN-0001891,QUOTE-LOC-IN-0001891,COMPLETED,REF-LOC-IN-0001891,EXT-SRC-000946,INWARD,R3189,2026-01-06 11:10:00,,220000000190,AE070330000220000000190,11268.00,11268.00,SALARY,Salary,FTS,AE121467000000000000946,0.00,[]
LOC-IN-0001893,QUOTE-LOC-IN-0001893,COMPLETED,REF-LOC-IN-0001893,EXT-SRC-000947,INWARD,R3189,2026-02-09 11:10:00,,220000000190,AE070330000220000000190,11315.00,11315.00,SALARY,Salary,FTS,AE121477000000000000947,0.00,[]
LOC-IN-0001895,QUOTE-LOC-IN-0001895,COMPLETED,REF-LOC-IN-0001895,EXT-SRC-000948,INWARD,R3189,2026-03-12 11:10:00,,220000000190,AE070330000220000000190,11362.00,11362.00,SALARY,Salary,FTS,AE121487000000000000948,0.00,[]
LOC-IN-0001897,QUOTE-LOC-IN-0001897,COMPLETED,REF-LOC-IN-0001897,EXT-SRC-000949,INWARD,R3189,2026-04-15 11:10:00,,220000000190,AE070330000220000000190,11409.00,11409.00,SALARY,Salary,FTS,AE121497000000000000949,0.00,[]
LOC-IN-0001899,QUOTE-LOC-IN-0001899,COMPLETED,REF-LOC-IN-0001899,EXT-SRC-000950,INWARD,R3189,2026-04-26 11:10:00,,220000000190,AE070330000220000000190,11456.00,11456.00,SALARY,Salary,FTS,AE121507000000000000950,0.00,[]
LOC-IN-0001901,QUOTE-LOC-IN-0001901,COMPLETED,REF-LOC-IN-0001901,EXT-SRC-000951,INWARD,R3190,2026-01-13 12:11:00,,220000000191,AE070330000220000000191,11351.00,11351.00,SALARY,Salary,FTS,AE121517000000000000951,0.00,[]
LOC-IN-0001903,QUOTE-LOC-IN-0001903,COMPLETED,REF-LOC-IN-0001903,EXT-SRC-000952,INWARD,R3190,2026-02-16 12:11:00,,220000000191,AE070330000220000000191,11398.00,11398.00,SALARY,Salary,FTS,AE121527000000000000952,0.00,[]
LOC-IN-0001905,QUOTE-LOC-IN-0001905,COMPLETED,REF-LOC-IN-0001905,EXT-SRC-000953,INWARD,R3190,2026-02-25 12:11:00,,220000000191,AE070330000220000000191,11445.00,11445.00,SALARY,Salary,FTS,AE121537000000000000953,0.00,[]
LOC-IN-0001907,QUOTE-LOC-IN-0001907,COMPLETED,REF-LOC-IN-0001907,EXT-SRC-000954,INWARD,R3190,2026-03-31 12:11:00,,220000000191,AE070330000220000000191,11492.00,11492.00,SALARY,Salary,FTS,AE121547000000000000954,0.00,[]
LOC-IN-0001909,QUOTE-LOC-IN-0001909,COMPLETED,REF-LOC-IN-0001909,EXT-SRC-000955,INWARD,R3190,2026-05-03 12:11:00,,220000000191,AE070330000220000000191,11539.00,11539.00,SALARY,Salary,FTS,AE121557000000000000955,0.00,[]
LOC-IN-0001911,QUOTE-LOC-IN-0001911,COMPLETED,REF-LOC-IN-0001911,EXT-SRC-000956,INWARD,R3191,2025-12-29 13:12:00,,220000000192,AE070330000220000000192,11434.00,11434.00,SALARY,Salary,FTS,AE121567000000000000956,0.00,[]
LOC-IN-0001913,QUOTE-LOC-IN-0001913,COMPLETED,REF-LOC-IN-0001913,EXT-SRC-000957,INWARD,R3191,2026-02-01 13:12:00,,220000000192,AE070330000220000000192,11481.00,11481.00,SALARY,Salary,FTS,AE121577000000000000957,0.00,[]
LOC-IN-0001915,QUOTE-LOC-IN-0001915,COMPLETED,REF-LOC-IN-0001915,EXT-SRC-000958,INWARD,R3191,2026-03-04 13:12:00,,220000000192,AE070330000220000000192,11528.00,11528.00,SALARY,Salary,FTS,AE121587000000000000958,0.00,[]
LOC-IN-0001917,QUOTE-LOC-IN-0001917,COMPLETED,REF-LOC-IN-0001917,EXT-SRC-000959,INWARD,R3191,2026-04-07 13:12:00,,220000000192,AE070330000220000000192,11575.00,11575.00,SALARY,Salary,FTS,AE121597000000000000959,0.00,[]
LOC-IN-0001919,QUOTE-LOC-IN-0001919,COMPLETED,REF-LOC-IN-0001919,EXT-SRC-000960,INWARD,R3191,2026-05-10 13:12:00,,220000000192,AE070330000220000000192,11622.00,11622.00,SALARY,Salary,FTS,AE121607000000000000960,0.00,[]
LOC-IN-0001921,QUOTE-LOC-IN-0001921,COMPLETED,REF-LOC-IN-0001921,EXT-SRC-000961,INWARD,R3192,2026-01-05 14:13:00,,220000000193,AE070330000220000000193,11517.00,11517.00,SALARY,Salary,FTS,AE121617000000000000961,0.00,[]
LOC-IN-0001923,QUOTE-LOC-IN-0001923,COMPLETED,REF-LOC-IN-0001923,EXT-SRC-000962,INWARD,R3192,2026-02-08 14:13:00,,220000000193,AE070330000220000000193,11564.00,11564.00,SALARY,Salary,FTS,AE121627000000000000962,0.00,[]
LOC-IN-0001925,QUOTE-LOC-IN-0001925,COMPLETED,REF-LOC-IN-0001925,EXT-SRC-000963,INWARD,R3192,2026-03-11 14:13:00,,220000000193,AE070330000220000000193,11611.00,11611.00,SALARY,Salary,FTS,AE121637000000000000963,0.00,[]
LOC-IN-0001927,QUOTE-LOC-IN-0001927,COMPLETED,REF-LOC-IN-0001927,EXT-SRC-000964,INWARD,R3192,2026-04-14 14:13:00,,220000000193,AE070330000220000000193,11658.00,11658.00,SALARY,Salary,FTS,AE121647000000000000964,0.00,[]
LOC-IN-0001929,QUOTE-LOC-IN-0001929,COMPLETED,REF-LOC-IN-0001929,EXT-SRC-000965,INWARD,R3192,2026-05-17 14:13:00,,220000000193,AE070330000220000000193,11705.00,11705.00,SALARY,Salary,FTS,AE121657000000000000965,0.00,[]
LOC-IN-0001931,QUOTE-LOC-IN-0001931,COMPLETED,REF-LOC-IN-0001931,EXT-SRC-000966,INWARD,R3193,2026-01-12 15:14:00,,220000000194,AE070330000220000000194,11600.00,11600.00,SALARY,Salary,FTS,AE121667000000000000966,0.00,[]
LOC-IN-0001933,QUOTE-LOC-IN-0001933,COMPLETED,REF-LOC-IN-0001933,EXT-SRC-000967,INWARD,R3193,2026-02-15 15:14:00,,220000000194,AE070330000220000000194,11647.00,11647.00,SALARY,Salary,FTS,AE121677000000000000967,0.00,[]
LOC-IN-0001935,QUOTE-LOC-IN-0001935,COMPLETED,REF-LOC-IN-0001935,EXT-SRC-000968,INWARD,R3193,2026-02-24 15:14:00,,220000000194,AE070330000220000000194,11694.00,11694.00,SALARY,Salary,FTS,AE121687000000000000968,0.00,[]
LOC-IN-0001937,QUOTE-LOC-IN-0001937,COMPLETED,REF-LOC-IN-0001937,EXT-SRC-000969,INWARD,R3193,2026-03-30 15:14:00,,220000000194,AE070330000220000000194,11741.00,11741.00,SALARY,Salary,FTS,AE121697000000000000969,0.00,[]
LOC-IN-0001939,QUOTE-LOC-IN-0001939,COMPLETED,REF-LOC-IN-0001939,EXT-SRC-000970,INWARD,R3193,2026-05-02 15:14:00,,220000000194,AE070330000220000000194,11788.00,11788.00,SALARY,Salary,FTS,AE121707000000000000970,0.00,[]
LOC-IN-0001941,QUOTE-LOC-IN-0001941,COMPLETED,REF-LOC-IN-0001941,EXT-SRC-000971,INWARD,R3194,2025-12-28 16:15:00,,220000000195,AE070330000220000000195,11683.00,11683.00,SALARY,Salary,FTS,AE121717000000000000971,0.00,[]
LOC-IN-0001943,QUOTE-LOC-IN-0001943,COMPLETED,REF-LOC-IN-0001943,EXT-SRC-000972,INWARD,R3194,2026-01-31 16:15:00,,220000000195,AE070330000220000000195,11730.00,11730.00,SALARY,Salary,FTS,AE121727000000000000972,0.00,[]
LOC-IN-0001945,QUOTE-LOC-IN-0001945,COMPLETED,REF-LOC-IN-0001945,EXT-SRC-000973,INWARD,R3194,2026-03-03 16:15:00,,220000000195,AE070330000220000000195,11777.00,11777.00,SALARY,Salary,FTS,AE121737000000000000973,0.00,[]
LOC-IN-0001947,QUOTE-LOC-IN-0001947,COMPLETED,REF-LOC-IN-0001947,EXT-SRC-000974,INWARD,R3194,2026-04-06 16:15:00,,220000000195,AE070330000220000000195,11824.00,11824.00,SALARY,Salary,FTS,AE121747000000000000974,0.00,[]
LOC-IN-0001949,QUOTE-LOC-IN-0001949,COMPLETED,REF-LOC-IN-0001949,EXT-SRC-000975,INWARD,R3194,2026-05-09 16:15:00,,220000000195,AE070330000220000000195,11871.00,11871.00,SALARY,Salary,FTS,AE121757000000000000975,0.00,[]
LOC-IN-0001951,QUOTE-LOC-IN-0001951,COMPLETED,REF-LOC-IN-0001951,EXT-SRC-000976,INWARD,R3195,2026-01-04 17:16:00,,220000000196,AE070330000220000000196,11766.00,11766.00,SALARY,Salary,FTS,AE121767000000000000976,0.00,[]
LOC-IN-0001953,QUOTE-LOC-IN-0001953,COMPLETED,REF-LOC-IN-0001953,EXT-SRC-000977,INWARD,R3195,2026-02-07 17:16:00,,220000000196,AE070330000220000000196,11813.00,11813.00,SALARY,Salary,FTS,AE121777000000000000977,0.00,[]
LOC-IN-0001955,QUOTE-LOC-IN-0001955,COMPLETED,REF-LOC-IN-0001955,EXT-SRC-000978,INWARD,R3195,2026-03-10 17:16:00,,220000000196,AE070330000220000000196,11860.00,11860.00,SALARY,Salary,FTS,AE121787000000000000978,0.00,[]
LOC-IN-0001957,QUOTE-LOC-IN-0001957,COMPLETED,REF-LOC-IN-0001957,EXT-SRC-000979,INWARD,R3195,2026-04-13 17:16:00,,220000000196,AE070330000220000000196,11907.00,11907.00,SALARY,Salary,FTS,AE121797000000000000979,0.00,[]
LOC-IN-0001959,QUOTE-LOC-IN-0001959,COMPLETED,REF-LOC-IN-0001959,EXT-SRC-000980,INWARD,R3195,2026-05-16 17:16:00,,220000000196,AE070330000220000000196,11954.00,11954.00,SALARY,Salary,FTS,AE121807000000000000980,0.00,[]
LOC-IN-0001961,QUOTE-LOC-IN-0001961,COMPLETED,REF-LOC-IN-0001961,EXT-SRC-000981,INWARD,R3196,2026-01-11 18:17:00,,220000000197,AE070330000220000000197,11849.00,11849.00,SALARY,Salary,FTS,AE121817000000000000981,0.00,[]
LOC-IN-0001963,QUOTE-LOC-IN-0001963,COMPLETED,REF-LOC-IN-0001963,EXT-SRC-000982,INWARD,R3196,2026-02-14 18:17:00,,220000000197,AE070330000220000000197,11896.00,11896.00,SALARY,Salary,FTS,AE121827000000000000982,0.00,[]
LOC-IN-0001965,QUOTE-LOC-IN-0001965,COMPLETED,REF-LOC-IN-0001965,EXT-SRC-000983,INWARD,R3196,2026-03-17 18:17:00,,220000000197,AE070330000220000000197,11943.00,11943.00,SALARY,Salary,FTS,AE121837000000000000983,0.00,[]
LOC-IN-0001967,QUOTE-LOC-IN-0001967,COMPLETED,REF-LOC-IN-0001967,EXT-SRC-000984,INWARD,R3196,2026-03-29 18:17:00,,220000000197,AE070330000220000000197,11990.00,11990.00,SALARY,Salary,FTS,AE121847000000000000984,0.00,[]
LOC-IN-0001969,QUOTE-LOC-IN-0001969,COMPLETED,REF-LOC-IN-0001969,EXT-SRC-000985,INWARD,R3196,2026-05-01 18:17:00,,220000000197,AE070330000220000000197,6536.00,6536.00,SALARY,Salary,FTS,AE121857000000000000985,0.00,[]
LOC-IN-0001971,QUOTE-LOC-IN-0001971,COMPLETED,REF-LOC-IN-0001971,EXT-SRC-000986,INWARD,R3197,2025-12-27 08:18:00,,220000000198,AE070330000220000000198,11932.00,11932.00,SALARY,Salary,FTS,AE121867000000000000986,0.00,[]
LOC-IN-0001973,QUOTE-LOC-IN-0001973,COMPLETED,REF-LOC-IN-0001973,EXT-SRC-000987,INWARD,R3197,2026-01-30 08:18:00,,220000000198,AE070330000220000000198,11979.00,11979.00,SALARY,Salary,FTS,AE121877000000000000987,0.00,[]
LOC-IN-0001975,QUOTE-LOC-IN-0001975,COMPLETED,REF-LOC-IN-0001975,EXT-SRC-000988,INWARD,R3197,2026-03-02 08:18:00,,220000000198,AE070330000220000000198,6525.00,6525.00,SALARY,Salary,FTS,AE121887000000000000988,0.00,[]
LOC-IN-0001977,QUOTE-LOC-IN-0001977,COMPLETED,REF-LOC-IN-0001977,EXT-SRC-000989,INWARD,R3197,2026-04-05 08:18:00,,220000000198,AE070330000220000000198,6572.00,6572.00,SALARY,Salary,FTS,AE121897000000000000989,0.00,[]
LOC-IN-0001979,QUOTE-LOC-IN-0001979,COMPLETED,REF-LOC-IN-0001979,EXT-SRC-000990,INWARD,R3197,2026-05-08 08:18:00,,220000000198,AE070330000220000000198,6619.00,6619.00,SALARY,Salary,FTS,AE121907000000000000990,0.00,[]
LOC-IN-0001981,QUOTE-LOC-IN-0001981,COMPLETED,REF-LOC-IN-0001981,EXT-SRC-000991,INWARD,R3198,2026-01-03 09:19:00,,220000000199,AE070330000220000000199,6514.00,6514.00,SALARY,Salary,FTS,AE121917000000000000991,0.00,[]
LOC-IN-0001983,QUOTE-LOC-IN-0001983,COMPLETED,REF-LOC-IN-0001983,EXT-SRC-000992,INWARD,R3198,2026-02-06 09:19:00,,220000000199,AE070330000220000000199,6561.00,6561.00,SALARY,Salary,FTS,AE121927000000000000992,0.00,[]
LOC-IN-0001985,QUOTE-LOC-IN-0001985,COMPLETED,REF-LOC-IN-0001985,EXT-SRC-000993,INWARD,R3198,2026-03-09 09:19:00,,220000000199,AE070330000220000000199,6608.00,6608.00,SALARY,Salary,FTS,AE121937000000000000993,0.00,[]
LOC-IN-0001987,QUOTE-LOC-IN-0001987,COMPLETED,REF-LOC-IN-0001987,EXT-SRC-000994,INWARD,R3198,2026-04-12 09:19:00,,220000000199,AE070330000220000000199,6655.00,6655.00,SALARY,Salary,FTS,AE121947000000000000994,0.00,[]
LOC-IN-0001989,QUOTE-LOC-IN-0001989,COMPLETED,REF-LOC-IN-0001989,EXT-SRC-000995,INWARD,R3198,2026-05-15 09:19:00,,220000000199,AE070330000220000000199,6702.00,6702.00,SALARY,Salary,FTS,AE121957000000000000995,0.00,[]
LOC-IN-0001991,QUOTE-LOC-IN-0001991,COMPLETED,REF-LOC-IN-0001991,EXT-SRC-000996,INWARD,R3199,2026-01-10 10:20:00,,220000000200,AE070330000220000000200,6597.00,6597.00,SALARY,Salary,FTS,AE121967000000000000996,0.00,[]
LOC-IN-0001993,QUOTE-LOC-IN-0001993,COMPLETED,REF-LOC-IN-0001993,EXT-SRC-000997,INWARD,R3199,2026-02-13 10:20:00,,220000000200,AE070330000220000000200,6644.00,6644.00,SALARY,Salary,FTS,AE121977000000000000997,0.00,[]
LOC-IN-0001995,QUOTE-LOC-IN-0001995,COMPLETED,REF-LOC-IN-0001995,EXT-SRC-000998,INWARD,R3199,2026-03-16 10:20:00,,220000000200,AE070330000220000000200,6691.00,6691.00,SALARY,Salary,FTS,AE121987000000000000998,0.00,[]
LOC-IN-0001997,QUOTE-LOC-IN-0001997,COMPLETED,REF-LOC-IN-0001997,EXT-SRC-000999,INWARD,R3199,2026-03-28 10:20:00,,220000000200,AE070330000220000000200,6738.00,6738.00,SALARY,Salary,FTS,AE121997000000000000999,0.00,[]
LOC-IN-0001999,QUOTE-LOC-IN-0001999,COMPLETED,REF-LOC-IN-0001999,EXT-SRC-001000,INWARD,R3199,2026-04-30 10:20:00,,220000000200,AE070330000220000000200,6785.00,6785.00,SALARY,Salary,FTS,AE122007000000000001000,0.00,[]
LOC-IN-0002001,QUOTE-LOC-IN-0002001,COMPLETED,REF-LOC-IN-0002001,EXT-SRC-001001,INWARD,R3200,2026-01-17 11:21:00,,220000000201,AE070330000220000000201,6680.00,6680.00,SALARY,Salary,FTS,AE122017000000000001001,0.00,[]
LOC-IN-0002003,QUOTE-LOC-IN-0002003,COMPLETED,REF-LOC-IN-0002003,EXT-SRC-001002,INWARD,R3200,2026-01-29 11:21:00,,220000000201,AE070330000220000000201,6727.00,6727.00,SALARY,Salary,FTS,AE122027000000000001002,0.00,[]
LOC-IN-0002005,QUOTE-LOC-IN-0002005,COMPLETED,REF-LOC-IN-0002005,EXT-SRC-001003,INWARD,R3200,2026-03-01 11:21:00,,220000000201,AE070330000220000000201,6774.00,6774.00,SALARY,Salary,FTS,AE122037000000000001003,0.00,[]
LOC-IN-0002007,QUOTE-LOC-IN-0002007,COMPLETED,REF-LOC-IN-0002007,EXT-SRC-001004,INWARD,R3200,2026-04-04 11:21:00,,220000000201,AE070330000220000000201,6821.00,6821.00,SALARY,Salary,FTS,AE122047000000000001004,0.00,[]
LOC-IN-0002009,QUOTE-LOC-IN-0002009,COMPLETED,REF-LOC-IN-0002009,EXT-SRC-001005,INWARD,R3200,2026-05-07 11:21:00,,220000000201,AE070330000220000000201,6868.00,6868.00,SALARY,Salary,FTS,AE122057000000000001005,0.00,[]
LOC-IN-0002011,QUOTE-LOC-IN-0002011,COMPLETED,REF-LOC-IN-0002011,EXT-SRC-001006,INWARD,R3201,2026-01-02 12:22:00,,220000000202,AE070330000220000000202,6763.00,6763.00,SALARY,Salary,FTS,AE122067000000000001006,0.00,[]
LOC-IN-0002013,QUOTE-LOC-IN-0002013,COMPLETED,REF-LOC-IN-0002013,EXT-SRC-001007,INWARD,R3201,2026-02-05 12:22:00,,220000000202,AE070330000220000000202,6810.00,6810.00,SALARY,Salary,FTS,AE122077000000000001007,0.00,[]
LOC-IN-0002015,QUOTE-LOC-IN-0002015,COMPLETED,REF-LOC-IN-0002015,EXT-SRC-001008,INWARD,R3201,2026-03-08 12:22:00,,220000000202,AE070330000220000000202,6857.00,6857.00,SALARY,Salary,FTS,AE122087000000000001008,0.00,[]
LOC-IN-0002017,QUOTE-LOC-IN-0002017,COMPLETED,REF-LOC-IN-0002017,EXT-SRC-001009,INWARD,R3201,2026-04-11 12:22:00,,220000000202,AE070330000220000000202,6904.00,6904.00,SALARY,Salary,FTS,AE122097000000000001009,0.00,[]
LOC-IN-0002019,QUOTE-LOC-IN-0002019,COMPLETED,REF-LOC-IN-0002019,EXT-SRC-001010,INWARD,R3201,2026-05-14 12:22:00,,220000000202,AE070330000220000000202,6951.00,6951.00,SALARY,Salary,FTS,AE122107000000000001010,0.00,[]
LOC-IN-0002021,QUOTE-LOC-IN-0002021,COMPLETED,REF-LOC-IN-0002021,EXT-SRC-001011,INWARD,R3202,2026-01-09 13:23:00,,220000000203,AE070330000220000000203,6846.00,6846.00,SALARY,Salary,FTS,AE122117000000000001011,0.00,[]
LOC-IN-0002023,QUOTE-LOC-IN-0002023,COMPLETED,REF-LOC-IN-0002023,EXT-SRC-001012,INWARD,R3202,2026-02-12 13:23:00,,220000000203,AE070330000220000000203,6893.00,6893.00,SALARY,Salary,FTS,AE122127000000000001012,0.00,[]
LOC-IN-0002025,QUOTE-LOC-IN-0002025,COMPLETED,REF-LOC-IN-0002025,EXT-SRC-001013,INWARD,R3202,2026-03-15 13:23:00,,220000000203,AE070330000220000000203,6940.00,6940.00,SALARY,Salary,FTS,AE122137000000000001013,0.00,[]
LOC-IN-0002027,QUOTE-LOC-IN-0002027,COMPLETED,REF-LOC-IN-0002027,EXT-SRC-001014,INWARD,R3202,2026-03-27 13:23:00,,220000000203,AE070330000220000000203,6987.00,6987.00,SALARY,Salary,FTS,AE122147000000000001014,0.00,[]
LOC-IN-0002029,QUOTE-LOC-IN-0002029,COMPLETED,REF-LOC-IN-0002029,EXT-SRC-001015,INWARD,R3202,2026-04-29 13:23:00,,220000000203,AE070330000220000000203,7034.00,7034.00,SALARY,Salary,FTS,AE122157000000000001015,0.00,[]
LOC-IN-0002031,QUOTE-LOC-IN-0002031,COMPLETED,REF-LOC-IN-0002031,EXT-SRC-001016,INWARD,R3203,2026-01-16 14:24:00,,220000000204,AE070330000220000000204,6929.00,6929.00,SALARY,Salary,FTS,AE122167000000000001016,0.00,[]
LOC-IN-0002033,QUOTE-LOC-IN-0002033,COMPLETED,REF-LOC-IN-0002033,EXT-SRC-001017,INWARD,R3203,2026-01-28 14:24:00,,220000000204,AE070330000220000000204,6976.00,6976.00,SALARY,Salary,FTS,AE122177000000000001017,0.00,[]
LOC-IN-0002035,QUOTE-LOC-IN-0002035,COMPLETED,REF-LOC-IN-0002035,EXT-SRC-001018,INWARD,R3203,2026-02-28 14:24:00,,220000000204,AE070330000220000000204,7023.00,7023.00,SALARY,Salary,FTS,AE122187000000000001018,0.00,[]
LOC-IN-0002037,QUOTE-LOC-IN-0002037,COMPLETED,REF-LOC-IN-0002037,EXT-SRC-001019,INWARD,R3203,2026-04-03 14:24:00,,220000000204,AE070330000220000000204,7070.00,7070.00,SALARY,Salary,FTS,AE122197000000000001019,0.00,[]
LOC-IN-0002039,QUOTE-LOC-IN-0002039,COMPLETED,REF-LOC-IN-0002039,EXT-SRC-001020,INWARD,R3203,2026-05-06 14:24:00,,220000000204,AE070330000220000000204,7117.00,7117.00,SALARY,Salary,FTS,AE122207000000000001020,0.00,[]
LOC-IN-0002041,QUOTE-LOC-IN-0002041,COMPLETED,REF-LOC-IN-0002041,EXT-SRC-001021,INWARD,R3204,2026-01-01 15:25:00,,220000000205,AE070330000220000000205,7012.00,7012.00,SALARY,Salary,FTS,AE122217000000000001021,0.00,[]
LOC-IN-0002043,QUOTE-LOC-IN-0002043,COMPLETED,REF-LOC-IN-0002043,EXT-SRC-001022,INWARD,R3204,2026-02-04 15:25:00,,220000000205,AE070330000220000000205,7059.00,7059.00,SALARY,Salary,FTS,AE122227000000000001022,0.00,[]
LOC-IN-0002045,QUOTE-LOC-IN-0002045,COMPLETED,REF-LOC-IN-0002045,EXT-SRC-001023,INWARD,R3204,2026-03-07 15:25:00,,220000000205,AE070330000220000000205,7106.00,7106.00,SALARY,Salary,FTS,AE122237000000000001023,0.00,[]
LOC-IN-0002047,QUOTE-LOC-IN-0002047,COMPLETED,REF-LOC-IN-0002047,EXT-SRC-001024,INWARD,R3204,2026-04-10 15:25:00,,220000000205,AE070330000220000000205,7153.00,7153.00,SALARY,Salary,FTS,AE122247000000000001024,0.00,[]
LOC-IN-0002049,QUOTE-LOC-IN-0002049,COMPLETED,REF-LOC-IN-0002049,EXT-SRC-001025,INWARD,R3204,2026-05-13 15:25:00,,220000000205,AE070330000220000000205,7200.00,7200.00,SALARY,Salary,FTS,AE122257000000000001025,0.00,[]
LOC-IN-0002051,QUOTE-LOC-IN-0002051,COMPLETED,REF-LOC-IN-0002051,EXT-SRC-001026,INWARD,R3205,2026-01-08 16:26:00,,220000000206,AE070330000220000000206,7095.00,7095.00,SALARY,Salary,FTS,AE122267000000000001026,0.00,[]
LOC-IN-0002053,QUOTE-LOC-IN-0002053,COMPLETED,REF-LOC-IN-0002053,EXT-SRC-001027,INWARD,R3205,2026-02-11 16:26:00,,220000000206,AE070330000220000000206,7142.00,7142.00,SALARY,Salary,FTS,AE122277000000000001027,0.00,[]
LOC-IN-0002055,QUOTE-LOC-IN-0002055,COMPLETED,REF-LOC-IN-0002055,EXT-SRC-001028,INWARD,R3205,2026-03-14 16:26:00,,220000000206,AE070330000220000000206,7189.00,7189.00,SALARY,Salary,FTS,AE122287000000000001028,0.00,[]
LOC-IN-0002057,QUOTE-LOC-IN-0002057,COMPLETED,REF-LOC-IN-0002057,EXT-SRC-001029,INWARD,R3205,2026-04-17 16:26:00,,220000000206,AE070330000220000000206,7236.00,7236.00,SALARY,Salary,FTS,AE122297000000000001029,0.00,[]
LOC-IN-0002059,QUOTE-LOC-IN-0002059,COMPLETED,REF-LOC-IN-0002059,EXT-SRC-001030,INWARD,R3205,2026-04-28 16:26:00,,220000000206,AE070330000220000000206,7283.00,7283.00,SALARY,Salary,FTS,AE122307000000000001030,0.00,[]
LOC-IN-0002061,QUOTE-LOC-IN-0002061,COMPLETED,REF-LOC-IN-0002061,EXT-SRC-001031,INWARD,R3206,2026-01-15 17:27:00,,220000000207,AE070330000220000000207,7178.00,7178.00,SALARY,Salary,FTS,AE122317000000000001031,0.00,[]
LOC-IN-0002063,QUOTE-LOC-IN-0002063,COMPLETED,REF-LOC-IN-0002063,EXT-SRC-001032,INWARD,R3206,2026-01-27 17:27:00,,220000000207,AE070330000220000000207,7225.00,7225.00,SALARY,Salary,FTS,AE122327000000000001032,0.00,[]
LOC-IN-0002065,QUOTE-LOC-IN-0002065,COMPLETED,REF-LOC-IN-0002065,EXT-SRC-001033,INWARD,R3206,2026-02-27 17:27:00,,220000000207,AE070330000220000000207,7272.00,7272.00,SALARY,Salary,FTS,AE122337000000000001033,0.00,[]
LOC-IN-0002067,QUOTE-LOC-IN-0002067,COMPLETED,REF-LOC-IN-0002067,EXT-SRC-001034,INWARD,R3206,2026-04-02 17:27:00,,220000000207,AE070330000220000000207,7319.00,7319.00,SALARY,Salary,FTS,AE122347000000000001034,0.00,[]
LOC-IN-0002069,QUOTE-LOC-IN-0002069,COMPLETED,REF-LOC-IN-0002069,EXT-SRC-001035,INWARD,R3206,2026-05-05 17:27:00,,220000000207,AE070330000220000000207,7366.00,7366.00,SALARY,Salary,FTS,AE122357000000000001035,0.00,[]
LOC-IN-0002071,QUOTE-LOC-IN-0002071,COMPLETED,REF-LOC-IN-0002071,EXT-SRC-001036,INWARD,R3207,2025-12-31 18:28:00,,220000000208,AE070330000220000000208,7261.00,7261.00,SALARY,Salary,FTS,AE122367000000000001036,0.00,[]
LOC-IN-0002073,QUOTE-LOC-IN-0002073,COMPLETED,REF-LOC-IN-0002073,EXT-SRC-001037,INWARD,R3207,2026-02-03 18:28:00,,220000000208,AE070330000220000000208,7308.00,7308.00,SALARY,Salary,FTS,AE122377000000000001037,0.00,[]
LOC-IN-0002075,QUOTE-LOC-IN-0002075,COMPLETED,REF-LOC-IN-0002075,EXT-SRC-001038,INWARD,R3207,2026-03-06 18:28:00,,220000000208,AE070330000220000000208,7355.00,7355.00,SALARY,Salary,FTS,AE122387000000000001038,0.00,[]
LOC-IN-0002077,QUOTE-LOC-IN-0002077,COMPLETED,REF-LOC-IN-0002077,EXT-SRC-001039,INWARD,R3207,2026-04-09 18:28:00,,220000000208,AE070330000220000000208,7402.00,7402.00,SALARY,Salary,FTS,AE122397000000000001039,0.00,[]
LOC-IN-0002079,QUOTE-LOC-IN-0002079,COMPLETED,REF-LOC-IN-0002079,EXT-SRC-001040,INWARD,R3207,2026-05-12 18:28:00,,220000000208,AE070330000220000000208,7449.00,7449.00,SALARY,Salary,FTS,AE122407000000000001040,0.00,[]
LOC-IN-0002081,QUOTE-LOC-IN-0002081,COMPLETED,REF-LOC-IN-0002081,EXT-SRC-001041,INWARD,R3208,2026-01-07 08:29:00,,220000000209,AE070330000220000000209,7344.00,7344.00,SALARY,Salary,FTS,AE122417000000000001041,0.00,[]
LOC-IN-0002083,QUOTE-LOC-IN-0002083,COMPLETED,REF-LOC-IN-0002083,EXT-SRC-001042,INWARD,R3208,2026-02-10 08:29:00,,220000000209,AE070330000220000000209,7391.00,7391.00,SALARY,Salary,FTS,AE122427000000000001042,0.00,[]
LOC-IN-0002085,QUOTE-LOC-IN-0002085,COMPLETED,REF-LOC-IN-0002085,EXT-SRC-001043,INWARD,R3208,2026-03-13 08:29:00,,220000000209,AE070330000220000000209,7438.00,7438.00,SALARY,Salary,FTS,AE122437000000000001043,0.00,[]
LOC-IN-0002087,QUOTE-LOC-IN-0002087,COMPLETED,REF-LOC-IN-0002087,EXT-SRC-001044,INWARD,R3208,2026-04-16 08:29:00,,220000000209,AE070330000220000000209,7485.00,7485.00,SALARY,Salary,FTS,AE122447000000000001044,0.00,[]
LOC-IN-0002089,QUOTE-LOC-IN-0002089,COMPLETED,REF-LOC-IN-0002089,EXT-SRC-001045,INWARD,R3208,2026-04-27 08:29:00,,220000000209,AE070330000220000000209,7532.00,7532.00,SALARY,Salary,FTS,AE122457000000000001045,0.00,[]
LOC-IN-0002091,QUOTE-LOC-IN-0002091,COMPLETED,REF-LOC-IN-0002091,EXT-SRC-001046,INWARD,R3209,2026-01-14 09:30:00,,220000000210,AE070330000220000000210,7427.00,7427.00,SALARY,Salary,FTS,AE122467000000000001046,0.00,[]
LOC-IN-0002093,QUOTE-LOC-IN-0002093,COMPLETED,REF-LOC-IN-0002093,EXT-SRC-001047,INWARD,R3209,2026-02-17 09:30:00,,220000000210,AE070330000220000000210,7474.00,7474.00,SALARY,Salary,FTS,AE122477000000000001047,0.00,[]
LOC-IN-0002095,QUOTE-LOC-IN-0002095,COMPLETED,REF-LOC-IN-0002095,EXT-SRC-001048,INWARD,R3209,2026-02-26 09:30:00,,220000000210,AE070330000220000000210,7521.00,7521.00,SALARY,Salary,FTS,AE122487000000000001048,0.00,[]
LOC-IN-0002097,QUOTE-LOC-IN-0002097,COMPLETED,REF-LOC-IN-0002097,EXT-SRC-001049,INWARD,R3209,2026-04-01 09:30:00,,220000000210,AE070330000220000000210,7568.00,7568.00,SALARY,Salary,FTS,AE122497000000000001049,0.00,[]
LOC-IN-0002099,QUOTE-LOC-IN-0002099,COMPLETED,REF-LOC-IN-0002099,EXT-SRC-001050,INWARD,R3209,2026-05-04 09:30:00,,220000000210,AE070330000220000000210,7615.00,7615.00,SALARY,Salary,FTS,AE122507000000000001050,0.00,[]
LOC-IN-0002101,QUOTE-LOC-IN-0002101,COMPLETED,REF-LOC-IN-0002101,EXT-SRC-001051,INWARD,R3210,2025-12-30 10:31:00,,220000000211,AE070330000220000000211,7510.00,7510.00,SALARY,Salary,FTS,AE122517000000000001051,0.00,[]
LOC-IN-0002103,QUOTE-LOC-IN-0002103,COMPLETED,REF-LOC-IN-0002103,EXT-SRC-001052,INWARD,R3210,2026-02-02 10:31:00,,220000000211,AE070330000220000000211,7557.00,7557.00,SALARY,Salary,FTS,AE122527000000000001052,0.00,[]
LOC-IN-0002105,QUOTE-LOC-IN-0002105,COMPLETED,REF-LOC-IN-0002105,EXT-SRC-001053,INWARD,R3210,2026-03-05 10:31:00,,220000000211,AE070330000220000000211,7604.00,7604.00,SALARY,Salary,FTS,AE122537000000000001053,0.00,[]
LOC-IN-0002107,QUOTE-LOC-IN-0002107,COMPLETED,REF-LOC-IN-0002107,EXT-SRC-001054,INWARD,R3210,2026-04-08 10:31:00,,220000000211,AE070330000220000000211,7651.00,7651.00,SALARY,Salary,FTS,AE122547000000000001054,0.00,[]
LOC-IN-0002109,QUOTE-LOC-IN-0002109,COMPLETED,REF-LOC-IN-0002109,EXT-SRC-001055,INWARD,R3210,2026-05-11 10:31:00,,220000000211,AE070330000220000000211,7698.00,7698.00,SALARY,Salary,FTS,AE122557000000000001055,0.00,[]
LOC-IN-0002111,QUOTE-LOC-IN-0002111,COMPLETED,REF-LOC-IN-0002111,EXT-SRC-001056,INWARD,R3211,2026-01-06 11:32:00,,220000000212,AE070330000220000000212,7593.00,7593.00,SALARY,Salary,FTS,AE122567000000000001056,0.00,[]
LOC-IN-0002113,QUOTE-LOC-IN-0002113,COMPLETED,REF-LOC-IN-0002113,EXT-SRC-001057,INWARD,R3211,2026-02-09 11:32:00,,220000000212,AE070330000220000000212,7640.00,7640.00,SALARY,Salary,FTS,AE122577000000000001057,0.00,[]
LOC-IN-0002115,QUOTE-LOC-IN-0002115,COMPLETED,REF-LOC-IN-0002115,EXT-SRC-001058,INWARD,R3211,2026-03-12 11:32:00,,220000000212,AE070330000220000000212,7687.00,7687.00,SALARY,Salary,FTS,AE122587000000000001058,0.00,[]
LOC-IN-0002117,QUOTE-LOC-IN-0002117,COMPLETED,REF-LOC-IN-0002117,EXT-SRC-001059,INWARD,R3211,2026-04-15 11:32:00,,220000000212,AE070330000220000000212,7734.00,7734.00,SALARY,Salary,FTS,AE122597000000000001059,0.00,[]
LOC-IN-0002119,QUOTE-LOC-IN-0002119,COMPLETED,REF-LOC-IN-0002119,EXT-SRC-001060,INWARD,R3211,2026-04-26 11:32:00,,220000000212,AE070330000220000000212,7781.00,7781.00,SALARY,Salary,FTS,AE122607000000000001060,0.00,[]
LOC-IN-0002121,QUOTE-LOC-IN-0002121,COMPLETED,REF-LOC-IN-0002121,EXT-SRC-001061,INWARD,R3212,2026-01-13 12:33:00,,220000000213,AE070330000220000000213,7676.00,7676.00,SALARY,Salary,FTS,AE122617000000000001061,0.00,[]
LOC-IN-0002123,QUOTE-LOC-IN-0002123,COMPLETED,REF-LOC-IN-0002123,EXT-SRC-001062,INWARD,R3212,2026-02-16 12:33:00,,220000000213,AE070330000220000000213,7723.00,7723.00,SALARY,Salary,FTS,AE122627000000000001062,0.00,[]
LOC-IN-0002125,QUOTE-LOC-IN-0002125,COMPLETED,REF-LOC-IN-0002125,EXT-SRC-001063,INWARD,R3212,2026-02-25 12:33:00,,220000000213,AE070330000220000000213,7770.00,7770.00,SALARY,Salary,FTS,AE122637000000000001063,0.00,[]
LOC-IN-0002127,QUOTE-LOC-IN-0002127,COMPLETED,REF-LOC-IN-0002127,EXT-SRC-001064,INWARD,R3212,2026-03-31 12:33:00,,220000000213,AE070330000220000000213,7817.00,7817.00,SALARY,Salary,FTS,AE122647000000000001064,0.00,[]
LOC-IN-0002129,QUOTE-LOC-IN-0002129,COMPLETED,REF-LOC-IN-0002129,EXT-SRC-001065,INWARD,R3212,2026-05-03 12:33:00,,220000000213,AE070330000220000000213,7864.00,7864.00,SALARY,Salary,FTS,AE122657000000000001065,0.00,[]
LOC-IN-0002131,QUOTE-LOC-IN-0002131,COMPLETED,REF-LOC-IN-0002131,EXT-SRC-001066,INWARD,R3213,2025-12-29 13:34:00,,220000000214,AE070330000220000000214,7759.00,7759.00,SALARY,Salary,FTS,AE122667000000000001066,0.00,[]
LOC-IN-0002133,QUOTE-LOC-IN-0002133,COMPLETED,REF-LOC-IN-0002133,EXT-SRC-001067,INWARD,R3213,2026-02-01 13:34:00,,220000000214,AE070330000220000000214,7806.00,7806.00,SALARY,Salary,FTS,AE122677000000000001067,0.00,[]
LOC-IN-0002135,QUOTE-LOC-IN-0002135,COMPLETED,REF-LOC-IN-0002135,EXT-SRC-001068,INWARD,R3213,2026-03-04 13:34:00,,220000000214,AE070330000220000000214,7853.00,7853.00,SALARY,Salary,FTS,AE122687000000000001068,0.00,[]
LOC-IN-0002137,QUOTE-LOC-IN-0002137,COMPLETED,REF-LOC-IN-0002137,EXT-SRC-001069,INWARD,R3213,2026-04-07 13:34:00,,220000000214,AE070330000220000000214,7900.00,7900.00,SALARY,Salary,FTS,AE122697000000000001069,0.00,[]
LOC-IN-0002139,QUOTE-LOC-IN-0002139,COMPLETED,REF-LOC-IN-0002139,EXT-SRC-001070,INWARD,R3213,2026-05-10 13:34:00,,220000000214,AE070330000220000000214,7947.00,7947.00,SALARY,Salary,FTS,AE122707000000000001070,0.00,[]
LOC-IN-0002141,QUOTE-LOC-IN-0002141,COMPLETED,REF-LOC-IN-0002141,EXT-SRC-001071,INWARD,R3214,2026-01-05 14:35:00,,220000000215,AE070330000220000000215,7842.00,7842.00,SALARY,Salary,FTS,AE122717000000000001071,0.00,[]
LOC-IN-0002143,QUOTE-LOC-IN-0002143,COMPLETED,REF-LOC-IN-0002143,EXT-SRC-001072,INWARD,R3214,2026-02-08 14:35:00,,220000000215,AE070330000220000000215,7889.00,7889.00,SALARY,Salary,FTS,AE122727000000000001072,0.00,[]
LOC-IN-0002145,QUOTE-LOC-IN-0002145,COMPLETED,REF-LOC-IN-0002145,EXT-SRC-001073,INWARD,R3214,2026-03-11 14:35:00,,220000000215,AE070330000220000000215,7936.00,7936.00,SALARY,Salary,FTS,AE122737000000000001073,0.00,[]
LOC-IN-0002147,QUOTE-LOC-IN-0002147,COMPLETED,REF-LOC-IN-0002147,EXT-SRC-001074,INWARD,R3214,2026-04-14 14:35:00,,220000000215,AE070330000220000000215,7983.00,7983.00,SALARY,Salary,FTS,AE122747000000000001074,0.00,[]
LOC-IN-0002149,QUOTE-LOC-IN-0002149,COMPLETED,REF-LOC-IN-0002149,EXT-SRC-001075,INWARD,R3214,2026-05-17 14:35:00,,220000000215,AE070330000220000000215,8030.00,8030.00,SALARY,Salary,FTS,AE122757000000000001075,0.00,[]
LOC-IN-0002151,QUOTE-LOC-IN-0002151,COMPLETED,REF-LOC-IN-0002151,EXT-SRC-001076,INWARD,R3215,2026-01-12 15:36:00,,220000000216,AE070330000220000000216,7925.00,7925.00,SALARY,Salary,FTS,AE122767000000000001076,0.00,[]
LOC-IN-0002153,QUOTE-LOC-IN-0002153,COMPLETED,REF-LOC-IN-0002153,EXT-SRC-001077,INWARD,R3215,2026-02-15 15:36:00,,220000000216,AE070330000220000000216,7972.00,7972.00,SALARY,Salary,FTS,AE122777000000000001077,0.00,[]
LOC-IN-0002155,QUOTE-LOC-IN-0002155,COMPLETED,REF-LOC-IN-0002155,EXT-SRC-001078,INWARD,R3215,2026-02-24 15:36:00,,220000000216,AE070330000220000000216,8019.00,8019.00,SALARY,Salary,FTS,AE122787000000000001078,0.00,[]
LOC-IN-0002157,QUOTE-LOC-IN-0002157,COMPLETED,REF-LOC-IN-0002157,EXT-SRC-001079,INWARD,R3215,2026-03-30 15:36:00,,220000000216,AE070330000220000000216,8066.00,8066.00,SALARY,Salary,FTS,AE122797000000000001079,0.00,[]
LOC-IN-0002159,QUOTE-LOC-IN-0002159,COMPLETED,REF-LOC-IN-0002159,EXT-SRC-001080,INWARD,R3215,2026-05-02 15:36:00,,220000000216,AE070330000220000000216,8113.00,8113.00,SALARY,Salary,FTS,AE122807000000000001080,0.00,[]
LOC-IN-0002161,QUOTE-LOC-IN-0002161,COMPLETED,REF-LOC-IN-0002161,EXT-SRC-001081,INWARD,R3216,2025-12-28 16:37:00,,220000000217,AE070330000220000000217,8008.00,8008.00,SALARY,Salary,FTS,AE122817000000000001081,0.00,[]
LOC-IN-0002163,QUOTE-LOC-IN-0002163,COMPLETED,REF-LOC-IN-0002163,EXT-SRC-001082,INWARD,R3216,2026-01-31 16:37:00,,220000000217,AE070330000220000000217,8055.00,8055.00,SALARY,Salary,FTS,AE122827000000000001082,0.00,[]
LOC-IN-0002165,QUOTE-LOC-IN-0002165,COMPLETED,REF-LOC-IN-0002165,EXT-SRC-001083,INWARD,R3216,2026-03-03 16:37:00,,220000000217,AE070330000220000000217,8102.00,8102.00,SALARY,Salary,FTS,AE122837000000000001083,0.00,[]
LOC-IN-0002167,QUOTE-LOC-IN-0002167,COMPLETED,REF-LOC-IN-0002167,EXT-SRC-001084,INWARD,R3216,2026-04-06 16:37:00,,220000000217,AE070330000220000000217,8149.00,8149.00,SALARY,Salary,FTS,AE122847000000000001084,0.00,[]
LOC-IN-0002169,QUOTE-LOC-IN-0002169,COMPLETED,REF-LOC-IN-0002169,EXT-SRC-001085,INWARD,R3216,2026-05-09 16:37:00,,220000000217,AE070330000220000000217,8196.00,8196.00,SALARY,Salary,FTS,AE122857000000000001085,0.00,[]
LOC-IN-0002171,QUOTE-LOC-IN-0002171,COMPLETED,REF-LOC-IN-0002171,EXT-SRC-001086,INWARD,R3217,2026-01-04 17:38:00,,220000000218,AE070330000220000000218,8091.00,8091.00,SALARY,Salary,FTS,AE122867000000000001086,0.00,[]
LOC-IN-0002173,QUOTE-LOC-IN-0002173,COMPLETED,REF-LOC-IN-0002173,EXT-SRC-001087,INWARD,R3217,2026-02-07 17:38:00,,220000000218,AE070330000220000000218,8138.00,8138.00,SALARY,Salary,FTS,AE122877000000000001087,0.00,[]
LOC-IN-0002175,QUOTE-LOC-IN-0002175,COMPLETED,REF-LOC-IN-0002175,EXT-SRC-001088,INWARD,R3217,2026-03-10 17:38:00,,220000000218,AE070330000220000000218,8185.00,8185.00,SALARY,Salary,FTS,AE122887000000000001088,0.00,[]
LOC-IN-0002177,QUOTE-LOC-IN-0002177,COMPLETED,REF-LOC-IN-0002177,EXT-SRC-001089,INWARD,R3217,2026-04-13 17:38:00,,220000000218,AE070330000220000000218,8232.00,8232.00,SALARY,Salary,FTS,AE122897000000000001089,0.00,[]
LOC-IN-0002179,QUOTE-LOC-IN-0002179,COMPLETED,REF-LOC-IN-0002179,EXT-SRC-001090,INWARD,R3217,2026-05-16 17:38:00,,220000000218,AE070330000220000000218,8279.00,8279.00,SALARY,Salary,FTS,AE122907000000000001090,0.00,[]
LOC-IN-0002181,QUOTE-LOC-IN-0002181,COMPLETED,REF-LOC-IN-0002181,EXT-SRC-001091,INWARD,R3218,2026-01-11 18:39:00,,220000000219,AE070330000220000000219,8174.00,8174.00,SALARY,Salary,FTS,AE122917000000000001091,0.00,[]
LOC-IN-0002183,QUOTE-LOC-IN-0002183,COMPLETED,REF-LOC-IN-0002183,EXT-SRC-001092,INWARD,R3218,2026-02-14 18:39:00,,220000000219,AE070330000220000000219,8221.00,8221.00,SALARY,Salary,FTS,AE122927000000000001092,0.00,[]
LOC-IN-0002185,QUOTE-LOC-IN-0002185,COMPLETED,REF-LOC-IN-0002185,EXT-SRC-001093,INWARD,R3218,2026-03-17 18:39:00,,220000000219,AE070330000220000000219,8268.00,8268.00,SALARY,Salary,FTS,AE122937000000000001093,0.00,[]
LOC-IN-0002187,QUOTE-LOC-IN-0002187,COMPLETED,REF-LOC-IN-0002187,EXT-SRC-001094,INWARD,R3218,2026-03-29 18:39:00,,220000000219,AE070330000220000000219,8315.00,8315.00,SALARY,Salary,FTS,AE122947000000000001094,0.00,[]
LOC-IN-0002189,QUOTE-LOC-IN-0002189,COMPLETED,REF-LOC-IN-0002189,EXT-SRC-001095,INWARD,R3218,2026-05-01 18:39:00,,220000000219,AE070330000220000000219,8362.00,8362.00,SALARY,Salary,FTS,AE122957000000000001095,0.00,[]
LOC-IN-0002191,QUOTE-LOC-IN-0002191,COMPLETED,REF-LOC-IN-0002191,EXT-SRC-001096,INWARD,R3219,2025-12-27 08:40:00,,220000000220,AE070330000220000000220,8257.00,8257.00,SALARY,Salary,FTS,AE122967000000000001096,0.00,[]
LOC-IN-0002193,QUOTE-LOC-IN-0002193,COMPLETED,REF-LOC-IN-0002193,EXT-SRC-001097,INWARD,R3219,2026-01-30 08:40:00,,220000000220,AE070330000220000000220,8304.00,8304.00,SALARY,Salary,FTS,AE122977000000000001097,0.00,[]
LOC-IN-0002195,QUOTE-LOC-IN-0002195,COMPLETED,REF-LOC-IN-0002195,EXT-SRC-001098,INWARD,R3219,2026-03-02 08:40:00,,220000000220,AE070330000220000000220,8351.00,8351.00,SALARY,Salary,FTS,AE122987000000000001098,0.00,[]
LOC-IN-0002197,QUOTE-LOC-IN-0002197,COMPLETED,REF-LOC-IN-0002197,EXT-SRC-001099,INWARD,R3219,2026-04-05 08:40:00,,220000000220,AE070330000220000000220,8398.00,8398.00,SALARY,Salary,FTS,AE122997000000000001099,0.00,[]
LOC-IN-0002199,QUOTE-LOC-IN-0002199,COMPLETED,REF-LOC-IN-0002199,EXT-SRC-001100,INWARD,R3219,2026-05-08 08:40:00,,220000000220,AE070330000220000000220,8445.00,8445.00,SALARY,Salary,FTS,AE123007000000000001100,0.00,[]
LOC-IN-0002201,QUOTE-LOC-IN-0002201,COMPLETED,REF-LOC-IN-0002201,EXT-SRC-001101,INWARD,R3220,2026-01-03 09:41:00,,220000000221,AE070330000220000000221,8340.00,8340.00,SALARY,Salary,FTS,AE123017000000000001101,0.00,[]
LOC-IN-0002203,QUOTE-LOC-IN-0002203,COMPLETED,REF-LOC-IN-0002203,EXT-SRC-001102,INWARD,R3220,2026-02-06 09:41:00,,220000000221,AE070330000220000000221,8387.00,8387.00,SALARY,Salary,FTS,AE123027000000000001102,0.00,[]
LOC-IN-0002205,QUOTE-LOC-IN-0002205,COMPLETED,REF-LOC-IN-0002205,EXT-SRC-001103,INWARD,R3220,2026-03-09 09:41:00,,220000000221,AE070330000220000000221,8434.00,8434.00,SALARY,Salary,FTS,AE123037000000000001103,0.00,[]
LOC-IN-0002207,QUOTE-LOC-IN-0002207,COMPLETED,REF-LOC-IN-0002207,EXT-SRC-001104,INWARD,R3220,2026-04-12 09:41:00,,220000000221,AE070330000220000000221,8481.00,8481.00,SALARY,Salary,FTS,AE123047000000000001104,0.00,[]
LOC-IN-0002209,QUOTE-LOC-IN-0002209,COMPLETED,REF-LOC-IN-0002209,EXT-SRC-001105,INWARD,R3220,2026-05-15 09:41:00,,220000000221,AE070330000220000000221,8528.00,8528.00,SALARY,Salary,FTS,AE123057000000000001105,0.00,[]
LOC-IN-0002211,QUOTE-LOC-IN-0002211,COMPLETED,REF-LOC-IN-0002211,EXT-SRC-001106,INWARD,R3221,2026-01-10 10:42:00,,220000000222,AE070330000220000000222,8423.00,8423.00,SALARY,Salary,FTS,AE123067000000000001106,0.00,[]
LOC-IN-0002213,QUOTE-LOC-IN-0002213,COMPLETED,REF-LOC-IN-0002213,EXT-SRC-001107,INWARD,R3221,2026-02-13 10:42:00,,220000000222,AE070330000220000000222,8470.00,8470.00,SALARY,Salary,FTS,AE123077000000000001107,0.00,[]
LOC-IN-0002215,QUOTE-LOC-IN-0002215,COMPLETED,REF-LOC-IN-0002215,EXT-SRC-001108,INWARD,R3221,2026-03-16 10:42:00,,220000000222,AE070330000220000000222,8517.00,8517.00,SALARY,Salary,FTS,AE123087000000000001108,0.00,[]
LOC-IN-0002217,QUOTE-LOC-IN-0002217,COMPLETED,REF-LOC-IN-0002217,EXT-SRC-001109,INWARD,R3221,2026-03-28 10:42:00,,220000000222,AE070330000220000000222,8564.00,8564.00,SALARY,Salary,FTS,AE123097000000000001109,0.00,[]
LOC-IN-0002219,QUOTE-LOC-IN-0002219,COMPLETED,REF-LOC-IN-0002219,EXT-SRC-001110,INWARD,R3221,2026-04-30 10:42:00,,220000000222,AE070330000220000000222,8611.00,8611.00,SALARY,Salary,FTS,AE123107000000000001110,0.00,[]
LOC-IN-0002221,QUOTE-LOC-IN-0002221,COMPLETED,REF-LOC-IN-0002221,EXT-SRC-001111,INWARD,R3222,2026-01-17 11:43:00,,220000000223,AE070330000220000000223,8506.00,8506.00,SALARY,Salary,FTS,AE123117000000000001111,0.00,[]
LOC-IN-0002223,QUOTE-LOC-IN-0002223,COMPLETED,REF-LOC-IN-0002223,EXT-SRC-001112,INWARD,R3222,2026-01-29 11:43:00,,220000000223,AE070330000220000000223,8553.00,8553.00,SALARY,Salary,FTS,AE123127000000000001112,0.00,[]
LOC-IN-0002225,QUOTE-LOC-IN-0002225,COMPLETED,REF-LOC-IN-0002225,EXT-SRC-001113,INWARD,R3222,2026-03-01 11:43:00,,220000000223,AE070330000220000000223,8600.00,8600.00,SALARY,Salary,FTS,AE123137000000000001113,0.00,[]
LOC-IN-0002227,QUOTE-LOC-IN-0002227,COMPLETED,REF-LOC-IN-0002227,EXT-SRC-001114,INWARD,R3222,2026-04-04 11:43:00,,220000000223,AE070330000220000000223,8647.00,8647.00,SALARY,Salary,FTS,AE123147000000000001114,0.00,[]
LOC-IN-0002229,QUOTE-LOC-IN-0002229,COMPLETED,REF-LOC-IN-0002229,EXT-SRC-001115,INWARD,R3222,2026-05-07 11:43:00,,220000000223,AE070330000220000000223,8694.00,8694.00,SALARY,Salary,FTS,AE123157000000000001115,0.00,[]
LOC-IN-0002231,QUOTE-LOC-IN-0002231,COMPLETED,REF-LOC-IN-0002231,EXT-SRC-001116,INWARD,R3223,2026-01-02 12:44:00,,220000000224,AE070330000220000000224,8589.00,8589.00,SALARY,Salary,FTS,AE123167000000000001116,0.00,[]
LOC-IN-0002233,QUOTE-LOC-IN-0002233,COMPLETED,REF-LOC-IN-0002233,EXT-SRC-001117,INWARD,R3223,2026-02-05 12:44:00,,220000000224,AE070330000220000000224,8636.00,8636.00,SALARY,Salary,FTS,AE123177000000000001117,0.00,[]
LOC-IN-0002235,QUOTE-LOC-IN-0002235,COMPLETED,REF-LOC-IN-0002235,EXT-SRC-001118,INWARD,R3223,2026-03-08 12:44:00,,220000000224,AE070330000220000000224,8683.00,8683.00,SALARY,Salary,FTS,AE123187000000000001118,0.00,[]
LOC-IN-0002237,QUOTE-LOC-IN-0002237,COMPLETED,REF-LOC-IN-0002237,EXT-SRC-001119,INWARD,R3223,2026-04-11 12:44:00,,220000000224,AE070330000220000000224,8730.00,8730.00,SALARY,Salary,FTS,AE123197000000000001119,0.00,[]
LOC-IN-0002239,QUOTE-LOC-IN-0002239,COMPLETED,REF-LOC-IN-0002239,EXT-SRC-001120,INWARD,R3223,2026-05-14 12:44:00,,220000000224,AE070330000220000000224,8777.00,8777.00,SALARY,Salary,FTS,AE123207000000000001120,0.00,[]
LOC-IN-0002241,QUOTE-LOC-IN-0002241,COMPLETED,REF-LOC-IN-0002241,EXT-SRC-001121,INWARD,R3224,2026-01-09 13:45:00,,220000000225,AE070330000220000000225,8672.00,8672.00,SALARY,Salary,FTS,AE123217000000000001121,0.00,[]
LOC-IN-0002243,QUOTE-LOC-IN-0002243,COMPLETED,REF-LOC-IN-0002243,EXT-SRC-001122,INWARD,R3224,2026-02-12 13:45:00,,220000000225,AE070330000220000000225,8719.00,8719.00,SALARY,Salary,FTS,AE123227000000000001122,0.00,[]
LOC-IN-0002245,QUOTE-LOC-IN-0002245,COMPLETED,REF-LOC-IN-0002245,EXT-SRC-001123,INWARD,R3224,2026-03-15 13:45:00,,220000000225,AE070330000220000000225,8766.00,8766.00,SALARY,Salary,FTS,AE123237000000000001123,0.00,[]
LOC-IN-0002247,QUOTE-LOC-IN-0002247,COMPLETED,REF-LOC-IN-0002247,EXT-SRC-001124,INWARD,R3224,2026-03-27 13:45:00,,220000000225,AE070330000220000000225,8813.00,8813.00,SALARY,Salary,FTS,AE123247000000000001124,0.00,[]
LOC-IN-0002249,QUOTE-LOC-IN-0002249,COMPLETED,REF-LOC-IN-0002249,EXT-SRC-001125,INWARD,R3224,2026-04-29 13:45:00,,220000000225,AE070330000220000000225,8860.00,8860.00,SALARY,Salary,FTS,AE123257000000000001125,0.00,[]
LOC-IN-0002251,QUOTE-LOC-IN-0002251,COMPLETED,REF-LOC-IN-0002251,EXT-SRC-001126,INWARD,R3225,2026-01-16 14:46:00,,220000000226,AE070330000220000000226,8755.00,8755.00,SALARY,Salary,FTS,AE123267000000000001126,0.00,[]
LOC-IN-0002253,QUOTE-LOC-IN-0002253,COMPLETED,REF-LOC-IN-0002253,EXT-SRC-001127,INWARD,R3225,2026-01-28 14:46:00,,220000000226,AE070330000220000000226,8802.00,8802.00,SALARY,Salary,FTS,AE123277000000000001127,0.00,[]
LOC-IN-0002255,QUOTE-LOC-IN-0002255,COMPLETED,REF-LOC-IN-0002255,EXT-SRC-001128,INWARD,R3225,2026-02-28 14:46:00,,220000000226,AE070330000220000000226,8849.00,8849.00,SALARY,Salary,FTS,AE123287000000000001128,0.00,[]
LOC-IN-0002257,QUOTE-LOC-IN-0002257,COMPLETED,REF-LOC-IN-0002257,EXT-SRC-001129,INWARD,R3225,2026-04-03 14:46:00,,220000000226,AE070330000220000000226,8896.00,8896.00,SALARY,Salary,FTS,AE123297000000000001129,0.00,[]
LOC-IN-0002259,QUOTE-LOC-IN-0002259,COMPLETED,REF-LOC-IN-0002259,EXT-SRC-001130,INWARD,R3225,2026-05-06 14:46:00,,220000000226,AE070330000220000000226,8943.00,8943.00,SALARY,Salary,FTS,AE123307000000000001130,0.00,[]
LOC-IN-0002261,QUOTE-LOC-IN-0002261,COMPLETED,REF-LOC-IN-0002261,EXT-SRC-001131,INWARD,R3226,2026-01-01 15:47:00,,220000000227,AE070330000220000000227,8838.00,8838.00,SALARY,Salary,FTS,AE123317000000000001131,0.00,[]
LOC-IN-0002263,QUOTE-LOC-IN-0002263,COMPLETED,REF-LOC-IN-0002263,EXT-SRC-001132,INWARD,R3226,2026-02-04 15:47:00,,220000000227,AE070330000220000000227,8885.00,8885.00,SALARY,Salary,FTS,AE123327000000000001132,0.00,[]
LOC-IN-0002265,QUOTE-LOC-IN-0002265,COMPLETED,REF-LOC-IN-0002265,EXT-SRC-001133,INWARD,R3226,2026-03-07 15:47:00,,220000000227,AE070330000220000000227,8932.00,8932.00,SALARY,Salary,FTS,AE123337000000000001133,0.00,[]
LOC-IN-0002267,QUOTE-LOC-IN-0002267,COMPLETED,REF-LOC-IN-0002267,EXT-SRC-001134,INWARD,R3226,2026-04-10 15:47:00,,220000000227,AE070330000220000000227,8979.00,8979.00,SALARY,Salary,FTS,AE123347000000000001134,0.00,[]
LOC-IN-0002269,QUOTE-LOC-IN-0002269,COMPLETED,REF-LOC-IN-0002269,EXT-SRC-001135,INWARD,R3226,2026-05-13 15:47:00,,220000000227,AE070330000220000000227,9026.00,9026.00,SALARY,Salary,FTS,AE123357000000000001135,0.00,[]
LOC-IN-0002271,QUOTE-LOC-IN-0002271,COMPLETED,REF-LOC-IN-0002271,EXT-SRC-001136,INWARD,R3227,2026-01-08 16:48:00,,220000000228,AE070330000220000000228,8921.00,8921.00,SALARY,Salary,FTS,AE123367000000000001136,0.00,[]
LOC-IN-0002273,QUOTE-LOC-IN-0002273,COMPLETED,REF-LOC-IN-0002273,EXT-SRC-001137,INWARD,R3227,2026-02-11 16:48:00,,220000000228,AE070330000220000000228,8968.00,8968.00,SALARY,Salary,FTS,AE123377000000000001137,0.00,[]
LOC-IN-0002275,QUOTE-LOC-IN-0002275,COMPLETED,REF-LOC-IN-0002275,EXT-SRC-001138,INWARD,R3227,2026-03-14 16:48:00,,220000000228,AE070330000220000000228,9015.00,9015.00,SALARY,Salary,FTS,AE123387000000000001138,0.00,[]
LOC-IN-0002277,QUOTE-LOC-IN-0002277,COMPLETED,REF-LOC-IN-0002277,EXT-SRC-001139,INWARD,R3227,2026-04-17 16:48:00,,220000000228,AE070330000220000000228,9062.00,9062.00,SALARY,Salary,FTS,AE123397000000000001139,0.00,[]
LOC-IN-0002279,QUOTE-LOC-IN-0002279,COMPLETED,REF-LOC-IN-0002279,EXT-SRC-001140,INWARD,R3227,2026-04-28 16:48:00,,220000000228,AE070330000220000000228,9109.00,9109.00,SALARY,Salary,FTS,AE123407000000000001140,0.00,[]
LOC-IN-0002281,QUOTE-LOC-IN-0002281,COMPLETED,REF-LOC-IN-0002281,EXT-SRC-001141,INWARD,R3228,2026-01-15 17:49:00,,220000000229,AE070330000220000000229,9004.00,9004.00,SALARY,Salary,FTS,AE123417000000000001141,0.00,[]
LOC-IN-0002283,QUOTE-LOC-IN-0002283,COMPLETED,REF-LOC-IN-0002283,EXT-SRC-001142,INWARD,R3228,2026-01-27 17:49:00,,220000000229,AE070330000220000000229,9051.00,9051.00,SALARY,Salary,FTS,AE123427000000000001142,0.00,[]
LOC-IN-0002285,QUOTE-LOC-IN-0002285,COMPLETED,REF-LOC-IN-0002285,EXT-SRC-001143,INWARD,R3228,2026-02-27 17:49:00,,220000000229,AE070330000220000000229,9098.00,9098.00,SALARY,Salary,FTS,AE123437000000000001143,0.00,[]
LOC-IN-0002287,QUOTE-LOC-IN-0002287,COMPLETED,REF-LOC-IN-0002287,EXT-SRC-001144,INWARD,R3228,2026-04-02 17:49:00,,220000000229,AE070330000220000000229,9145.00,9145.00,SALARY,Salary,FTS,AE123447000000000001144,0.00,[]
LOC-IN-0002289,QUOTE-LOC-IN-0002289,COMPLETED,REF-LOC-IN-0002289,EXT-SRC-001145,INWARD,R3228,2026-05-05 17:49:00,,220000000229,AE070330000220000000229,9192.00,9192.00,SALARY,Salary,FTS,AE123457000000000001145,0.00,[]
LOC-IN-0002291,QUOTE-LOC-IN-0002291,COMPLETED,REF-LOC-IN-0002291,EXT-SRC-001146,INWARD,R3229,2025-12-31 18:50:00,,220000000230,AE070330000220000000230,9087.00,9087.00,SALARY,Salary,FTS,AE123467000000000001146,0.00,[]
LOC-IN-0002293,QUOTE-LOC-IN-0002293,COMPLETED,REF-LOC-IN-0002293,EXT-SRC-001147,INWARD,R3229,2026-02-03 18:50:00,,220000000230,AE070330000220000000230,9134.00,9134.00,SALARY,Salary,FTS,AE123477000000000001147,0.00,[]
LOC-IN-0002295,QUOTE-LOC-IN-0002295,COMPLETED,REF-LOC-IN-0002295,EXT-SRC-001148,INWARD,R3229,2026-03-06 18:50:00,,220000000230,AE070330000220000000230,9181.00,9181.00,SALARY,Salary,FTS,AE123487000000000001148,0.00,[]
LOC-IN-0002297,QUOTE-LOC-IN-0002297,COMPLETED,REF-LOC-IN-0002297,EXT-SRC-001149,INWARD,R3229,2026-04-09 18:50:00,,220000000230,AE070330000220000000230,9228.00,9228.00,SALARY,Salary,FTS,AE123497000000000001149,0.00,[]
LOC-IN-0002299,QUOTE-LOC-IN-0002299,COMPLETED,REF-LOC-IN-0002299,EXT-SRC-001150,INWARD,R3229,2026-05-12 18:50:00,,220000000230,AE070330000220000000230,9275.00,9275.00,SALARY,Salary,FTS,AE123507000000000001150,0.00,[]
LOC-IN-0002301,QUOTE-LOC-IN-0002301,COMPLETED,REF-LOC-IN-0002301,EXT-SRC-001151,INWARD,R3230,2026-01-07 08:51:00,,220000000231,AE070330000220000000231,9170.00,9170.00,SALARY,Salary,FTS,AE123517000000000001151,0.00,[]
LOC-IN-0002303,QUOTE-LOC-IN-0002303,COMPLETED,REF-LOC-IN-0002303,EXT-SRC-001152,INWARD,R3230,2026-02-10 08:51:00,,220000000231,AE070330000220000000231,9217.00,9217.00,SALARY,Salary,FTS,AE123527000000000001152,0.00,[]
LOC-IN-0002305,QUOTE-LOC-IN-0002305,COMPLETED,REF-LOC-IN-0002305,EXT-SRC-001153,INWARD,R3230,2026-03-13 08:51:00,,220000000231,AE070330000220000000231,9264.00,9264.00,SALARY,Salary,FTS,AE123537000000000001153,0.00,[]
LOC-IN-0002307,QUOTE-LOC-IN-0002307,COMPLETED,REF-LOC-IN-0002307,EXT-SRC-001154,INWARD,R3230,2026-04-16 08:51:00,,220000000231,AE070330000220000000231,9311.00,9311.00,SALARY,Salary,FTS,AE123547000000000001154,0.00,[]
LOC-IN-0002309,QUOTE-LOC-IN-0002309,COMPLETED,REF-LOC-IN-0002309,EXT-SRC-001155,INWARD,R3230,2026-04-27 08:51:00,,220000000231,AE070330000220000000231,9358.00,9358.00,SALARY,Salary,FTS,AE123557000000000001155,0.00,[]
LOC-IN-0002311,QUOTE-LOC-IN-0002311,COMPLETED,REF-LOC-IN-0002311,EXT-SRC-001156,INWARD,R3231,2026-01-14 09:52:00,,220000000232,AE070330000220000000232,9253.00,9253.00,SALARY,Salary,FTS,AE123567000000000001156,0.00,[]
LOC-IN-0002313,QUOTE-LOC-IN-0002313,COMPLETED,REF-LOC-IN-0002313,EXT-SRC-001157,INWARD,R3231,2026-02-17 09:52:00,,220000000232,AE070330000220000000232,9300.00,9300.00,SALARY,Salary,FTS,AE123577000000000001157,0.00,[]
LOC-IN-0002315,QUOTE-LOC-IN-0002315,COMPLETED,REF-LOC-IN-0002315,EXT-SRC-001158,INWARD,R3231,2026-02-26 09:52:00,,220000000232,AE070330000220000000232,9347.00,9347.00,SALARY,Salary,FTS,AE123587000000000001158,0.00,[]
LOC-IN-0002317,QUOTE-LOC-IN-0002317,COMPLETED,REF-LOC-IN-0002317,EXT-SRC-001159,INWARD,R3231,2026-04-01 09:52:00,,220000000232,AE070330000220000000232,9394.00,9394.00,SALARY,Salary,FTS,AE123597000000000001159,0.00,[]
LOC-IN-0002319,QUOTE-LOC-IN-0002319,COMPLETED,REF-LOC-IN-0002319,EXT-SRC-001160,INWARD,R3231,2026-05-04 09:52:00,,220000000232,AE070330000220000000232,9441.00,9441.00,SALARY,Salary,FTS,AE123607000000000001160,0.00,[]
LOC-IN-0002321,QUOTE-LOC-IN-0002321,COMPLETED,REF-LOC-IN-0002321,EXT-SRC-001161,INWARD,R3232,2025-12-30 10:53:00,,220000000233,AE070330000220000000233,9336.00,9336.00,SALARY,Salary,FTS,AE123617000000000001161,0.00,[]
LOC-IN-0002323,QUOTE-LOC-IN-0002323,COMPLETED,REF-LOC-IN-0002323,EXT-SRC-001162,INWARD,R3232,2026-02-02 10:53:00,,220000000233,AE070330000220000000233,9383.00,9383.00,SALARY,Salary,FTS,AE123627000000000001162,0.00,[]
LOC-IN-0002325,QUOTE-LOC-IN-0002325,COMPLETED,REF-LOC-IN-0002325,EXT-SRC-001163,INWARD,R3232,2026-03-05 10:53:00,,220000000233,AE070330000220000000233,9430.00,9430.00,SALARY,Salary,FTS,AE123637000000000001163,0.00,[]
LOC-IN-0002327,QUOTE-LOC-IN-0002327,COMPLETED,REF-LOC-IN-0002327,EXT-SRC-001164,INWARD,R3232,2026-04-08 10:53:00,,220000000233,AE070330000220000000233,9477.00,9477.00,SALARY,Salary,FTS,AE123647000000000001164,0.00,[]
LOC-IN-0002329,QUOTE-LOC-IN-0002329,COMPLETED,REF-LOC-IN-0002329,EXT-SRC-001165,INWARD,R3232,2026-05-11 10:53:00,,220000000233,AE070330000220000000233,9524.00,9524.00,SALARY,Salary,FTS,AE123657000000000001165,0.00,[]
LOC-IN-0002331,QUOTE-LOC-IN-0002331,COMPLETED,REF-LOC-IN-0002331,EXT-SRC-001166,INWARD,R3233,2026-01-06 11:54:00,,220000000234,AE070330000220000000234,9419.00,9419.00,SALARY,Salary,FTS,AE123667000000000001166,0.00,[]
LOC-IN-0002333,QUOTE-LOC-IN-0002333,COMPLETED,REF-LOC-IN-0002333,EXT-SRC-001167,INWARD,R3233,2026-02-09 11:54:00,,220000000234,AE070330000220000000234,9466.00,9466.00,SALARY,Salary,FTS,AE123677000000000001167,0.00,[]
LOC-IN-0002335,QUOTE-LOC-IN-0002335,COMPLETED,REF-LOC-IN-0002335,EXT-SRC-001168,INWARD,R3233,2026-03-12 11:54:00,,220000000234,AE070330000220000000234,9513.00,9513.00,SALARY,Salary,FTS,AE123687000000000001168,0.00,[]
LOC-IN-0002337,QUOTE-LOC-IN-0002337,COMPLETED,REF-LOC-IN-0002337,EXT-SRC-001169,INWARD,R3233,2026-04-15 11:54:00,,220000000234,AE070330000220000000234,9560.00,9560.00,SALARY,Salary,FTS,AE123697000000000001169,0.00,[]
LOC-IN-0002339,QUOTE-LOC-IN-0002339,COMPLETED,REF-LOC-IN-0002339,EXT-SRC-001170,INWARD,R3233,2026-04-26 11:54:00,,220000000234,AE070330000220000000234,9607.00,9607.00,SALARY,Salary,FTS,AE123707000000000001170,0.00,[]
LOC-IN-0002341,QUOTE-LOC-IN-0002341,COMPLETED,REF-LOC-IN-0002341,EXT-SRC-001171,INWARD,R3234,2026-01-13 12:55:00,,220000000235,AE070330000220000000235,9502.00,9502.00,SALARY,Salary,FTS,AE123717000000000001171,0.00,[]
LOC-IN-0002343,QUOTE-LOC-IN-0002343,COMPLETED,REF-LOC-IN-0002343,EXT-SRC-001172,INWARD,R3234,2026-02-16 12:55:00,,220000000235,AE070330000220000000235,9549.00,9549.00,SALARY,Salary,FTS,AE123727000000000001172,0.00,[]
LOC-IN-0002345,QUOTE-LOC-IN-0002345,COMPLETED,REF-LOC-IN-0002345,EXT-SRC-001173,INWARD,R3234,2026-02-25 12:55:00,,220000000235,AE070330000220000000235,9596.00,9596.00,SALARY,Salary,FTS,AE123737000000000001173,0.00,[]
LOC-IN-0002347,QUOTE-LOC-IN-0002347,COMPLETED,REF-LOC-IN-0002347,EXT-SRC-001174,INWARD,R3234,2026-03-31 12:55:00,,220000000235,AE070330000220000000235,9643.00,9643.00,SALARY,Salary,FTS,AE123747000000000001174,0.00,[]
LOC-IN-0002349,QUOTE-LOC-IN-0002349,COMPLETED,REF-LOC-IN-0002349,EXT-SRC-001175,INWARD,R3234,2026-05-03 12:55:00,,220000000235,AE070330000220000000235,9690.00,9690.00,SALARY,Salary,FTS,AE123757000000000001175,0.00,[]
LOC-IN-0002351,QUOTE-LOC-IN-0002351,COMPLETED,REF-LOC-IN-0002351,EXT-SRC-001176,INWARD,R3235,2025-12-29 13:56:00,,220000000236,AE070330000220000000236,9585.00,9585.00,SALARY,Salary,FTS,AE123767000000000001176,0.00,[]
LOC-IN-0002353,QUOTE-LOC-IN-0002353,COMPLETED,REF-LOC-IN-0002353,EXT-SRC-001177,INWARD,R3235,2026-02-01 13:56:00,,220000000236,AE070330000220000000236,9632.00,9632.00,SALARY,Salary,FTS,AE123777000000000001177,0.00,[]
LOC-IN-0002355,QUOTE-LOC-IN-0002355,COMPLETED,REF-LOC-IN-0002355,EXT-SRC-001178,INWARD,R3235,2026-03-04 13:56:00,,220000000236,AE070330000220000000236,9679.00,9679.00,SALARY,Salary,FTS,AE123787000000000001178,0.00,[]
LOC-IN-0002357,QUOTE-LOC-IN-0002357,COMPLETED,REF-LOC-IN-0002357,EXT-SRC-001179,INWARD,R3235,2026-04-07 13:56:00,,220000000236,AE070330000220000000236,9726.00,9726.00,SALARY,Salary,FTS,AE123797000000000001179,0.00,[]
LOC-IN-0002359,QUOTE-LOC-IN-0002359,COMPLETED,REF-LOC-IN-0002359,EXT-SRC-001180,INWARD,R3235,2026-05-10 13:56:00,,220000000236,AE070330000220000000236,9773.00,9773.00,SALARY,Salary,FTS,AE123807000000000001180,0.00,[]
LOC-IN-0002361,QUOTE-LOC-IN-0002361,COMPLETED,REF-LOC-IN-0002361,EXT-SRC-001181,INWARD,R3236,2026-01-05 14:57:00,,220000000237,AE070330000220000000237,9668.00,9668.00,SALARY,Salary,FTS,AE123817000000000001181,0.00,[]
LOC-IN-0002363,QUOTE-LOC-IN-0002363,COMPLETED,REF-LOC-IN-0002363,EXT-SRC-001182,INWARD,R3236,2026-02-08 14:57:00,,220000000237,AE070330000220000000237,9715.00,9715.00,SALARY,Salary,FTS,AE123827000000000001182,0.00,[]
LOC-IN-0002365,QUOTE-LOC-IN-0002365,COMPLETED,REF-LOC-IN-0002365,EXT-SRC-001183,INWARD,R3236,2026-03-11 14:57:00,,220000000237,AE070330000220000000237,9762.00,9762.00,SALARY,Salary,FTS,AE123837000000000001183,0.00,[]
LOC-IN-0002367,QUOTE-LOC-IN-0002367,COMPLETED,REF-LOC-IN-0002367,EXT-SRC-001184,INWARD,R3236,2026-04-14 14:57:00,,220000000237,AE070330000220000000237,9809.00,9809.00,SALARY,Salary,FTS,AE123847000000000001184,0.00,[]
LOC-IN-0002369,QUOTE-LOC-IN-0002369,COMPLETED,REF-LOC-IN-0002369,EXT-SRC-001185,INWARD,R3236,2026-05-17 14:57:00,,220000000237,AE070330000220000000237,9856.00,9856.00,SALARY,Salary,FTS,AE123857000000000001185,0.00,[]
LOC-IN-0002371,QUOTE-LOC-IN-0002371,COMPLETED,REF-LOC-IN-0002371,EXT-SRC-001186,INWARD,R3237,2026-01-12 15:58:00,,220000000238,AE070330000220000000238,9751.00,9751.00,SALARY,Salary,FTS,AE123867000000000001186,0.00,[]
LOC-IN-0002373,QUOTE-LOC-IN-0002373,COMPLETED,REF-LOC-IN-0002373,EXT-SRC-001187,INWARD,R3237,2026-02-15 15:58:00,,220000000238,AE070330000220000000238,9798.00,9798.00,SALARY,Salary,FTS,AE123877000000000001187,0.00,[]
LOC-IN-0002375,QUOTE-LOC-IN-0002375,COMPLETED,REF-LOC-IN-0002375,EXT-SRC-001188,INWARD,R3237,2026-02-24 15:58:00,,220000000238,AE070330000220000000238,9845.00,9845.00,SALARY,Salary,FTS,AE123887000000000001188,0.00,[]
LOC-IN-0002377,QUOTE-LOC-IN-0002377,COMPLETED,REF-LOC-IN-0002377,EXT-SRC-001189,INWARD,R3237,2026-03-30 15:58:00,,220000000238,AE070330000220000000238,9892.00,9892.00,SALARY,Salary,FTS,AE123897000000000001189,0.00,[]
LOC-IN-0002379,QUOTE-LOC-IN-0002379,COMPLETED,REF-LOC-IN-0002379,EXT-SRC-001190,INWARD,R3237,2026-05-02 15:58:00,,220000000238,AE070330000220000000238,9939.00,9939.00,SALARY,Salary,FTS,AE123907000000000001190,0.00,[]
LOC-IN-0002381,QUOTE-LOC-IN-0002381,COMPLETED,REF-LOC-IN-0002381,EXT-SRC-001191,INWARD,R3238,2025-12-28 16:59:00,,220000000239,AE070330000220000000239,9834.00,9834.00,SALARY,Salary,FTS,AE123917000000000001191,0.00,[]
LOC-IN-0002383,QUOTE-LOC-IN-0002383,COMPLETED,REF-LOC-IN-0002383,EXT-SRC-001192,INWARD,R3238,2026-01-31 16:59:00,,220000000239,AE070330000220000000239,9881.00,9881.00,SALARY,Salary,FTS,AE123927000000000001192,0.00,[]
LOC-IN-0002385,QUOTE-LOC-IN-0002385,COMPLETED,REF-LOC-IN-0002385,EXT-SRC-001193,INWARD,R3238,2026-03-03 16:59:00,,220000000239,AE070330000220000000239,9928.00,9928.00,SALARY,Salary,FTS,AE123937000000000001193,0.00,[]
LOC-IN-0002387,QUOTE-LOC-IN-0002387,COMPLETED,REF-LOC-IN-0002387,EXT-SRC-001194,INWARD,R3238,2026-04-06 16:59:00,,220000000239,AE070330000220000000239,9975.00,9975.00,SALARY,Salary,FTS,AE123947000000000001194,0.00,[]
LOC-IN-0002389,QUOTE-LOC-IN-0002389,COMPLETED,REF-LOC-IN-0002389,EXT-SRC-001195,INWARD,R3238,2026-05-09 16:59:00,,220000000239,AE070330000220000000239,10022.00,10022.00,SALARY,Salary,FTS,AE123957000000000001195,0.00,[]
LOC-IN-0002391,QUOTE-LOC-IN-0002391,COMPLETED,REF-LOC-IN-0002391,EXT-SRC-001196,INWARD,R3239,2026-01-04 17:00:00,,220000000240,AE070330000220000000240,9917.00,9917.00,SALARY,Salary,FTS,AE123967000000000001196,0.00,[]
LOC-IN-0002393,QUOTE-LOC-IN-0002393,COMPLETED,REF-LOC-IN-0002393,EXT-SRC-001197,INWARD,R3239,2026-02-07 17:00:00,,220000000240,AE070330000220000000240,9964.00,9964.00,SALARY,Salary,FTS,AE123977000000000001197,0.00,[]
LOC-IN-0002395,QUOTE-LOC-IN-0002395,COMPLETED,REF-LOC-IN-0002395,EXT-SRC-001198,INWARD,R3239,2026-03-10 17:00:00,,220000000240,AE070330000220000000240,10011.00,10011.00,SALARY,Salary,FTS,AE123987000000000001198,0.00,[]
LOC-IN-0002397,QUOTE-LOC-IN-0002397,COMPLETED,REF-LOC-IN-0002397,EXT-SRC-001199,INWARD,R3239,2026-04-13 17:00:00,,220000000240,AE070330000220000000240,10058.00,10058.00,SALARY,Salary,FTS,AE123997000000000001199,0.00,[]
LOC-IN-0002399,QUOTE-LOC-IN-0002399,COMPLETED,REF-LOC-IN-0002399,EXT-SRC-001200,INWARD,R3239,2026-05-16 17:00:00,,220000000240,AE070330000220000000240,10105.00,10105.00,SALARY,Salary,FTS,AE124007000000000001200,0.00,[]
LOC-IN-0002401,QUOTE-LOC-IN-0002401,COMPLETED,REF-LOC-IN-0002401,EXT-SRC-001201,INWARD,R3240,2026-01-11 18:01:00,,220000000241,AE070330000220000000241,10000.00,10000.00,SALARY,Salary,FTS,AE124017000000000001201,0.00,[]
LOC-IN-0002403,QUOTE-LOC-IN-0002403,COMPLETED,REF-LOC-IN-0002403,EXT-SRC-001202,INWARD,R3240,2026-02-14 18:01:00,,220000000241,AE070330000220000000241,10047.00,10047.00,SALARY,Salary,FTS,AE124027000000000001202,0.00,[]
LOC-IN-0002405,QUOTE-LOC-IN-0002405,COMPLETED,REF-LOC-IN-0002405,EXT-SRC-001203,INWARD,R3240,2026-03-17 18:01:00,,220000000241,AE070330000220000000241,10094.00,10094.00,SALARY,Salary,FTS,AE124037000000000001203,0.00,[]
LOC-IN-0002407,QUOTE-LOC-IN-0002407,COMPLETED,REF-LOC-IN-0002407,EXT-SRC-001204,INWARD,R3240,2026-03-29 18:01:00,,220000000241,AE070330000220000000241,10141.00,10141.00,SALARY,Salary,FTS,AE124047000000000001204,0.00,[]
LOC-IN-0002409,QUOTE-LOC-IN-0002409,COMPLETED,REF-LOC-IN-0002409,EXT-SRC-001205,INWARD,R3240,2026-05-01 18:01:00,,220000000241,AE070330000220000000241,10188.00,10188.00,SALARY,Salary,FTS,AE124057000000000001205,0.00,[]
LOC-IN-0002411,QUOTE-LOC-IN-0002411,COMPLETED,REF-LOC-IN-0002411,EXT-SRC-001206,INWARD,R3241,2025-12-27 08:02:00,,220000000242,AE070330000220000000242,10083.00,10083.00,SALARY,Salary,FTS,AE124067000000000001206,0.00,[]
LOC-IN-0002413,QUOTE-LOC-IN-0002413,COMPLETED,REF-LOC-IN-0002413,EXT-SRC-001207,INWARD,R3241,2026-01-30 08:02:00,,220000000242,AE070330000220000000242,10130.00,10130.00,SALARY,Salary,FTS,AE124077000000000001207,0.00,[]
LOC-IN-0002415,QUOTE-LOC-IN-0002415,COMPLETED,REF-LOC-IN-0002415,EXT-SRC-001208,INWARD,R3241,2026-03-02 08:02:00,,220000000242,AE070330000220000000242,10177.00,10177.00,SALARY,Salary,FTS,AE124087000000000001208,0.00,[]
LOC-IN-0002417,QUOTE-LOC-IN-0002417,COMPLETED,REF-LOC-IN-0002417,EXT-SRC-001209,INWARD,R3241,2026-04-05 08:02:00,,220000000242,AE070330000220000000242,10224.00,10224.00,SALARY,Salary,FTS,AE124097000000000001209,0.00,[]
LOC-IN-0002419,QUOTE-LOC-IN-0002419,COMPLETED,REF-LOC-IN-0002419,EXT-SRC-001210,INWARD,R3241,2026-05-08 08:02:00,,220000000242,AE070330000220000000242,10271.00,10271.00,SALARY,Salary,FTS,AE124107000000000001210,0.00,[]
LOC-IN-0002421,QUOTE-LOC-IN-0002421,COMPLETED,REF-LOC-IN-0002421,EXT-SRC-001211,INWARD,R3242,2026-01-03 09:03:00,,220000000243,AE070330000220000000243,10166.00,10166.00,SALARY,Salary,FTS,AE124117000000000001211,0.00,[]
LOC-IN-0002423,QUOTE-LOC-IN-0002423,COMPLETED,REF-LOC-IN-0002423,EXT-SRC-001212,INWARD,R3242,2026-02-06 09:03:00,,220000000243,AE070330000220000000243,10213.00,10213.00,SALARY,Salary,FTS,AE124127000000000001212,0.00,[]
LOC-IN-0002425,QUOTE-LOC-IN-0002425,COMPLETED,REF-LOC-IN-0002425,EXT-SRC-001213,INWARD,R3242,2026-03-09 09:03:00,,220000000243,AE070330000220000000243,10260.00,10260.00,SALARY,Salary,FTS,AE124137000000000001213,0.00,[]
LOC-IN-0002427,QUOTE-LOC-IN-0002427,COMPLETED,REF-LOC-IN-0002427,EXT-SRC-001214,INWARD,R3242,2026-04-12 09:03:00,,220000000243,AE070330000220000000243,10307.00,10307.00,SALARY,Salary,FTS,AE124147000000000001214,0.00,[]
LOC-IN-0002429,QUOTE-LOC-IN-0002429,COMPLETED,REF-LOC-IN-0002429,EXT-SRC-001215,INWARD,R3242,2026-05-15 09:03:00,,220000000243,AE070330000220000000243,10354.00,10354.00,SALARY,Salary,FTS,AE124157000000000001215,0.00,[]
LOC-IN-0002431,QUOTE-LOC-IN-0002431,COMPLETED,REF-LOC-IN-0002431,EXT-SRC-001216,INWARD,R3243,2026-01-10 10:04:00,,220000000244,AE070330000220000000244,10249.00,10249.00,SALARY,Salary,FTS,AE124167000000000001216,0.00,[]
LOC-IN-0002433,QUOTE-LOC-IN-0002433,COMPLETED,REF-LOC-IN-0002433,EXT-SRC-001217,INWARD,R3243,2026-02-13 10:04:00,,220000000244,AE070330000220000000244,10296.00,10296.00,SALARY,Salary,FTS,AE124177000000000001217,0.00,[]
LOC-IN-0002435,QUOTE-LOC-IN-0002435,COMPLETED,REF-LOC-IN-0002435,EXT-SRC-001218,INWARD,R3243,2026-03-16 10:04:00,,220000000244,AE070330000220000000244,10343.00,10343.00,SALARY,Salary,FTS,AE124187000000000001218,0.00,[]
LOC-IN-0002437,QUOTE-LOC-IN-0002437,COMPLETED,REF-LOC-IN-0002437,EXT-SRC-001219,INWARD,R3243,2026-03-28 10:04:00,,220000000244,AE070330000220000000244,10390.00,10390.00,SALARY,Salary,FTS,AE124197000000000001219,0.00,[]
LOC-IN-0002439,QUOTE-LOC-IN-0002439,COMPLETED,REF-LOC-IN-0002439,EXT-SRC-001220,INWARD,R3243,2026-04-30 10:04:00,,220000000244,AE070330000220000000244,10437.00,10437.00,SALARY,Salary,FTS,AE124207000000000001220,0.00,[]
LOC-IN-0002441,QUOTE-LOC-IN-0002441,COMPLETED,REF-LOC-IN-0002441,EXT-SRC-001221,INWARD,R3244,2026-01-17 11:05:00,,220000000245,AE070330000220000000245,10332.00,10332.00,SALARY,Salary,FTS,AE124217000000000001221,0.00,[]
LOC-IN-0002443,QUOTE-LOC-IN-0002443,COMPLETED,REF-LOC-IN-0002443,EXT-SRC-001222,INWARD,R3244,2026-01-29 11:05:00,,220000000245,AE070330000220000000245,10379.00,10379.00,SALARY,Salary,FTS,AE124227000000000001222,0.00,[]
LOC-IN-0002445,QUOTE-LOC-IN-0002445,COMPLETED,REF-LOC-IN-0002445,EXT-SRC-001223,INWARD,R3244,2026-03-01 11:05:00,,220000000245,AE070330000220000000245,10426.00,10426.00,SALARY,Salary,FTS,AE124237000000000001223,0.00,[]
LOC-IN-0002447,QUOTE-LOC-IN-0002447,COMPLETED,REF-LOC-IN-0002447,EXT-SRC-001224,INWARD,R3244,2026-04-04 11:05:00,,220000000245,AE070330000220000000245,10473.00,10473.00,SALARY,Salary,FTS,AE124247000000000001224,0.00,[]
LOC-IN-0002449,QUOTE-LOC-IN-0002449,COMPLETED,REF-LOC-IN-0002449,EXT-SRC-001225,INWARD,R3244,2026-05-07 11:05:00,,220000000245,AE070330000220000000245,10520.00,10520.00,SALARY,Salary,FTS,AE124257000000000001225,0.00,[]
LOC-IN-0002451,QUOTE-LOC-IN-0002451,COMPLETED,REF-LOC-IN-0002451,EXT-SRC-001226,INWARD,R3245,2026-01-02 12:06:00,,220000000246,AE070330000220000000246,10415.00,10415.00,SALARY,Salary,FTS,AE124267000000000001226,0.00,[]
LOC-IN-0002453,QUOTE-LOC-IN-0002453,COMPLETED,REF-LOC-IN-0002453,EXT-SRC-001227,INWARD,R3245,2026-02-05 12:06:00,,220000000246,AE070330000220000000246,10462.00,10462.00,SALARY,Salary,FTS,AE124277000000000001227,0.00,[]
LOC-IN-0002455,QUOTE-LOC-IN-0002455,COMPLETED,REF-LOC-IN-0002455,EXT-SRC-001228,INWARD,R3245,2026-03-08 12:06:00,,220000000246,AE070330000220000000246,10509.00,10509.00,SALARY,Salary,FTS,AE124287000000000001228,0.00,[]
LOC-IN-0002457,QUOTE-LOC-IN-0002457,COMPLETED,REF-LOC-IN-0002457,EXT-SRC-001229,INWARD,R3245,2026-04-11 12:06:00,,220000000246,AE070330000220000000246,10556.00,10556.00,SALARY,Salary,FTS,AE124297000000000001229,0.00,[]
LOC-IN-0002459,QUOTE-LOC-IN-0002459,COMPLETED,REF-LOC-IN-0002459,EXT-SRC-001230,INWARD,R3245,2026-05-14 12:06:00,,220000000246,AE070330000220000000246,10603.00,10603.00,SALARY,Salary,FTS,AE124307000000000001230,0.00,[]
LOC-IN-0002461,QUOTE-LOC-IN-0002461,COMPLETED,REF-LOC-IN-0002461,EXT-SRC-001231,INWARD,R3246,2026-01-09 13:07:00,,220000000247,AE070330000220000000247,10498.00,10498.00,SALARY,Salary,FTS,AE124317000000000001231,0.00,[]
LOC-IN-0002463,QUOTE-LOC-IN-0002463,COMPLETED,REF-LOC-IN-0002463,EXT-SRC-001232,INWARD,R3246,2026-02-12 13:07:00,,220000000247,AE070330000220000000247,10545.00,10545.00,SALARY,Salary,FTS,AE124327000000000001232,0.00,[]
LOC-IN-0002465,QUOTE-LOC-IN-0002465,COMPLETED,REF-LOC-IN-0002465,EXT-SRC-001233,INWARD,R3246,2026-03-15 13:07:00,,220000000247,AE070330000220000000247,10592.00,10592.00,SALARY,Salary,FTS,AE124337000000000001233,0.00,[]
LOC-IN-0002467,QUOTE-LOC-IN-0002467,COMPLETED,REF-LOC-IN-0002467,EXT-SRC-001234,INWARD,R3246,2026-03-27 13:07:00,,220000000247,AE070330000220000000247,10639.00,10639.00,SALARY,Salary,FTS,AE124347000000000001234,0.00,[]
LOC-IN-0002469,QUOTE-LOC-IN-0002469,COMPLETED,REF-LOC-IN-0002469,EXT-SRC-001235,INWARD,R3246,2026-04-29 13:07:00,,220000000247,AE070330000220000000247,10686.00,10686.00,SALARY,Salary,FTS,AE124357000000000001235,0.00,[]
LOC-IN-0002471,QUOTE-LOC-IN-0002471,COMPLETED,REF-LOC-IN-0002471,EXT-SRC-001236,INWARD,R3247,2026-01-16 14:08:00,,220000000248,AE070330000220000000248,10581.00,10581.00,SALARY,Salary,FTS,AE124367000000000001236,0.00,[]
LOC-IN-0002473,QUOTE-LOC-IN-0002473,COMPLETED,REF-LOC-IN-0002473,EXT-SRC-001237,INWARD,R3247,2026-01-28 14:08:00,,220000000248,AE070330000220000000248,10628.00,10628.00,SALARY,Salary,FTS,AE124377000000000001237,0.00,[]
LOC-IN-0002475,QUOTE-LOC-IN-0002475,COMPLETED,REF-LOC-IN-0002475,EXT-SRC-001238,INWARD,R3247,2026-02-28 14:08:00,,220000000248,AE070330000220000000248,10675.00,10675.00,SALARY,Salary,FTS,AE124387000000000001238,0.00,[]
LOC-IN-0002477,QUOTE-LOC-IN-0002477,COMPLETED,REF-LOC-IN-0002477,EXT-SRC-001239,INWARD,R3247,2026-04-03 14:08:00,,220000000248,AE070330000220000000248,10722.00,10722.00,SALARY,Salary,FTS,AE124397000000000001239,0.00,[]
LOC-IN-0002479,QUOTE-LOC-IN-0002479,COMPLETED,REF-LOC-IN-0002479,EXT-SRC-001240,INWARD,R3247,2026-05-06 14:08:00,,220000000248,AE070330000220000000248,10769.00,10769.00,SALARY,Salary,FTS,AE124407000000000001240,0.00,[]
LOC-IN-0002481,QUOTE-LOC-IN-0002481,COMPLETED,REF-LOC-IN-0002481,EXT-SRC-001241,INWARD,R3248,2026-01-01 15:09:00,,220000000249,AE070330000220000000249,10664.00,10664.00,SALARY,Salary,FTS,AE124417000000000001241,0.00,[]
LOC-IN-0002483,QUOTE-LOC-IN-0002483,COMPLETED,REF-LOC-IN-0002483,EXT-SRC-001242,INWARD,R3248,2026-02-04 15:09:00,,220000000249,AE070330000220000000249,10711.00,10711.00,SALARY,Salary,FTS,AE124427000000000001242,0.00,[]
LOC-IN-0002485,QUOTE-LOC-IN-0002485,COMPLETED,REF-LOC-IN-0002485,EXT-SRC-001243,INWARD,R3248,2026-03-07 15:09:00,,220000000249,AE070330000220000000249,10758.00,10758.00,SALARY,Salary,FTS,AE124437000000000001243,0.00,[]
LOC-IN-0002487,QUOTE-LOC-IN-0002487,COMPLETED,REF-LOC-IN-0002487,EXT-SRC-001244,INWARD,R3248,2026-04-10 15:09:00,,220000000249,AE070330000220000000249,10805.00,10805.00,SALARY,Salary,FTS,AE124447000000000001244,0.00,[]
LOC-IN-0002489,QUOTE-LOC-IN-0002489,COMPLETED,REF-LOC-IN-0002489,EXT-SRC-001245,INWARD,R3248,2026-05-13 15:09:00,,220000000249,AE070330000220000000249,10852.00,10852.00,SALARY,Salary,FTS,AE124457000000000001245,0.00,[]
LOC-IN-0002491,QUOTE-LOC-IN-0002491,COMPLETED,REF-LOC-IN-0002491,EXT-SRC-001246,INWARD,R3249,2026-01-08 16:10:00,,220000000250,AE070330000220000000250,10747.00,10747.00,SALARY,Salary,FTS,AE124467000000000001246,0.00,[]
LOC-IN-0002493,QUOTE-LOC-IN-0002493,COMPLETED,REF-LOC-IN-0002493,EXT-SRC-001247,INWARD,R3249,2026-02-11 16:10:00,,220000000250,AE070330000220000000250,10794.00,10794.00,SALARY,Salary,FTS,AE124477000000000001247,0.00,[]
LOC-IN-0002495,QUOTE-LOC-IN-0002495,COMPLETED,REF-LOC-IN-0002495,EXT-SRC-001248,INWARD,R3249,2026-03-14 16:10:00,,220000000250,AE070330000220000000250,10841.00,10841.00,SALARY,Salary,FTS,AE124487000000000001248,0.00,[]
LOC-IN-0002497,QUOTE-LOC-IN-0002497,COMPLETED,REF-LOC-IN-0002497,EXT-SRC-001249,INWARD,R3249,2026-04-17 16:10:00,,220000000250,AE070330000220000000250,10888.00,10888.00,SALARY,Salary,FTS,AE124497000000000001249,0.00,[]
LOC-IN-0002499,QUOTE-LOC-IN-0002499,COMPLETED,REF-LOC-IN-0002499,EXT-SRC-001250,INWARD,R3249,2026-04-28 16:10:00,,220000000250,AE070330000220000000250,10935.00,10935.00,SALARY,Salary,FTS,AE124507000000000001250,0.00,[]
LOC-IN-0002501,QUOTE-LOC-IN-0002501,COMPLETED,REF-LOC-IN-0002501,EXT-SRC-001251,INWARD,R3250,2026-01-15 17:11:00,,220000000251,AE070330000220000000251,10830.00,10830.00,SALARY,Salary,FTS,AE124517000000000001251,0.00,[]
LOC-IN-0002503,QUOTE-LOC-IN-0002503,COMPLETED,REF-LOC-IN-0002503,EXT-SRC-001252,INWARD,R3250,2026-01-27 17:11:00,,220000000251,AE070330000220000000251,10877.00,10877.00,SALARY,Salary,FTS,AE124527000000000001252,0.00,[]
LOC-IN-0002505,QUOTE-LOC-IN-0002505,COMPLETED,REF-LOC-IN-0002505,EXT-SRC-001253,INWARD,R3250,2026-02-27 17:11:00,,220000000251,AE070330000220000000251,10924.00,10924.00,SALARY,Salary,FTS,AE124537000000000001253,0.00,[]
LOC-IN-0002507,QUOTE-LOC-IN-0002507,COMPLETED,REF-LOC-IN-0002507,EXT-SRC-001254,INWARD,R3250,2026-04-02 17:11:00,,220000000251,AE070330000220000000251,10971.00,10971.00,SALARY,Salary,FTS,AE124547000000000001254,0.00,[]
LOC-IN-0002509,QUOTE-LOC-IN-0002509,COMPLETED,REF-LOC-IN-0002509,EXT-SRC-001255,INWARD,R3250,2026-05-05 17:11:00,,220000000251,AE070330000220000000251,11018.00,11018.00,SALARY,Salary,FTS,AE124557000000000001255,0.00,[]
LOC-IN-0002511,QUOTE-LOC-IN-0002511,COMPLETED,REF-LOC-IN-0002511,EXT-SRC-001256,INWARD,R3251,2025-12-31 18:12:00,,220000000252,AE070330000220000000252,10913.00,10913.00,SALARY,Salary,FTS,AE124567000000000001256,0.00,[]
LOC-IN-0002513,QUOTE-LOC-IN-0002513,COMPLETED,REF-LOC-IN-0002513,EXT-SRC-001257,INWARD,R3251,2026-02-03 18:12:00,,220000000252,AE070330000220000000252,10960.00,10960.00,SALARY,Salary,FTS,AE124577000000000001257,0.00,[]
LOC-IN-0002515,QUOTE-LOC-IN-0002515,COMPLETED,REF-LOC-IN-0002515,EXT-SRC-001258,INWARD,R3251,2026-03-06 18:12:00,,220000000252,AE070330000220000000252,11007.00,11007.00,SALARY,Salary,FTS,AE124587000000000001258,0.00,[]
LOC-IN-0002517,QUOTE-LOC-IN-0002517,COMPLETED,REF-LOC-IN-0002517,EXT-SRC-001259,INWARD,R3251,2026-04-09 18:12:00,,220000000252,AE070330000220000000252,11054.00,11054.00,SALARY,Salary,FTS,AE124597000000000001259,0.00,[]
LOC-IN-0002519,QUOTE-LOC-IN-0002519,COMPLETED,REF-LOC-IN-0002519,EXT-SRC-001260,INWARD,R3251,2026-05-12 18:12:00,,220000000252,AE070330000220000000252,11101.00,11101.00,SALARY,Salary,FTS,AE124607000000000001260,0.00,[]
LOC-IN-0002521,QUOTE-LOC-IN-0002521,COMPLETED,REF-LOC-IN-0002521,EXT-SRC-001261,INWARD,R3252,2026-01-07 08:13:00,,220000000253,AE070330000220000000253,10996.00,10996.00,SALARY,Salary,FTS,AE124617000000000001261,0.00,[]
LOC-IN-0002523,QUOTE-LOC-IN-0002523,COMPLETED,REF-LOC-IN-0002523,EXT-SRC-001262,INWARD,R3252,2026-02-10 08:13:00,,220000000253,AE070330000220000000253,11043.00,11043.00,SALARY,Salary,FTS,AE124627000000000001262,0.00,[]
LOC-IN-0002525,QUOTE-LOC-IN-0002525,COMPLETED,REF-LOC-IN-0002525,EXT-SRC-001263,INWARD,R3252,2026-03-13 08:13:00,,220000000253,AE070330000220000000253,11090.00,11090.00,SALARY,Salary,FTS,AE124637000000000001263,0.00,[]
LOC-IN-0002527,QUOTE-LOC-IN-0002527,COMPLETED,REF-LOC-IN-0002527,EXT-SRC-001264,INWARD,R3252,2026-04-16 08:13:00,,220000000253,AE070330000220000000253,11137.00,11137.00,SALARY,Salary,FTS,AE124647000000000001264,0.00,[]
LOC-IN-0002529,QUOTE-LOC-IN-0002529,COMPLETED,REF-LOC-IN-0002529,EXT-SRC-001265,INWARD,R3252,2026-04-27 08:13:00,,220000000253,AE070330000220000000253,11184.00,11184.00,SALARY,Salary,FTS,AE124657000000000001265,0.00,[]
LOC-IN-0002531,QUOTE-LOC-IN-0002531,COMPLETED,REF-LOC-IN-0002531,EXT-SRC-001266,INWARD,R3253,2026-01-14 09:14:00,,220000000254,AE070330000220000000254,11079.00,11079.00,SALARY,Salary,FTS,AE124667000000000001266,0.00,[]
LOC-IN-0002533,QUOTE-LOC-IN-0002533,COMPLETED,REF-LOC-IN-0002533,EXT-SRC-001267,INWARD,R3253,2026-02-17 09:14:00,,220000000254,AE070330000220000000254,11126.00,11126.00,SALARY,Salary,FTS,AE124677000000000001267,0.00,[]
LOC-IN-0002535,QUOTE-LOC-IN-0002535,COMPLETED,REF-LOC-IN-0002535,EXT-SRC-001268,INWARD,R3253,2026-02-26 09:14:00,,220000000254,AE070330000220000000254,11173.00,11173.00,SALARY,Salary,FTS,AE124687000000000001268,0.00,[]
LOC-IN-0002537,QUOTE-LOC-IN-0002537,COMPLETED,REF-LOC-IN-0002537,EXT-SRC-001269,INWARD,R3253,2026-04-01 09:14:00,,220000000254,AE070330000220000000254,11220.00,11220.00,SALARY,Salary,FTS,AE124697000000000001269,0.00,[]
LOC-IN-0002539,QUOTE-LOC-IN-0002539,COMPLETED,REF-LOC-IN-0002539,EXT-SRC-001270,INWARD,R3253,2026-05-04 09:14:00,,220000000254,AE070330000220000000254,11267.00,11267.00,SALARY,Salary,FTS,AE124707000000000001270,0.00,[]
LOC-IN-0002541,QUOTE-LOC-IN-0002541,COMPLETED,REF-LOC-IN-0002541,EXT-SRC-001271,INWARD,R3254,2025-12-30 10:15:00,,220000000255,AE070330000220000000255,11162.00,11162.00,SALARY,Salary,FTS,AE124717000000000001271,0.00,[]
LOC-IN-0002543,QUOTE-LOC-IN-0002543,COMPLETED,REF-LOC-IN-0002543,EXT-SRC-001272,INWARD,R3254,2026-02-02 10:15:00,,220000000255,AE070330000220000000255,11209.00,11209.00,SALARY,Salary,FTS,AE124727000000000001272,0.00,[]
LOC-IN-0002545,QUOTE-LOC-IN-0002545,COMPLETED,REF-LOC-IN-0002545,EXT-SRC-001273,INWARD,R3254,2026-03-05 10:15:00,,220000000255,AE070330000220000000255,11256.00,11256.00,SALARY,Salary,FTS,AE124737000000000001273,0.00,[]
LOC-IN-0002547,QUOTE-LOC-IN-0002547,COMPLETED,REF-LOC-IN-0002547,EXT-SRC-001274,INWARD,R3254,2026-04-08 10:15:00,,220000000255,AE070330000220000000255,11303.00,11303.00,SALARY,Salary,FTS,AE124747000000000001274,0.00,[]
LOC-IN-0002549,QUOTE-LOC-IN-0002549,COMPLETED,REF-LOC-IN-0002549,EXT-SRC-001275,INWARD,R3254,2026-05-11 10:15:00,,220000000255,AE070330000220000000255,11350.00,11350.00,SALARY,Salary,FTS,AE124757000000000001275,0.00,[]
LOC-IN-0002551,QUOTE-LOC-IN-0002551,COMPLETED,REF-LOC-IN-0002551,EXT-SRC-001276,INWARD,R3255,2026-01-06 11:16:00,,220000000256,AE070330000220000000256,11245.00,11245.00,SALARY,Salary,FTS,AE124767000000000001276,0.00,[]
LOC-IN-0002553,QUOTE-LOC-IN-0002553,COMPLETED,REF-LOC-IN-0002553,EXT-SRC-001277,INWARD,R3255,2026-02-09 11:16:00,,220000000256,AE070330000220000000256,11292.00,11292.00,SALARY,Salary,FTS,AE124777000000000001277,0.00,[]
LOC-IN-0002555,QUOTE-LOC-IN-0002555,COMPLETED,REF-LOC-IN-0002555,EXT-SRC-001278,INWARD,R3255,2026-03-12 11:16:00,,220000000256,AE070330000220000000256,11339.00,11339.00,SALARY,Salary,FTS,AE124787000000000001278,0.00,[]
LOC-IN-0002557,QUOTE-LOC-IN-0002557,COMPLETED,REF-LOC-IN-0002557,EXT-SRC-001279,INWARD,R3255,2026-04-15 11:16:00,,220000000256,AE070330000220000000256,11386.00,11386.00,SALARY,Salary,FTS,AE124797000000000001279,0.00,[]
LOC-IN-0002559,QUOTE-LOC-IN-0002559,COMPLETED,REF-LOC-IN-0002559,EXT-SRC-001280,INWARD,R3255,2026-04-26 11:16:00,,220000000256,AE070330000220000000256,11433.00,11433.00,SALARY,Salary,FTS,AE124807000000000001280,0.00,[]
LOC-IN-0002561,QUOTE-LOC-IN-0002561,COMPLETED,REF-LOC-IN-0002561,EXT-SRC-001281,INWARD,R3256,2026-01-13 12:17:00,,220000000257,AE070330000220000000257,11328.00,11328.00,SALARY,Salary,FTS,AE124817000000000001281,0.00,[]
LOC-IN-0002563,QUOTE-LOC-IN-0002563,COMPLETED,REF-LOC-IN-0002563,EXT-SRC-001282,INWARD,R3256,2026-02-16 12:17:00,,220000000257,AE070330000220000000257,11375.00,11375.00,SALARY,Salary,FTS,AE124827000000000001282,0.00,[]
LOC-IN-0002565,QUOTE-LOC-IN-0002565,COMPLETED,REF-LOC-IN-0002565,EXT-SRC-001283,INWARD,R3256,2026-02-25 12:17:00,,220000000257,AE070330000220000000257,11422.00,11422.00,SALARY,Salary,FTS,AE124837000000000001283,0.00,[]
LOC-IN-0002567,QUOTE-LOC-IN-0002567,COMPLETED,REF-LOC-IN-0002567,EXT-SRC-001284,INWARD,R3256,2026-03-31 12:17:00,,220000000257,AE070330000220000000257,11469.00,11469.00,SALARY,Salary,FTS,AE124847000000000001284,0.00,[]
LOC-IN-0002569,QUOTE-LOC-IN-0002569,COMPLETED,REF-LOC-IN-0002569,EXT-SRC-001285,INWARD,R3256,2026-05-03 12:17:00,,220000000257,AE070330000220000000257,11516.00,11516.00,SALARY,Salary,FTS,AE124857000000000001285,0.00,[]
LOC-IN-0002571,QUOTE-LOC-IN-0002571,COMPLETED,REF-LOC-IN-0002571,EXT-SRC-001286,INWARD,R3257,2025-12-29 13:18:00,,220000000258,AE070330000220000000258,11411.00,11411.00,SALARY,Salary,FTS,AE124867000000000001286,0.00,[]
LOC-IN-0002573,QUOTE-LOC-IN-0002573,COMPLETED,REF-LOC-IN-0002573,EXT-SRC-001287,INWARD,R3257,2026-02-01 13:18:00,,220000000258,AE070330000220000000258,11458.00,11458.00,SALARY,Salary,FTS,AE124877000000000001287,0.00,[]
LOC-IN-0002575,QUOTE-LOC-IN-0002575,COMPLETED,REF-LOC-IN-0002575,EXT-SRC-001288,INWARD,R3257,2026-03-04 13:18:00,,220000000258,AE070330000220000000258,11505.00,11505.00,SALARY,Salary,FTS,AE124887000000000001288,0.00,[]
LOC-IN-0002577,QUOTE-LOC-IN-0002577,COMPLETED,REF-LOC-IN-0002577,EXT-SRC-001289,INWARD,R3257,2026-04-07 13:18:00,,220000000258,AE070330000220000000258,11552.00,11552.00,SALARY,Salary,FTS,AE124897000000000001289,0.00,[]
LOC-IN-0002579,QUOTE-LOC-IN-0002579,COMPLETED,REF-LOC-IN-0002579,EXT-SRC-001290,INWARD,R3257,2026-05-10 13:18:00,,220000000258,AE070330000220000000258,11599.00,11599.00,SALARY,Salary,FTS,AE124907000000000001290,0.00,[]
LOC-IN-0002581,QUOTE-LOC-IN-0002581,COMPLETED,REF-LOC-IN-0002581,EXT-SRC-001291,INWARD,R3258,2026-01-05 14:19:00,,220000000259,AE070330000220000000259,11494.00,11494.00,SALARY,Salary,FTS,AE124917000000000001291,0.00,[]
LOC-IN-0002583,QUOTE-LOC-IN-0002583,COMPLETED,REF-LOC-IN-0002583,EXT-SRC-001292,INWARD,R3258,2026-02-08 14:19:00,,220000000259,AE070330000220000000259,11541.00,11541.00,SALARY,Salary,FTS,AE124927000000000001292,0.00,[]
LOC-IN-0002585,QUOTE-LOC-IN-0002585,COMPLETED,REF-LOC-IN-0002585,EXT-SRC-001293,INWARD,R3258,2026-03-11 14:19:00,,220000000259,AE070330000220000000259,11588.00,11588.00,SALARY,Salary,FTS,AE124937000000000001293,0.00,[]
LOC-IN-0002587,QUOTE-LOC-IN-0002587,COMPLETED,REF-LOC-IN-0002587,EXT-SRC-001294,INWARD,R3258,2026-04-14 14:19:00,,220000000259,AE070330000220000000259,11635.00,11635.00,SALARY,Salary,FTS,AE124947000000000001294,0.00,[]
LOC-IN-0002589,QUOTE-LOC-IN-0002589,COMPLETED,REF-LOC-IN-0002589,EXT-SRC-001295,INWARD,R3258,2026-05-17 14:19:00,,220000000259,AE070330000220000000259,11682.00,11682.00,SALARY,Salary,FTS,AE124957000000000001295,0.00,[]
LOC-IN-0002591,QUOTE-LOC-IN-0002591,COMPLETED,REF-LOC-IN-0002591,EXT-SRC-001296,INWARD,R3259,2026-01-12 15:20:00,,220000000260,AE070330000220000000260,11577.00,11577.00,SALARY,Salary,FTS,AE124967000000000001296,0.00,[]
LOC-IN-0002593,QUOTE-LOC-IN-0002593,COMPLETED,REF-LOC-IN-0002593,EXT-SRC-001297,INWARD,R3259,2026-02-15 15:20:00,,220000000260,AE070330000220000000260,11624.00,11624.00,SALARY,Salary,FTS,AE124977000000000001297,0.00,[]
LOC-IN-0002595,QUOTE-LOC-IN-0002595,COMPLETED,REF-LOC-IN-0002595,EXT-SRC-001298,INWARD,R3259,2026-02-24 15:20:00,,220000000260,AE070330000220000000260,11671.00,11671.00,SALARY,Salary,FTS,AE124987000000000001298,0.00,[]
LOC-IN-0002597,QUOTE-LOC-IN-0002597,COMPLETED,REF-LOC-IN-0002597,EXT-SRC-001299,INWARD,R3259,2026-03-30 15:20:00,,220000000260,AE070330000220000000260,11718.00,11718.00,SALARY,Salary,FTS,AE124997000000000001299,0.00,[]
LOC-IN-0002599,QUOTE-LOC-IN-0002599,COMPLETED,REF-LOC-IN-0002599,EXT-SRC-001300,INWARD,R3259,2026-05-02 15:20:00,,220000000260,AE070330000220000000260,11765.00,11765.00,SALARY,Salary,FTS,AE125007000000000001300,0.00,[]
LOC-IN-0002601,QUOTE-LOC-IN-0002601,COMPLETED,REF-LOC-IN-0002601,EXT-SRC-001301,INWARD,R3260,2025-12-28 16:21:00,,220000000261,AE070330000220000000261,11660.00,11660.00,SALARY,Salary,FTS,AE125017000000000001301,0.00,[]
LOC-IN-0002603,QUOTE-LOC-IN-0002603,COMPLETED,REF-LOC-IN-0002603,EXT-SRC-001302,INWARD,R3260,2026-01-31 16:21:00,,220000000261,AE070330000220000000261,11707.00,11707.00,SALARY,Salary,FTS,AE125027000000000001302,0.00,[]
LOC-IN-0002605,QUOTE-LOC-IN-0002605,COMPLETED,REF-LOC-IN-0002605,EXT-SRC-001303,INWARD,R3260,2026-03-03 16:21:00,,220000000261,AE070330000220000000261,11754.00,11754.00,SALARY,Salary,FTS,AE125037000000000001303,0.00,[]
LOC-IN-0002607,QUOTE-LOC-IN-0002607,COMPLETED,REF-LOC-IN-0002607,EXT-SRC-001304,INWARD,R3260,2026-04-06 16:21:00,,220000000261,AE070330000220000000261,11801.00,11801.00,SALARY,Salary,FTS,AE125047000000000001304,0.00,[]
LOC-IN-0002609,QUOTE-LOC-IN-0002609,COMPLETED,REF-LOC-IN-0002609,EXT-SRC-001305,INWARD,R3260,2026-05-09 16:21:00,,220000000261,AE070330000220000000261,11848.00,11848.00,SALARY,Salary,FTS,AE125057000000000001305,0.00,[]
LOC-IN-0002611,QUOTE-LOC-IN-0002611,COMPLETED,REF-LOC-IN-0002611,EXT-SRC-001306,INWARD,R3261,2026-01-04 17:22:00,,220000000262,AE070330000220000000262,11743.00,11743.00,SALARY,Salary,FTS,AE125067000000000001306,0.00,[]
LOC-IN-0002613,QUOTE-LOC-IN-0002613,COMPLETED,REF-LOC-IN-0002613,EXT-SRC-001307,INWARD,R3261,2026-02-07 17:22:00,,220000000262,AE070330000220000000262,11790.00,11790.00,SALARY,Salary,FTS,AE125077000000000001307,0.00,[]
LOC-IN-0002615,QUOTE-LOC-IN-0002615,COMPLETED,REF-LOC-IN-0002615,EXT-SRC-001308,INWARD,R3261,2026-03-10 17:22:00,,220000000262,AE070330000220000000262,11837.00,11837.00,SALARY,Salary,FTS,AE125087000000000001308,0.00,[]
LOC-IN-0002617,QUOTE-LOC-IN-0002617,COMPLETED,REF-LOC-IN-0002617,EXT-SRC-001309,INWARD,R3261,2026-04-13 17:22:00,,220000000262,AE070330000220000000262,11884.00,11884.00,SALARY,Salary,FTS,AE125097000000000001309,0.00,[]
LOC-IN-0002619,QUOTE-LOC-IN-0002619,COMPLETED,REF-LOC-IN-0002619,EXT-SRC-001310,INWARD,R3261,2026-05-16 17:22:00,,220000000262,AE070330000220000000262,11931.00,11931.00,SALARY,Salary,FTS,AE125107000000000001310,0.00,[]
LOC-IN-0002621,QUOTE-LOC-IN-0002621,COMPLETED,REF-LOC-IN-0002621,EXT-SRC-001311,INWARD,R3262,2026-01-11 18:23:00,,220000000263,AE070330000220000000263,11826.00,11826.00,SALARY,Salary,FTS,AE125117000000000001311,0.00,[]
LOC-IN-0002623,QUOTE-LOC-IN-0002623,COMPLETED,REF-LOC-IN-0002623,EXT-SRC-001312,INWARD,R3262,2026-02-14 18:23:00,,220000000263,AE070330000220000000263,11873.00,11873.00,SALARY,Salary,FTS,AE125127000000000001312,0.00,[]
LOC-IN-0002625,QUOTE-LOC-IN-0002625,COMPLETED,REF-LOC-IN-0002625,EXT-SRC-001313,INWARD,R3262,2026-03-17 18:23:00,,220000000263,AE070330000220000000263,11920.00,11920.00,SALARY,Salary,FTS,AE125137000000000001313,0.00,[]
LOC-IN-0002627,QUOTE-LOC-IN-0002627,COMPLETED,REF-LOC-IN-0002627,EXT-SRC-001314,INWARD,R3262,2026-03-29 18:23:00,,220000000263,AE070330000220000000263,11967.00,11967.00,SALARY,Salary,FTS,AE125147000000000001314,0.00,[]
LOC-IN-0002629,QUOTE-LOC-IN-0002629,COMPLETED,REF-LOC-IN-0002629,EXT-SRC-001315,INWARD,R3262,2026-05-01 18:23:00,,220000000263,AE070330000220000000263,6513.00,6513.00,SALARY,Salary,FTS,AE125157000000000001315,0.00,[]
LOC-IN-0002631,QUOTE-LOC-IN-0002631,COMPLETED,REF-LOC-IN-0002631,EXT-SRC-001316,INWARD,R3263,2025-12-27 08:24:00,,220000000264,AE070330000220000000264,11909.00,11909.00,SALARY,Salary,FTS,AE125167000000000001316,0.00,[]
LOC-IN-0002633,QUOTE-LOC-IN-0002633,COMPLETED,REF-LOC-IN-0002633,EXT-SRC-001317,INWARD,R3263,2026-01-30 08:24:00,,220000000264,AE070330000220000000264,11956.00,11956.00,SALARY,Salary,FTS,AE125177000000000001317,0.00,[]
LOC-IN-0002635,QUOTE-LOC-IN-0002635,COMPLETED,REF-LOC-IN-0002635,EXT-SRC-001318,INWARD,R3263,2026-03-02 08:24:00,,220000000264,AE070330000220000000264,6502.00,6502.00,SALARY,Salary,FTS,AE125187000000000001318,0.00,[]
LOC-IN-0002637,QUOTE-LOC-IN-0002637,COMPLETED,REF-LOC-IN-0002637,EXT-SRC-001319,INWARD,R3263,2026-04-05 08:24:00,,220000000264,AE070330000220000000264,6549.00,6549.00,SALARY,Salary,FTS,AE125197000000000001319,0.00,[]
LOC-IN-0002639,QUOTE-LOC-IN-0002639,COMPLETED,REF-LOC-IN-0002639,EXT-SRC-001320,INWARD,R3263,2026-05-08 08:24:00,,220000000264,AE070330000220000000264,6596.00,6596.00,SALARY,Salary,FTS,AE125207000000000001320,0.00,[]
LOC-IN-0002641,QUOTE-LOC-IN-0002641,COMPLETED,REF-LOC-IN-0002641,EXT-SRC-001321,INWARD,R3264,2026-01-03 09:25:00,,220000000265,AE070330000220000000265,11992.00,11992.00,SALARY,Salary,FTS,AE125217000000000001321,0.00,[]
LOC-IN-0002643,QUOTE-LOC-IN-0002643,COMPLETED,REF-LOC-IN-0002643,EXT-SRC-001322,INWARD,R3264,2026-02-06 09:25:00,,220000000265,AE070330000220000000265,6538.00,6538.00,SALARY,Salary,FTS,AE125227000000000001322,0.00,[]
LOC-IN-0002645,QUOTE-LOC-IN-0002645,COMPLETED,REF-LOC-IN-0002645,EXT-SRC-001323,INWARD,R3264,2026-03-09 09:25:00,,220000000265,AE070330000220000000265,6585.00,6585.00,SALARY,Salary,FTS,AE125237000000000001323,0.00,[]
LOC-IN-0002647,QUOTE-LOC-IN-0002647,COMPLETED,REF-LOC-IN-0002647,EXT-SRC-001324,INWARD,R3264,2026-04-12 09:25:00,,220000000265,AE070330000220000000265,6632.00,6632.00,SALARY,Salary,FTS,AE125247000000000001324,0.00,[]
LOC-IN-0002649,QUOTE-LOC-IN-0002649,COMPLETED,REF-LOC-IN-0002649,EXT-SRC-001325,INWARD,R3264,2026-05-15 09:25:00,,220000000265,AE070330000220000000265,6679.00,6679.00,SALARY,Salary,FTS,AE125257000000000001325,0.00,[]
LOC-IN-0002651,QUOTE-LOC-IN-0002651,COMPLETED,REF-LOC-IN-0002651,EXT-SRC-001326,INWARD,R3265,2026-01-10 10:26:00,,220000000266,AE070330000220000000266,6574.00,6574.00,SALARY,Salary,FTS,AE125267000000000001326,0.00,[]
LOC-IN-0002653,QUOTE-LOC-IN-0002653,COMPLETED,REF-LOC-IN-0002653,EXT-SRC-001327,INWARD,R3265,2026-02-13 10:26:00,,220000000266,AE070330000220000000266,6621.00,6621.00,SALARY,Salary,FTS,AE125277000000000001327,0.00,[]
LOC-IN-0002655,QUOTE-LOC-IN-0002655,COMPLETED,REF-LOC-IN-0002655,EXT-SRC-001328,INWARD,R3265,2026-03-16 10:26:00,,220000000266,AE070330000220000000266,6668.00,6668.00,SALARY,Salary,FTS,AE125287000000000001328,0.00,[]
LOC-IN-0002657,QUOTE-LOC-IN-0002657,COMPLETED,REF-LOC-IN-0002657,EXT-SRC-001329,INWARD,R3265,2026-03-28 10:26:00,,220000000266,AE070330000220000000266,6715.00,6715.00,SALARY,Salary,FTS,AE125297000000000001329,0.00,[]
LOC-IN-0002659,QUOTE-LOC-IN-0002659,COMPLETED,REF-LOC-IN-0002659,EXT-SRC-001330,INWARD,R3265,2026-04-30 10:26:00,,220000000266,AE070330000220000000266,6762.00,6762.00,SALARY,Salary,FTS,AE125307000000000001330,0.00,[]
LOC-IN-0002661,QUOTE-LOC-IN-0002661,COMPLETED,REF-LOC-IN-0002661,EXT-SRC-001331,INWARD,R3266,2026-01-17 11:27:00,,220000000267,AE070330000220000000267,6657.00,6657.00,SALARY,Salary,FTS,AE125317000000000001331,0.00,[]
LOC-IN-0002663,QUOTE-LOC-IN-0002663,COMPLETED,REF-LOC-IN-0002663,EXT-SRC-001332,INWARD,R3266,2026-01-29 11:27:00,,220000000267,AE070330000220000000267,6704.00,6704.00,SALARY,Salary,FTS,AE125327000000000001332,0.00,[]
LOC-IN-0002665,QUOTE-LOC-IN-0002665,COMPLETED,REF-LOC-IN-0002665,EXT-SRC-001333,INWARD,R3266,2026-03-01 11:27:00,,220000000267,AE070330000220000000267,6751.00,6751.00,SALARY,Salary,FTS,AE125337000000000001333,0.00,[]
LOC-IN-0002667,QUOTE-LOC-IN-0002667,COMPLETED,REF-LOC-IN-0002667,EXT-SRC-001334,INWARD,R3266,2026-04-04 11:27:00,,220000000267,AE070330000220000000267,6798.00,6798.00,SALARY,Salary,FTS,AE125347000000000001334,0.00,[]
LOC-IN-0002669,QUOTE-LOC-IN-0002669,COMPLETED,REF-LOC-IN-0002669,EXT-SRC-001335,INWARD,R3266,2026-05-07 11:27:00,,220000000267,AE070330000220000000267,6845.00,6845.00,SALARY,Salary,FTS,AE125357000000000001335,0.00,[]
LOC-IN-0002671,QUOTE-LOC-IN-0002671,COMPLETED,REF-LOC-IN-0002671,EXT-SRC-001336,INWARD,R3267,2026-01-02 12:28:00,,220000000268,AE070330000220000000268,6740.00,6740.00,SALARY,Salary,FTS,AE125367000000000001336,0.00,[]
LOC-IN-0002673,QUOTE-LOC-IN-0002673,COMPLETED,REF-LOC-IN-0002673,EXT-SRC-001337,INWARD,R3267,2026-02-05 12:28:00,,220000000268,AE070330000220000000268,6787.00,6787.00,SALARY,Salary,FTS,AE125377000000000001337,0.00,[]
LOC-IN-0002675,QUOTE-LOC-IN-0002675,COMPLETED,REF-LOC-IN-0002675,EXT-SRC-001338,INWARD,R3267,2026-03-08 12:28:00,,220000000268,AE070330000220000000268,6834.00,6834.00,SALARY,Salary,FTS,AE125387000000000001338,0.00,[]
LOC-IN-0002677,QUOTE-LOC-IN-0002677,COMPLETED,REF-LOC-IN-0002677,EXT-SRC-001339,INWARD,R3267,2026-04-11 12:28:00,,220000000268,AE070330000220000000268,6881.00,6881.00,SALARY,Salary,FTS,AE125397000000000001339,0.00,[]
LOC-IN-0002679,QUOTE-LOC-IN-0002679,COMPLETED,REF-LOC-IN-0002679,EXT-SRC-001340,INWARD,R3267,2026-05-14 12:28:00,,220000000268,AE070330000220000000268,6928.00,6928.00,SALARY,Salary,FTS,AE125407000000000001340,0.00,[]
LOC-IN-0002681,QUOTE-LOC-IN-0002681,COMPLETED,REF-LOC-IN-0002681,EXT-SRC-001341,INWARD,R3268,2026-01-09 13:29:00,,220000000269,AE070330000220000000269,6823.00,6823.00,SALARY,Salary,FTS,AE125417000000000001341,0.00,[]
LOC-IN-0002683,QUOTE-LOC-IN-0002683,COMPLETED,REF-LOC-IN-0002683,EXT-SRC-001342,INWARD,R3268,2026-02-12 13:29:00,,220000000269,AE070330000220000000269,6870.00,6870.00,SALARY,Salary,FTS,AE125427000000000001342,0.00,[]
LOC-IN-0002685,QUOTE-LOC-IN-0002685,COMPLETED,REF-LOC-IN-0002685,EXT-SRC-001343,INWARD,R3268,2026-03-15 13:29:00,,220000000269,AE070330000220000000269,6917.00,6917.00,SALARY,Salary,FTS,AE125437000000000001343,0.00,[]
LOC-IN-0002687,QUOTE-LOC-IN-0002687,COMPLETED,REF-LOC-IN-0002687,EXT-SRC-001344,INWARD,R3268,2026-03-27 13:29:00,,220000000269,AE070330000220000000269,6964.00,6964.00,SALARY,Salary,FTS,AE125447000000000001344,0.00,[]
LOC-IN-0002689,QUOTE-LOC-IN-0002689,COMPLETED,REF-LOC-IN-0002689,EXT-SRC-001345,INWARD,R3268,2026-04-29 13:29:00,,220000000269,AE070330000220000000269,7011.00,7011.00,SALARY,Salary,FTS,AE125457000000000001345,0.00,[]
LOC-IN-0002691,QUOTE-LOC-IN-0002691,COMPLETED,REF-LOC-IN-0002691,EXT-SRC-001346,INWARD,R3269,2026-01-16 14:30:00,,220000000270,AE070330000220000000270,6906.00,6906.00,SALARY,Salary,FTS,AE125467000000000001346,0.00,[]
LOC-IN-0002693,QUOTE-LOC-IN-0002693,COMPLETED,REF-LOC-IN-0002693,EXT-SRC-001347,INWARD,R3269,2026-01-28 14:30:00,,220000000270,AE070330000220000000270,6953.00,6953.00,SALARY,Salary,FTS,AE125477000000000001347,0.00,[]
LOC-IN-0002695,QUOTE-LOC-IN-0002695,COMPLETED,REF-LOC-IN-0002695,EXT-SRC-001348,INWARD,R3269,2026-02-28 14:30:00,,220000000270,AE070330000220000000270,7000.00,7000.00,SALARY,Salary,FTS,AE125487000000000001348,0.00,[]
LOC-IN-0002697,QUOTE-LOC-IN-0002697,COMPLETED,REF-LOC-IN-0002697,EXT-SRC-001349,INWARD,R3269,2026-04-03 14:30:00,,220000000270,AE070330000220000000270,7047.00,7047.00,SALARY,Salary,FTS,AE125497000000000001349,0.00,[]
LOC-IN-0002699,QUOTE-LOC-IN-0002699,COMPLETED,REF-LOC-IN-0002699,EXT-SRC-001350,INWARD,R3269,2026-05-06 14:30:00,,220000000270,AE070330000220000000270,7094.00,7094.00,SALARY,Salary,FTS,AE125507000000000001350,0.00,[]
LOC-IN-0002701,QUOTE-LOC-IN-0002701,COMPLETED,REF-LOC-IN-0002701,EXT-SRC-001351,INWARD,R3270,2026-01-01 15:31:00,,220000000271,AE070330000220000000271,6989.00,6989.00,SALARY,Salary,FTS,AE125517000000000001351,0.00,[]
LOC-IN-0002703,QUOTE-LOC-IN-0002703,COMPLETED,REF-LOC-IN-0002703,EXT-SRC-001352,INWARD,R3270,2026-02-04 15:31:00,,220000000271,AE070330000220000000271,7036.00,7036.00,SALARY,Salary,FTS,AE125527000000000001352,0.00,[]
LOC-IN-0002705,QUOTE-LOC-IN-0002705,COMPLETED,REF-LOC-IN-0002705,EXT-SRC-001353,INWARD,R3270,2026-03-07 15:31:00,,220000000271,AE070330000220000000271,7083.00,7083.00,SALARY,Salary,FTS,AE125537000000000001353,0.00,[]
LOC-IN-0002707,QUOTE-LOC-IN-0002707,COMPLETED,REF-LOC-IN-0002707,EXT-SRC-001354,INWARD,R3270,2026-04-10 15:31:00,,220000000271,AE070330000220000000271,7130.00,7130.00,SALARY,Salary,FTS,AE125547000000000001354,0.00,[]
LOC-IN-0002709,QUOTE-LOC-IN-0002709,COMPLETED,REF-LOC-IN-0002709,EXT-SRC-001355,INWARD,R3270,2026-05-13 15:31:00,,220000000271,AE070330000220000000271,7177.00,7177.00,SALARY,Salary,FTS,AE125557000000000001355,0.00,[]
LOC-IN-0002711,QUOTE-LOC-IN-0002711,COMPLETED,REF-LOC-IN-0002711,EXT-SRC-001356,INWARD,R3271,2026-01-08 16:32:00,,220000000272,AE070330000220000000272,7072.00,7072.00,SALARY,Salary,FTS,AE125567000000000001356,0.00,[]
LOC-IN-0002713,QUOTE-LOC-IN-0002713,COMPLETED,REF-LOC-IN-0002713,EXT-SRC-001357,INWARD,R3271,2026-02-11 16:32:00,,220000000272,AE070330000220000000272,7119.00,7119.00,SALARY,Salary,FTS,AE125577000000000001357,0.00,[]
LOC-IN-0002715,QUOTE-LOC-IN-0002715,COMPLETED,REF-LOC-IN-0002715,EXT-SRC-001358,INWARD,R3271,2026-03-14 16:32:00,,220000000272,AE070330000220000000272,7166.00,7166.00,SALARY,Salary,FTS,AE125587000000000001358,0.00,[]
LOC-IN-0002717,QUOTE-LOC-IN-0002717,COMPLETED,REF-LOC-IN-0002717,EXT-SRC-001359,INWARD,R3271,2026-04-17 16:32:00,,220000000272,AE070330000220000000272,7213.00,7213.00,SALARY,Salary,FTS,AE125597000000000001359,0.00,[]
LOC-IN-0002719,QUOTE-LOC-IN-0002719,COMPLETED,REF-LOC-IN-0002719,EXT-SRC-001360,INWARD,R3271,2026-04-28 16:32:00,,220000000272,AE070330000220000000272,7260.00,7260.00,SALARY,Salary,FTS,AE125607000000000001360,0.00,[]
LOC-IN-0002721,QUOTE-LOC-IN-0002721,COMPLETED,REF-LOC-IN-0002721,EXT-SRC-001361,INWARD,R3272,2026-01-15 17:33:00,,220000000273,AE070330000220000000273,7155.00,7155.00,SALARY,Salary,FTS,AE125617000000000001361,0.00,[]
LOC-IN-0002723,QUOTE-LOC-IN-0002723,COMPLETED,REF-LOC-IN-0002723,EXT-SRC-001362,INWARD,R3272,2026-01-27 17:33:00,,220000000273,AE070330000220000000273,7202.00,7202.00,SALARY,Salary,FTS,AE125627000000000001362,0.00,[]
LOC-IN-0002725,QUOTE-LOC-IN-0002725,COMPLETED,REF-LOC-IN-0002725,EXT-SRC-001363,INWARD,R3272,2026-02-27 17:33:00,,220000000273,AE070330000220000000273,7249.00,7249.00,SALARY,Salary,FTS,AE125637000000000001363,0.00,[]
LOC-IN-0002727,QUOTE-LOC-IN-0002727,COMPLETED,REF-LOC-IN-0002727,EXT-SRC-001364,INWARD,R3272,2026-04-02 17:33:00,,220000000273,AE070330000220000000273,7296.00,7296.00,SALARY,Salary,FTS,AE125647000000000001364,0.00,[]
LOC-IN-0002729,QUOTE-LOC-IN-0002729,COMPLETED,REF-LOC-IN-0002729,EXT-SRC-001365,INWARD,R3272,2026-05-05 17:33:00,,220000000273,AE070330000220000000273,7343.00,7343.00,SALARY,Salary,FTS,AE125657000000000001365,0.00,[]
LOC-IN-0002731,QUOTE-LOC-IN-0002731,COMPLETED,REF-LOC-IN-0002731,EXT-SRC-001366,INWARD,R3273,2025-12-31 18:34:00,,220000000274,AE070330000220000000274,7238.00,7238.00,SALARY,Salary,FTS,AE125667000000000001366,0.00,[]
LOC-IN-0002733,QUOTE-LOC-IN-0002733,COMPLETED,REF-LOC-IN-0002733,EXT-SRC-001367,INWARD,R3273,2026-02-03 18:34:00,,220000000274,AE070330000220000000274,7285.00,7285.00,SALARY,Salary,FTS,AE125677000000000001367,0.00,[]
LOC-IN-0002735,QUOTE-LOC-IN-0002735,COMPLETED,REF-LOC-IN-0002735,EXT-SRC-001368,INWARD,R3273,2026-03-06 18:34:00,,220000000274,AE070330000220000000274,7332.00,7332.00,SALARY,Salary,FTS,AE125687000000000001368,0.00,[]
LOC-IN-0002737,QUOTE-LOC-IN-0002737,COMPLETED,REF-LOC-IN-0002737,EXT-SRC-001369,INWARD,R3273,2026-04-09 18:34:00,,220000000274,AE070330000220000000274,7379.00,7379.00,SALARY,Salary,FTS,AE125697000000000001369,0.00,[]
LOC-IN-0002739,QUOTE-LOC-IN-0002739,COMPLETED,REF-LOC-IN-0002739,EXT-SRC-001370,INWARD,R3273,2026-05-12 18:34:00,,220000000274,AE070330000220000000274,7426.00,7426.00,SALARY,Salary,FTS,AE125707000000000001370,0.00,[]
LOC-IN-0002741,QUOTE-LOC-IN-0002741,COMPLETED,REF-LOC-IN-0002741,EXT-SRC-001371,INWARD,R3274,2026-01-07 08:35:00,,220000000275,AE070330000220000000275,7321.00,7321.00,SALARY,Salary,FTS,AE125717000000000001371,0.00,[]
LOC-IN-0002743,QUOTE-LOC-IN-0002743,COMPLETED,REF-LOC-IN-0002743,EXT-SRC-001372,INWARD,R3274,2026-02-10 08:35:00,,220000000275,AE070330000220000000275,7368.00,7368.00,SALARY,Salary,FTS,AE125727000000000001372,0.00,[]
LOC-IN-0002745,QUOTE-LOC-IN-0002745,COMPLETED,REF-LOC-IN-0002745,EXT-SRC-001373,INWARD,R3274,2026-03-13 08:35:00,,220000000275,AE070330000220000000275,7415.00,7415.00,SALARY,Salary,FTS,AE125737000000000001373,0.00,[]
LOC-IN-0002747,QUOTE-LOC-IN-0002747,COMPLETED,REF-LOC-IN-0002747,EXT-SRC-001374,INWARD,R3274,2026-04-16 08:35:00,,220000000275,AE070330000220000000275,7462.00,7462.00,SALARY,Salary,FTS,AE125747000000000001374,0.00,[]
LOC-IN-0002749,QUOTE-LOC-IN-0002749,COMPLETED,REF-LOC-IN-0002749,EXT-SRC-001375,INWARD,R3274,2026-04-27 08:35:00,,220000000275,AE070330000220000000275,7509.00,7509.00,SALARY,Salary,FTS,AE125757000000000001375,0.00,[]
LOC-IN-0002751,QUOTE-LOC-IN-0002751,COMPLETED,REF-LOC-IN-0002751,EXT-SRC-001376,INWARD,R3275,2026-01-14 09:36:00,,220000000276,AE070330000220000000276,7404.00,7404.00,SALARY,Salary,FTS,AE125767000000000001376,0.00,[]
LOC-IN-0002753,QUOTE-LOC-IN-0002753,COMPLETED,REF-LOC-IN-0002753,EXT-SRC-001377,INWARD,R3275,2026-02-17 09:36:00,,220000000276,AE070330000220000000276,7451.00,7451.00,SALARY,Salary,FTS,AE125777000000000001377,0.00,[]
LOC-IN-0002755,QUOTE-LOC-IN-0002755,COMPLETED,REF-LOC-IN-0002755,EXT-SRC-001378,INWARD,R3275,2026-02-26 09:36:00,,220000000276,AE070330000220000000276,7498.00,7498.00,SALARY,Salary,FTS,AE125787000000000001378,0.00,[]
LOC-IN-0002757,QUOTE-LOC-IN-0002757,COMPLETED,REF-LOC-IN-0002757,EXT-SRC-001379,INWARD,R3275,2026-04-01 09:36:00,,220000000276,AE070330000220000000276,7545.00,7545.00,SALARY,Salary,FTS,AE125797000000000001379,0.00,[]
LOC-IN-0002759,QUOTE-LOC-IN-0002759,COMPLETED,REF-LOC-IN-0002759,EXT-SRC-001380,INWARD,R3275,2026-05-04 09:36:00,,220000000276,AE070330000220000000276,7592.00,7592.00,SALARY,Salary,FTS,AE125807000000000001380,0.00,[]
LOC-IN-0002761,QUOTE-LOC-IN-0002761,COMPLETED,REF-LOC-IN-0002761,EXT-SRC-001381,INWARD,R3276,2025-12-30 10:37:00,,220000000277,AE070330000220000000277,7487.00,7487.00,SALARY,Salary,FTS,AE125817000000000001381,0.00,[]
LOC-IN-0002763,QUOTE-LOC-IN-0002763,COMPLETED,REF-LOC-IN-0002763,EXT-SRC-001382,INWARD,R3276,2026-02-02 10:37:00,,220000000277,AE070330000220000000277,7534.00,7534.00,SALARY,Salary,FTS,AE125827000000000001382,0.00,[]
LOC-IN-0002765,QUOTE-LOC-IN-0002765,COMPLETED,REF-LOC-IN-0002765,EXT-SRC-001383,INWARD,R3276,2026-03-05 10:37:00,,220000000277,AE070330000220000000277,7581.00,7581.00,SALARY,Salary,FTS,AE125837000000000001383,0.00,[]
LOC-IN-0002767,QUOTE-LOC-IN-0002767,COMPLETED,REF-LOC-IN-0002767,EXT-SRC-001384,INWARD,R3276,2026-04-08 10:37:00,,220000000277,AE070330000220000000277,7628.00,7628.00,SALARY,Salary,FTS,AE125847000000000001384,0.00,[]
LOC-IN-0002769,QUOTE-LOC-IN-0002769,COMPLETED,REF-LOC-IN-0002769,EXT-SRC-001385,INWARD,R3276,2026-05-11 10:37:00,,220000000277,AE070330000220000000277,7675.00,7675.00,SALARY,Salary,FTS,AE125857000000000001385,0.00,[]
LOC-IN-0002771,QUOTE-LOC-IN-0002771,COMPLETED,REF-LOC-IN-0002771,EXT-SRC-001386,INWARD,R3277,2026-01-06 11:38:00,,220000000278,AE070330000220000000278,7570.00,7570.00,SALARY,Salary,FTS,AE125867000000000001386,0.00,[]
LOC-IN-0002773,QUOTE-LOC-IN-0002773,COMPLETED,REF-LOC-IN-0002773,EXT-SRC-001387,INWARD,R3277,2026-02-09 11:38:00,,220000000278,AE070330000220000000278,7617.00,7617.00,SALARY,Salary,FTS,AE125877000000000001387,0.00,[]
LOC-IN-0002775,QUOTE-LOC-IN-0002775,COMPLETED,REF-LOC-IN-0002775,EXT-SRC-001388,INWARD,R3277,2026-03-12 11:38:00,,220000000278,AE070330000220000000278,7664.00,7664.00,SALARY,Salary,FTS,AE125887000000000001388,0.00,[]
LOC-IN-0002777,QUOTE-LOC-IN-0002777,COMPLETED,REF-LOC-IN-0002777,EXT-SRC-001389,INWARD,R3277,2026-04-15 11:38:00,,220000000278,AE070330000220000000278,7711.00,7711.00,SALARY,Salary,FTS,AE125897000000000001389,0.00,[]
LOC-IN-0002779,QUOTE-LOC-IN-0002779,COMPLETED,REF-LOC-IN-0002779,EXT-SRC-001390,INWARD,R3277,2026-04-26 11:38:00,,220000000278,AE070330000220000000278,7758.00,7758.00,SALARY,Salary,FTS,AE125907000000000001390,0.00,[]
LOC-IN-0002781,QUOTE-LOC-IN-0002781,COMPLETED,REF-LOC-IN-0002781,EXT-SRC-001391,INWARD,R3278,2026-01-13 12:39:00,,220000000279,AE070330000220000000279,7653.00,7653.00,SALARY,Salary,FTS,AE125917000000000001391,0.00,[]
LOC-IN-0002783,QUOTE-LOC-IN-0002783,COMPLETED,REF-LOC-IN-0002783,EXT-SRC-001392,INWARD,R3278,2026-02-16 12:39:00,,220000000279,AE070330000220000000279,7700.00,7700.00,SALARY,Salary,FTS,AE125927000000000001392,0.00,[]
LOC-IN-0002785,QUOTE-LOC-IN-0002785,COMPLETED,REF-LOC-IN-0002785,EXT-SRC-001393,INWARD,R3278,2026-02-25 12:39:00,,220000000279,AE070330000220000000279,7747.00,7747.00,SALARY,Salary,FTS,AE125937000000000001393,0.00,[]
LOC-IN-0002787,QUOTE-LOC-IN-0002787,COMPLETED,REF-LOC-IN-0002787,EXT-SRC-001394,INWARD,R3278,2026-03-31 12:39:00,,220000000279,AE070330000220000000279,7794.00,7794.00,SALARY,Salary,FTS,AE125947000000000001394,0.00,[]
LOC-IN-0002789,QUOTE-LOC-IN-0002789,COMPLETED,REF-LOC-IN-0002789,EXT-SRC-001395,INWARD,R3278,2026-05-03 12:39:00,,220000000279,AE070330000220000000279,7841.00,7841.00,SALARY,Salary,FTS,AE125957000000000001395,0.00,[]
LOC-IN-0002791,QUOTE-LOC-IN-0002791,COMPLETED,REF-LOC-IN-0002791,EXT-SRC-001396,INWARD,R3279,2025-12-29 13:40:00,,220000000280,AE070330000220000000280,7736.00,7736.00,SALARY,Salary,FTS,AE125967000000000001396,0.00,[]
LOC-IN-0002793,QUOTE-LOC-IN-0002793,COMPLETED,REF-LOC-IN-0002793,EXT-SRC-001397,INWARD,R3279,2026-02-01 13:40:00,,220000000280,AE070330000220000000280,7783.00,7783.00,SALARY,Salary,FTS,AE125977000000000001397,0.00,[]
LOC-IN-0002795,QUOTE-LOC-IN-0002795,COMPLETED,REF-LOC-IN-0002795,EXT-SRC-001398,INWARD,R3279,2026-03-04 13:40:00,,220000000280,AE070330000220000000280,7830.00,7830.00,SALARY,Salary,FTS,AE125987000000000001398,0.00,[]
LOC-IN-0002797,QUOTE-LOC-IN-0002797,COMPLETED,REF-LOC-IN-0002797,EXT-SRC-001399,INWARD,R3279,2026-04-07 13:40:00,,220000000280,AE070330000220000000280,7877.00,7877.00,SALARY,Salary,FTS,AE125997000000000001399,0.00,[]
LOC-IN-0002799,QUOTE-LOC-IN-0002799,COMPLETED,REF-LOC-IN-0002799,EXT-SRC-001400,INWARD,R3279,2026-05-10 13:40:00,,220000000280,AE070330000220000000280,7924.00,7924.00,SALARY,Salary,FTS,AE126007000000000001400,0.00,[]
LOC-IN-0002801,QUOTE-LOC-IN-0002801,COMPLETED,REF-LOC-IN-0002801,EXT-SRC-001401,INWARD,R3280,2026-01-05 14:41:00,,220000000281,AE070330000220000000281,7819.00,7819.00,SALARY,Salary,FTS,AE126017000000000001401,0.00,[]
LOC-IN-0002803,QUOTE-LOC-IN-0002803,COMPLETED,REF-LOC-IN-0002803,EXT-SRC-001402,INWARD,R3280,2026-02-08 14:41:00,,220000000281,AE070330000220000000281,7866.00,7866.00,SALARY,Salary,FTS,AE126027000000000001402,0.00,[]
LOC-IN-0002805,QUOTE-LOC-IN-0002805,COMPLETED,REF-LOC-IN-0002805,EXT-SRC-001403,INWARD,R3280,2026-03-11 14:41:00,,220000000281,AE070330000220000000281,7913.00,7913.00,SALARY,Salary,FTS,AE126037000000000001403,0.00,[]
LOC-IN-0002807,QUOTE-LOC-IN-0002807,COMPLETED,REF-LOC-IN-0002807,EXT-SRC-001404,INWARD,R3280,2026-04-14 14:41:00,,220000000281,AE070330000220000000281,7960.00,7960.00,SALARY,Salary,FTS,AE126047000000000001404,0.00,[]
LOC-IN-0002809,QUOTE-LOC-IN-0002809,COMPLETED,REF-LOC-IN-0002809,EXT-SRC-001405,INWARD,R3280,2026-05-17 14:41:00,,220000000281,AE070330000220000000281,8007.00,8007.00,SALARY,Salary,FTS,AE126057000000000001405,0.00,[]
LOC-IN-0002811,QUOTE-LOC-IN-0002811,COMPLETED,REF-LOC-IN-0002811,EXT-SRC-001406,INWARD,R3281,2026-01-12 15:42:00,,220000000282,AE070330000220000000282,7902.00,7902.00,SALARY,Salary,FTS,AE126067000000000001406,0.00,[]
LOC-IN-0002813,QUOTE-LOC-IN-0002813,COMPLETED,REF-LOC-IN-0002813,EXT-SRC-001407,INWARD,R3281,2026-02-15 15:42:00,,220000000282,AE070330000220000000282,7949.00,7949.00,SALARY,Salary,FTS,AE126077000000000001407,0.00,[]
LOC-IN-0002815,QUOTE-LOC-IN-0002815,COMPLETED,REF-LOC-IN-0002815,EXT-SRC-001408,INWARD,R3281,2026-02-24 15:42:00,,220000000282,AE070330000220000000282,7996.00,7996.00,SALARY,Salary,FTS,AE126087000000000001408,0.00,[]
LOC-IN-0002817,QUOTE-LOC-IN-0002817,COMPLETED,REF-LOC-IN-0002817,EXT-SRC-001409,INWARD,R3281,2026-03-30 15:42:00,,220000000282,AE070330000220000000282,8043.00,8043.00,SALARY,Salary,FTS,AE126097000000000001409,0.00,[]
LOC-IN-0002819,QUOTE-LOC-IN-0002819,COMPLETED,REF-LOC-IN-0002819,EXT-SRC-001410,INWARD,R3281,2026-05-02 15:42:00,,220000000282,AE070330000220000000282,8090.00,8090.00,SALARY,Salary,FTS,AE126107000000000001410,0.00,[]
LOC-IN-0002821,QUOTE-LOC-IN-0002821,COMPLETED,REF-LOC-IN-0002821,EXT-SRC-001411,INWARD,R3282,2025-12-28 16:43:00,,220000000283,AE070330000220000000283,7985.00,7985.00,SALARY,Salary,FTS,AE126117000000000001411,0.00,[]
LOC-IN-0002823,QUOTE-LOC-IN-0002823,COMPLETED,REF-LOC-IN-0002823,EXT-SRC-001412,INWARD,R3282,2026-01-31 16:43:00,,220000000283,AE070330000220000000283,8032.00,8032.00,SALARY,Salary,FTS,AE126127000000000001412,0.00,[]
LOC-IN-0002825,QUOTE-LOC-IN-0002825,COMPLETED,REF-LOC-IN-0002825,EXT-SRC-001413,INWARD,R3282,2026-03-03 16:43:00,,220000000283,AE070330000220000000283,8079.00,8079.00,SALARY,Salary,FTS,AE126137000000000001413,0.00,[]
LOC-IN-0002827,QUOTE-LOC-IN-0002827,COMPLETED,REF-LOC-IN-0002827,EXT-SRC-001414,INWARD,R3282,2026-04-06 16:43:00,,220000000283,AE070330000220000000283,8126.00,8126.00,SALARY,Salary,FTS,AE126147000000000001414,0.00,[]
LOC-IN-0002829,QUOTE-LOC-IN-0002829,COMPLETED,REF-LOC-IN-0002829,EXT-SRC-001415,INWARD,R3282,2026-05-09 16:43:00,,220000000283,AE070330000220000000283,8173.00,8173.00,SALARY,Salary,FTS,AE126157000000000001415,0.00,[]
LOC-IN-0002831,QUOTE-LOC-IN-0002831,COMPLETED,REF-LOC-IN-0002831,EXT-SRC-001416,INWARD,R3283,2026-01-04 17:44:00,,220000000284,AE070330000220000000284,8068.00,8068.00,SALARY,Salary,FTS,AE126167000000000001416,0.00,[]
LOC-IN-0002833,QUOTE-LOC-IN-0002833,COMPLETED,REF-LOC-IN-0002833,EXT-SRC-001417,INWARD,R3283,2026-02-07 17:44:00,,220000000284,AE070330000220000000284,8115.00,8115.00,SALARY,Salary,FTS,AE126177000000000001417,0.00,[]
LOC-IN-0002835,QUOTE-LOC-IN-0002835,COMPLETED,REF-LOC-IN-0002835,EXT-SRC-001418,INWARD,R3283,2026-03-10 17:44:00,,220000000284,AE070330000220000000284,8162.00,8162.00,SALARY,Salary,FTS,AE126187000000000001418,0.00,[]
LOC-IN-0002837,QUOTE-LOC-IN-0002837,COMPLETED,REF-LOC-IN-0002837,EXT-SRC-001419,INWARD,R3283,2026-04-13 17:44:00,,220000000284,AE070330000220000000284,8209.00,8209.00,SALARY,Salary,FTS,AE126197000000000001419,0.00,[]
LOC-IN-0002839,QUOTE-LOC-IN-0002839,COMPLETED,REF-LOC-IN-0002839,EXT-SRC-001420,INWARD,R3283,2026-05-16 17:44:00,,220000000284,AE070330000220000000284,8256.00,8256.00,SALARY,Salary,FTS,AE126207000000000001420,0.00,[]
LOC-IN-0002841,QUOTE-LOC-IN-0002841,COMPLETED,REF-LOC-IN-0002841,EXT-SRC-001421,INWARD,R3284,2026-01-11 18:45:00,,220000000285,AE070330000220000000285,8151.00,8151.00,SALARY,Salary,FTS,AE126217000000000001421,0.00,[]
LOC-IN-0002843,QUOTE-LOC-IN-0002843,COMPLETED,REF-LOC-IN-0002843,EXT-SRC-001422,INWARD,R3284,2026-02-14 18:45:00,,220000000285,AE070330000220000000285,8198.00,8198.00,SALARY,Salary,FTS,AE126227000000000001422,0.00,[]
LOC-IN-0002845,QUOTE-LOC-IN-0002845,COMPLETED,REF-LOC-IN-0002845,EXT-SRC-001423,INWARD,R3284,2026-03-17 18:45:00,,220000000285,AE070330000220000000285,8245.00,8245.00,SALARY,Salary,FTS,AE126237000000000001423,0.00,[]
LOC-IN-0002847,QUOTE-LOC-IN-0002847,COMPLETED,REF-LOC-IN-0002847,EXT-SRC-001424,INWARD,R3284,2026-03-29 18:45:00,,220000000285,AE070330000220000000285,8292.00,8292.00,SALARY,Salary,FTS,AE126247000000000001424,0.00,[]
LOC-IN-0002849,QUOTE-LOC-IN-0002849,COMPLETED,REF-LOC-IN-0002849,EXT-SRC-001425,INWARD,R3284,2026-05-01 18:45:00,,220000000285,AE070330000220000000285,8339.00,8339.00,SALARY,Salary,FTS,AE126257000000000001425,0.00,[]
LOC-IN-0002851,QUOTE-LOC-IN-0002851,COMPLETED,REF-LOC-IN-0002851,EXT-SRC-001426,INWARD,R3285,2025-12-27 08:46:00,,220000000286,AE070330000220000000286,8234.00,8234.00,SALARY,Salary,FTS,AE126267000000000001426,0.00,[]
LOC-IN-0002853,QUOTE-LOC-IN-0002853,COMPLETED,REF-LOC-IN-0002853,EXT-SRC-001427,INWARD,R3285,2026-01-30 08:46:00,,220000000286,AE070330000220000000286,8281.00,8281.00,SALARY,Salary,FTS,AE126277000000000001427,0.00,[]
LOC-IN-0002855,QUOTE-LOC-IN-0002855,COMPLETED,REF-LOC-IN-0002855,EXT-SRC-001428,INWARD,R3285,2026-03-02 08:46:00,,220000000286,AE070330000220000000286,8328.00,8328.00,SALARY,Salary,FTS,AE126287000000000001428,0.00,[]
LOC-IN-0002857,QUOTE-LOC-IN-0002857,COMPLETED,REF-LOC-IN-0002857,EXT-SRC-001429,INWARD,R3285,2026-04-05 08:46:00,,220000000286,AE070330000220000000286,8375.00,8375.00,SALARY,Salary,FTS,AE126297000000000001429,0.00,[]
LOC-IN-0002859,QUOTE-LOC-IN-0002859,COMPLETED,REF-LOC-IN-0002859,EXT-SRC-001430,INWARD,R3285,2026-05-08 08:46:00,,220000000286,AE070330000220000000286,8422.00,8422.00,SALARY,Salary,FTS,AE126307000000000001430,0.00,[]
LOC-IN-0002861,QUOTE-LOC-IN-0002861,COMPLETED,REF-LOC-IN-0002861,EXT-SRC-001431,INWARD,R3286,2026-01-03 09:47:00,,220000000287,AE070330000220000000287,8317.00,8317.00,SALARY,Salary,FTS,AE126317000000000001431,0.00,[]
LOC-IN-0002863,QUOTE-LOC-IN-0002863,COMPLETED,REF-LOC-IN-0002863,EXT-SRC-001432,INWARD,R3286,2026-02-06 09:47:00,,220000000287,AE070330000220000000287,8364.00,8364.00,SALARY,Salary,FTS,AE126327000000000001432,0.00,[]
LOC-IN-0002865,QUOTE-LOC-IN-0002865,COMPLETED,REF-LOC-IN-0002865,EXT-SRC-001433,INWARD,R3286,2026-03-09 09:47:00,,220000000287,AE070330000220000000287,8411.00,8411.00,SALARY,Salary,FTS,AE126337000000000001433,0.00,[]
LOC-IN-0002867,QUOTE-LOC-IN-0002867,COMPLETED,REF-LOC-IN-0002867,EXT-SRC-001434,INWARD,R3286,2026-04-12 09:47:00,,220000000287,AE070330000220000000287,8458.00,8458.00,SALARY,Salary,FTS,AE126347000000000001434,0.00,[]
LOC-IN-0002869,QUOTE-LOC-IN-0002869,COMPLETED,REF-LOC-IN-0002869,EXT-SRC-001435,INWARD,R3286,2026-05-15 09:47:00,,220000000287,AE070330000220000000287,8505.00,8505.00,SALARY,Salary,FTS,AE126357000000000001435,0.00,[]
LOC-IN-0002871,QUOTE-LOC-IN-0002871,COMPLETED,REF-LOC-IN-0002871,EXT-SRC-001436,INWARD,R3287,2026-01-10 10:48:00,,220000000288,AE070330000220000000288,8400.00,8400.00,SALARY,Salary,FTS,AE126367000000000001436,0.00,[]
LOC-IN-0002873,QUOTE-LOC-IN-0002873,COMPLETED,REF-LOC-IN-0002873,EXT-SRC-001437,INWARD,R3287,2026-02-13 10:48:00,,220000000288,AE070330000220000000288,8447.00,8447.00,SALARY,Salary,FTS,AE126377000000000001437,0.00,[]
LOC-IN-0002875,QUOTE-LOC-IN-0002875,COMPLETED,REF-LOC-IN-0002875,EXT-SRC-001438,INWARD,R3287,2026-03-16 10:48:00,,220000000288,AE070330000220000000288,8494.00,8494.00,SALARY,Salary,FTS,AE126387000000000001438,0.00,[]
LOC-IN-0002877,QUOTE-LOC-IN-0002877,COMPLETED,REF-LOC-IN-0002877,EXT-SRC-001439,INWARD,R3287,2026-03-28 10:48:00,,220000000288,AE070330000220000000288,8541.00,8541.00,SALARY,Salary,FTS,AE126397000000000001439,0.00,[]
LOC-IN-0002879,QUOTE-LOC-IN-0002879,COMPLETED,REF-LOC-IN-0002879,EXT-SRC-001440,INWARD,R3287,2026-04-30 10:48:00,,220000000288,AE070330000220000000288,8588.00,8588.00,SALARY,Salary,FTS,AE126407000000000001440,0.00,[]
LOC-IN-0002881,QUOTE-LOC-IN-0002881,COMPLETED,REF-LOC-IN-0002881,EXT-SRC-001441,INWARD,R3288,2026-01-17 11:49:00,,220000000289,AE070330000220000000289,8483.00,8483.00,SALARY,Salary,FTS,AE126417000000000001441,0.00,[]
LOC-IN-0002883,QUOTE-LOC-IN-0002883,COMPLETED,REF-LOC-IN-0002883,EXT-SRC-001442,INWARD,R3288,2026-01-29 11:49:00,,220000000289,AE070330000220000000289,8530.00,8530.00,SALARY,Salary,FTS,AE126427000000000001442,0.00,[]
LOC-IN-0002885,QUOTE-LOC-IN-0002885,COMPLETED,REF-LOC-IN-0002885,EXT-SRC-001443,INWARD,R3288,2026-03-01 11:49:00,,220000000289,AE070330000220000000289,8577.00,8577.00,SALARY,Salary,FTS,AE126437000000000001443,0.00,[]
LOC-IN-0002887,QUOTE-LOC-IN-0002887,COMPLETED,REF-LOC-IN-0002887,EXT-SRC-001444,INWARD,R3288,2026-04-04 11:49:00,,220000000289,AE070330000220000000289,8624.00,8624.00,SALARY,Salary,FTS,AE126447000000000001444,0.00,[]
LOC-IN-0002889,QUOTE-LOC-IN-0002889,COMPLETED,REF-LOC-IN-0002889,EXT-SRC-001445,INWARD,R3288,2026-05-07 11:49:00,,220000000289,AE070330000220000000289,8671.00,8671.00,SALARY,Salary,FTS,AE126457000000000001445,0.00,[]
LOC-IN-0002891,QUOTE-LOC-IN-0002891,COMPLETED,REF-LOC-IN-0002891,EXT-SRC-001446,INWARD,R3289,2026-01-02 12:50:00,,220000000290,AE070330000220000000290,8566.00,8566.00,SALARY,Salary,FTS,AE126467000000000001446,0.00,[]
LOC-IN-0002893,QUOTE-LOC-IN-0002893,COMPLETED,REF-LOC-IN-0002893,EXT-SRC-001447,INWARD,R3289,2026-02-05 12:50:00,,220000000290,AE070330000220000000290,8613.00,8613.00,SALARY,Salary,FTS,AE126477000000000001447,0.00,[]
LOC-IN-0002895,QUOTE-LOC-IN-0002895,COMPLETED,REF-LOC-IN-0002895,EXT-SRC-001448,INWARD,R3289,2026-03-08 12:50:00,,220000000290,AE070330000220000000290,8660.00,8660.00,SALARY,Salary,FTS,AE126487000000000001448,0.00,[]
LOC-IN-0002897,QUOTE-LOC-IN-0002897,COMPLETED,REF-LOC-IN-0002897,EXT-SRC-001449,INWARD,R3289,2026-04-11 12:50:00,,220000000290,AE070330000220000000290,8707.00,8707.00,SALARY,Salary,FTS,AE126497000000000001449,0.00,[]
LOC-IN-0002899,QUOTE-LOC-IN-0002899,COMPLETED,REF-LOC-IN-0002899,EXT-SRC-001450,INWARD,R3289,2026-05-14 12:50:00,,220000000290,AE070330000220000000290,8754.00,8754.00,SALARY,Salary,FTS,AE126507000000000001450,0.00,[]
LOC-IN-0002901,QUOTE-LOC-IN-0002901,COMPLETED,REF-LOC-IN-0002901,EXT-SRC-001451,INWARD,R3290,2026-01-09 13:51:00,,220000000291,AE070330000220000000291,8649.00,8649.00,SALARY,Salary,FTS,AE126517000000000001451,0.00,[]
LOC-IN-0002903,QUOTE-LOC-IN-0002903,COMPLETED,REF-LOC-IN-0002903,EXT-SRC-001452,INWARD,R3290,2026-02-12 13:51:00,,220000000291,AE070330000220000000291,8696.00,8696.00,SALARY,Salary,FTS,AE126527000000000001452,0.00,[]
LOC-IN-0002905,QUOTE-LOC-IN-0002905,COMPLETED,REF-LOC-IN-0002905,EXT-SRC-001453,INWARD,R3290,2026-03-15 13:51:00,,220000000291,AE070330000220000000291,8743.00,8743.00,SALARY,Salary,FTS,AE126537000000000001453,0.00,[]
LOC-IN-0002907,QUOTE-LOC-IN-0002907,COMPLETED,REF-LOC-IN-0002907,EXT-SRC-001454,INWARD,R3290,2026-03-27 13:51:00,,220000000291,AE070330000220000000291,8790.00,8790.00,SALARY,Salary,FTS,AE126547000000000001454,0.00,[]
LOC-IN-0002909,QUOTE-LOC-IN-0002909,COMPLETED,REF-LOC-IN-0002909,EXT-SRC-001455,INWARD,R3290,2026-04-29 13:51:00,,220000000291,AE070330000220000000291,8837.00,8837.00,SALARY,Salary,FTS,AE126557000000000001455,0.00,[]
LOC-IN-0002911,QUOTE-LOC-IN-0002911,COMPLETED,REF-LOC-IN-0002911,EXT-SRC-001456,INWARD,R3291,2026-01-16 14:52:00,,220000000292,AE070330000220000000292,8732.00,8732.00,SALARY,Salary,FTS,AE126567000000000001456,0.00,[]
LOC-IN-0002913,QUOTE-LOC-IN-0002913,COMPLETED,REF-LOC-IN-0002913,EXT-SRC-001457,INWARD,R3291,2026-01-28 14:52:00,,220000000292,AE070330000220000000292,8779.00,8779.00,SALARY,Salary,FTS,AE126577000000000001457,0.00,[]
LOC-IN-0002915,QUOTE-LOC-IN-0002915,COMPLETED,REF-LOC-IN-0002915,EXT-SRC-001458,INWARD,R3291,2026-02-28 14:52:00,,220000000292,AE070330000220000000292,8826.00,8826.00,SALARY,Salary,FTS,AE126587000000000001458,0.00,[]
LOC-IN-0002917,QUOTE-LOC-IN-0002917,COMPLETED,REF-LOC-IN-0002917,EXT-SRC-001459,INWARD,R3291,2026-04-03 14:52:00,,220000000292,AE070330000220000000292,8873.00,8873.00,SALARY,Salary,FTS,AE126597000000000001459,0.00,[]
LOC-IN-0002919,QUOTE-LOC-IN-0002919,COMPLETED,REF-LOC-IN-0002919,EXT-SRC-001460,INWARD,R3291,2026-05-06 14:52:00,,220000000292,AE070330000220000000292,8920.00,8920.00,SALARY,Salary,FTS,AE126607000000000001460,0.00,[]
LOC-IN-0002921,QUOTE-LOC-IN-0002921,COMPLETED,REF-LOC-IN-0002921,EXT-SRC-001461,INWARD,R3292,2026-01-01 15:53:00,,220000000293,AE070330000220000000293,8815.00,8815.00,SALARY,Salary,FTS,AE126617000000000001461,0.00,[]
LOC-IN-0002923,QUOTE-LOC-IN-0002923,COMPLETED,REF-LOC-IN-0002923,EXT-SRC-001462,INWARD,R3292,2026-02-04 15:53:00,,220000000293,AE070330000220000000293,8862.00,8862.00,SALARY,Salary,FTS,AE126627000000000001462,0.00,[]
LOC-IN-0002925,QUOTE-LOC-IN-0002925,COMPLETED,REF-LOC-IN-0002925,EXT-SRC-001463,INWARD,R3292,2026-03-07 15:53:00,,220000000293,AE070330000220000000293,8909.00,8909.00,SALARY,Salary,FTS,AE126637000000000001463,0.00,[]
LOC-IN-0002927,QUOTE-LOC-IN-0002927,COMPLETED,REF-LOC-IN-0002927,EXT-SRC-001464,INWARD,R3292,2026-04-10 15:53:00,,220000000293,AE070330000220000000293,8956.00,8956.00,SALARY,Salary,FTS,AE126647000000000001464,0.00,[]
LOC-IN-0002929,QUOTE-LOC-IN-0002929,COMPLETED,REF-LOC-IN-0002929,EXT-SRC-001465,INWARD,R3292,2026-05-13 15:53:00,,220000000293,AE070330000220000000293,9003.00,9003.00,SALARY,Salary,FTS,AE126657000000000001465,0.00,[]
LOC-IN-0002931,QUOTE-LOC-IN-0002931,COMPLETED,REF-LOC-IN-0002931,EXT-SRC-001466,INWARD,R3293,2026-01-08 16:54:00,,220000000294,AE070330000220000000294,8898.00,8898.00,SALARY,Salary,FTS,AE126667000000000001466,0.00,[]
LOC-IN-0002933,QUOTE-LOC-IN-0002933,COMPLETED,REF-LOC-IN-0002933,EXT-SRC-001467,INWARD,R3293,2026-02-11 16:54:00,,220000000294,AE070330000220000000294,8945.00,8945.00,SALARY,Salary,FTS,AE126677000000000001467,0.00,[]
LOC-IN-0002935,QUOTE-LOC-IN-0002935,COMPLETED,REF-LOC-IN-0002935,EXT-SRC-001468,INWARD,R3293,2026-03-14 16:54:00,,220000000294,AE070330000220000000294,8992.00,8992.00,SALARY,Salary,FTS,AE126687000000000001468,0.00,[]
LOC-IN-0002937,QUOTE-LOC-IN-0002937,COMPLETED,REF-LOC-IN-0002937,EXT-SRC-001469,INWARD,R3293,2026-04-17 16:54:00,,220000000294,AE070330000220000000294,9039.00,9039.00,SALARY,Salary,FTS,AE126697000000000001469,0.00,[]
LOC-IN-0002939,QUOTE-LOC-IN-0002939,COMPLETED,REF-LOC-IN-0002939,EXT-SRC-001470,INWARD,R3293,2026-04-28 16:54:00,,220000000294,AE070330000220000000294,9086.00,9086.00,SALARY,Salary,FTS,AE126707000000000001470,0.00,[]
LOC-IN-0002941,QUOTE-LOC-IN-0002941,COMPLETED,REF-LOC-IN-0002941,EXT-SRC-001471,INWARD,R3294,2026-01-15 17:55:00,,220000000295,AE070330000220000000295,8981.00,8981.00,SALARY,Salary,FTS,AE126717000000000001471,0.00,[]
LOC-IN-0002943,QUOTE-LOC-IN-0002943,COMPLETED,REF-LOC-IN-0002943,EXT-SRC-001472,INWARD,R3294,2026-01-27 17:55:00,,220000000295,AE070330000220000000295,9028.00,9028.00,SALARY,Salary,FTS,AE126727000000000001472,0.00,[]
LOC-IN-0002945,QUOTE-LOC-IN-0002945,COMPLETED,REF-LOC-IN-0002945,EXT-SRC-001473,INWARD,R3294,2026-02-27 17:55:00,,220000000295,AE070330000220000000295,9075.00,9075.00,SALARY,Salary,FTS,AE126737000000000001473,0.00,[]
LOC-IN-0002947,QUOTE-LOC-IN-0002947,COMPLETED,REF-LOC-IN-0002947,EXT-SRC-001474,INWARD,R3294,2026-04-02 17:55:00,,220000000295,AE070330000220000000295,9122.00,9122.00,SALARY,Salary,FTS,AE126747000000000001474,0.00,[]
LOC-IN-0002949,QUOTE-LOC-IN-0002949,COMPLETED,REF-LOC-IN-0002949,EXT-SRC-001475,INWARD,R3294,2026-05-05 17:55:00,,220000000295,AE070330000220000000295,9169.00,9169.00,SALARY,Salary,FTS,AE126757000000000001475,0.00,[]
LOC-IN-0002951,QUOTE-LOC-IN-0002951,COMPLETED,REF-LOC-IN-0002951,EXT-SRC-001476,INWARD,R3295,2025-12-31 18:56:00,,220000000296,AE070330000220000000296,9064.00,9064.00,SALARY,Salary,FTS,AE126767000000000001476,0.00,[]
LOC-IN-0002953,QUOTE-LOC-IN-0002953,COMPLETED,REF-LOC-IN-0002953,EXT-SRC-001477,INWARD,R3295,2026-02-03 18:56:00,,220000000296,AE070330000220000000296,9111.00,9111.00,SALARY,Salary,FTS,AE126777000000000001477,0.00,[]
LOC-IN-0002955,QUOTE-LOC-IN-0002955,COMPLETED,REF-LOC-IN-0002955,EXT-SRC-001478,INWARD,R3295,2026-03-06 18:56:00,,220000000296,AE070330000220000000296,9158.00,9158.00,SALARY,Salary,FTS,AE126787000000000001478,0.00,[]
LOC-IN-0002957,QUOTE-LOC-IN-0002957,COMPLETED,REF-LOC-IN-0002957,EXT-SRC-001479,INWARD,R3295,2026-04-09 18:56:00,,220000000296,AE070330000220000000296,9205.00,9205.00,SALARY,Salary,FTS,AE126797000000000001479,0.00,[]
LOC-IN-0002959,QUOTE-LOC-IN-0002959,COMPLETED,REF-LOC-IN-0002959,EXT-SRC-001480,INWARD,R3295,2026-05-12 18:56:00,,220000000296,AE070330000220000000296,9252.00,9252.00,SALARY,Salary,FTS,AE126807000000000001480,0.00,[]
LOC-IN-0002961,QUOTE-LOC-IN-0002961,COMPLETED,REF-LOC-IN-0002961,EXT-SRC-001481,INWARD,R3296,2026-01-07 08:57:00,,220000000297,AE070330000220000000297,9147.00,9147.00,SALARY,Salary,FTS,AE126817000000000001481,0.00,[]
LOC-IN-0002963,QUOTE-LOC-IN-0002963,COMPLETED,REF-LOC-IN-0002963,EXT-SRC-001482,INWARD,R3296,2026-02-10 08:57:00,,220000000297,AE070330000220000000297,9194.00,9194.00,SALARY,Salary,FTS,AE126827000000000001482,0.00,[]
LOC-IN-0002965,QUOTE-LOC-IN-0002965,COMPLETED,REF-LOC-IN-0002965,EXT-SRC-001483,INWARD,R3296,2026-03-13 08:57:00,,220000000297,AE070330000220000000297,9241.00,9241.00,SALARY,Salary,FTS,AE126837000000000001483,0.00,[]
LOC-IN-0002967,QUOTE-LOC-IN-0002967,COMPLETED,REF-LOC-IN-0002967,EXT-SRC-001484,INWARD,R3296,2026-04-16 08:57:00,,220000000297,AE070330000220000000297,9288.00,9288.00,SALARY,Salary,FTS,AE126847000000000001484,0.00,[]
LOC-IN-0002969,QUOTE-LOC-IN-0002969,COMPLETED,REF-LOC-IN-0002969,EXT-SRC-001485,INWARD,R3296,2026-04-27 08:57:00,,220000000297,AE070330000220000000297,9335.00,9335.00,SALARY,Salary,FTS,AE126857000000000001485,0.00,[]
LOC-IN-0002971,QUOTE-LOC-IN-0002971,COMPLETED,REF-LOC-IN-0002971,EXT-SRC-001486,INWARD,R3297,2026-01-14 09:58:00,,220000000298,AE070330000220000000298,9230.00,9230.00,SALARY,Salary,FTS,AE126867000000000001486,0.00,[]
LOC-IN-0002973,QUOTE-LOC-IN-0002973,COMPLETED,REF-LOC-IN-0002973,EXT-SRC-001487,INWARD,R3297,2026-02-17 09:58:00,,220000000298,AE070330000220000000298,9277.00,9277.00,SALARY,Salary,FTS,AE126877000000000001487,0.00,[]
LOC-IN-0002975,QUOTE-LOC-IN-0002975,COMPLETED,REF-LOC-IN-0002975,EXT-SRC-001488,INWARD,R3297,2026-02-26 09:58:00,,220000000298,AE070330000220000000298,9324.00,9324.00,SALARY,Salary,FTS,AE126887000000000001488,0.00,[]
LOC-IN-0002977,QUOTE-LOC-IN-0002977,COMPLETED,REF-LOC-IN-0002977,EXT-SRC-001489,INWARD,R3297,2026-04-01 09:58:00,,220000000298,AE070330000220000000298,9371.00,9371.00,SALARY,Salary,FTS,AE126897000000000001489,0.00,[]
LOC-IN-0002979,QUOTE-LOC-IN-0002979,COMPLETED,REF-LOC-IN-0002979,EXT-SRC-001490,INWARD,R3297,2026-05-04 09:58:00,,220000000298,AE070330000220000000298,9418.00,9418.00,SALARY,Salary,FTS,AE126907000000000001490,0.00,[]
LOC-IN-0002981,QUOTE-LOC-IN-0002981,COMPLETED,REF-LOC-IN-0002981,EXT-SRC-001491,INWARD,R3298,2025-12-30 10:59:00,,220000000299,AE070330000220000000299,9313.00,9313.00,SALARY,Salary,FTS,AE126917000000000001491,0.00,[]
LOC-IN-0002983,QUOTE-LOC-IN-0002983,COMPLETED,REF-LOC-IN-0002983,EXT-SRC-001492,INWARD,R3298,2026-02-02 10:59:00,,220000000299,AE070330000220000000299,9360.00,9360.00,SALARY,Salary,FTS,AE126927000000000001492,0.00,[]
LOC-IN-0002985,QUOTE-LOC-IN-0002985,COMPLETED,REF-LOC-IN-0002985,EXT-SRC-001493,INWARD,R3298,2026-03-05 10:59:00,,220000000299,AE070330000220000000299,9407.00,9407.00,SALARY,Salary,FTS,AE126937000000000001493,0.00,[]
LOC-IN-0002987,QUOTE-LOC-IN-0002987,COMPLETED,REF-LOC-IN-0002987,EXT-SRC-001494,INWARD,R3298,2026-04-08 10:59:00,,220000000299,AE070330000220000000299,9454.00,9454.00,SALARY,Salary,FTS,AE126947000000000001494,0.00,[]
LOC-IN-0002989,QUOTE-LOC-IN-0002989,COMPLETED,REF-LOC-IN-0002989,EXT-SRC-001495,INWARD,R3298,2026-05-11 10:59:00,,220000000299,AE070330000220000000299,9501.00,9501.00,SALARY,Salary,FTS,AE126957000000000001495,0.00,[]
LOC-IN-0002991,QUOTE-LOC-IN-0002991,COMPLETED,REF-LOC-IN-0002991,EXT-SRC-001496,INWARD,R3299,2026-01-06 11:00:00,,220000000300,AE070330000220000000300,9396.00,9396.00,SALARY,Salary,FTS,AE126967000000000001496,0.00,[]
LOC-IN-0002993,QUOTE-LOC-IN-0002993,COMPLETED,REF-LOC-IN-0002993,EXT-SRC-001497,INWARD,R3299,2026-02-09 11:00:00,,220000000300,AE070330000220000000300,9443.00,9443.00,SALARY,Salary,FTS,AE126977000000000001497,0.00,[]
LOC-IN-0002995,QUOTE-LOC-IN-0002995,COMPLETED,REF-LOC-IN-0002995,EXT-SRC-001498,INWARD,R3299,2026-03-12 11:00:00,,220000000300,AE070330000220000000300,9490.00,9490.00,SALARY,Salary,FTS,AE126987000000000001498,0.00,[]
LOC-IN-0002997,QUOTE-LOC-IN-0002997,COMPLETED,REF-LOC-IN-0002997,EXT-SRC-001499,INWARD,R3299,2026-04-15 11:00:00,,220000000300,AE070330000220000000300,9537.00,9537.00,SALARY,Salary,FTS,AE126997000000000001499,0.00,[]
LOC-IN-0002999,QUOTE-LOC-IN-0002999,COMPLETED,REF-LOC-IN-0002999,EXT-SRC-001500,INWARD,R3299,2026-04-26 11:00:00,,220000000300,AE070330000220000000300,9584.00,9584.00,SALARY,Salary,FTS,AE127007000000000001500,0.00,[]
LOC-IN-0003001,QUOTE-LOC-IN-0003001,COMPLETED,REF-LOC-IN-0003001,EXT-SRC-001501,INWARD,R3300,2026-01-13 12:01:00,,220000000301,AE070330000220000000301,9479.00,9479.00,SALARY,Salary,FTS,AE127017000000000001501,0.00,[]
LOC-IN-0003003,QUOTE-LOC-IN-0003003,COMPLETED,REF-LOC-IN-0003003,EXT-SRC-001502,INWARD,R3300,2026-02-16 12:01:00,,220000000301,AE070330000220000000301,9526.00,9526.00,SALARY,Salary,FTS,AE127027000000000001502,0.00,[]
LOC-IN-0003005,QUOTE-LOC-IN-0003005,COMPLETED,REF-LOC-IN-0003005,EXT-SRC-001503,INWARD,R3300,2026-02-25 12:01:00,,220000000301,AE070330000220000000301,9573.00,9573.00,SALARY,Salary,FTS,AE127037000000000001503,0.00,[]
LOC-IN-0003007,QUOTE-LOC-IN-0003007,COMPLETED,REF-LOC-IN-0003007,EXT-SRC-001504,INWARD,R3300,2026-03-31 12:01:00,,220000000301,AE070330000220000000301,9620.00,9620.00,SALARY,Salary,FTS,AE127047000000000001504,0.00,[]
LOC-IN-0003009,QUOTE-LOC-IN-0003009,COMPLETED,REF-LOC-IN-0003009,EXT-SRC-001505,INWARD,R3300,2026-05-03 12:01:00,,220000000301,AE070330000220000000301,9667.00,9667.00,SALARY,Salary,FTS,AE127057000000000001505,0.00,[]
LOC-IN-0003011,QUOTE-LOC-IN-0003011,COMPLETED,REF-LOC-IN-0003011,EXT-SRC-001506,INWARD,R3301,2025-12-29 13:02:00,,220000000302,AE070330000220000000302,9562.00,9562.00,SALARY,Salary,FTS,AE127067000000000001506,0.00,[]
LOC-IN-0003013,QUOTE-LOC-IN-0003013,COMPLETED,REF-LOC-IN-0003013,EXT-SRC-001507,INWARD,R3301,2026-02-01 13:02:00,,220000000302,AE070330000220000000302,9609.00,9609.00,SALARY,Salary,FTS,AE127077000000000001507,0.00,[]
LOC-IN-0003015,QUOTE-LOC-IN-0003015,COMPLETED,REF-LOC-IN-0003015,EXT-SRC-001508,INWARD,R3301,2026-03-04 13:02:00,,220000000302,AE070330000220000000302,9656.00,9656.00,SALARY,Salary,FTS,AE127087000000000001508,0.00,[]
LOC-IN-0003017,QUOTE-LOC-IN-0003017,COMPLETED,REF-LOC-IN-0003017,EXT-SRC-001509,INWARD,R3301,2026-04-07 13:02:00,,220000000302,AE070330000220000000302,9703.00,9703.00,SALARY,Salary,FTS,AE127097000000000001509,0.00,[]
LOC-IN-0003019,QUOTE-LOC-IN-0003019,COMPLETED,REF-LOC-IN-0003019,EXT-SRC-001510,INWARD,R3301,2026-05-10 13:02:00,,220000000302,AE070330000220000000302,9750.00,9750.00,SALARY,Salary,FTS,AE127107000000000001510,0.00,[]
LOC-IN-0003021,QUOTE-LOC-IN-0003021,COMPLETED,REF-LOC-IN-0003021,EXT-SRC-001511,INWARD,R3302,2026-01-05 14:03:00,,220000000303,AE070330000220000000303,9645.00,9645.00,SALARY,Salary,FTS,AE127117000000000001511,0.00,[]
LOC-IN-0003023,QUOTE-LOC-IN-0003023,COMPLETED,REF-LOC-IN-0003023,EXT-SRC-001512,INWARD,R3302,2026-02-08 14:03:00,,220000000303,AE070330000220000000303,9692.00,9692.00,SALARY,Salary,FTS,AE127127000000000001512,0.00,[]
LOC-IN-0003025,QUOTE-LOC-IN-0003025,COMPLETED,REF-LOC-IN-0003025,EXT-SRC-001513,INWARD,R3302,2026-03-11 14:03:00,,220000000303,AE070330000220000000303,9739.00,9739.00,SALARY,Salary,FTS,AE127137000000000001513,0.00,[]
LOC-IN-0003027,QUOTE-LOC-IN-0003027,COMPLETED,REF-LOC-IN-0003027,EXT-SRC-001514,INWARD,R3302,2026-04-14 14:03:00,,220000000303,AE070330000220000000303,9786.00,9786.00,SALARY,Salary,FTS,AE127147000000000001514,0.00,[]
LOC-IN-0003029,QUOTE-LOC-IN-0003029,COMPLETED,REF-LOC-IN-0003029,EXT-SRC-001515,INWARD,R3302,2026-05-17 14:03:00,,220000000303,AE070330000220000000303,9833.00,9833.00,SALARY,Salary,FTS,AE127157000000000001515,0.00,[]
LOC-IN-0003031,QUOTE-LOC-IN-0003031,COMPLETED,REF-LOC-IN-0003031,EXT-SRC-001516,INWARD,R3303,2026-01-12 15:04:00,,220000000304,AE070330000220000000304,9728.00,9728.00,SALARY,Salary,FTS,AE127167000000000001516,0.00,[]
LOC-IN-0003033,QUOTE-LOC-IN-0003033,COMPLETED,REF-LOC-IN-0003033,EXT-SRC-001517,INWARD,R3303,2026-02-15 15:04:00,,220000000304,AE070330000220000000304,9775.00,9775.00,SALARY,Salary,FTS,AE127177000000000001517,0.00,[]
LOC-IN-0003035,QUOTE-LOC-IN-0003035,COMPLETED,REF-LOC-IN-0003035,EXT-SRC-001518,INWARD,R3303,2026-02-24 15:04:00,,220000000304,AE070330000220000000304,9822.00,9822.00,SALARY,Salary,FTS,AE127187000000000001518,0.00,[]
LOC-IN-0003037,QUOTE-LOC-IN-0003037,COMPLETED,REF-LOC-IN-0003037,EXT-SRC-001519,INWARD,R3303,2026-03-30 15:04:00,,220000000304,AE070330000220000000304,9869.00,9869.00,SALARY,Salary,FTS,AE127197000000000001519,0.00,[]
LOC-IN-0003039,QUOTE-LOC-IN-0003039,COMPLETED,REF-LOC-IN-0003039,EXT-SRC-001520,INWARD,R3303,2026-05-02 15:04:00,,220000000304,AE070330000220000000304,9916.00,9916.00,SALARY,Salary,FTS,AE127207000000000001520,0.00,[]
LOC-IN-0003041,QUOTE-LOC-IN-0003041,COMPLETED,REF-LOC-IN-0003041,EXT-SRC-001521,INWARD,R3304,2025-12-28 16:05:00,,220000000305,AE070330000220000000305,9811.00,9811.00,SALARY,Salary,FTS,AE127217000000000001521,0.00,[]
LOC-IN-0003043,QUOTE-LOC-IN-0003043,COMPLETED,REF-LOC-IN-0003043,EXT-SRC-001522,INWARD,R3304,2026-01-31 16:05:00,,220000000305,AE070330000220000000305,9858.00,9858.00,SALARY,Salary,FTS,AE127227000000000001522,0.00,[]
LOC-IN-0003045,QUOTE-LOC-IN-0003045,COMPLETED,REF-LOC-IN-0003045,EXT-SRC-001523,INWARD,R3304,2026-03-03 16:05:00,,220000000305,AE070330000220000000305,9905.00,9905.00,SALARY,Salary,FTS,AE127237000000000001523,0.00,[]
LOC-IN-0003047,QUOTE-LOC-IN-0003047,COMPLETED,REF-LOC-IN-0003047,EXT-SRC-001524,INWARD,R3304,2026-04-06 16:05:00,,220000000305,AE070330000220000000305,9952.00,9952.00,SALARY,Salary,FTS,AE127247000000000001524,0.00,[]
LOC-IN-0003049,QUOTE-LOC-IN-0003049,COMPLETED,REF-LOC-IN-0003049,EXT-SRC-001525,INWARD,R3304,2026-05-09 16:05:00,,220000000305,AE070330000220000000305,9999.00,9999.00,SALARY,Salary,FTS,AE127257000000000001525,0.00,[]
LOC-IN-0003051,QUOTE-LOC-IN-0003051,COMPLETED,REF-LOC-IN-0003051,EXT-SRC-001526,INWARD,R3305,2026-01-04 17:06:00,,220000000306,AE070330000220000000306,9894.00,9894.00,SALARY,Salary,FTS,AE127267000000000001526,0.00,[]
LOC-IN-0003053,QUOTE-LOC-IN-0003053,COMPLETED,REF-LOC-IN-0003053,EXT-SRC-001527,INWARD,R3305,2026-02-07 17:06:00,,220000000306,AE070330000220000000306,9941.00,9941.00,SALARY,Salary,FTS,AE127277000000000001527,0.00,[]
LOC-IN-0003055,QUOTE-LOC-IN-0003055,COMPLETED,REF-LOC-IN-0003055,EXT-SRC-001528,INWARD,R3305,2026-03-10 17:06:00,,220000000306,AE070330000220000000306,9988.00,9988.00,SALARY,Salary,FTS,AE127287000000000001528,0.00,[]
LOC-IN-0003057,QUOTE-LOC-IN-0003057,COMPLETED,REF-LOC-IN-0003057,EXT-SRC-001529,INWARD,R3305,2026-04-13 17:06:00,,220000000306,AE070330000220000000306,10035.00,10035.00,SALARY,Salary,FTS,AE127297000000000001529,0.00,[]
LOC-IN-0003059,QUOTE-LOC-IN-0003059,COMPLETED,REF-LOC-IN-0003059,EXT-SRC-001530,INWARD,R3305,2026-05-16 17:06:00,,220000000306,AE070330000220000000306,10082.00,10082.00,SALARY,Salary,FTS,AE127307000000000001530,0.00,[]
LOC-IN-0003061,QUOTE-LOC-IN-0003061,COMPLETED,REF-LOC-IN-0003061,EXT-SRC-001531,INWARD,R3306,2026-01-11 18:07:00,,220000000307,AE070330000220000000307,9977.00,9977.00,SALARY,Salary,FTS,AE127317000000000001531,0.00,[]
LOC-IN-0003063,QUOTE-LOC-IN-0003063,COMPLETED,REF-LOC-IN-0003063,EXT-SRC-001532,INWARD,R3306,2026-02-14 18:07:00,,220000000307,AE070330000220000000307,10024.00,10024.00,SALARY,Salary,FTS,AE127327000000000001532,0.00,[]
LOC-IN-0003065,QUOTE-LOC-IN-0003065,COMPLETED,REF-LOC-IN-0003065,EXT-SRC-001533,INWARD,R3306,2026-03-17 18:07:00,,220000000307,AE070330000220000000307,10071.00,10071.00,SALARY,Salary,FTS,AE127337000000000001533,0.00,[]
LOC-IN-0003067,QUOTE-LOC-IN-0003067,COMPLETED,REF-LOC-IN-0003067,EXT-SRC-001534,INWARD,R3306,2026-03-29 18:07:00,,220000000307,AE070330000220000000307,10118.00,10118.00,SALARY,Salary,FTS,AE127347000000000001534,0.00,[]
LOC-IN-0003069,QUOTE-LOC-IN-0003069,COMPLETED,REF-LOC-IN-0003069,EXT-SRC-001535,INWARD,R3306,2026-05-01 18:07:00,,220000000307,AE070330000220000000307,10165.00,10165.00,SALARY,Salary,FTS,AE127357000000000001535,0.00,[]
LOC-IN-0003071,QUOTE-LOC-IN-0003071,COMPLETED,REF-LOC-IN-0003071,EXT-SRC-001536,INWARD,R3307,2025-12-27 08:08:00,,220000000308,AE070330000220000000308,10060.00,10060.00,SALARY,Salary,FTS,AE127367000000000001536,0.00,[]
LOC-IN-0003073,QUOTE-LOC-IN-0003073,COMPLETED,REF-LOC-IN-0003073,EXT-SRC-001537,INWARD,R3307,2026-01-30 08:08:00,,220000000308,AE070330000220000000308,10107.00,10107.00,SALARY,Salary,FTS,AE127377000000000001537,0.00,[]
LOC-IN-0003075,QUOTE-LOC-IN-0003075,COMPLETED,REF-LOC-IN-0003075,EXT-SRC-001538,INWARD,R3307,2026-03-02 08:08:00,,220000000308,AE070330000220000000308,10154.00,10154.00,SALARY,Salary,FTS,AE127387000000000001538,0.00,[]
LOC-IN-0003077,QUOTE-LOC-IN-0003077,COMPLETED,REF-LOC-IN-0003077,EXT-SRC-001539,INWARD,R3307,2026-04-05 08:08:00,,220000000308,AE070330000220000000308,10201.00,10201.00,SALARY,Salary,FTS,AE127397000000000001539,0.00,[]
LOC-IN-0003079,QUOTE-LOC-IN-0003079,COMPLETED,REF-LOC-IN-0003079,EXT-SRC-001540,INWARD,R3307,2026-05-08 08:08:00,,220000000308,AE070330000220000000308,10248.00,10248.00,SALARY,Salary,FTS,AE127407000000000001540,0.00,[]
LOC-IN-0003081,QUOTE-LOC-IN-0003081,COMPLETED,REF-LOC-IN-0003081,EXT-SRC-001541,INWARD,R3308,2026-01-03 09:09:00,,220000000309,AE070330000220000000309,10143.00,10143.00,SALARY,Salary,FTS,AE127417000000000001541,0.00,[]
LOC-IN-0003083,QUOTE-LOC-IN-0003083,COMPLETED,REF-LOC-IN-0003083,EXT-SRC-001542,INWARD,R3308,2026-02-06 09:09:00,,220000000309,AE070330000220000000309,10190.00,10190.00,SALARY,Salary,FTS,AE127427000000000001542,0.00,[]
LOC-IN-0003085,QUOTE-LOC-IN-0003085,COMPLETED,REF-LOC-IN-0003085,EXT-SRC-001543,INWARD,R3308,2026-03-09 09:09:00,,220000000309,AE070330000220000000309,10237.00,10237.00,SALARY,Salary,FTS,AE127437000000000001543,0.00,[]
LOC-IN-0003087,QUOTE-LOC-IN-0003087,COMPLETED,REF-LOC-IN-0003087,EXT-SRC-001544,INWARD,R3308,2026-04-12 09:09:00,,220000000309,AE070330000220000000309,10284.00,10284.00,SALARY,Salary,FTS,AE127447000000000001544,0.00,[]
LOC-IN-0003089,QUOTE-LOC-IN-0003089,COMPLETED,REF-LOC-IN-0003089,EXT-SRC-001545,INWARD,R3308,2026-05-15 09:09:00,,220000000309,AE070330000220000000309,10331.00,10331.00,SALARY,Salary,FTS,AE127457000000000001545,0.00,[]
LOC-IN-0003091,QUOTE-LOC-IN-0003091,COMPLETED,REF-LOC-IN-0003091,EXT-SRC-001546,INWARD,R3309,2026-01-10 10:10:00,,220000000310,AE070330000220000000310,10226.00,10226.00,SALARY,Salary,FTS,AE127467000000000001546,0.00,[]
LOC-IN-0003093,QUOTE-LOC-IN-0003093,COMPLETED,REF-LOC-IN-0003093,EXT-SRC-001547,INWARD,R3309,2026-02-13 10:10:00,,220000000310,AE070330000220000000310,10273.00,10273.00,SALARY,Salary,FTS,AE127477000000000001547,0.00,[]
LOC-IN-0003095,QUOTE-LOC-IN-0003095,COMPLETED,REF-LOC-IN-0003095,EXT-SRC-001548,INWARD,R3309,2026-03-16 10:10:00,,220000000310,AE070330000220000000310,10320.00,10320.00,SALARY,Salary,FTS,AE127487000000000001548,0.00,[]
LOC-IN-0003097,QUOTE-LOC-IN-0003097,COMPLETED,REF-LOC-IN-0003097,EXT-SRC-001549,INWARD,R3309,2026-03-28 10:10:00,,220000000310,AE070330000220000000310,10367.00,10367.00,SALARY,Salary,FTS,AE127497000000000001549,0.00,[]
LOC-IN-0003099,QUOTE-LOC-IN-0003099,COMPLETED,REF-LOC-IN-0003099,EXT-SRC-001550,INWARD,R3309,2026-04-30 10:10:00,,220000000310,AE070330000220000000310,10414.00,10414.00,SALARY,Salary,FTS,AE127507000000000001550,0.00,[]
LOC-IN-0003101,QUOTE-LOC-IN-0003101,COMPLETED,REF-LOC-IN-0003101,EXT-SRC-001551,INWARD,R3310,2026-01-17 11:11:00,,220000000311,AE070330000220000000311,10309.00,10309.00,SALARY,Salary,FTS,AE127517000000000001551,0.00,[]
LOC-IN-0003103,QUOTE-LOC-IN-0003103,COMPLETED,REF-LOC-IN-0003103,EXT-SRC-001552,INWARD,R3310,2026-01-29 11:11:00,,220000000311,AE070330000220000000311,10356.00,10356.00,SALARY,Salary,FTS,AE127527000000000001552,0.00,[]
LOC-IN-0003105,QUOTE-LOC-IN-0003105,COMPLETED,REF-LOC-IN-0003105,EXT-SRC-001553,INWARD,R3310,2026-03-01 11:11:00,,220000000311,AE070330000220000000311,10403.00,10403.00,SALARY,Salary,FTS,AE127537000000000001553,0.00,[]
LOC-IN-0003107,QUOTE-LOC-IN-0003107,COMPLETED,REF-LOC-IN-0003107,EXT-SRC-001554,INWARD,R3310,2026-04-04 11:11:00,,220000000311,AE070330000220000000311,10450.00,10450.00,SALARY,Salary,FTS,AE127547000000000001554,0.00,[]
LOC-IN-0003109,QUOTE-LOC-IN-0003109,COMPLETED,REF-LOC-IN-0003109,EXT-SRC-001555,INWARD,R3310,2026-05-07 11:11:00,,220000000311,AE070330000220000000311,10497.00,10497.00,SALARY,Salary,FTS,AE127557000000000001555,0.00,[]
LOC-IN-0003111,QUOTE-LOC-IN-0003111,COMPLETED,REF-LOC-IN-0003111,EXT-SRC-001556,INWARD,R3311,2026-01-02 12:12:00,,220000000312,AE070330000220000000312,10392.00,10392.00,SALARY,Salary,FTS,AE127567000000000001556,0.00,[]
LOC-IN-0003113,QUOTE-LOC-IN-0003113,COMPLETED,REF-LOC-IN-0003113,EXT-SRC-001557,INWARD,R3311,2026-02-05 12:12:00,,220000000312,AE070330000220000000312,10439.00,10439.00,SALARY,Salary,FTS,AE127577000000000001557,0.00,[]
LOC-IN-0003115,QUOTE-LOC-IN-0003115,COMPLETED,REF-LOC-IN-0003115,EXT-SRC-001558,INWARD,R3311,2026-03-08 12:12:00,,220000000312,AE070330000220000000312,10486.00,10486.00,SALARY,Salary,FTS,AE127587000000000001558,0.00,[]
LOC-IN-0003117,QUOTE-LOC-IN-0003117,COMPLETED,REF-LOC-IN-0003117,EXT-SRC-001559,INWARD,R3311,2026-04-11 12:12:00,,220000000312,AE070330000220000000312,10533.00,10533.00,SALARY,Salary,FTS,AE127597000000000001559,0.00,[]
LOC-IN-0003119,QUOTE-LOC-IN-0003119,COMPLETED,REF-LOC-IN-0003119,EXT-SRC-001560,INWARD,R3311,2026-05-14 12:12:00,,220000000312,AE070330000220000000312,10580.00,10580.00,SALARY,Salary,FTS,AE127607000000000001560,0.00,[]
LOC-IN-0003121,QUOTE-LOC-IN-0003121,COMPLETED,REF-LOC-IN-0003121,EXT-SRC-001561,INWARD,R3312,2026-01-09 13:13:00,,220000000313,AE070330000220000000313,10475.00,10475.00,SALARY,Salary,FTS,AE127617000000000001561,0.00,[]
LOC-IN-0003123,QUOTE-LOC-IN-0003123,COMPLETED,REF-LOC-IN-0003123,EXT-SRC-001562,INWARD,R3312,2026-02-12 13:13:00,,220000000313,AE070330000220000000313,10522.00,10522.00,SALARY,Salary,FTS,AE127627000000000001562,0.00,[]
LOC-IN-0003125,QUOTE-LOC-IN-0003125,COMPLETED,REF-LOC-IN-0003125,EXT-SRC-001563,INWARD,R3312,2026-03-15 13:13:00,,220000000313,AE070330000220000000313,10569.00,10569.00,SALARY,Salary,FTS,AE127637000000000001563,0.00,[]
LOC-IN-0003127,QUOTE-LOC-IN-0003127,COMPLETED,REF-LOC-IN-0003127,EXT-SRC-001564,INWARD,R3312,2026-03-27 13:13:00,,220000000313,AE070330000220000000313,10616.00,10616.00,SALARY,Salary,FTS,AE127647000000000001564,0.00,[]
LOC-IN-0003129,QUOTE-LOC-IN-0003129,COMPLETED,REF-LOC-IN-0003129,EXT-SRC-001565,INWARD,R3312,2026-04-29 13:13:00,,220000000313,AE070330000220000000313,10663.00,10663.00,SALARY,Salary,FTS,AE127657000000000001565,0.00,[]
LOC-IN-0003131,QUOTE-LOC-IN-0003131,COMPLETED,REF-LOC-IN-0003131,EXT-SRC-001566,INWARD,R3313,2026-01-16 14:14:00,,220000000314,AE070330000220000000314,10558.00,10558.00,SALARY,Salary,FTS,AE127667000000000001566,0.00,[]
LOC-IN-0003133,QUOTE-LOC-IN-0003133,COMPLETED,REF-LOC-IN-0003133,EXT-SRC-001567,INWARD,R3313,2026-01-28 14:14:00,,220000000314,AE070330000220000000314,10605.00,10605.00,SALARY,Salary,FTS,AE127677000000000001567,0.00,[]
LOC-IN-0003135,QUOTE-LOC-IN-0003135,COMPLETED,REF-LOC-IN-0003135,EXT-SRC-001568,INWARD,R3313,2026-02-28 14:14:00,,220000000314,AE070330000220000000314,10652.00,10652.00,SALARY,Salary,FTS,AE127687000000000001568,0.00,[]
LOC-IN-0003137,QUOTE-LOC-IN-0003137,COMPLETED,REF-LOC-IN-0003137,EXT-SRC-001569,INWARD,R3313,2026-04-03 14:14:00,,220000000314,AE070330000220000000314,10699.00,10699.00,SALARY,Salary,FTS,AE127697000000000001569,0.00,[]
LOC-IN-0003139,QUOTE-LOC-IN-0003139,COMPLETED,REF-LOC-IN-0003139,EXT-SRC-001570,INWARD,R3313,2026-05-06 14:14:00,,220000000314,AE070330000220000000314,10746.00,10746.00,SALARY,Salary,FTS,AE127707000000000001570,0.00,[]
LOC-IN-0003141,QUOTE-LOC-IN-0003141,COMPLETED,REF-LOC-IN-0003141,EXT-SRC-001571,INWARD,R3314,2026-01-01 15:15:00,,220000000315,AE070330000220000000315,10641.00,10641.00,SALARY,Salary,FTS,AE127717000000000001571,0.00,[]
LOC-IN-0003143,QUOTE-LOC-IN-0003143,COMPLETED,REF-LOC-IN-0003143,EXT-SRC-001572,INWARD,R3314,2026-02-04 15:15:00,,220000000315,AE070330000220000000315,10688.00,10688.00,SALARY,Salary,FTS,AE127727000000000001572,0.00,[]
LOC-IN-0003145,QUOTE-LOC-IN-0003145,COMPLETED,REF-LOC-IN-0003145,EXT-SRC-001573,INWARD,R3314,2026-03-07 15:15:00,,220000000315,AE070330000220000000315,10735.00,10735.00,SALARY,Salary,FTS,AE127737000000000001573,0.00,[]
LOC-IN-0003147,QUOTE-LOC-IN-0003147,COMPLETED,REF-LOC-IN-0003147,EXT-SRC-001574,INWARD,R3314,2026-04-10 15:15:00,,220000000315,AE070330000220000000315,10782.00,10782.00,SALARY,Salary,FTS,AE127747000000000001574,0.00,[]
LOC-IN-0003149,QUOTE-LOC-IN-0003149,COMPLETED,REF-LOC-IN-0003149,EXT-SRC-001575,INWARD,R3314,2026-05-13 15:15:00,,220000000315,AE070330000220000000315,10829.00,10829.00,SALARY,Salary,FTS,AE127757000000000001575,0.00,[]
LOC-IN-0003151,QUOTE-LOC-IN-0003151,COMPLETED,REF-LOC-IN-0003151,EXT-SRC-001576,INWARD,R3315,2026-01-08 16:16:00,,220000000316,AE070330000220000000316,10724.00,10724.00,SALARY,Salary,FTS,AE127767000000000001576,0.00,[]
LOC-IN-0003153,QUOTE-LOC-IN-0003153,COMPLETED,REF-LOC-IN-0003153,EXT-SRC-001577,INWARD,R3315,2026-02-11 16:16:00,,220000000316,AE070330000220000000316,10771.00,10771.00,SALARY,Salary,FTS,AE127777000000000001577,0.00,[]
LOC-IN-0003155,QUOTE-LOC-IN-0003155,COMPLETED,REF-LOC-IN-0003155,EXT-SRC-001578,INWARD,R3315,2026-03-14 16:16:00,,220000000316,AE070330000220000000316,10818.00,10818.00,SALARY,Salary,FTS,AE127787000000000001578,0.00,[]
LOC-IN-0003157,QUOTE-LOC-IN-0003157,COMPLETED,REF-LOC-IN-0003157,EXT-SRC-001579,INWARD,R3315,2026-04-17 16:16:00,,220000000316,AE070330000220000000316,10865.00,10865.00,SALARY,Salary,FTS,AE127797000000000001579,0.00,[]
LOC-IN-0003159,QUOTE-LOC-IN-0003159,COMPLETED,REF-LOC-IN-0003159,EXT-SRC-001580,INWARD,R3315,2026-04-28 16:16:00,,220000000316,AE070330000220000000316,10912.00,10912.00,SALARY,Salary,FTS,AE127807000000000001580,0.00,[]
LOC-IN-0003161,QUOTE-LOC-IN-0003161,COMPLETED,REF-LOC-IN-0003161,EXT-SRC-001581,INWARD,R3316,2026-01-15 17:17:00,,220000000317,AE070330000220000000317,10807.00,10807.00,SALARY,Salary,FTS,AE127817000000000001581,0.00,[]
LOC-IN-0003163,QUOTE-LOC-IN-0003163,COMPLETED,REF-LOC-IN-0003163,EXT-SRC-001582,INWARD,R3316,2026-01-27 17:17:00,,220000000317,AE070330000220000000317,10854.00,10854.00,SALARY,Salary,FTS,AE127827000000000001582,0.00,[]
LOC-IN-0003165,QUOTE-LOC-IN-0003165,COMPLETED,REF-LOC-IN-0003165,EXT-SRC-001583,INWARD,R3316,2026-02-27 17:17:00,,220000000317,AE070330000220000000317,10901.00,10901.00,SALARY,Salary,FTS,AE127837000000000001583,0.00,[]
LOC-IN-0003167,QUOTE-LOC-IN-0003167,COMPLETED,REF-LOC-IN-0003167,EXT-SRC-001584,INWARD,R3316,2026-04-02 17:17:00,,220000000317,AE070330000220000000317,10948.00,10948.00,SALARY,Salary,FTS,AE127847000000000001584,0.00,[]
LOC-IN-0003169,QUOTE-LOC-IN-0003169,COMPLETED,REF-LOC-IN-0003169,EXT-SRC-001585,INWARD,R3316,2026-05-05 17:17:00,,220000000317,AE070330000220000000317,10995.00,10995.00,SALARY,Salary,FTS,AE127857000000000001585,0.00,[]
LOC-IN-0003171,QUOTE-LOC-IN-0003171,COMPLETED,REF-LOC-IN-0003171,EXT-SRC-001586,INWARD,R3317,2025-12-31 18:18:00,,220000000318,AE070330000220000000318,10890.00,10890.00,SALARY,Salary,FTS,AE127867000000000001586,0.00,[]
LOC-IN-0003173,QUOTE-LOC-IN-0003173,COMPLETED,REF-LOC-IN-0003173,EXT-SRC-001587,INWARD,R3317,2026-02-03 18:18:00,,220000000318,AE070330000220000000318,10937.00,10937.00,SALARY,Salary,FTS,AE127877000000000001587,0.00,[]
LOC-IN-0003175,QUOTE-LOC-IN-0003175,COMPLETED,REF-LOC-IN-0003175,EXT-SRC-001588,INWARD,R3317,2026-03-06 18:18:00,,220000000318,AE070330000220000000318,10984.00,10984.00,SALARY,Salary,FTS,AE127887000000000001588,0.00,[]
LOC-IN-0003177,QUOTE-LOC-IN-0003177,COMPLETED,REF-LOC-IN-0003177,EXT-SRC-001589,INWARD,R3317,2026-04-09 18:18:00,,220000000318,AE070330000220000000318,11031.00,11031.00,SALARY,Salary,FTS,AE127897000000000001589,0.00,[]
LOC-IN-0003179,QUOTE-LOC-IN-0003179,COMPLETED,REF-LOC-IN-0003179,EXT-SRC-001590,INWARD,R3317,2026-05-12 18:18:00,,220000000318,AE070330000220000000318,11078.00,11078.00,SALARY,Salary,FTS,AE127907000000000001590,0.00,[]
LOC-IN-0003181,QUOTE-LOC-IN-0003181,COMPLETED,REF-LOC-IN-0003181,EXT-SRC-001591,INWARD,R3318,2026-01-07 08:19:00,,220000000319,AE070330000220000000319,10973.00,10973.00,SALARY,Salary,FTS,AE127917000000000001591,0.00,[]
LOC-IN-0003183,QUOTE-LOC-IN-0003183,COMPLETED,REF-LOC-IN-0003183,EXT-SRC-001592,INWARD,R3318,2026-02-10 08:19:00,,220000000319,AE070330000220000000319,11020.00,11020.00,SALARY,Salary,FTS,AE127927000000000001592,0.00,[]
LOC-IN-0003185,QUOTE-LOC-IN-0003185,COMPLETED,REF-LOC-IN-0003185,EXT-SRC-001593,INWARD,R3318,2026-03-13 08:19:00,,220000000319,AE070330000220000000319,11067.00,11067.00,SALARY,Salary,FTS,AE127937000000000001593,0.00,[]
LOC-IN-0003187,QUOTE-LOC-IN-0003187,COMPLETED,REF-LOC-IN-0003187,EXT-SRC-001594,INWARD,R3318,2026-04-16 08:19:00,,220000000319,AE070330000220000000319,11114.00,11114.00,SALARY,Salary,FTS,AE127947000000000001594,0.00,[]
LOC-IN-0003189,QUOTE-LOC-IN-0003189,COMPLETED,REF-LOC-IN-0003189,EXT-SRC-001595,INWARD,R3318,2026-04-27 08:19:00,,220000000319,AE070330000220000000319,11161.00,11161.00,SALARY,Salary,FTS,AE127957000000000001595,0.00,[]
LOC-IN-0003191,QUOTE-LOC-IN-0003191,COMPLETED,REF-LOC-IN-0003191,EXT-SRC-001596,INWARD,R3319,2026-01-14 09:20:00,,220000000320,AE070330000220000000320,11056.00,11056.00,SALARY,Salary,FTS,AE127967000000000001596,0.00,[]
LOC-IN-0003193,QUOTE-LOC-IN-0003193,COMPLETED,REF-LOC-IN-0003193,EXT-SRC-001597,INWARD,R3319,2026-02-17 09:20:00,,220000000320,AE070330000220000000320,11103.00,11103.00,SALARY,Salary,FTS,AE127977000000000001597,0.00,[]
LOC-IN-0003195,QUOTE-LOC-IN-0003195,COMPLETED,REF-LOC-IN-0003195,EXT-SRC-001598,INWARD,R3319,2026-02-26 09:20:00,,220000000320,AE070330000220000000320,11150.00,11150.00,SALARY,Salary,FTS,AE127987000000000001598,0.00,[]
LOC-IN-0003197,QUOTE-LOC-IN-0003197,COMPLETED,REF-LOC-IN-0003197,EXT-SRC-001599,INWARD,R3319,2026-04-01 09:20:00,,220000000320,AE070330000220000000320,11197.00,11197.00,SALARY,Salary,FTS,AE127997000000000001599,0.00,[]
LOC-IN-0003199,QUOTE-LOC-IN-0003199,COMPLETED,REF-LOC-IN-0003199,EXT-SRC-001600,INWARD,R3319,2026-05-04 09:20:00,,220000000320,AE070330000220000000320,11244.00,11244.00,SALARY,Salary,FTS,AE128007000000000001600,0.00,[]
LOC-IN-0003201,QUOTE-LOC-IN-0003201,COMPLETED,REF-LOC-IN-0003201,EXT-SRC-001601,INWARD,R3320,2025-12-30 10:21:00,,220000000321,AE070330000220000000321,11139.00,11139.00,SALARY,Salary,FTS,AE128017000000000001601,0.00,[]
LOC-IN-0003203,QUOTE-LOC-IN-0003203,COMPLETED,REF-LOC-IN-0003203,EXT-SRC-001602,INWARD,R3320,2026-02-02 10:21:00,,220000000321,AE070330000220000000321,11186.00,11186.00,SALARY,Salary,FTS,AE128027000000000001602,0.00,[]
LOC-IN-0003205,QUOTE-LOC-IN-0003205,COMPLETED,REF-LOC-IN-0003205,EXT-SRC-001603,INWARD,R3320,2026-03-05 10:21:00,,220000000321,AE070330000220000000321,11233.00,11233.00,SALARY,Salary,FTS,AE128037000000000001603,0.00,[]
LOC-IN-0003207,QUOTE-LOC-IN-0003207,COMPLETED,REF-LOC-IN-0003207,EXT-SRC-001604,INWARD,R3320,2026-04-08 10:21:00,,220000000321,AE070330000220000000321,11280.00,11280.00,SALARY,Salary,FTS,AE128047000000000001604,0.00,[]
LOC-IN-0003209,QUOTE-LOC-IN-0003209,COMPLETED,REF-LOC-IN-0003209,EXT-SRC-001605,INWARD,R3320,2026-05-11 10:21:00,,220000000321,AE070330000220000000321,11327.00,11327.00,SALARY,Salary,FTS,AE128057000000000001605,0.00,[]
LOC-IN-0003211,QUOTE-LOC-IN-0003211,COMPLETED,REF-LOC-IN-0003211,EXT-SRC-001606,INWARD,R3321,2026-01-06 11:22:00,,220000000322,AE070330000220000000322,11222.00,11222.00,SALARY,Salary,FTS,AE128067000000000001606,0.00,[]
LOC-IN-0003213,QUOTE-LOC-IN-0003213,COMPLETED,REF-LOC-IN-0003213,EXT-SRC-001607,INWARD,R3321,2026-02-09 11:22:00,,220000000322,AE070330000220000000322,11269.00,11269.00,SALARY,Salary,FTS,AE128077000000000001607,0.00,[]
LOC-IN-0003215,QUOTE-LOC-IN-0003215,COMPLETED,REF-LOC-IN-0003215,EXT-SRC-001608,INWARD,R3321,2026-03-12 11:22:00,,220000000322,AE070330000220000000322,11316.00,11316.00,SALARY,Salary,FTS,AE128087000000000001608,0.00,[]
LOC-IN-0003217,QUOTE-LOC-IN-0003217,COMPLETED,REF-LOC-IN-0003217,EXT-SRC-001609,INWARD,R3321,2026-04-15 11:22:00,,220000000322,AE070330000220000000322,11363.00,11363.00,SALARY,Salary,FTS,AE128097000000000001609,0.00,[]
LOC-IN-0003219,QUOTE-LOC-IN-0003219,COMPLETED,REF-LOC-IN-0003219,EXT-SRC-001610,INWARD,R3321,2026-04-26 11:22:00,,220000000322,AE070330000220000000322,11410.00,11410.00,SALARY,Salary,FTS,AE128107000000000001610,0.00,[]
LOC-IN-0003221,QUOTE-LOC-IN-0003221,COMPLETED,REF-LOC-IN-0003221,EXT-SRC-001611,INWARD,R3322,2026-01-13 12:23:00,,220000000323,AE070330000220000000323,11305.00,11305.00,SALARY,Salary,FTS,AE128117000000000001611,0.00,[]
LOC-IN-0003223,QUOTE-LOC-IN-0003223,COMPLETED,REF-LOC-IN-0003223,EXT-SRC-001612,INWARD,R3322,2026-02-16 12:23:00,,220000000323,AE070330000220000000323,11352.00,11352.00,SALARY,Salary,FTS,AE128127000000000001612,0.00,[]
LOC-IN-0003225,QUOTE-LOC-IN-0003225,COMPLETED,REF-LOC-IN-0003225,EXT-SRC-001613,INWARD,R3322,2026-02-25 12:23:00,,220000000323,AE070330000220000000323,11399.00,11399.00,SALARY,Salary,FTS,AE128137000000000001613,0.00,[]
LOC-IN-0003227,QUOTE-LOC-IN-0003227,COMPLETED,REF-LOC-IN-0003227,EXT-SRC-001614,INWARD,R3322,2026-03-31 12:23:00,,220000000323,AE070330000220000000323,11446.00,11446.00,SALARY,Salary,FTS,AE128147000000000001614,0.00,[]
LOC-IN-0003229,QUOTE-LOC-IN-0003229,COMPLETED,REF-LOC-IN-0003229,EXT-SRC-001615,INWARD,R3322,2026-05-03 12:23:00,,220000000323,AE070330000220000000323,11493.00,11493.00,SALARY,Salary,FTS,AE128157000000000001615,0.00,[]
LOC-IN-0003231,QUOTE-LOC-IN-0003231,COMPLETED,REF-LOC-IN-0003231,EXT-SRC-001616,INWARD,R3323,2025-12-29 13:24:00,,220000000324,AE070330000220000000324,11388.00,11388.00,SALARY,Salary,FTS,AE128167000000000001616,0.00,[]
LOC-IN-0003233,QUOTE-LOC-IN-0003233,COMPLETED,REF-LOC-IN-0003233,EXT-SRC-001617,INWARD,R3323,2026-02-01 13:24:00,,220000000324,AE070330000220000000324,11435.00,11435.00,SALARY,Salary,FTS,AE128177000000000001617,0.00,[]
LOC-IN-0003235,QUOTE-LOC-IN-0003235,COMPLETED,REF-LOC-IN-0003235,EXT-SRC-001618,INWARD,R3323,2026-03-04 13:24:00,,220000000324,AE070330000220000000324,11482.00,11482.00,SALARY,Salary,FTS,AE128187000000000001618,0.00,[]
LOC-IN-0003237,QUOTE-LOC-IN-0003237,COMPLETED,REF-LOC-IN-0003237,EXT-SRC-001619,INWARD,R3323,2026-04-07 13:24:00,,220000000324,AE070330000220000000324,11529.00,11529.00,SALARY,Salary,FTS,AE128197000000000001619,0.00,[]
LOC-IN-0003239,QUOTE-LOC-IN-0003239,COMPLETED,REF-LOC-IN-0003239,EXT-SRC-001620,INWARD,R3323,2026-05-10 13:24:00,,220000000324,AE070330000220000000324,11576.00,11576.00,SALARY,Salary,FTS,AE128207000000000001620,0.00,[]
LOC-IN-0003241,QUOTE-LOC-IN-0003241,COMPLETED,REF-LOC-IN-0003241,EXT-SRC-001621,INWARD,R3324,2026-01-05 14:25:00,,220000000325,AE070330000220000000325,11471.00,11471.00,SALARY,Salary,FTS,AE128217000000000001621,0.00,[]
LOC-IN-0003243,QUOTE-LOC-IN-0003243,COMPLETED,REF-LOC-IN-0003243,EXT-SRC-001622,INWARD,R3324,2026-02-08 14:25:00,,220000000325,AE070330000220000000325,11518.00,11518.00,SALARY,Salary,FTS,AE128227000000000001622,0.00,[]
LOC-IN-0003245,QUOTE-LOC-IN-0003245,COMPLETED,REF-LOC-IN-0003245,EXT-SRC-001623,INWARD,R3324,2026-03-11 14:25:00,,220000000325,AE070330000220000000325,11565.00,11565.00,SALARY,Salary,FTS,AE128237000000000001623,0.00,[]
LOC-IN-0003247,QUOTE-LOC-IN-0003247,COMPLETED,REF-LOC-IN-0003247,EXT-SRC-001624,INWARD,R3324,2026-04-14 14:25:00,,220000000325,AE070330000220000000325,11612.00,11612.00,SALARY,Salary,FTS,AE128247000000000001624,0.00,[]
LOC-IN-0003249,QUOTE-LOC-IN-0003249,COMPLETED,REF-LOC-IN-0003249,EXT-SRC-001625,INWARD,R3324,2026-05-17 14:25:00,,220000000325,AE070330000220000000325,11659.00,11659.00,SALARY,Salary,FTS,AE128257000000000001625,0.00,[]
LOC-IN-0003251,QUOTE-LOC-IN-0003251,COMPLETED,REF-LOC-IN-0003251,EXT-SRC-001626,INWARD,R3325,2026-01-12 15:26:00,,220000000326,AE070330000220000000326,11554.00,11554.00,SALARY,Salary,FTS,AE128267000000000001626,0.00,[]
LOC-IN-0003253,QUOTE-LOC-IN-0003253,COMPLETED,REF-LOC-IN-0003253,EXT-SRC-001627,INWARD,R3325,2026-02-15 15:26:00,,220000000326,AE070330000220000000326,11601.00,11601.00,SALARY,Salary,FTS,AE128277000000000001627,0.00,[]
LOC-IN-0003255,QUOTE-LOC-IN-0003255,COMPLETED,REF-LOC-IN-0003255,EXT-SRC-001628,INWARD,R3325,2026-02-24 15:26:00,,220000000326,AE070330000220000000326,11648.00,11648.00,SALARY,Salary,FTS,AE128287000000000001628,0.00,[]
LOC-IN-0003257,QUOTE-LOC-IN-0003257,COMPLETED,REF-LOC-IN-0003257,EXT-SRC-001629,INWARD,R3325,2026-03-30 15:26:00,,220000000326,AE070330000220000000326,11695.00,11695.00,SALARY,Salary,FTS,AE128297000000000001629,0.00,[]
LOC-IN-0003259,QUOTE-LOC-IN-0003259,COMPLETED,REF-LOC-IN-0003259,EXT-SRC-001630,INWARD,R3325,2026-05-02 15:26:00,,220000000326,AE070330000220000000326,11742.00,11742.00,SALARY,Salary,FTS,AE128307000000000001630,0.00,[]
LOC-IN-0003261,QUOTE-LOC-IN-0003261,COMPLETED,REF-LOC-IN-0003261,EXT-SRC-001631,INWARD,R3326,2025-12-28 16:27:00,,220000000327,AE070330000220000000327,11637.00,11637.00,SALARY,Salary,FTS,AE128317000000000001631,0.00,[]
LOC-IN-0003263,QUOTE-LOC-IN-0003263,COMPLETED,REF-LOC-IN-0003263,EXT-SRC-001632,INWARD,R3326,2026-01-31 16:27:00,,220000000327,AE070330000220000000327,11684.00,11684.00,SALARY,Salary,FTS,AE128327000000000001632,0.00,[]
LOC-IN-0003265,QUOTE-LOC-IN-0003265,COMPLETED,REF-LOC-IN-0003265,EXT-SRC-001633,INWARD,R3326,2026-03-03 16:27:00,,220000000327,AE070330000220000000327,11731.00,11731.00,SALARY,Salary,FTS,AE128337000000000001633,0.00,[]
LOC-IN-0003267,QUOTE-LOC-IN-0003267,COMPLETED,REF-LOC-IN-0003267,EXT-SRC-001634,INWARD,R3326,2026-04-06 16:27:00,,220000000327,AE070330000220000000327,11778.00,11778.00,SALARY,Salary,FTS,AE128347000000000001634,0.00,[]
LOC-IN-0003269,QUOTE-LOC-IN-0003269,COMPLETED,REF-LOC-IN-0003269,EXT-SRC-001635,INWARD,R3326,2026-05-09 16:27:00,,220000000327,AE070330000220000000327,11825.00,11825.00,SALARY,Salary,FTS,AE128357000000000001635,0.00,[]
LOC-IN-0003271,QUOTE-LOC-IN-0003271,COMPLETED,REF-LOC-IN-0003271,EXT-SRC-001636,INWARD,R3327,2026-01-04 17:28:00,,220000000328,AE070330000220000000328,11720.00,11720.00,SALARY,Salary,FTS,AE128367000000000001636,0.00,[]
LOC-IN-0003273,QUOTE-LOC-IN-0003273,COMPLETED,REF-LOC-IN-0003273,EXT-SRC-001637,INWARD,R3327,2026-02-07 17:28:00,,220000000328,AE070330000220000000328,11767.00,11767.00,SALARY,Salary,FTS,AE128377000000000001637,0.00,[]
LOC-IN-0003275,QUOTE-LOC-IN-0003275,COMPLETED,REF-LOC-IN-0003275,EXT-SRC-001638,INWARD,R3327,2026-03-10 17:28:00,,220000000328,AE070330000220000000328,11814.00,11814.00,SALARY,Salary,FTS,AE128387000000000001638,0.00,[]
LOC-IN-0003277,QUOTE-LOC-IN-0003277,COMPLETED,REF-LOC-IN-0003277,EXT-SRC-001639,INWARD,R3327,2026-04-13 17:28:00,,220000000328,AE070330000220000000328,11861.00,11861.00,SALARY,Salary,FTS,AE128397000000000001639,0.00,[]
LOC-IN-0003279,QUOTE-LOC-IN-0003279,COMPLETED,REF-LOC-IN-0003279,EXT-SRC-001640,INWARD,R3327,2026-05-16 17:28:00,,220000000328,AE070330000220000000328,11908.00,11908.00,SALARY,Salary,FTS,AE128407000000000001640,0.00,[]
LOC-IN-0003281,QUOTE-LOC-IN-0003281,COMPLETED,REF-LOC-IN-0003281,EXT-SRC-001641,INWARD,R3328,2026-01-11 18:29:00,,220000000329,AE070330000220000000329,11803.00,11803.00,SALARY,Salary,FTS,AE128417000000000001641,0.00,[]
LOC-IN-0003283,QUOTE-LOC-IN-0003283,COMPLETED,REF-LOC-IN-0003283,EXT-SRC-001642,INWARD,R3328,2026-02-14 18:29:00,,220000000329,AE070330000220000000329,11850.00,11850.00,SALARY,Salary,FTS,AE128427000000000001642,0.00,[]
LOC-IN-0003285,QUOTE-LOC-IN-0003285,COMPLETED,REF-LOC-IN-0003285,EXT-SRC-001643,INWARD,R3328,2026-03-17 18:29:00,,220000000329,AE070330000220000000329,11897.00,11897.00,SALARY,Salary,FTS,AE128437000000000001643,0.00,[]
LOC-IN-0003287,QUOTE-LOC-IN-0003287,COMPLETED,REF-LOC-IN-0003287,EXT-SRC-001644,INWARD,R3328,2026-03-29 18:29:00,,220000000329,AE070330000220000000329,11944.00,11944.00,SALARY,Salary,FTS,AE128447000000000001644,0.00,[]
LOC-IN-0003289,QUOTE-LOC-IN-0003289,COMPLETED,REF-LOC-IN-0003289,EXT-SRC-001645,INWARD,R3328,2026-05-01 18:29:00,,220000000329,AE070330000220000000329,11991.00,11991.00,SALARY,Salary,FTS,AE128457000000000001645,0.00,[]
LOC-IN-0003291,QUOTE-LOC-IN-0003291,COMPLETED,REF-LOC-IN-0003291,EXT-SRC-001646,INWARD,R3329,2025-12-27 08:30:00,,220000000330,AE070330000220000000330,11886.00,11886.00,SALARY,Salary,FTS,AE128467000000000001646,0.00,[]
LOC-IN-0003293,QUOTE-LOC-IN-0003293,COMPLETED,REF-LOC-IN-0003293,EXT-SRC-001647,INWARD,R3329,2026-01-30 08:30:00,,220000000330,AE070330000220000000330,11933.00,11933.00,SALARY,Salary,FTS,AE128477000000000001647,0.00,[]
LOC-IN-0003295,QUOTE-LOC-IN-0003295,COMPLETED,REF-LOC-IN-0003295,EXT-SRC-001648,INWARD,R3329,2026-03-02 08:30:00,,220000000330,AE070330000220000000330,11980.00,11980.00,SALARY,Salary,FTS,AE128487000000000001648,0.00,[]
LOC-IN-0003297,QUOTE-LOC-IN-0003297,COMPLETED,REF-LOC-IN-0003297,EXT-SRC-001649,INWARD,R3329,2026-04-05 08:30:00,,220000000330,AE070330000220000000330,6526.00,6526.00,SALARY,Salary,FTS,AE128497000000000001649,0.00,[]
LOC-IN-0003299,QUOTE-LOC-IN-0003299,COMPLETED,REF-LOC-IN-0003299,EXT-SRC-001650,INWARD,R3329,2026-05-08 08:30:00,,220000000330,AE070330000220000000330,6573.00,6573.00,SALARY,Salary,FTS,AE128507000000000001650,0.00,[]
LOC-IN-0003301,QUOTE-LOC-IN-0003301,COMPLETED,REF-LOC-IN-0003301,EXT-SRC-001651,INWARD,R3330,2026-01-03 09:31:00,,220000000331,AE070330000220000000331,11969.00,11969.00,SALARY,Salary,FTS,AE128517000000000001651,0.00,[]
LOC-IN-0003303,QUOTE-LOC-IN-0003303,COMPLETED,REF-LOC-IN-0003303,EXT-SRC-001652,INWARD,R3330,2026-02-06 09:31:00,,220000000331,AE070330000220000000331,6515.00,6515.00,SALARY,Salary,FTS,AE128527000000000001652,0.00,[]
LOC-IN-0003305,QUOTE-LOC-IN-0003305,COMPLETED,REF-LOC-IN-0003305,EXT-SRC-001653,INWARD,R3330,2026-03-09 09:31:00,,220000000331,AE070330000220000000331,6562.00,6562.00,SALARY,Salary,FTS,AE128537000000000001653,0.00,[]
LOC-IN-0003307,QUOTE-LOC-IN-0003307,COMPLETED,REF-LOC-IN-0003307,EXT-SRC-001654,INWARD,R3330,2026-04-12 09:31:00,,220000000331,AE070330000220000000331,6609.00,6609.00,SALARY,Salary,FTS,AE128547000000000001654,0.00,[]
LOC-IN-0003309,QUOTE-LOC-IN-0003309,COMPLETED,REF-LOC-IN-0003309,EXT-SRC-001655,INWARD,R3330,2026-05-15 09:31:00,,220000000331,AE070330000220000000331,6656.00,6656.00,SALARY,Salary,FTS,AE128557000000000001655,0.00,[]
LOC-IN-0003311,QUOTE-LOC-IN-0003311,COMPLETED,REF-LOC-IN-0003311,EXT-SRC-001656,INWARD,R3331,2026-01-10 10:32:00,,220000000332,AE070330000220000000332,6551.00,6551.00,SALARY,Salary,FTS,AE128567000000000001656,0.00,[]
LOC-IN-0003313,QUOTE-LOC-IN-0003313,COMPLETED,REF-LOC-IN-0003313,EXT-SRC-001657,INWARD,R3331,2026-02-13 10:32:00,,220000000332,AE070330000220000000332,6598.00,6598.00,SALARY,Salary,FTS,AE128577000000000001657,0.00,[]
LOC-IN-0003315,QUOTE-LOC-IN-0003315,COMPLETED,REF-LOC-IN-0003315,EXT-SRC-001658,INWARD,R3331,2026-03-16 10:32:00,,220000000332,AE070330000220000000332,6645.00,6645.00,SALARY,Salary,FTS,AE128587000000000001658,0.00,[]
LOC-IN-0003317,QUOTE-LOC-IN-0003317,COMPLETED,REF-LOC-IN-0003317,EXT-SRC-001659,INWARD,R3331,2026-03-28 10:32:00,,220000000332,AE070330000220000000332,6692.00,6692.00,SALARY,Salary,FTS,AE128597000000000001659,0.00,[]
LOC-IN-0003319,QUOTE-LOC-IN-0003319,COMPLETED,REF-LOC-IN-0003319,EXT-SRC-001660,INWARD,R3331,2026-04-30 10:32:00,,220000000332,AE070330000220000000332,6739.00,6739.00,SALARY,Salary,FTS,AE128607000000000001660,0.00,[]
LOC-IN-0003321,QUOTE-LOC-IN-0003321,COMPLETED,REF-LOC-IN-0003321,EXT-SRC-001661,INWARD,R3332,2026-01-17 11:33:00,,220000000333,AE070330000220000000333,6634.00,6634.00,SALARY,Salary,FTS,AE128617000000000001661,0.00,[]
LOC-IN-0003323,QUOTE-LOC-IN-0003323,COMPLETED,REF-LOC-IN-0003323,EXT-SRC-001662,INWARD,R3332,2026-01-29 11:33:00,,220000000333,AE070330000220000000333,6681.00,6681.00,SALARY,Salary,FTS,AE128627000000000001662,0.00,[]
LOC-IN-0003325,QUOTE-LOC-IN-0003325,COMPLETED,REF-LOC-IN-0003325,EXT-SRC-001663,INWARD,R3332,2026-03-01 11:33:00,,220000000333,AE070330000220000000333,6728.00,6728.00,SALARY,Salary,FTS,AE128637000000000001663,0.00,[]
LOC-IN-0003327,QUOTE-LOC-IN-0003327,COMPLETED,REF-LOC-IN-0003327,EXT-SRC-001664,INWARD,R3332,2026-04-04 11:33:00,,220000000333,AE070330000220000000333,6775.00,6775.00,SALARY,Salary,FTS,AE128647000000000001664,0.00,[]
LOC-IN-0003329,QUOTE-LOC-IN-0003329,COMPLETED,REF-LOC-IN-0003329,EXT-SRC-001665,INWARD,R3332,2026-05-07 11:33:00,,220000000333,AE070330000220000000333,6822.00,6822.00,SALARY,Salary,FTS,AE128657000000000001665,0.00,[]
LOC-IN-0003331,QUOTE-LOC-IN-0003331,COMPLETED,REF-LOC-IN-0003331,EXT-SRC-001666,INWARD,R3333,2026-01-02 12:34:00,,220000000334,AE070330000220000000334,6717.00,6717.00,SALARY,Salary,FTS,AE128667000000000001666,0.00,[]
LOC-IN-0003333,QUOTE-LOC-IN-0003333,COMPLETED,REF-LOC-IN-0003333,EXT-SRC-001667,INWARD,R3333,2026-02-05 12:34:00,,220000000334,AE070330000220000000334,6764.00,6764.00,SALARY,Salary,FTS,AE128677000000000001667,0.00,[]
LOC-IN-0003335,QUOTE-LOC-IN-0003335,COMPLETED,REF-LOC-IN-0003335,EXT-SRC-001668,INWARD,R3333,2026-03-08 12:34:00,,220000000334,AE070330000220000000334,6811.00,6811.00,SALARY,Salary,FTS,AE128687000000000001668,0.00,[]
LOC-IN-0003337,QUOTE-LOC-IN-0003337,COMPLETED,REF-LOC-IN-0003337,EXT-SRC-001669,INWARD,R3333,2026-04-11 12:34:00,,220000000334,AE070330000220000000334,6858.00,6858.00,SALARY,Salary,FTS,AE128697000000000001669,0.00,[]
LOC-IN-0003339,QUOTE-LOC-IN-0003339,COMPLETED,REF-LOC-IN-0003339,EXT-SRC-001670,INWARD,R3333,2026-05-14 12:34:00,,220000000334,AE070330000220000000334,6905.00,6905.00,SALARY,Salary,FTS,AE128707000000000001670,0.00,[]
LOC-IN-0003341,QUOTE-LOC-IN-0003341,COMPLETED,REF-LOC-IN-0003341,EXT-SRC-001671,INWARD,R3334,2026-01-09 13:35:00,,220000000335,AE070330000220000000335,6800.00,6800.00,SALARY,Salary,FTS,AE128717000000000001671,0.00,[]
LOC-IN-0003343,QUOTE-LOC-IN-0003343,COMPLETED,REF-LOC-IN-0003343,EXT-SRC-001672,INWARD,R3334,2026-02-12 13:35:00,,220000000335,AE070330000220000000335,6847.00,6847.00,SALARY,Salary,FTS,AE128727000000000001672,0.00,[]
LOC-IN-0003345,QUOTE-LOC-IN-0003345,COMPLETED,REF-LOC-IN-0003345,EXT-SRC-001673,INWARD,R3334,2026-03-15 13:35:00,,220000000335,AE070330000220000000335,6894.00,6894.00,SALARY,Salary,FTS,AE128737000000000001673,0.00,[]
LOC-IN-0003347,QUOTE-LOC-IN-0003347,COMPLETED,REF-LOC-IN-0003347,EXT-SRC-001674,INWARD,R3334,2026-03-27 13:35:00,,220000000335,AE070330000220000000335,6941.00,6941.00,SALARY,Salary,FTS,AE128747000000000001674,0.00,[]
LOC-IN-0003349,QUOTE-LOC-IN-0003349,COMPLETED,REF-LOC-IN-0003349,EXT-SRC-001675,INWARD,R3334,2026-04-29 13:35:00,,220000000335,AE070330000220000000335,6988.00,6988.00,SALARY,Salary,FTS,AE128757000000000001675,0.00,[]
LOC-IN-0003351,QUOTE-LOC-IN-0003351,COMPLETED,REF-LOC-IN-0003351,EXT-SRC-001676,INWARD,R3335,2026-01-16 14:36:00,,220000000336,AE070330000220000000336,6883.00,6883.00,SALARY,Salary,FTS,AE128767000000000001676,0.00,[]
LOC-IN-0003353,QUOTE-LOC-IN-0003353,COMPLETED,REF-LOC-IN-0003353,EXT-SRC-001677,INWARD,R3335,2026-01-28 14:36:00,,220000000336,AE070330000220000000336,6930.00,6930.00,SALARY,Salary,FTS,AE128777000000000001677,0.00,[]
LOC-IN-0003355,QUOTE-LOC-IN-0003355,COMPLETED,REF-LOC-IN-0003355,EXT-SRC-001678,INWARD,R3335,2026-02-28 14:36:00,,220000000336,AE070330000220000000336,6977.00,6977.00,SALARY,Salary,FTS,AE128787000000000001678,0.00,[]
LOC-IN-0003357,QUOTE-LOC-IN-0003357,COMPLETED,REF-LOC-IN-0003357,EXT-SRC-001679,INWARD,R3335,2026-04-03 14:36:00,,220000000336,AE070330000220000000336,7024.00,7024.00,SALARY,Salary,FTS,AE128797000000000001679,0.00,[]
LOC-IN-0003359,QUOTE-LOC-IN-0003359,COMPLETED,REF-LOC-IN-0003359,EXT-SRC-001680,INWARD,R3335,2026-05-06 14:36:00,,220000000336,AE070330000220000000336,7071.00,7071.00,SALARY,Salary,FTS,AE128807000000000001680,0.00,[]
LOC-IN-0003361,QUOTE-LOC-IN-0003361,COMPLETED,REF-LOC-IN-0003361,EXT-SRC-001681,INWARD,R3336,2026-01-01 15:37:00,,220000000337,AE070330000220000000337,6966.00,6966.00,SALARY,Salary,FTS,AE128817000000000001681,0.00,[]
LOC-IN-0003363,QUOTE-LOC-IN-0003363,COMPLETED,REF-LOC-IN-0003363,EXT-SRC-001682,INWARD,R3336,2026-02-04 15:37:00,,220000000337,AE070330000220000000337,7013.00,7013.00,SALARY,Salary,FTS,AE128827000000000001682,0.00,[]
LOC-IN-0003365,QUOTE-LOC-IN-0003365,COMPLETED,REF-LOC-IN-0003365,EXT-SRC-001683,INWARD,R3336,2026-03-07 15:37:00,,220000000337,AE070330000220000000337,7060.00,7060.00,SALARY,Salary,FTS,AE128837000000000001683,0.00,[]
LOC-IN-0003367,QUOTE-LOC-IN-0003367,COMPLETED,REF-LOC-IN-0003367,EXT-SRC-001684,INWARD,R3336,2026-04-10 15:37:00,,220000000337,AE070330000220000000337,7107.00,7107.00,SALARY,Salary,FTS,AE128847000000000001684,0.00,[]
LOC-IN-0003369,QUOTE-LOC-IN-0003369,COMPLETED,REF-LOC-IN-0003369,EXT-SRC-001685,INWARD,R3336,2026-05-13 15:37:00,,220000000337,AE070330000220000000337,7154.00,7154.00,SALARY,Salary,FTS,AE128857000000000001685,0.00,[]
LOC-IN-0003371,QUOTE-LOC-IN-0003371,COMPLETED,REF-LOC-IN-0003371,EXT-SRC-001686,INWARD,R3337,2026-01-08 16:38:00,,220000000338,AE070330000220000000338,7049.00,7049.00,SALARY,Salary,FTS,AE128867000000000001686,0.00,[]
LOC-IN-0003373,QUOTE-LOC-IN-0003373,COMPLETED,REF-LOC-IN-0003373,EXT-SRC-001687,INWARD,R3337,2026-02-11 16:38:00,,220000000338,AE070330000220000000338,7096.00,7096.00,SALARY,Salary,FTS,AE128877000000000001687,0.00,[]
LOC-IN-0003375,QUOTE-LOC-IN-0003375,COMPLETED,REF-LOC-IN-0003375,EXT-SRC-001688,INWARD,R3337,2026-03-14 16:38:00,,220000000338,AE070330000220000000338,7143.00,7143.00,SALARY,Salary,FTS,AE128887000000000001688,0.00,[]
LOC-IN-0003377,QUOTE-LOC-IN-0003377,COMPLETED,REF-LOC-IN-0003377,EXT-SRC-001689,INWARD,R3337,2026-04-17 16:38:00,,220000000338,AE070330000220000000338,7190.00,7190.00,SALARY,Salary,FTS,AE128897000000000001689,0.00,[]
LOC-IN-0003379,QUOTE-LOC-IN-0003379,COMPLETED,REF-LOC-IN-0003379,EXT-SRC-001690,INWARD,R3337,2026-04-28 16:38:00,,220000000338,AE070330000220000000338,7237.00,7237.00,SALARY,Salary,FTS,AE128907000000000001690,0.00,[]
LOC-IN-0003381,QUOTE-LOC-IN-0003381,COMPLETED,REF-LOC-IN-0003381,EXT-SRC-001691,INWARD,R3338,2026-01-15 17:39:00,,220000000339,AE070330000220000000339,7132.00,7132.00,SALARY,Salary,FTS,AE128917000000000001691,0.00,[]
LOC-IN-0003383,QUOTE-LOC-IN-0003383,COMPLETED,REF-LOC-IN-0003383,EXT-SRC-001692,INWARD,R3338,2026-01-27 17:39:00,,220000000339,AE070330000220000000339,7179.00,7179.00,SALARY,Salary,FTS,AE128927000000000001692,0.00,[]
LOC-IN-0003385,QUOTE-LOC-IN-0003385,COMPLETED,REF-LOC-IN-0003385,EXT-SRC-001693,INWARD,R3338,2026-02-27 17:39:00,,220000000339,AE070330000220000000339,7226.00,7226.00,SALARY,Salary,FTS,AE128937000000000001693,0.00,[]
LOC-IN-0003387,QUOTE-LOC-IN-0003387,COMPLETED,REF-LOC-IN-0003387,EXT-SRC-001694,INWARD,R3338,2026-04-02 17:39:00,,220000000339,AE070330000220000000339,7273.00,7273.00,SALARY,Salary,FTS,AE128947000000000001694,0.00,[]
LOC-IN-0003389,QUOTE-LOC-IN-0003389,COMPLETED,REF-LOC-IN-0003389,EXT-SRC-001695,INWARD,R3338,2026-05-05 17:39:00,,220000000339,AE070330000220000000339,7320.00,7320.00,SALARY,Salary,FTS,AE128957000000000001695,0.00,[]
LOC-IN-0003391,QUOTE-LOC-IN-0003391,COMPLETED,REF-LOC-IN-0003391,EXT-SRC-001696,INWARD,R3339,2025-12-31 18:40:00,,220000000340,AE070330000220000000340,7215.00,7215.00,SALARY,Salary,FTS,AE128967000000000001696,0.00,[]
LOC-IN-0003393,QUOTE-LOC-IN-0003393,COMPLETED,REF-LOC-IN-0003393,EXT-SRC-001697,INWARD,R3339,2026-02-03 18:40:00,,220000000340,AE070330000220000000340,7262.00,7262.00,SALARY,Salary,FTS,AE128977000000000001697,0.00,[]
LOC-IN-0003395,QUOTE-LOC-IN-0003395,COMPLETED,REF-LOC-IN-0003395,EXT-SRC-001698,INWARD,R3339,2026-03-06 18:40:00,,220000000340,AE070330000220000000340,7309.00,7309.00,SALARY,Salary,FTS,AE128987000000000001698,0.00,[]
LOC-IN-0003397,QUOTE-LOC-IN-0003397,COMPLETED,REF-LOC-IN-0003397,EXT-SRC-001699,INWARD,R3339,2026-04-09 18:40:00,,220000000340,AE070330000220000000340,7356.00,7356.00,SALARY,Salary,FTS,AE128997000000000001699,0.00,[]
LOC-IN-0003399,QUOTE-LOC-IN-0003399,COMPLETED,REF-LOC-IN-0003399,EXT-SRC-001700,INWARD,R3339,2026-05-12 18:40:00,,220000000340,AE070330000220000000340,7403.00,7403.00,SALARY,Salary,FTS,AE129007000000000001700,0.00,[]
LOC-IN-0003401,QUOTE-LOC-IN-0003401,COMPLETED,REF-LOC-IN-0003401,EXT-SRC-001701,INWARD,R3340,2026-01-07 08:41:00,,220000000341,AE070330000220000000341,7298.00,7298.00,SALARY,Salary,FTS,AE129017000000000001701,0.00,[]
LOC-IN-0003403,QUOTE-LOC-IN-0003403,COMPLETED,REF-LOC-IN-0003403,EXT-SRC-001702,INWARD,R3340,2026-02-10 08:41:00,,220000000341,AE070330000220000000341,7345.00,7345.00,SALARY,Salary,FTS,AE129027000000000001702,0.00,[]
LOC-IN-0003405,QUOTE-LOC-IN-0003405,COMPLETED,REF-LOC-IN-0003405,EXT-SRC-001703,INWARD,R3340,2026-03-13 08:41:00,,220000000341,AE070330000220000000341,7392.00,7392.00,SALARY,Salary,FTS,AE129037000000000001703,0.00,[]
LOC-IN-0003407,QUOTE-LOC-IN-0003407,COMPLETED,REF-LOC-IN-0003407,EXT-SRC-001704,INWARD,R3340,2026-04-16 08:41:00,,220000000341,AE070330000220000000341,7439.00,7439.00,SALARY,Salary,FTS,AE129047000000000001704,0.00,[]
LOC-IN-0003409,QUOTE-LOC-IN-0003409,COMPLETED,REF-LOC-IN-0003409,EXT-SRC-001705,INWARD,R3340,2026-04-27 08:41:00,,220000000341,AE070330000220000000341,7486.00,7486.00,SALARY,Salary,FTS,AE129057000000000001705,0.00,[]
LOC-IN-0003411,QUOTE-LOC-IN-0003411,COMPLETED,REF-LOC-IN-0003411,EXT-SRC-001706,INWARD,R3341,2026-01-14 09:42:00,,220000000342,AE070330000220000000342,7381.00,7381.00,SALARY,Salary,FTS,AE129067000000000001706,0.00,[]
LOC-IN-0003413,QUOTE-LOC-IN-0003413,COMPLETED,REF-LOC-IN-0003413,EXT-SRC-001707,INWARD,R3341,2026-02-17 09:42:00,,220000000342,AE070330000220000000342,7428.00,7428.00,SALARY,Salary,FTS,AE129077000000000001707,0.00,[]
LOC-IN-0003415,QUOTE-LOC-IN-0003415,COMPLETED,REF-LOC-IN-0003415,EXT-SRC-001708,INWARD,R3341,2026-02-26 09:42:00,,220000000342,AE070330000220000000342,7475.00,7475.00,SALARY,Salary,FTS,AE129087000000000001708,0.00,[]
LOC-IN-0003417,QUOTE-LOC-IN-0003417,COMPLETED,REF-LOC-IN-0003417,EXT-SRC-001709,INWARD,R3341,2026-04-01 09:42:00,,220000000342,AE070330000220000000342,7522.00,7522.00,SALARY,Salary,FTS,AE129097000000000001709,0.00,[]
LOC-IN-0003419,QUOTE-LOC-IN-0003419,COMPLETED,REF-LOC-IN-0003419,EXT-SRC-001710,INWARD,R3341,2026-05-04 09:42:00,,220000000342,AE070330000220000000342,7569.00,7569.00,SALARY,Salary,FTS,AE129107000000000001710,0.00,[]
LOC-IN-0003421,QUOTE-LOC-IN-0003421,COMPLETED,REF-LOC-IN-0003421,EXT-SRC-001711,INWARD,R3342,2025-12-30 10:43:00,,220000000343,AE070330000220000000343,7464.00,7464.00,SALARY,Salary,FTS,AE129117000000000001711,0.00,[]
LOC-IN-0003423,QUOTE-LOC-IN-0003423,COMPLETED,REF-LOC-IN-0003423,EXT-SRC-001712,INWARD,R3342,2026-02-02 10:43:00,,220000000343,AE070330000220000000343,7511.00,7511.00,SALARY,Salary,FTS,AE129127000000000001712,0.00,[]
LOC-IN-0003425,QUOTE-LOC-IN-0003425,COMPLETED,REF-LOC-IN-0003425,EXT-SRC-001713,INWARD,R3342,2026-03-05 10:43:00,,220000000343,AE070330000220000000343,7558.00,7558.00,SALARY,Salary,FTS,AE129137000000000001713,0.00,[]
LOC-IN-0003427,QUOTE-LOC-IN-0003427,COMPLETED,REF-LOC-IN-0003427,EXT-SRC-001714,INWARD,R3342,2026-04-08 10:43:00,,220000000343,AE070330000220000000343,7605.00,7605.00,SALARY,Salary,FTS,AE129147000000000001714,0.00,[]
LOC-IN-0003429,QUOTE-LOC-IN-0003429,COMPLETED,REF-LOC-IN-0003429,EXT-SRC-001715,INWARD,R3342,2026-05-11 10:43:00,,220000000343,AE070330000220000000343,7652.00,7652.00,SALARY,Salary,FTS,AE129157000000000001715,0.00,[]
LOC-IN-0003431,QUOTE-LOC-IN-0003431,COMPLETED,REF-LOC-IN-0003431,EXT-SRC-001716,INWARD,R3343,2026-01-06 11:44:00,,220000000344,AE070330000220000000344,7547.00,7547.00,SALARY,Salary,FTS,AE129167000000000001716,0.00,[]
LOC-IN-0003433,QUOTE-LOC-IN-0003433,COMPLETED,REF-LOC-IN-0003433,EXT-SRC-001717,INWARD,R3343,2026-02-09 11:44:00,,220000000344,AE070330000220000000344,7594.00,7594.00,SALARY,Salary,FTS,AE129177000000000001717,0.00,[]
LOC-IN-0003435,QUOTE-LOC-IN-0003435,COMPLETED,REF-LOC-IN-0003435,EXT-SRC-001718,INWARD,R3343,2026-03-12 11:44:00,,220000000344,AE070330000220000000344,7641.00,7641.00,SALARY,Salary,FTS,AE129187000000000001718,0.00,[]
LOC-IN-0003437,QUOTE-LOC-IN-0003437,COMPLETED,REF-LOC-IN-0003437,EXT-SRC-001719,INWARD,R3343,2026-04-15 11:44:00,,220000000344,AE070330000220000000344,7688.00,7688.00,SALARY,Salary,FTS,AE129197000000000001719,0.00,[]
LOC-IN-0003439,QUOTE-LOC-IN-0003439,COMPLETED,REF-LOC-IN-0003439,EXT-SRC-001720,INWARD,R3343,2026-04-26 11:44:00,,220000000344,AE070330000220000000344,7735.00,7735.00,SALARY,Salary,FTS,AE129207000000000001720,0.00,[]
LOC-IN-0003441,QUOTE-LOC-IN-0003441,COMPLETED,REF-LOC-IN-0003441,EXT-SRC-001721,INWARD,R3344,2026-01-13 12:45:00,,220000000345,AE070330000220000000345,7630.00,7630.00,SALARY,Salary,FTS,AE129217000000000001721,0.00,[]
LOC-IN-0003443,QUOTE-LOC-IN-0003443,COMPLETED,REF-LOC-IN-0003443,EXT-SRC-001722,INWARD,R3344,2026-02-16 12:45:00,,220000000345,AE070330000220000000345,7677.00,7677.00,SALARY,Salary,FTS,AE129227000000000001722,0.00,[]
LOC-IN-0003445,QUOTE-LOC-IN-0003445,COMPLETED,REF-LOC-IN-0003445,EXT-SRC-001723,INWARD,R3344,2026-02-25 12:45:00,,220000000345,AE070330000220000000345,7724.00,7724.00,SALARY,Salary,FTS,AE129237000000000001723,0.00,[]
LOC-IN-0003447,QUOTE-LOC-IN-0003447,COMPLETED,REF-LOC-IN-0003447,EXT-SRC-001724,INWARD,R3344,2026-03-31 12:45:00,,220000000345,AE070330000220000000345,7771.00,7771.00,SALARY,Salary,FTS,AE129247000000000001724,0.00,[]
LOC-IN-0003449,QUOTE-LOC-IN-0003449,COMPLETED,REF-LOC-IN-0003449,EXT-SRC-001725,INWARD,R3344,2026-05-03 12:45:00,,220000000345,AE070330000220000000345,7818.00,7818.00,SALARY,Salary,FTS,AE129257000000000001725,0.00,[]
LOC-IN-0003451,QUOTE-LOC-IN-0003451,COMPLETED,REF-LOC-IN-0003451,EXT-SRC-001726,INWARD,R3345,2025-12-29 13:46:00,,220000000346,AE070330000220000000346,7713.00,7713.00,SALARY,Salary,FTS,AE129267000000000001726,0.00,[]
LOC-IN-0003453,QUOTE-LOC-IN-0003453,COMPLETED,REF-LOC-IN-0003453,EXT-SRC-001727,INWARD,R3345,2026-02-01 13:46:00,,220000000346,AE070330000220000000346,7760.00,7760.00,SALARY,Salary,FTS,AE129277000000000001727,0.00,[]
LOC-IN-0003455,QUOTE-LOC-IN-0003455,COMPLETED,REF-LOC-IN-0003455,EXT-SRC-001728,INWARD,R3345,2026-03-04 13:46:00,,220000000346,AE070330000220000000346,7807.00,7807.00,SALARY,Salary,FTS,AE129287000000000001728,0.00,[]
LOC-IN-0003457,QUOTE-LOC-IN-0003457,COMPLETED,REF-LOC-IN-0003457,EXT-SRC-001729,INWARD,R3345,2026-04-07 13:46:00,,220000000346,AE070330000220000000346,7854.00,7854.00,SALARY,Salary,FTS,AE129297000000000001729,0.00,[]
LOC-IN-0003459,QUOTE-LOC-IN-0003459,COMPLETED,REF-LOC-IN-0003459,EXT-SRC-001730,INWARD,R3345,2026-05-10 13:46:00,,220000000346,AE070330000220000000346,7901.00,7901.00,SALARY,Salary,FTS,AE129307000000000001730,0.00,[]
LOC-IN-0003461,QUOTE-LOC-IN-0003461,COMPLETED,REF-LOC-IN-0003461,EXT-SRC-001731,INWARD,R3346,2026-01-05 14:47:00,,220000000347,AE070330000220000000347,7796.00,7796.00,SALARY,Salary,FTS,AE129317000000000001731,0.00,[]
LOC-IN-0003463,QUOTE-LOC-IN-0003463,COMPLETED,REF-LOC-IN-0003463,EXT-SRC-001732,INWARD,R3346,2026-02-08 14:47:00,,220000000347,AE070330000220000000347,7843.00,7843.00,SALARY,Salary,FTS,AE129327000000000001732,0.00,[]
LOC-IN-0003465,QUOTE-LOC-IN-0003465,COMPLETED,REF-LOC-IN-0003465,EXT-SRC-001733,INWARD,R3346,2026-03-11 14:47:00,,220000000347,AE070330000220000000347,7890.00,7890.00,SALARY,Salary,FTS,AE129337000000000001733,0.00,[]
LOC-IN-0003467,QUOTE-LOC-IN-0003467,COMPLETED,REF-LOC-IN-0003467,EXT-SRC-001734,INWARD,R3346,2026-04-14 14:47:00,,220000000347,AE070330000220000000347,7937.00,7937.00,SALARY,Salary,FTS,AE129347000000000001734,0.00,[]
LOC-IN-0003469,QUOTE-LOC-IN-0003469,COMPLETED,REF-LOC-IN-0003469,EXT-SRC-001735,INWARD,R3346,2026-05-17 14:47:00,,220000000347,AE070330000220000000347,7984.00,7984.00,SALARY,Salary,FTS,AE129357000000000001735,0.00,[]
LOC-IN-0003471,QUOTE-LOC-IN-0003471,COMPLETED,REF-LOC-IN-0003471,EXT-SRC-001736,INWARD,R3347,2026-01-12 15:48:00,,220000000348,AE070330000220000000348,7879.00,7879.00,SALARY,Salary,FTS,AE129367000000000001736,0.00,[]
LOC-IN-0003473,QUOTE-LOC-IN-0003473,COMPLETED,REF-LOC-IN-0003473,EXT-SRC-001737,INWARD,R3347,2026-02-15 15:48:00,,220000000348,AE070330000220000000348,7926.00,7926.00,SALARY,Salary,FTS,AE129377000000000001737,0.00,[]
LOC-IN-0003475,QUOTE-LOC-IN-0003475,COMPLETED,REF-LOC-IN-0003475,EXT-SRC-001738,INWARD,R3347,2026-02-24 15:48:00,,220000000348,AE070330000220000000348,7973.00,7973.00,SALARY,Salary,FTS,AE129387000000000001738,0.00,[]
LOC-IN-0003477,QUOTE-LOC-IN-0003477,COMPLETED,REF-LOC-IN-0003477,EXT-SRC-001739,INWARD,R3347,2026-03-30 15:48:00,,220000000348,AE070330000220000000348,8020.00,8020.00,SALARY,Salary,FTS,AE129397000000000001739,0.00,[]
LOC-IN-0003479,QUOTE-LOC-IN-0003479,COMPLETED,REF-LOC-IN-0003479,EXT-SRC-001740,INWARD,R3347,2026-05-02 15:48:00,,220000000348,AE070330000220000000348,8067.00,8067.00,SALARY,Salary,FTS,AE129407000000000001740,0.00,[]
LOC-IN-0003481,QUOTE-LOC-IN-0003481,COMPLETED,REF-LOC-IN-0003481,EXT-SRC-001741,INWARD,R3348,2025-12-28 16:49:00,,220000000349,AE070330000220000000349,7962.00,7962.00,SALARY,Salary,FTS,AE129417000000000001741,0.00,[]
LOC-IN-0003483,QUOTE-LOC-IN-0003483,COMPLETED,REF-LOC-IN-0003483,EXT-SRC-001742,INWARD,R3348,2026-01-31 16:49:00,,220000000349,AE070330000220000000349,8009.00,8009.00,SALARY,Salary,FTS,AE129427000000000001742,0.00,[]
LOC-IN-0003485,QUOTE-LOC-IN-0003485,COMPLETED,REF-LOC-IN-0003485,EXT-SRC-001743,INWARD,R3348,2026-03-03 16:49:00,,220000000349,AE070330000220000000349,8056.00,8056.00,SALARY,Salary,FTS,AE129437000000000001743,0.00,[]
LOC-IN-0003487,QUOTE-LOC-IN-0003487,COMPLETED,REF-LOC-IN-0003487,EXT-SRC-001744,INWARD,R3348,2026-04-06 16:49:00,,220000000349,AE070330000220000000349,8103.00,8103.00,SALARY,Salary,FTS,AE129447000000000001744,0.00,[]
LOC-IN-0003489,QUOTE-LOC-IN-0003489,COMPLETED,REF-LOC-IN-0003489,EXT-SRC-001745,INWARD,R3348,2026-05-09 16:49:00,,220000000349,AE070330000220000000349,8150.00,8150.00,SALARY,Salary,FTS,AE129457000000000001745,0.00,[]
LOC-IN-0003491,QUOTE-LOC-IN-0003491,COMPLETED,REF-LOC-IN-0003491,EXT-SRC-001746,INWARD,R3349,2026-01-04 17:50:00,,220000000350,AE070330000220000000350,8045.00,8045.00,SALARY,Salary,FTS,AE129467000000000001746,0.00,[]
LOC-IN-0003493,QUOTE-LOC-IN-0003493,COMPLETED,REF-LOC-IN-0003493,EXT-SRC-001747,INWARD,R3349,2026-02-07 17:50:00,,220000000350,AE070330000220000000350,8092.00,8092.00,SALARY,Salary,FTS,AE129477000000000001747,0.00,[]
LOC-IN-0003495,QUOTE-LOC-IN-0003495,COMPLETED,REF-LOC-IN-0003495,EXT-SRC-001748,INWARD,R3349,2026-03-10 17:50:00,,220000000350,AE070330000220000000350,8139.00,8139.00,SALARY,Salary,FTS,AE129487000000000001748,0.00,[]
LOC-IN-0003497,QUOTE-LOC-IN-0003497,COMPLETED,REF-LOC-IN-0003497,EXT-SRC-001749,INWARD,R3349,2026-04-13 17:50:00,,220000000350,AE070330000220000000350,8186.00,8186.00,SALARY,Salary,FTS,AE129497000000000001749,0.00,[]
LOC-IN-0003499,QUOTE-LOC-IN-0003499,COMPLETED,REF-LOC-IN-0003499,EXT-SRC-001750,INWARD,R3349,2026-05-16 17:50:00,,220000000350,AE070330000220000000350,8233.00,8233.00,SALARY,Salary,FTS,AE129507000000000001750,0.00,[]
LOC-IN-0003501,QUOTE-LOC-IN-0003501,COMPLETED,REF-LOC-IN-0003501,EXT-SRC-001751,INWARD,R3350,2026-01-11 18:51:00,,220000000351,AE070330000220000000351,8128.00,8128.00,SALARY,Salary,FTS,AE129517000000000001751,0.00,[]
LOC-IN-0003503,QUOTE-LOC-IN-0003503,COMPLETED,REF-LOC-IN-0003503,EXT-SRC-001752,INWARD,R3350,2026-02-14 18:51:00,,220000000351,AE070330000220000000351,8175.00,8175.00,SALARY,Salary,FTS,AE129527000000000001752,0.00,[]
LOC-IN-0003505,QUOTE-LOC-IN-0003505,COMPLETED,REF-LOC-IN-0003505,EXT-SRC-001753,INWARD,R3350,2026-03-17 18:51:00,,220000000351,AE070330000220000000351,8222.00,8222.00,SALARY,Salary,FTS,AE129537000000000001753,0.00,[]
LOC-IN-0003507,QUOTE-LOC-IN-0003507,COMPLETED,REF-LOC-IN-0003507,EXT-SRC-001754,INWARD,R3350,2026-03-29 18:51:00,,220000000351,AE070330000220000000351,8269.00,8269.00,SALARY,Salary,FTS,AE129547000000000001754,0.00,[]
LOC-IN-0003509,QUOTE-LOC-IN-0003509,COMPLETED,REF-LOC-IN-0003509,EXT-SRC-001755,INWARD,R3350,2026-05-01 18:51:00,,220000000351,AE070330000220000000351,8316.00,8316.00,SALARY,Salary,FTS,AE129557000000000001755,0.00,[]
LOC-IN-0003511,QUOTE-LOC-IN-0003511,COMPLETED,REF-LOC-IN-0003511,EXT-SRC-001756,INWARD,R3351,2025-12-27 08:52:00,,220000000352,AE070330000220000000352,8211.00,8211.00,SALARY,Salary,FTS,AE129567000000000001756,0.00,[]
LOC-IN-0003513,QUOTE-LOC-IN-0003513,COMPLETED,REF-LOC-IN-0003513,EXT-SRC-001757,INWARD,R3351,2026-01-30 08:52:00,,220000000352,AE070330000220000000352,8258.00,8258.00,SALARY,Salary,FTS,AE129577000000000001757,0.00,[]
LOC-IN-0003515,QUOTE-LOC-IN-0003515,COMPLETED,REF-LOC-IN-0003515,EXT-SRC-001758,INWARD,R3351,2026-03-02 08:52:00,,220000000352,AE070330000220000000352,8305.00,8305.00,SALARY,Salary,FTS,AE129587000000000001758,0.00,[]
LOC-IN-0003517,QUOTE-LOC-IN-0003517,COMPLETED,REF-LOC-IN-0003517,EXT-SRC-001759,INWARD,R3351,2026-04-05 08:52:00,,220000000352,AE070330000220000000352,8352.00,8352.00,SALARY,Salary,FTS,AE129597000000000001759,0.00,[]
LOC-IN-0003519,QUOTE-LOC-IN-0003519,COMPLETED,REF-LOC-IN-0003519,EXT-SRC-001760,INWARD,R3351,2026-05-08 08:52:00,,220000000352,AE070330000220000000352,8399.00,8399.00,SALARY,Salary,FTS,AE129607000000000001760,0.00,[]
LOC-IN-0003521,QUOTE-LOC-IN-0003521,COMPLETED,REF-LOC-IN-0003521,EXT-SRC-001761,INWARD,R3352,2026-01-03 09:53:00,,220000000353,AE070330000220000000353,8294.00,8294.00,SALARY,Salary,FTS,AE129617000000000001761,0.00,[]
LOC-IN-0003523,QUOTE-LOC-IN-0003523,COMPLETED,REF-LOC-IN-0003523,EXT-SRC-001762,INWARD,R3352,2026-02-06 09:53:00,,220000000353,AE070330000220000000353,8341.00,8341.00,SALARY,Salary,FTS,AE129627000000000001762,0.00,[]
LOC-IN-0003525,QUOTE-LOC-IN-0003525,COMPLETED,REF-LOC-IN-0003525,EXT-SRC-001763,INWARD,R3352,2026-03-09 09:53:00,,220000000353,AE070330000220000000353,8388.00,8388.00,SALARY,Salary,FTS,AE129637000000000001763,0.00,[]
LOC-IN-0003527,QUOTE-LOC-IN-0003527,COMPLETED,REF-LOC-IN-0003527,EXT-SRC-001764,INWARD,R3352,2026-04-12 09:53:00,,220000000353,AE070330000220000000353,8435.00,8435.00,SALARY,Salary,FTS,AE129647000000000001764,0.00,[]
LOC-IN-0003529,QUOTE-LOC-IN-0003529,COMPLETED,REF-LOC-IN-0003529,EXT-SRC-001765,INWARD,R3352,2026-05-15 09:53:00,,220000000353,AE070330000220000000353,8482.00,8482.00,SALARY,Salary,FTS,AE129657000000000001765,0.00,[]
LOC-IN-0003531,QUOTE-LOC-IN-0003531,COMPLETED,REF-LOC-IN-0003531,EXT-SRC-001766,INWARD,R3353,2026-01-10 10:54:00,,220000000354,AE070330000220000000354,8377.00,8377.00,SALARY,Salary,FTS,AE129667000000000001766,0.00,[]
LOC-IN-0003533,QUOTE-LOC-IN-0003533,COMPLETED,REF-LOC-IN-0003533,EXT-SRC-001767,INWARD,R3353,2026-02-13 10:54:00,,220000000354,AE070330000220000000354,8424.00,8424.00,SALARY,Salary,FTS,AE129677000000000001767,0.00,[]
LOC-IN-0003535,QUOTE-LOC-IN-0003535,COMPLETED,REF-LOC-IN-0003535,EXT-SRC-001768,INWARD,R3353,2026-03-16 10:54:00,,220000000354,AE070330000220000000354,8471.00,8471.00,SALARY,Salary,FTS,AE129687000000000001768,0.00,[]
LOC-IN-0003537,QUOTE-LOC-IN-0003537,COMPLETED,REF-LOC-IN-0003537,EXT-SRC-001769,INWARD,R3353,2026-03-28 10:54:00,,220000000354,AE070330000220000000354,8518.00,8518.00,SALARY,Salary,FTS,AE129697000000000001769,0.00,[]
LOC-IN-0003539,QUOTE-LOC-IN-0003539,COMPLETED,REF-LOC-IN-0003539,EXT-SRC-001770,INWARD,R3353,2026-04-30 10:54:00,,220000000354,AE070330000220000000354,8565.00,8565.00,SALARY,Salary,FTS,AE129707000000000001770,0.00,[]
LOC-IN-0003541,QUOTE-LOC-IN-0003541,COMPLETED,REF-LOC-IN-0003541,EXT-SRC-001771,INWARD,R3354,2026-01-17 11:55:00,,220000000355,AE070330000220000000355,8460.00,8460.00,SALARY,Salary,FTS,AE129717000000000001771,0.00,[]
LOC-IN-0003543,QUOTE-LOC-IN-0003543,COMPLETED,REF-LOC-IN-0003543,EXT-SRC-001772,INWARD,R3354,2026-01-29 11:55:00,,220000000355,AE070330000220000000355,8507.00,8507.00,SALARY,Salary,FTS,AE129727000000000001772,0.00,[]
LOC-IN-0003545,QUOTE-LOC-IN-0003545,COMPLETED,REF-LOC-IN-0003545,EXT-SRC-001773,INWARD,R3354,2026-03-01 11:55:00,,220000000355,AE070330000220000000355,8554.00,8554.00,SALARY,Salary,FTS,AE129737000000000001773,0.00,[]
LOC-IN-0003547,QUOTE-LOC-IN-0003547,COMPLETED,REF-LOC-IN-0003547,EXT-SRC-001774,INWARD,R3354,2026-04-04 11:55:00,,220000000355,AE070330000220000000355,8601.00,8601.00,SALARY,Salary,FTS,AE129747000000000001774,0.00,[]
LOC-IN-0003549,QUOTE-LOC-IN-0003549,COMPLETED,REF-LOC-IN-0003549,EXT-SRC-001775,INWARD,R3354,2026-05-07 11:55:00,,220000000355,AE070330000220000000355,8648.00,8648.00,SALARY,Salary,FTS,AE129757000000000001775,0.00,[]
LOC-IN-0003551,QUOTE-LOC-IN-0003551,COMPLETED,REF-LOC-IN-0003551,EXT-SRC-001776,INWARD,R3355,2026-01-02 12:56:00,,220000000356,AE070330000220000000356,8543.00,8543.00,SALARY,Salary,FTS,AE129767000000000001776,0.00,[]
LOC-IN-0003553,QUOTE-LOC-IN-0003553,COMPLETED,REF-LOC-IN-0003553,EXT-SRC-001777,INWARD,R3355,2026-02-05 12:56:00,,220000000356,AE070330000220000000356,8590.00,8590.00,SALARY,Salary,FTS,AE129777000000000001777,0.00,[]
LOC-IN-0003555,QUOTE-LOC-IN-0003555,COMPLETED,REF-LOC-IN-0003555,EXT-SRC-001778,INWARD,R3355,2026-03-08 12:56:00,,220000000356,AE070330000220000000356,8637.00,8637.00,SALARY,Salary,FTS,AE129787000000000001778,0.00,[]
LOC-IN-0003557,QUOTE-LOC-IN-0003557,COMPLETED,REF-LOC-IN-0003557,EXT-SRC-001779,INWARD,R3355,2026-04-11 12:56:00,,220000000356,AE070330000220000000356,8684.00,8684.00,SALARY,Salary,FTS,AE129797000000000001779,0.00,[]
LOC-IN-0003559,QUOTE-LOC-IN-0003559,COMPLETED,REF-LOC-IN-0003559,EXT-SRC-001780,INWARD,R3355,2026-05-14 12:56:00,,220000000356,AE070330000220000000356,8731.00,8731.00,SALARY,Salary,FTS,AE129807000000000001780,0.00,[]
LOC-IN-0003561,QUOTE-LOC-IN-0003561,COMPLETED,REF-LOC-IN-0003561,EXT-SRC-001781,INWARD,R3356,2026-01-09 13:57:00,,220000000357,AE070330000220000000357,8626.00,8626.00,SALARY,Salary,FTS,AE129817000000000001781,0.00,[]
LOC-IN-0003563,QUOTE-LOC-IN-0003563,COMPLETED,REF-LOC-IN-0003563,EXT-SRC-001782,INWARD,R3356,2026-02-12 13:57:00,,220000000357,AE070330000220000000357,8673.00,8673.00,SALARY,Salary,FTS,AE129827000000000001782,0.00,[]
LOC-IN-0003565,QUOTE-LOC-IN-0003565,COMPLETED,REF-LOC-IN-0003565,EXT-SRC-001783,INWARD,R3356,2026-03-15 13:57:00,,220000000357,AE070330000220000000357,8720.00,8720.00,SALARY,Salary,FTS,AE129837000000000001783,0.00,[]
LOC-IN-0003567,QUOTE-LOC-IN-0003567,COMPLETED,REF-LOC-IN-0003567,EXT-SRC-001784,INWARD,R3356,2026-03-27 13:57:00,,220000000357,AE070330000220000000357,8767.00,8767.00,SALARY,Salary,FTS,AE129847000000000001784,0.00,[]
LOC-IN-0003569,QUOTE-LOC-IN-0003569,COMPLETED,REF-LOC-IN-0003569,EXT-SRC-001785,INWARD,R3356,2026-04-29 13:57:00,,220000000357,AE070330000220000000357,8814.00,8814.00,SALARY,Salary,FTS,AE129857000000000001785,0.00,[]
LOC-IN-0003571,QUOTE-LOC-IN-0003571,COMPLETED,REF-LOC-IN-0003571,EXT-SRC-001786,INWARD,R3357,2026-01-16 14:58:00,,220000000358,AE070330000220000000358,8709.00,8709.00,SALARY,Salary,FTS,AE129867000000000001786,0.00,[]
LOC-IN-0003573,QUOTE-LOC-IN-0003573,COMPLETED,REF-LOC-IN-0003573,EXT-SRC-001787,INWARD,R3357,2026-01-28 14:58:00,,220000000358,AE070330000220000000358,8756.00,8756.00,SALARY,Salary,FTS,AE129877000000000001787,0.00,[]
LOC-IN-0003575,QUOTE-LOC-IN-0003575,COMPLETED,REF-LOC-IN-0003575,EXT-SRC-001788,INWARD,R3357,2026-02-28 14:58:00,,220000000358,AE070330000220000000358,8803.00,8803.00,SALARY,Salary,FTS,AE129887000000000001788,0.00,[]
LOC-IN-0003577,QUOTE-LOC-IN-0003577,COMPLETED,REF-LOC-IN-0003577,EXT-SRC-001789,INWARD,R3357,2026-04-03 14:58:00,,220000000358,AE070330000220000000358,8850.00,8850.00,SALARY,Salary,FTS,AE129897000000000001789,0.00,[]
LOC-IN-0003579,QUOTE-LOC-IN-0003579,COMPLETED,REF-LOC-IN-0003579,EXT-SRC-001790,INWARD,R3357,2026-05-06 14:58:00,,220000000358,AE070330000220000000358,8897.00,8897.00,SALARY,Salary,FTS,AE129907000000000001790,0.00,[]
LOC-IN-0003581,QUOTE-LOC-IN-0003581,COMPLETED,REF-LOC-IN-0003581,EXT-SRC-001791,INWARD,R3358,2026-01-01 15:59:00,,220000000359,AE070330000220000000359,8792.00,8792.00,SALARY,Salary,FTS,AE129917000000000001791,0.00,[]
LOC-IN-0003583,QUOTE-LOC-IN-0003583,COMPLETED,REF-LOC-IN-0003583,EXT-SRC-001792,INWARD,R3358,2026-02-04 15:59:00,,220000000359,AE070330000220000000359,8839.00,8839.00,SALARY,Salary,FTS,AE129927000000000001792,0.00,[]
LOC-IN-0003585,QUOTE-LOC-IN-0003585,COMPLETED,REF-LOC-IN-0003585,EXT-SRC-001793,INWARD,R3358,2026-03-07 15:59:00,,220000000359,AE070330000220000000359,8886.00,8886.00,SALARY,Salary,FTS,AE129937000000000001793,0.00,[]
LOC-IN-0003587,QUOTE-LOC-IN-0003587,COMPLETED,REF-LOC-IN-0003587,EXT-SRC-001794,INWARD,R3358,2026-04-10 15:59:00,,220000000359,AE070330000220000000359,8933.00,8933.00,SALARY,Salary,FTS,AE129947000000000001794,0.00,[]
LOC-IN-0003589,QUOTE-LOC-IN-0003589,COMPLETED,REF-LOC-IN-0003589,EXT-SRC-001795,INWARD,R3358,2026-05-13 15:59:00,,220000000359,AE070330000220000000359,8980.00,8980.00,SALARY,Salary,FTS,AE129957000000000001795,0.00,[]
LOC-IN-0003591,QUOTE-LOC-IN-0003591,COMPLETED,REF-LOC-IN-0003591,EXT-SRC-001796,INWARD,R3359,2026-01-08 16:00:00,,220000000360,AE070330000220000000360,8875.00,8875.00,SALARY,Salary,FTS,AE129967000000000001796,0.00,[]
LOC-IN-0003593,QUOTE-LOC-IN-0003593,COMPLETED,REF-LOC-IN-0003593,EXT-SRC-001797,INWARD,R3359,2026-02-11 16:00:00,,220000000360,AE070330000220000000360,8922.00,8922.00,SALARY,Salary,FTS,AE129977000000000001797,0.00,[]
LOC-IN-0003595,QUOTE-LOC-IN-0003595,COMPLETED,REF-LOC-IN-0003595,EXT-SRC-001798,INWARD,R3359,2026-03-14 16:00:00,,220000000360,AE070330000220000000360,8969.00,8969.00,SALARY,Salary,FTS,AE129987000000000001798,0.00,[]
LOC-IN-0003597,QUOTE-LOC-IN-0003597,COMPLETED,REF-LOC-IN-0003597,EXT-SRC-001799,INWARD,R3359,2026-04-17 16:00:00,,220000000360,AE070330000220000000360,9016.00,9016.00,SALARY,Salary,FTS,AE129997000000000001799,0.00,[]
LOC-IN-0003599,QUOTE-LOC-IN-0003599,COMPLETED,REF-LOC-IN-0003599,EXT-SRC-001800,INWARD,R3359,2026-04-28 16:00:00,,220000000360,AE070330000220000000360,9063.00,9063.00,SALARY,Salary,FTS,AE121007000000000001800,0.00,[]
LOC-IN-0003601,QUOTE-LOC-IN-0003601,COMPLETED,REF-LOC-IN-0003601,EXT-SRC-001801,INWARD,R3360,2026-01-15 17:01:00,,220000000361,AE070330000220000000361,8958.00,8958.00,SALARY,Salary,FTS,AE121017000000000001801,0.00,[]
LOC-IN-0003603,QUOTE-LOC-IN-0003603,COMPLETED,REF-LOC-IN-0003603,EXT-SRC-001802,INWARD,R3360,2026-01-27 17:01:00,,220000000361,AE070330000220000000361,9005.00,9005.00,SALARY,Salary,FTS,AE121027000000000001802,0.00,[]
LOC-IN-0003605,QUOTE-LOC-IN-0003605,COMPLETED,REF-LOC-IN-0003605,EXT-SRC-001803,INWARD,R3360,2026-02-27 17:01:00,,220000000361,AE070330000220000000361,9052.00,9052.00,SALARY,Salary,FTS,AE121037000000000001803,0.00,[]
LOC-IN-0003607,QUOTE-LOC-IN-0003607,COMPLETED,REF-LOC-IN-0003607,EXT-SRC-001804,INWARD,R3360,2026-04-02 17:01:00,,220000000361,AE070330000220000000361,9099.00,9099.00,SALARY,Salary,FTS,AE121047000000000001804,0.00,[]
LOC-IN-0003609,QUOTE-LOC-IN-0003609,COMPLETED,REF-LOC-IN-0003609,EXT-SRC-001805,INWARD,R3360,2026-05-05 17:01:00,,220000000361,AE070330000220000000361,9146.00,9146.00,SALARY,Salary,FTS,AE121057000000000001805,0.00,[]
LOC-IN-0003611,QUOTE-LOC-IN-0003611,COMPLETED,REF-LOC-IN-0003611,EXT-SRC-001806,INWARD,R3361,2025-12-31 18:02:00,,220000000362,AE070330000220000000362,9041.00,9041.00,SALARY,Salary,FTS,AE121067000000000001806,0.00,[]
LOC-IN-0003613,QUOTE-LOC-IN-0003613,COMPLETED,REF-LOC-IN-0003613,EXT-SRC-001807,INWARD,R3361,2026-02-03 18:02:00,,220000000362,AE070330000220000000362,9088.00,9088.00,SALARY,Salary,FTS,AE121077000000000001807,0.00,[]
LOC-IN-0003615,QUOTE-LOC-IN-0003615,COMPLETED,REF-LOC-IN-0003615,EXT-SRC-001808,INWARD,R3361,2026-03-06 18:02:00,,220000000362,AE070330000220000000362,9135.00,9135.00,SALARY,Salary,FTS,AE121087000000000001808,0.00,[]
LOC-IN-0003617,QUOTE-LOC-IN-0003617,COMPLETED,REF-LOC-IN-0003617,EXT-SRC-001809,INWARD,R3361,2026-04-09 18:02:00,,220000000362,AE070330000220000000362,9182.00,9182.00,SALARY,Salary,FTS,AE121097000000000001809,0.00,[]
LOC-IN-0003619,QUOTE-LOC-IN-0003619,COMPLETED,REF-LOC-IN-0003619,EXT-SRC-001810,INWARD,R3361,2026-05-12 18:02:00,,220000000362,AE070330000220000000362,9229.00,9229.00,SALARY,Salary,FTS,AE121107000000000001810,0.00,[]
LOC-IN-0003621,QUOTE-LOC-IN-0003621,COMPLETED,REF-LOC-IN-0003621,EXT-SRC-001811,INWARD,R3362,2026-01-07 08:03:00,,220000000363,AE070330000220000000363,9124.00,9124.00,SALARY,Salary,FTS,AE121117000000000001811,0.00,[]
LOC-IN-0003623,QUOTE-LOC-IN-0003623,COMPLETED,REF-LOC-IN-0003623,EXT-SRC-001812,INWARD,R3362,2026-02-10 08:03:00,,220000000363,AE070330000220000000363,9171.00,9171.00,SALARY,Salary,FTS,AE121127000000000001812,0.00,[]
LOC-IN-0003625,QUOTE-LOC-IN-0003625,COMPLETED,REF-LOC-IN-0003625,EXT-SRC-001813,INWARD,R3362,2026-03-13 08:03:00,,220000000363,AE070330000220000000363,9218.00,9218.00,SALARY,Salary,FTS,AE121137000000000001813,0.00,[]
LOC-IN-0003627,QUOTE-LOC-IN-0003627,COMPLETED,REF-LOC-IN-0003627,EXT-SRC-001814,INWARD,R3362,2026-04-16 08:03:00,,220000000363,AE070330000220000000363,9265.00,9265.00,SALARY,Salary,FTS,AE121147000000000001814,0.00,[]
LOC-IN-0003629,QUOTE-LOC-IN-0003629,COMPLETED,REF-LOC-IN-0003629,EXT-SRC-001815,INWARD,R3362,2026-04-27 08:03:00,,220000000363,AE070330000220000000363,9312.00,9312.00,SALARY,Salary,FTS,AE121157000000000001815,0.00,[]
LOC-IN-0003631,QUOTE-LOC-IN-0003631,COMPLETED,REF-LOC-IN-0003631,EXT-SRC-001816,INWARD,R3363,2026-01-14 09:04:00,,220000000364,AE070330000220000000364,9207.00,9207.00,SALARY,Salary,FTS,AE121167000000000001816,0.00,[]
LOC-IN-0003633,QUOTE-LOC-IN-0003633,COMPLETED,REF-LOC-IN-0003633,EXT-SRC-001817,INWARD,R3363,2026-02-17 09:04:00,,220000000364,AE070330000220000000364,9254.00,9254.00,SALARY,Salary,FTS,AE121177000000000001817,0.00,[]
LOC-IN-0003635,QUOTE-LOC-IN-0003635,COMPLETED,REF-LOC-IN-0003635,EXT-SRC-001818,INWARD,R3363,2026-02-26 09:04:00,,220000000364,AE070330000220000000364,9301.00,9301.00,SALARY,Salary,FTS,AE121187000000000001818,0.00,[]
LOC-IN-0003637,QUOTE-LOC-IN-0003637,COMPLETED,REF-LOC-IN-0003637,EXT-SRC-001819,INWARD,R3363,2026-04-01 09:04:00,,220000000364,AE070330000220000000364,9348.00,9348.00,SALARY,Salary,FTS,AE121197000000000001819,0.00,[]
LOC-IN-0003639,QUOTE-LOC-IN-0003639,COMPLETED,REF-LOC-IN-0003639,EXT-SRC-001820,INWARD,R3363,2026-05-04 09:04:00,,220000000364,AE070330000220000000364,9395.00,9395.00,SALARY,Salary,FTS,AE121207000000000001820,0.00,[]
LOC-IN-0003641,QUOTE-LOC-IN-0003641,COMPLETED,REF-LOC-IN-0003641,EXT-SRC-001821,INWARD,R3364,2025-12-30 10:05:00,,220000000365,AE070330000220000000365,9290.00,9290.00,SALARY,Salary,FTS,AE121217000000000001821,0.00,[]
LOC-IN-0003643,QUOTE-LOC-IN-0003643,COMPLETED,REF-LOC-IN-0003643,EXT-SRC-001822,INWARD,R3364,2026-02-02 10:05:00,,220000000365,AE070330000220000000365,9337.00,9337.00,SALARY,Salary,FTS,AE121227000000000001822,0.00,[]
LOC-IN-0003645,QUOTE-LOC-IN-0003645,COMPLETED,REF-LOC-IN-0003645,EXT-SRC-001823,INWARD,R3364,2026-03-05 10:05:00,,220000000365,AE070330000220000000365,9384.00,9384.00,SALARY,Salary,FTS,AE121237000000000001823,0.00,[]
LOC-IN-0003647,QUOTE-LOC-IN-0003647,COMPLETED,REF-LOC-IN-0003647,EXT-SRC-001824,INWARD,R3364,2026-04-08 10:05:00,,220000000365,AE070330000220000000365,9431.00,9431.00,SALARY,Salary,FTS,AE121247000000000001824,0.00,[]
LOC-IN-0003649,QUOTE-LOC-IN-0003649,COMPLETED,REF-LOC-IN-0003649,EXT-SRC-001825,INWARD,R3364,2026-05-11 10:05:00,,220000000365,AE070330000220000000365,9478.00,9478.00,SALARY,Salary,FTS,AE121257000000000001825,0.00,[]
LOC-IN-0003651,QUOTE-LOC-IN-0003651,COMPLETED,REF-LOC-IN-0003651,EXT-SRC-001826,INWARD,R3365,2026-01-06 11:06:00,,220000000366,AE070330000220000000366,9373.00,9373.00,SALARY,Salary,FTS,AE121267000000000001826,0.00,[]
LOC-IN-0003653,QUOTE-LOC-IN-0003653,COMPLETED,REF-LOC-IN-0003653,EXT-SRC-001827,INWARD,R3365,2026-02-09 11:06:00,,220000000366,AE070330000220000000366,9420.00,9420.00,SALARY,Salary,FTS,AE121277000000000001827,0.00,[]
LOC-IN-0003655,QUOTE-LOC-IN-0003655,COMPLETED,REF-LOC-IN-0003655,EXT-SRC-001828,INWARD,R3365,2026-03-12 11:06:00,,220000000366,AE070330000220000000366,9467.00,9467.00,SALARY,Salary,FTS,AE121287000000000001828,0.00,[]
LOC-IN-0003657,QUOTE-LOC-IN-0003657,COMPLETED,REF-LOC-IN-0003657,EXT-SRC-001829,INWARD,R3365,2026-04-15 11:06:00,,220000000366,AE070330000220000000366,9514.00,9514.00,SALARY,Salary,FTS,AE121297000000000001829,0.00,[]
LOC-IN-0003659,QUOTE-LOC-IN-0003659,COMPLETED,REF-LOC-IN-0003659,EXT-SRC-001830,INWARD,R3365,2026-04-26 11:06:00,,220000000366,AE070330000220000000366,9561.00,9561.00,SALARY,Salary,FTS,AE121307000000000001830,0.00,[]
LOC-IN-0003661,QUOTE-LOC-IN-0003661,COMPLETED,REF-LOC-IN-0003661,EXT-SRC-001831,INWARD,R3366,2026-01-13 12:07:00,,220000000367,AE070330000220000000367,9456.00,9456.00,SALARY,Salary,FTS,AE121317000000000001831,0.00,[]
LOC-IN-0003663,QUOTE-LOC-IN-0003663,COMPLETED,REF-LOC-IN-0003663,EXT-SRC-001832,INWARD,R3366,2026-02-16 12:07:00,,220000000367,AE070330000220000000367,9503.00,9503.00,SALARY,Salary,FTS,AE121327000000000001832,0.00,[]
LOC-IN-0003665,QUOTE-LOC-IN-0003665,COMPLETED,REF-LOC-IN-0003665,EXT-SRC-001833,INWARD,R3366,2026-02-25 12:07:00,,220000000367,AE070330000220000000367,9550.00,9550.00,SALARY,Salary,FTS,AE121337000000000001833,0.00,[]
LOC-IN-0003667,QUOTE-LOC-IN-0003667,COMPLETED,REF-LOC-IN-0003667,EXT-SRC-001834,INWARD,R3366,2026-03-31 12:07:00,,220000000367,AE070330000220000000367,9597.00,9597.00,SALARY,Salary,FTS,AE121347000000000001834,0.00,[]
LOC-IN-0003669,QUOTE-LOC-IN-0003669,COMPLETED,REF-LOC-IN-0003669,EXT-SRC-001835,INWARD,R3366,2026-05-03 12:07:00,,220000000367,AE070330000220000000367,9644.00,9644.00,SALARY,Salary,FTS,AE121357000000000001835,0.00,[]
LOC-IN-0003671,QUOTE-LOC-IN-0003671,COMPLETED,REF-LOC-IN-0003671,EXT-SRC-001836,INWARD,R3367,2025-12-29 13:08:00,,220000000368,AE070330000220000000368,9539.00,9539.00,SALARY,Salary,FTS,AE121367000000000001836,0.00,[]
LOC-IN-0003673,QUOTE-LOC-IN-0003673,COMPLETED,REF-LOC-IN-0003673,EXT-SRC-001837,INWARD,R3367,2026-02-01 13:08:00,,220000000368,AE070330000220000000368,9586.00,9586.00,SALARY,Salary,FTS,AE121377000000000001837,0.00,[]
LOC-IN-0003675,QUOTE-LOC-IN-0003675,COMPLETED,REF-LOC-IN-0003675,EXT-SRC-001838,INWARD,R3367,2026-03-04 13:08:00,,220000000368,AE070330000220000000368,9633.00,9633.00,SALARY,Salary,FTS,AE121387000000000001838,0.00,[]
LOC-IN-0003677,QUOTE-LOC-IN-0003677,COMPLETED,REF-LOC-IN-0003677,EXT-SRC-001839,INWARD,R3367,2026-04-07 13:08:00,,220000000368,AE070330000220000000368,9680.00,9680.00,SALARY,Salary,FTS,AE121397000000000001839,0.00,[]
LOC-IN-0003679,QUOTE-LOC-IN-0003679,COMPLETED,REF-LOC-IN-0003679,EXT-SRC-001840,INWARD,R3367,2026-05-10 13:08:00,,220000000368,AE070330000220000000368,9727.00,9727.00,SALARY,Salary,FTS,AE121407000000000001840,0.00,[]
LOC-IN-0003681,QUOTE-LOC-IN-0003681,COMPLETED,REF-LOC-IN-0003681,EXT-SRC-001841,INWARD,R3368,2026-01-05 14:09:00,,220000000369,AE070330000220000000369,9622.00,9622.00,SALARY,Salary,FTS,AE121417000000000001841,0.00,[]
LOC-IN-0003683,QUOTE-LOC-IN-0003683,COMPLETED,REF-LOC-IN-0003683,EXT-SRC-001842,INWARD,R3368,2026-02-08 14:09:00,,220000000369,AE070330000220000000369,9669.00,9669.00,SALARY,Salary,FTS,AE121427000000000001842,0.00,[]
LOC-IN-0003685,QUOTE-LOC-IN-0003685,COMPLETED,REF-LOC-IN-0003685,EXT-SRC-001843,INWARD,R3368,2026-03-11 14:09:00,,220000000369,AE070330000220000000369,9716.00,9716.00,SALARY,Salary,FTS,AE121437000000000001843,0.00,[]
LOC-IN-0003687,QUOTE-LOC-IN-0003687,COMPLETED,REF-LOC-IN-0003687,EXT-SRC-001844,INWARD,R3368,2026-04-14 14:09:00,,220000000369,AE070330000220000000369,9763.00,9763.00,SALARY,Salary,FTS,AE121447000000000001844,0.00,[]
LOC-IN-0003689,QUOTE-LOC-IN-0003689,COMPLETED,REF-LOC-IN-0003689,EXT-SRC-001845,INWARD,R3368,2026-05-17 14:09:00,,220000000369,AE070330000220000000369,9810.00,9810.00,SALARY,Salary,FTS,AE121457000000000001845,0.00,[]
LOC-IN-0003691,QUOTE-LOC-IN-0003691,COMPLETED,REF-LOC-IN-0003691,EXT-SRC-001846,INWARD,R3369,2026-01-12 15:10:00,,220000000370,AE070330000220000000370,9705.00,9705.00,SALARY,Salary,FTS,AE121467000000000001846,0.00,[]
LOC-IN-0003693,QUOTE-LOC-IN-0003693,COMPLETED,REF-LOC-IN-0003693,EXT-SRC-001847,INWARD,R3369,2026-02-15 15:10:00,,220000000370,AE070330000220000000370,9752.00,9752.00,SALARY,Salary,FTS,AE121477000000000001847,0.00,[]
LOC-IN-0003695,QUOTE-LOC-IN-0003695,COMPLETED,REF-LOC-IN-0003695,EXT-SRC-001848,INWARD,R3369,2026-02-24 15:10:00,,220000000370,AE070330000220000000370,9799.00,9799.00,SALARY,Salary,FTS,AE121487000000000001848,0.00,[]
LOC-IN-0003697,QUOTE-LOC-IN-0003697,COMPLETED,REF-LOC-IN-0003697,EXT-SRC-001849,INWARD,R3369,2026-03-30 15:10:00,,220000000370,AE070330000220000000370,9846.00,9846.00,SALARY,Salary,FTS,AE121497000000000001849,0.00,[]
LOC-IN-0003699,QUOTE-LOC-IN-0003699,COMPLETED,REF-LOC-IN-0003699,EXT-SRC-001850,INWARD,R3369,2026-05-02 15:10:00,,220000000370,AE070330000220000000370,9893.00,9893.00,SALARY,Salary,FTS,AE121507000000000001850,0.00,[]
LOC-IN-0003701,QUOTE-LOC-IN-0003701,COMPLETED,REF-LOC-IN-0003701,EXT-SRC-001851,INWARD,R3370,2025-12-28 16:11:00,,220000000371,AE070330000220000000371,9788.00,9788.00,SALARY,Salary,FTS,AE121517000000000001851,0.00,[]
LOC-IN-0003703,QUOTE-LOC-IN-0003703,COMPLETED,REF-LOC-IN-0003703,EXT-SRC-001852,INWARD,R3370,2026-01-31 16:11:00,,220000000371,AE070330000220000000371,9835.00,9835.00,SALARY,Salary,FTS,AE121527000000000001852,0.00,[]
LOC-IN-0003705,QUOTE-LOC-IN-0003705,COMPLETED,REF-LOC-IN-0003705,EXT-SRC-001853,INWARD,R3370,2026-03-03 16:11:00,,220000000371,AE070330000220000000371,9882.00,9882.00,SALARY,Salary,FTS,AE121537000000000001853,0.00,[]
LOC-IN-0003707,QUOTE-LOC-IN-0003707,COMPLETED,REF-LOC-IN-0003707,EXT-SRC-001854,INWARD,R3370,2026-04-06 16:11:00,,220000000371,AE070330000220000000371,9929.00,9929.00,SALARY,Salary,FTS,AE121547000000000001854,0.00,[]
LOC-IN-0003709,QUOTE-LOC-IN-0003709,COMPLETED,REF-LOC-IN-0003709,EXT-SRC-001855,INWARD,R3370,2026-05-09 16:11:00,,220000000371,AE070330000220000000371,9976.00,9976.00,SALARY,Salary,FTS,AE121557000000000001855,0.00,[]
LOC-IN-0003711,QUOTE-LOC-IN-0003711,COMPLETED,REF-LOC-IN-0003711,EXT-SRC-001856,INWARD,R3371,2026-01-04 17:12:00,,220000000372,AE070330000220000000372,9871.00,9871.00,SALARY,Salary,FTS,AE121567000000000001856,0.00,[]
LOC-IN-0003713,QUOTE-LOC-IN-0003713,COMPLETED,REF-LOC-IN-0003713,EXT-SRC-001857,INWARD,R3371,2026-02-07 17:12:00,,220000000372,AE070330000220000000372,9918.00,9918.00,SALARY,Salary,FTS,AE121577000000000001857,0.00,[]
LOC-IN-0003715,QUOTE-LOC-IN-0003715,COMPLETED,REF-LOC-IN-0003715,EXT-SRC-001858,INWARD,R3371,2026-03-10 17:12:00,,220000000372,AE070330000220000000372,9965.00,9965.00,SALARY,Salary,FTS,AE121587000000000001858,0.00,[]
LOC-IN-0003717,QUOTE-LOC-IN-0003717,COMPLETED,REF-LOC-IN-0003717,EXT-SRC-001859,INWARD,R3371,2026-04-13 17:12:00,,220000000372,AE070330000220000000372,10012.00,10012.00,SALARY,Salary,FTS,AE121597000000000001859,0.00,[]
LOC-IN-0003719,QUOTE-LOC-IN-0003719,COMPLETED,REF-LOC-IN-0003719,EXT-SRC-001860,INWARD,R3371,2026-05-16 17:12:00,,220000000372,AE070330000220000000372,10059.00,10059.00,SALARY,Salary,FTS,AE121607000000000001860,0.00,[]
LOC-IN-0003721,QUOTE-LOC-IN-0003721,COMPLETED,REF-LOC-IN-0003721,EXT-SRC-001861,INWARD,R3372,2026-01-11 18:13:00,,220000000373,AE070330000220000000373,9954.00,9954.00,SALARY,Salary,FTS,AE121617000000000001861,0.00,[]
LOC-IN-0003723,QUOTE-LOC-IN-0003723,COMPLETED,REF-LOC-IN-0003723,EXT-SRC-001862,INWARD,R3372,2026-02-14 18:13:00,,220000000373,AE070330000220000000373,10001.00,10001.00,SALARY,Salary,FTS,AE121627000000000001862,0.00,[]
LOC-IN-0003725,QUOTE-LOC-IN-0003725,COMPLETED,REF-LOC-IN-0003725,EXT-SRC-001863,INWARD,R3372,2026-03-17 18:13:00,,220000000373,AE070330000220000000373,10048.00,10048.00,SALARY,Salary,FTS,AE121637000000000001863,0.00,[]
LOC-IN-0003727,QUOTE-LOC-IN-0003727,COMPLETED,REF-LOC-IN-0003727,EXT-SRC-001864,INWARD,R3372,2026-03-29 18:13:00,,220000000373,AE070330000220000000373,10095.00,10095.00,SALARY,Salary,FTS,AE121647000000000001864,0.00,[]
LOC-IN-0003729,QUOTE-LOC-IN-0003729,COMPLETED,REF-LOC-IN-0003729,EXT-SRC-001865,INWARD,R3372,2026-05-01 18:13:00,,220000000373,AE070330000220000000373,10142.00,10142.00,SALARY,Salary,FTS,AE121657000000000001865,0.00,[]
LOC-IN-0003731,QUOTE-LOC-IN-0003731,COMPLETED,REF-LOC-IN-0003731,EXT-SRC-001866,INWARD,R3373,2025-12-27 08:14:00,,220000000374,AE070330000220000000374,10037.00,10037.00,SALARY,Salary,FTS,AE121667000000000001866,0.00,[]
LOC-IN-0003733,QUOTE-LOC-IN-0003733,COMPLETED,REF-LOC-IN-0003733,EXT-SRC-001867,INWARD,R3373,2026-01-30 08:14:00,,220000000374,AE070330000220000000374,10084.00,10084.00,SALARY,Salary,FTS,AE121677000000000001867,0.00,[]
LOC-IN-0003735,QUOTE-LOC-IN-0003735,COMPLETED,REF-LOC-IN-0003735,EXT-SRC-001868,INWARD,R3373,2026-03-02 08:14:00,,220000000374,AE070330000220000000374,10131.00,10131.00,SALARY,Salary,FTS,AE121687000000000001868,0.00,[]
LOC-IN-0003737,QUOTE-LOC-IN-0003737,COMPLETED,REF-LOC-IN-0003737,EXT-SRC-001869,INWARD,R3373,2026-04-05 08:14:00,,220000000374,AE070330000220000000374,10178.00,10178.00,SALARY,Salary,FTS,AE121697000000000001869,0.00,[]
LOC-IN-0003739,QUOTE-LOC-IN-0003739,COMPLETED,REF-LOC-IN-0003739,EXT-SRC-001870,INWARD,R3373,2026-05-08 08:14:00,,220000000374,AE070330000220000000374,10225.00,10225.00,SALARY,Salary,FTS,AE121707000000000001870,0.00,[]
LOC-IN-0003741,QUOTE-LOC-IN-0003741,COMPLETED,REF-LOC-IN-0003741,EXT-SRC-001871,INWARD,R3374,2026-01-03 09:15:00,,220000000375,AE070330000220000000375,10120.00,10120.00,SALARY,Salary,FTS,AE121717000000000001871,0.00,[]
LOC-IN-0003743,QUOTE-LOC-IN-0003743,COMPLETED,REF-LOC-IN-0003743,EXT-SRC-001872,INWARD,R3374,2026-02-06 09:15:00,,220000000375,AE070330000220000000375,10167.00,10167.00,SALARY,Salary,FTS,AE121727000000000001872,0.00,[]
LOC-IN-0003745,QUOTE-LOC-IN-0003745,COMPLETED,REF-LOC-IN-0003745,EXT-SRC-001873,INWARD,R3374,2026-03-09 09:15:00,,220000000375,AE070330000220000000375,10214.00,10214.00,SALARY,Salary,FTS,AE121737000000000001873,0.00,[]
LOC-IN-0003747,QUOTE-LOC-IN-0003747,COMPLETED,REF-LOC-IN-0003747,EXT-SRC-001874,INWARD,R3374,2026-04-12 09:15:00,,220000000375,AE070330000220000000375,10261.00,10261.00,SALARY,Salary,FTS,AE121747000000000001874,0.00,[]
LOC-IN-0003749,QUOTE-LOC-IN-0003749,COMPLETED,REF-LOC-IN-0003749,EXT-SRC-001875,INWARD,R3374,2026-05-15 09:15:00,,220000000375,AE070330000220000000375,10308.00,10308.00,SALARY,Salary,FTS,AE121757000000000001875,0.00,[]
LOC-IN-0003751,QUOTE-LOC-IN-0003751,COMPLETED,REF-LOC-IN-0003751,EXT-SRC-001876,INWARD,R3375,2026-01-10 10:16:00,,220000000376,AE070330000220000000376,10203.00,10203.00,SALARY,Salary,FTS,AE121767000000000001876,0.00,[]
LOC-IN-0003753,QUOTE-LOC-IN-0003753,COMPLETED,REF-LOC-IN-0003753,EXT-SRC-001877,INWARD,R3375,2026-02-13 10:16:00,,220000000376,AE070330000220000000376,10250.00,10250.00,SALARY,Salary,FTS,AE121777000000000001877,0.00,[]
LOC-IN-0003755,QUOTE-LOC-IN-0003755,COMPLETED,REF-LOC-IN-0003755,EXT-SRC-001878,INWARD,R3375,2026-03-16 10:16:00,,220000000376,AE070330000220000000376,10297.00,10297.00,SALARY,Salary,FTS,AE121787000000000001878,0.00,[]
LOC-IN-0003757,QUOTE-LOC-IN-0003757,COMPLETED,REF-LOC-IN-0003757,EXT-SRC-001879,INWARD,R3375,2026-03-28 10:16:00,,220000000376,AE070330000220000000376,10344.00,10344.00,SALARY,Salary,FTS,AE121797000000000001879,0.00,[]
LOC-IN-0003759,QUOTE-LOC-IN-0003759,COMPLETED,REF-LOC-IN-0003759,EXT-SRC-001880,INWARD,R3375,2026-04-30 10:16:00,,220000000376,AE070330000220000000376,10391.00,10391.00,SALARY,Salary,FTS,AE121807000000000001880,0.00,[]
LOC-IN-0003761,QUOTE-LOC-IN-0003761,COMPLETED,REF-LOC-IN-0003761,EXT-SRC-001881,INWARD,R3376,2026-01-17 11:17:00,,220000000377,AE070330000220000000377,10286.00,10286.00,SALARY,Salary,FTS,AE121817000000000001881,0.00,[]
LOC-IN-0003763,QUOTE-LOC-IN-0003763,COMPLETED,REF-LOC-IN-0003763,EXT-SRC-001882,INWARD,R3376,2026-01-29 11:17:00,,220000000377,AE070330000220000000377,10333.00,10333.00,SALARY,Salary,FTS,AE121827000000000001882,0.00,[]
LOC-IN-0003765,QUOTE-LOC-IN-0003765,COMPLETED,REF-LOC-IN-0003765,EXT-SRC-001883,INWARD,R3376,2026-03-01 11:17:00,,220000000377,AE070330000220000000377,10380.00,10380.00,SALARY,Salary,FTS,AE121837000000000001883,0.00,[]
LOC-IN-0003767,QUOTE-LOC-IN-0003767,COMPLETED,REF-LOC-IN-0003767,EXT-SRC-001884,INWARD,R3376,2026-04-04 11:17:00,,220000000377,AE070330000220000000377,10427.00,10427.00,SALARY,Salary,FTS,AE121847000000000001884,0.00,[]
LOC-IN-0003769,QUOTE-LOC-IN-0003769,COMPLETED,REF-LOC-IN-0003769,EXT-SRC-001885,INWARD,R3376,2026-05-07 11:17:00,,220000000377,AE070330000220000000377,10474.00,10474.00,SALARY,Salary,FTS,AE121857000000000001885,0.00,[]
LOC-IN-0003771,QUOTE-LOC-IN-0003771,COMPLETED,REF-LOC-IN-0003771,EXT-SRC-001886,INWARD,R3377,2026-01-02 12:18:00,,220000000378,AE070330000220000000378,10369.00,10369.00,SALARY,Salary,FTS,AE121867000000000001886,0.00,[]
LOC-IN-0003773,QUOTE-LOC-IN-0003773,COMPLETED,REF-LOC-IN-0003773,EXT-SRC-001887,INWARD,R3377,2026-02-05 12:18:00,,220000000378,AE070330000220000000378,10416.00,10416.00,SALARY,Salary,FTS,AE121877000000000001887,0.00,[]
LOC-IN-0003775,QUOTE-LOC-IN-0003775,COMPLETED,REF-LOC-IN-0003775,EXT-SRC-001888,INWARD,R3377,2026-03-08 12:18:00,,220000000378,AE070330000220000000378,10463.00,10463.00,SALARY,Salary,FTS,AE121887000000000001888,0.00,[]
LOC-IN-0003777,QUOTE-LOC-IN-0003777,COMPLETED,REF-LOC-IN-0003777,EXT-SRC-001889,INWARD,R3377,2026-04-11 12:18:00,,220000000378,AE070330000220000000378,10510.00,10510.00,SALARY,Salary,FTS,AE121897000000000001889,0.00,[]
LOC-IN-0003779,QUOTE-LOC-IN-0003779,COMPLETED,REF-LOC-IN-0003779,EXT-SRC-001890,INWARD,R3377,2026-05-14 12:18:00,,220000000378,AE070330000220000000378,10557.00,10557.00,SALARY,Salary,FTS,AE121907000000000001890,0.00,[]
LOC-IN-0003781,QUOTE-LOC-IN-0003781,COMPLETED,REF-LOC-IN-0003781,EXT-SRC-001891,INWARD,R3378,2026-01-09 13:19:00,,220000000379,AE070330000220000000379,10452.00,10452.00,SALARY,Salary,FTS,AE121917000000000001891,0.00,[]
LOC-IN-0003783,QUOTE-LOC-IN-0003783,COMPLETED,REF-LOC-IN-0003783,EXT-SRC-001892,INWARD,R3378,2026-02-12 13:19:00,,220000000379,AE070330000220000000379,10499.00,10499.00,SALARY,Salary,FTS,AE121927000000000001892,0.00,[]
LOC-IN-0003785,QUOTE-LOC-IN-0003785,COMPLETED,REF-LOC-IN-0003785,EXT-SRC-001893,INWARD,R3378,2026-03-15 13:19:00,,220000000379,AE070330000220000000379,10546.00,10546.00,SALARY,Salary,FTS,AE121937000000000001893,0.00,[]
LOC-IN-0003787,QUOTE-LOC-IN-0003787,COMPLETED,REF-LOC-IN-0003787,EXT-SRC-001894,INWARD,R3378,2026-03-27 13:19:00,,220000000379,AE070330000220000000379,10593.00,10593.00,SALARY,Salary,FTS,AE121947000000000001894,0.00,[]
LOC-IN-0003789,QUOTE-LOC-IN-0003789,COMPLETED,REF-LOC-IN-0003789,EXT-SRC-001895,INWARD,R3378,2026-04-29 13:19:00,,220000000379,AE070330000220000000379,10640.00,10640.00,SALARY,Salary,FTS,AE121957000000000001895,0.00,[]
LOC-IN-0003791,QUOTE-LOC-IN-0003791,COMPLETED,REF-LOC-IN-0003791,EXT-SRC-001896,INWARD,R3379,2026-01-16 14:20:00,,220000000380,AE070330000220000000380,10535.00,10535.00,SALARY,Salary,FTS,AE121967000000000001896,0.00,[]
LOC-IN-0003793,QUOTE-LOC-IN-0003793,COMPLETED,REF-LOC-IN-0003793,EXT-SRC-001897,INWARD,R3379,2026-01-28 14:20:00,,220000000380,AE070330000220000000380,10582.00,10582.00,SALARY,Salary,FTS,AE121977000000000001897,0.00,[]
LOC-IN-0003795,QUOTE-LOC-IN-0003795,COMPLETED,REF-LOC-IN-0003795,EXT-SRC-001898,INWARD,R3379,2026-02-28 14:20:00,,220000000380,AE070330000220000000380,10629.00,10629.00,SALARY,Salary,FTS,AE121987000000000001898,0.00,[]
LOC-IN-0003797,QUOTE-LOC-IN-0003797,COMPLETED,REF-LOC-IN-0003797,EXT-SRC-001899,INWARD,R3379,2026-04-03 14:20:00,,220000000380,AE070330000220000000380,10676.00,10676.00,SALARY,Salary,FTS,AE121997000000000001899,0.00,[]
LOC-IN-0003799,QUOTE-LOC-IN-0003799,COMPLETED,REF-LOC-IN-0003799,EXT-SRC-001900,INWARD,R3379,2026-05-06 14:20:00,,220000000380,AE070330000220000000380,10723.00,10723.00,SALARY,Salary,FTS,AE122007000000000001900,0.00,[]
LOC-IN-0003801,QUOTE-LOC-IN-0003801,COMPLETED,REF-LOC-IN-0003801,EXT-SRC-001901,INWARD,R3380,2026-01-01 15:21:00,,220000000381,AE070330000220000000381,10618.00,10618.00,SALARY,Salary,FTS,AE122017000000000001901,0.00,[]
LOC-IN-0003803,QUOTE-LOC-IN-0003803,COMPLETED,REF-LOC-IN-0003803,EXT-SRC-001902,INWARD,R3380,2026-02-04 15:21:00,,220000000381,AE070330000220000000381,10665.00,10665.00,SALARY,Salary,FTS,AE122027000000000001902,0.00,[]
LOC-IN-0003805,QUOTE-LOC-IN-0003805,COMPLETED,REF-LOC-IN-0003805,EXT-SRC-001903,INWARD,R3380,2026-03-07 15:21:00,,220000000381,AE070330000220000000381,10712.00,10712.00,SALARY,Salary,FTS,AE122037000000000001903,0.00,[]
LOC-IN-0003807,QUOTE-LOC-IN-0003807,COMPLETED,REF-LOC-IN-0003807,EXT-SRC-001904,INWARD,R3380,2026-04-10 15:21:00,,220000000381,AE070330000220000000381,10759.00,10759.00,SALARY,Salary,FTS,AE122047000000000001904,0.00,[]
LOC-IN-0003809,QUOTE-LOC-IN-0003809,COMPLETED,REF-LOC-IN-0003809,EXT-SRC-001905,INWARD,R3380,2026-05-13 15:21:00,,220000000381,AE070330000220000000381,10806.00,10806.00,SALARY,Salary,FTS,AE122057000000000001905,0.00,[]
LOC-IN-0003811,QUOTE-LOC-IN-0003811,COMPLETED,REF-LOC-IN-0003811,EXT-SRC-001906,INWARD,R3381,2026-01-08 16:22:00,,220000000382,AE070330000220000000382,10701.00,10701.00,SALARY,Salary,FTS,AE122067000000000001906,0.00,[]
LOC-IN-0003813,QUOTE-LOC-IN-0003813,COMPLETED,REF-LOC-IN-0003813,EXT-SRC-001907,INWARD,R3381,2026-02-11 16:22:00,,220000000382,AE070330000220000000382,10748.00,10748.00,SALARY,Salary,FTS,AE122077000000000001907,0.00,[]
LOC-IN-0003815,QUOTE-LOC-IN-0003815,COMPLETED,REF-LOC-IN-0003815,EXT-SRC-001908,INWARD,R3381,2026-03-14 16:22:00,,220000000382,AE070330000220000000382,10795.00,10795.00,SALARY,Salary,FTS,AE122087000000000001908,0.00,[]
LOC-IN-0003817,QUOTE-LOC-IN-0003817,COMPLETED,REF-LOC-IN-0003817,EXT-SRC-001909,INWARD,R3381,2026-04-17 16:22:00,,220000000382,AE070330000220000000382,10842.00,10842.00,SALARY,Salary,FTS,AE122097000000000001909,0.00,[]
LOC-IN-0003819,QUOTE-LOC-IN-0003819,COMPLETED,REF-LOC-IN-0003819,EXT-SRC-001910,INWARD,R3381,2026-04-28 16:22:00,,220000000382,AE070330000220000000382,10889.00,10889.00,SALARY,Salary,FTS,AE122107000000000001910,0.00,[]
LOC-IN-0003821,QUOTE-LOC-IN-0003821,COMPLETED,REF-LOC-IN-0003821,EXT-SRC-001911,INWARD,R3382,2026-01-15 17:23:00,,220000000383,AE070330000220000000383,10784.00,10784.00,SALARY,Salary,FTS,AE122117000000000001911,0.00,[]
LOC-IN-0003823,QUOTE-LOC-IN-0003823,COMPLETED,REF-LOC-IN-0003823,EXT-SRC-001912,INWARD,R3382,2026-01-27 17:23:00,,220000000383,AE070330000220000000383,10831.00,10831.00,SALARY,Salary,FTS,AE122127000000000001912,0.00,[]
LOC-IN-0003825,QUOTE-LOC-IN-0003825,COMPLETED,REF-LOC-IN-0003825,EXT-SRC-001913,INWARD,R3382,2026-02-27 17:23:00,,220000000383,AE070330000220000000383,10878.00,10878.00,SALARY,Salary,FTS,AE122137000000000001913,0.00,[]
LOC-IN-0003827,QUOTE-LOC-IN-0003827,COMPLETED,REF-LOC-IN-0003827,EXT-SRC-001914,INWARD,R3382,2026-04-02 17:23:00,,220000000383,AE070330000220000000383,10925.00,10925.00,SALARY,Salary,FTS,AE122147000000000001914,0.00,[]
LOC-IN-0003829,QUOTE-LOC-IN-0003829,COMPLETED,REF-LOC-IN-0003829,EXT-SRC-001915,INWARD,R3382,2026-05-05 17:23:00,,220000000383,AE070330000220000000383,10972.00,10972.00,SALARY,Salary,FTS,AE122157000000000001915,0.00,[]
LOC-IN-0003831,QUOTE-LOC-IN-0003831,COMPLETED,REF-LOC-IN-0003831,EXT-SRC-001916,INWARD,R3383,2025-12-31 18:24:00,,220000000384,AE070330000220000000384,10867.00,10867.00,SALARY,Salary,FTS,AE122167000000000001916,0.00,[]
LOC-IN-0003833,QUOTE-LOC-IN-0003833,COMPLETED,REF-LOC-IN-0003833,EXT-SRC-001917,INWARD,R3383,2026-02-03 18:24:00,,220000000384,AE070330000220000000384,10914.00,10914.00,SALARY,Salary,FTS,AE122177000000000001917,0.00,[]
LOC-IN-0003835,QUOTE-LOC-IN-0003835,COMPLETED,REF-LOC-IN-0003835,EXT-SRC-001918,INWARD,R3383,2026-03-06 18:24:00,,220000000384,AE070330000220000000384,10961.00,10961.00,SALARY,Salary,FTS,AE122187000000000001918,0.00,[]
LOC-IN-0003837,QUOTE-LOC-IN-0003837,COMPLETED,REF-LOC-IN-0003837,EXT-SRC-001919,INWARD,R3383,2026-04-09 18:24:00,,220000000384,AE070330000220000000384,11008.00,11008.00,SALARY,Salary,FTS,AE122197000000000001919,0.00,[]
LOC-IN-0003839,QUOTE-LOC-IN-0003839,COMPLETED,REF-LOC-IN-0003839,EXT-SRC-001920,INWARD,R3383,2026-05-12 18:24:00,,220000000384,AE070330000220000000384,11055.00,11055.00,SALARY,Salary,FTS,AE122207000000000001920,0.00,[]
LOC-IN-0003841,QUOTE-LOC-IN-0003841,COMPLETED,REF-LOC-IN-0003841,EXT-SRC-001921,INWARD,R3384,2026-01-07 08:25:00,,220000000385,AE070330000220000000385,10950.00,10950.00,SALARY,Salary,FTS,AE122217000000000001921,0.00,[]
LOC-IN-0003843,QUOTE-LOC-IN-0003843,COMPLETED,REF-LOC-IN-0003843,EXT-SRC-001922,INWARD,R3384,2026-02-10 08:25:00,,220000000385,AE070330000220000000385,10997.00,10997.00,SALARY,Salary,FTS,AE122227000000000001922,0.00,[]
LOC-IN-0003845,QUOTE-LOC-IN-0003845,COMPLETED,REF-LOC-IN-0003845,EXT-SRC-001923,INWARD,R3384,2026-03-13 08:25:00,,220000000385,AE070330000220000000385,11044.00,11044.00,SALARY,Salary,FTS,AE122237000000000001923,0.00,[]
LOC-IN-0003847,QUOTE-LOC-IN-0003847,COMPLETED,REF-LOC-IN-0003847,EXT-SRC-001924,INWARD,R3384,2026-04-16 08:25:00,,220000000385,AE070330000220000000385,11091.00,11091.00,SALARY,Salary,FTS,AE122247000000000001924,0.00,[]
LOC-IN-0003849,QUOTE-LOC-IN-0003849,COMPLETED,REF-LOC-IN-0003849,EXT-SRC-001925,INWARD,R3384,2026-04-27 08:25:00,,220000000385,AE070330000220000000385,11138.00,11138.00,SALARY,Salary,FTS,AE122257000000000001925,0.00,[]
LOC-IN-0003851,QUOTE-LOC-IN-0003851,COMPLETED,REF-LOC-IN-0003851,EXT-SRC-001926,INWARD,R3385,2026-01-14 09:26:00,,220000000386,AE070330000220000000386,11033.00,11033.00,SALARY,Salary,FTS,AE122267000000000001926,0.00,[]
LOC-IN-0003853,QUOTE-LOC-IN-0003853,COMPLETED,REF-LOC-IN-0003853,EXT-SRC-001927,INWARD,R3385,2026-02-17 09:26:00,,220000000386,AE070330000220000000386,11080.00,11080.00,SALARY,Salary,FTS,AE122277000000000001927,0.00,[]
LOC-IN-0003855,QUOTE-LOC-IN-0003855,COMPLETED,REF-LOC-IN-0003855,EXT-SRC-001928,INWARD,R3385,2026-02-26 09:26:00,,220000000386,AE070330000220000000386,11127.00,11127.00,SALARY,Salary,FTS,AE122287000000000001928,0.00,[]
LOC-IN-0003857,QUOTE-LOC-IN-0003857,COMPLETED,REF-LOC-IN-0003857,EXT-SRC-001929,INWARD,R3385,2026-04-01 09:26:00,,220000000386,AE070330000220000000386,11174.00,11174.00,SALARY,Salary,FTS,AE122297000000000001929,0.00,[]
LOC-IN-0003859,QUOTE-LOC-IN-0003859,COMPLETED,REF-LOC-IN-0003859,EXT-SRC-001930,INWARD,R3385,2026-05-04 09:26:00,,220000000386,AE070330000220000000386,11221.00,11221.00,SALARY,Salary,FTS,AE122307000000000001930,0.00,[]
LOC-IN-0003861,QUOTE-LOC-IN-0003861,COMPLETED,REF-LOC-IN-0003861,EXT-SRC-001931,INWARD,R3386,2025-12-30 10:27:00,,220000000387,AE070330000220000000387,11116.00,11116.00,SALARY,Salary,FTS,AE122317000000000001931,0.00,[]
LOC-IN-0003863,QUOTE-LOC-IN-0003863,COMPLETED,REF-LOC-IN-0003863,EXT-SRC-001932,INWARD,R3386,2026-02-02 10:27:00,,220000000387,AE070330000220000000387,11163.00,11163.00,SALARY,Salary,FTS,AE122327000000000001932,0.00,[]
LOC-IN-0003865,QUOTE-LOC-IN-0003865,COMPLETED,REF-LOC-IN-0003865,EXT-SRC-001933,INWARD,R3386,2026-03-05 10:27:00,,220000000387,AE070330000220000000387,11210.00,11210.00,SALARY,Salary,FTS,AE122337000000000001933,0.00,[]
LOC-IN-0003867,QUOTE-LOC-IN-0003867,COMPLETED,REF-LOC-IN-0003867,EXT-SRC-001934,INWARD,R3386,2026-04-08 10:27:00,,220000000387,AE070330000220000000387,11257.00,11257.00,SALARY,Salary,FTS,AE122347000000000001934,0.00,[]
LOC-IN-0003869,QUOTE-LOC-IN-0003869,COMPLETED,REF-LOC-IN-0003869,EXT-SRC-001935,INWARD,R3386,2026-05-11 10:27:00,,220000000387,AE070330000220000000387,11304.00,11304.00,SALARY,Salary,FTS,AE122357000000000001935,0.00,[]
LOC-IN-0003871,QUOTE-LOC-IN-0003871,COMPLETED,REF-LOC-IN-0003871,EXT-SRC-001936,INWARD,R3387,2026-01-06 11:28:00,,220000000388,AE070330000220000000388,11199.00,11199.00,SALARY,Salary,FTS,AE122367000000000001936,0.00,[]
LOC-IN-0003873,QUOTE-LOC-IN-0003873,COMPLETED,REF-LOC-IN-0003873,EXT-SRC-001937,INWARD,R3387,2026-02-09 11:28:00,,220000000388,AE070330000220000000388,11246.00,11246.00,SALARY,Salary,FTS,AE122377000000000001937,0.00,[]
LOC-IN-0003875,QUOTE-LOC-IN-0003875,COMPLETED,REF-LOC-IN-0003875,EXT-SRC-001938,INWARD,R3387,2026-03-12 11:28:00,,220000000388,AE070330000220000000388,11293.00,11293.00,SALARY,Salary,FTS,AE122387000000000001938,0.00,[]
LOC-IN-0003877,QUOTE-LOC-IN-0003877,COMPLETED,REF-LOC-IN-0003877,EXT-SRC-001939,INWARD,R3387,2026-04-15 11:28:00,,220000000388,AE070330000220000000388,11340.00,11340.00,SALARY,Salary,FTS,AE122397000000000001939,0.00,[]
LOC-IN-0003879,QUOTE-LOC-IN-0003879,COMPLETED,REF-LOC-IN-0003879,EXT-SRC-001940,INWARD,R3387,2026-04-26 11:28:00,,220000000388,AE070330000220000000388,11387.00,11387.00,SALARY,Salary,FTS,AE122407000000000001940,0.00,[]
LOC-IN-0003881,QUOTE-LOC-IN-0003881,COMPLETED,REF-LOC-IN-0003881,EXT-SRC-001941,INWARD,R3388,2026-01-13 12:29:00,,220000000389,AE070330000220000000389,11282.00,11282.00,SALARY,Salary,FTS,AE122417000000000001941,0.00,[]
LOC-IN-0003883,QUOTE-LOC-IN-0003883,COMPLETED,REF-LOC-IN-0003883,EXT-SRC-001942,INWARD,R3388,2026-02-16 12:29:00,,220000000389,AE070330000220000000389,11329.00,11329.00,SALARY,Salary,FTS,AE122427000000000001942,0.00,[]
LOC-IN-0003885,QUOTE-LOC-IN-0003885,COMPLETED,REF-LOC-IN-0003885,EXT-SRC-001943,INWARD,R3388,2026-02-25 12:29:00,,220000000389,AE070330000220000000389,11376.00,11376.00,SALARY,Salary,FTS,AE122437000000000001943,0.00,[]
LOC-IN-0003887,QUOTE-LOC-IN-0003887,COMPLETED,REF-LOC-IN-0003887,EXT-SRC-001944,INWARD,R3388,2026-03-31 12:29:00,,220000000389,AE070330000220000000389,11423.00,11423.00,SALARY,Salary,FTS,AE122447000000000001944,0.00,[]
LOC-IN-0003889,QUOTE-LOC-IN-0003889,COMPLETED,REF-LOC-IN-0003889,EXT-SRC-001945,INWARD,R3388,2026-05-03 12:29:00,,220000000389,AE070330000220000000389,11470.00,11470.00,SALARY,Salary,FTS,AE122457000000000001945,0.00,[]
LOC-IN-0003891,QUOTE-LOC-IN-0003891,COMPLETED,REF-LOC-IN-0003891,EXT-SRC-001946,INWARD,R3389,2025-12-29 13:30:00,,220000000390,AE070330000220000000390,11365.00,11365.00,SALARY,Salary,FTS,AE122467000000000001946,0.00,[]
LOC-IN-0003893,QUOTE-LOC-IN-0003893,COMPLETED,REF-LOC-IN-0003893,EXT-SRC-001947,INWARD,R3389,2026-02-01 13:30:00,,220000000390,AE070330000220000000390,11412.00,11412.00,SALARY,Salary,FTS,AE122477000000000001947,0.00,[]
LOC-IN-0003895,QUOTE-LOC-IN-0003895,COMPLETED,REF-LOC-IN-0003895,EXT-SRC-001948,INWARD,R3389,2026-03-04 13:30:00,,220000000390,AE070330000220000000390,11459.00,11459.00,SALARY,Salary,FTS,AE122487000000000001948,0.00,[]
LOC-IN-0003897,QUOTE-LOC-IN-0003897,COMPLETED,REF-LOC-IN-0003897,EXT-SRC-001949,INWARD,R3389,2026-04-07 13:30:00,,220000000390,AE070330000220000000390,11506.00,11506.00,SALARY,Salary,FTS,AE122497000000000001949,0.00,[]
LOC-IN-0003899,QUOTE-LOC-IN-0003899,COMPLETED,REF-LOC-IN-0003899,EXT-SRC-001950,INWARD,R3389,2026-05-10 13:30:00,,220000000390,AE070330000220000000390,11553.00,11553.00,SALARY,Salary,FTS,AE122507000000000001950,0.00,[]
LOC-IN-0003901,QUOTE-LOC-IN-0003901,COMPLETED,REF-LOC-IN-0003901,EXT-SRC-001951,INWARD,R3390,2026-01-05 14:31:00,,220000000391,AE070330000220000000391,11448.00,11448.00,SALARY,Salary,FTS,AE122517000000000001951,0.00,[]
LOC-IN-0003903,QUOTE-LOC-IN-0003903,COMPLETED,REF-LOC-IN-0003903,EXT-SRC-001952,INWARD,R3390,2026-02-08 14:31:00,,220000000391,AE070330000220000000391,11495.00,11495.00,SALARY,Salary,FTS,AE122527000000000001952,0.00,[]
LOC-IN-0003905,QUOTE-LOC-IN-0003905,COMPLETED,REF-LOC-IN-0003905,EXT-SRC-001953,INWARD,R3390,2026-03-11 14:31:00,,220000000391,AE070330000220000000391,11542.00,11542.00,SALARY,Salary,FTS,AE122537000000000001953,0.00,[]
LOC-IN-0003907,QUOTE-LOC-IN-0003907,COMPLETED,REF-LOC-IN-0003907,EXT-SRC-001954,INWARD,R3390,2026-04-14 14:31:00,,220000000391,AE070330000220000000391,11589.00,11589.00,SALARY,Salary,FTS,AE122547000000000001954,0.00,[]
LOC-IN-0003909,QUOTE-LOC-IN-0003909,COMPLETED,REF-LOC-IN-0003909,EXT-SRC-001955,INWARD,R3390,2026-05-17 14:31:00,,220000000391,AE070330000220000000391,11636.00,11636.00,SALARY,Salary,FTS,AE122557000000000001955,0.00,[]
LOC-IN-0003911,QUOTE-LOC-IN-0003911,COMPLETED,REF-LOC-IN-0003911,EXT-SRC-001956,INWARD,R3391,2026-01-12 15:32:00,,220000000392,AE070330000220000000392,11531.00,11531.00,SALARY,Salary,FTS,AE122567000000000001956,0.00,[]
LOC-IN-0003913,QUOTE-LOC-IN-0003913,COMPLETED,REF-LOC-IN-0003913,EXT-SRC-001957,INWARD,R3391,2026-02-15 15:32:00,,220000000392,AE070330000220000000392,11578.00,11578.00,SALARY,Salary,FTS,AE122577000000000001957,0.00,[]
LOC-IN-0003915,QUOTE-LOC-IN-0003915,COMPLETED,REF-LOC-IN-0003915,EXT-SRC-001958,INWARD,R3391,2026-02-24 15:32:00,,220000000392,AE070330000220000000392,11625.00,11625.00,SALARY,Salary,FTS,AE122587000000000001958,0.00,[]
LOC-IN-0003917,QUOTE-LOC-IN-0003917,COMPLETED,REF-LOC-IN-0003917,EXT-SRC-001959,INWARD,R3391,2026-03-30 15:32:00,,220000000392,AE070330000220000000392,11672.00,11672.00,SALARY,Salary,FTS,AE122597000000000001959,0.00,[]
LOC-IN-0003919,QUOTE-LOC-IN-0003919,COMPLETED,REF-LOC-IN-0003919,EXT-SRC-001960,INWARD,R3391,2026-05-02 15:32:00,,220000000392,AE070330000220000000392,11719.00,11719.00,SALARY,Salary,FTS,AE122607000000000001960,0.00,[]
LOC-IN-0003921,QUOTE-LOC-IN-0003921,COMPLETED,REF-LOC-IN-0003921,EXT-SRC-001961,INWARD,R3392,2025-12-28 16:33:00,,220000000393,AE070330000220000000393,11614.00,11614.00,SALARY,Salary,FTS,AE122617000000000001961,0.00,[]
LOC-IN-0003923,QUOTE-LOC-IN-0003923,COMPLETED,REF-LOC-IN-0003923,EXT-SRC-001962,INWARD,R3392,2026-01-31 16:33:00,,220000000393,AE070330000220000000393,11661.00,11661.00,SALARY,Salary,FTS,AE122627000000000001962,0.00,[]
LOC-IN-0003925,QUOTE-LOC-IN-0003925,COMPLETED,REF-LOC-IN-0003925,EXT-SRC-001963,INWARD,R3392,2026-03-03 16:33:00,,220000000393,AE070330000220000000393,11708.00,11708.00,SALARY,Salary,FTS,AE122637000000000001963,0.00,[]
LOC-IN-0003927,QUOTE-LOC-IN-0003927,COMPLETED,REF-LOC-IN-0003927,EXT-SRC-001964,INWARD,R3392,2026-04-06 16:33:00,,220000000393,AE070330000220000000393,11755.00,11755.00,SALARY,Salary,FTS,AE122647000000000001964,0.00,[]
LOC-IN-0003929,QUOTE-LOC-IN-0003929,COMPLETED,REF-LOC-IN-0003929,EXT-SRC-001965,INWARD,R3392,2026-05-09 16:33:00,,220000000393,AE070330000220000000393,11802.00,11802.00,SALARY,Salary,FTS,AE122657000000000001965,0.00,[]
LOC-IN-0003931,QUOTE-LOC-IN-0003931,COMPLETED,REF-LOC-IN-0003931,EXT-SRC-001966,INWARD,R3393,2026-01-04 17:34:00,,220000000394,AE070330000220000000394,11697.00,11697.00,SALARY,Salary,FTS,AE122667000000000001966,0.00,[]
LOC-IN-0003933,QUOTE-LOC-IN-0003933,COMPLETED,REF-LOC-IN-0003933,EXT-SRC-001967,INWARD,R3393,2026-02-07 17:34:00,,220000000394,AE070330000220000000394,11744.00,11744.00,SALARY,Salary,FTS,AE122677000000000001967,0.00,[]
LOC-IN-0003935,QUOTE-LOC-IN-0003935,COMPLETED,REF-LOC-IN-0003935,EXT-SRC-001968,INWARD,R3393,2026-03-10 17:34:00,,220000000394,AE070330000220000000394,11791.00,11791.00,SALARY,Salary,FTS,AE122687000000000001968,0.00,[]
LOC-IN-0003937,QUOTE-LOC-IN-0003937,COMPLETED,REF-LOC-IN-0003937,EXT-SRC-001969,INWARD,R3393,2026-04-13 17:34:00,,220000000394,AE070330000220000000394,11838.00,11838.00,SALARY,Salary,FTS,AE122697000000000001969,0.00,[]
LOC-IN-0003939,QUOTE-LOC-IN-0003939,COMPLETED,REF-LOC-IN-0003939,EXT-SRC-001970,INWARD,R3393,2026-05-16 17:34:00,,220000000394,AE070330000220000000394,11885.00,11885.00,SALARY,Salary,FTS,AE122707000000000001970,0.00,[]
LOC-IN-0003941,QUOTE-LOC-IN-0003941,COMPLETED,REF-LOC-IN-0003941,EXT-SRC-001971,INWARD,R3394,2026-01-11 18:35:00,,220000000395,AE070330000220000000395,11780.00,11780.00,SALARY,Salary,FTS,AE122717000000000001971,0.00,[]
LOC-IN-0003943,QUOTE-LOC-IN-0003943,COMPLETED,REF-LOC-IN-0003943,EXT-SRC-001972,INWARD,R3394,2026-02-14 18:35:00,,220000000395,AE070330000220000000395,11827.00,11827.00,SALARY,Salary,FTS,AE122727000000000001972,0.00,[]
LOC-IN-0003945,QUOTE-LOC-IN-0003945,COMPLETED,REF-LOC-IN-0003945,EXT-SRC-001973,INWARD,R3394,2026-03-17 18:35:00,,220000000395,AE070330000220000000395,11874.00,11874.00,SALARY,Salary,FTS,AE122737000000000001973,0.00,[]
LOC-IN-0003947,QUOTE-LOC-IN-0003947,COMPLETED,REF-LOC-IN-0003947,EXT-SRC-001974,INWARD,R3394,2026-03-29 18:35:00,,220000000395,AE070330000220000000395,11921.00,11921.00,SALARY,Salary,FTS,AE122747000000000001974,0.00,[]
LOC-IN-0003949,QUOTE-LOC-IN-0003949,COMPLETED,REF-LOC-IN-0003949,EXT-SRC-001975,INWARD,R3394,2026-05-01 18:35:00,,220000000395,AE070330000220000000395,11968.00,11968.00,SALARY,Salary,FTS,AE122757000000000001975,0.00,[]
LOC-IN-0003951,QUOTE-LOC-IN-0003951,COMPLETED,REF-LOC-IN-0003951,EXT-SRC-001976,INWARD,R3395,2025-12-27 08:36:00,,220000000396,AE070330000220000000396,11863.00,11863.00,SALARY,Salary,FTS,AE122767000000000001976,0.00,[]
LOC-IN-0003953,QUOTE-LOC-IN-0003953,COMPLETED,REF-LOC-IN-0003953,EXT-SRC-001977,INWARD,R3395,2026-01-30 08:36:00,,220000000396,AE070330000220000000396,11910.00,11910.00,SALARY,Salary,FTS,AE122777000000000001977,0.00,[]
LOC-IN-0003955,QUOTE-LOC-IN-0003955,COMPLETED,REF-LOC-IN-0003955,EXT-SRC-001978,INWARD,R3395,2026-03-02 08:36:00,,220000000396,AE070330000220000000396,11957.00,11957.00,SALARY,Salary,FTS,AE122787000000000001978,0.00,[]
LOC-IN-0003957,QUOTE-LOC-IN-0003957,COMPLETED,REF-LOC-IN-0003957,EXT-SRC-001979,INWARD,R3395,2026-04-05 08:36:00,,220000000396,AE070330000220000000396,6503.00,6503.00,SALARY,Salary,FTS,AE122797000000000001979,0.00,[]
LOC-IN-0003959,QUOTE-LOC-IN-0003959,COMPLETED,REF-LOC-IN-0003959,EXT-SRC-001980,INWARD,R3395,2026-05-08 08:36:00,,220000000396,AE070330000220000000396,6550.00,6550.00,SALARY,Salary,FTS,AE122807000000000001980,0.00,[]
LOC-IN-0003961,QUOTE-LOC-IN-0003961,COMPLETED,REF-LOC-IN-0003961,EXT-SRC-001981,INWARD,R3396,2026-01-03 09:37:00,,220000000397,AE070330000220000000397,11946.00,11946.00,SALARY,Salary,FTS,AE122817000000000001981,0.00,[]
LOC-IN-0003963,QUOTE-LOC-IN-0003963,COMPLETED,REF-LOC-IN-0003963,EXT-SRC-001982,INWARD,R3396,2026-02-06 09:37:00,,220000000397,AE070330000220000000397,11993.00,11993.00,SALARY,Salary,FTS,AE122827000000000001982,0.00,[]
LOC-IN-0003965,QUOTE-LOC-IN-0003965,COMPLETED,REF-LOC-IN-0003965,EXT-SRC-001983,INWARD,R3396,2026-03-09 09:37:00,,220000000397,AE070330000220000000397,6539.00,6539.00,SALARY,Salary,FTS,AE122837000000000001983,0.00,[]
LOC-IN-0003967,QUOTE-LOC-IN-0003967,COMPLETED,REF-LOC-IN-0003967,EXT-SRC-001984,INWARD,R3396,2026-04-12 09:37:00,,220000000397,AE070330000220000000397,6586.00,6586.00,SALARY,Salary,FTS,AE122847000000000001984,0.00,[]
LOC-IN-0003969,QUOTE-LOC-IN-0003969,COMPLETED,REF-LOC-IN-0003969,EXT-SRC-001985,INWARD,R3396,2026-05-15 09:37:00,,220000000397,AE070330000220000000397,6633.00,6633.00,SALARY,Salary,FTS,AE122857000000000001985,0.00,[]
LOC-IN-0003971,QUOTE-LOC-IN-0003971,COMPLETED,REF-LOC-IN-0003971,EXT-SRC-001986,INWARD,R3397,2026-01-10 10:38:00,,220000000398,AE070330000220000000398,6528.00,6528.00,SALARY,Salary,FTS,AE122867000000000001986,0.00,[]
LOC-IN-0003973,QUOTE-LOC-IN-0003973,COMPLETED,REF-LOC-IN-0003973,EXT-SRC-001987,INWARD,R3397,2026-02-13 10:38:00,,220000000398,AE070330000220000000398,6575.00,6575.00,SALARY,Salary,FTS,AE122877000000000001987,0.00,[]
LOC-IN-0003975,QUOTE-LOC-IN-0003975,COMPLETED,REF-LOC-IN-0003975,EXT-SRC-001988,INWARD,R3397,2026-03-16 10:38:00,,220000000398,AE070330000220000000398,6622.00,6622.00,SALARY,Salary,FTS,AE122887000000000001988,0.00,[]
LOC-IN-0003977,QUOTE-LOC-IN-0003977,COMPLETED,REF-LOC-IN-0003977,EXT-SRC-001989,INWARD,R3397,2026-03-28 10:38:00,,220000000398,AE070330000220000000398,6669.00,6669.00,SALARY,Salary,FTS,AE122897000000000001989,0.00,[]
LOC-IN-0003979,QUOTE-LOC-IN-0003979,COMPLETED,REF-LOC-IN-0003979,EXT-SRC-001990,INWARD,R3397,2026-04-30 10:38:00,,220000000398,AE070330000220000000398,6716.00,6716.00,SALARY,Salary,FTS,AE122907000000000001990,0.00,[]
LOC-IN-0003981,QUOTE-LOC-IN-0003981,COMPLETED,REF-LOC-IN-0003981,EXT-SRC-001991,INWARD,R3398,2026-01-17 11:39:00,,220000000399,AE070330000220000000399,6611.00,6611.00,SALARY,Salary,FTS,AE122917000000000001991,0.00,[]
LOC-IN-0003983,QUOTE-LOC-IN-0003983,COMPLETED,REF-LOC-IN-0003983,EXT-SRC-001992,INWARD,R3398,2026-01-29 11:39:00,,220000000399,AE070330000220000000399,6658.00,6658.00,SALARY,Salary,FTS,AE122927000000000001992,0.00,[]
LOC-IN-0003985,QUOTE-LOC-IN-0003985,COMPLETED,REF-LOC-IN-0003985,EXT-SRC-001993,INWARD,R3398,2026-03-01 11:39:00,,220000000399,AE070330000220000000399,6705.00,6705.00,SALARY,Salary,FTS,AE122937000000000001993,0.00,[]
LOC-IN-0003987,QUOTE-LOC-IN-0003987,COMPLETED,REF-LOC-IN-0003987,EXT-SRC-001994,INWARD,R3398,2026-04-04 11:39:00,,220000000399,AE070330000220000000399,6752.00,6752.00,SALARY,Salary,FTS,AE122947000000000001994,0.00,[]
LOC-IN-0003989,QUOTE-LOC-IN-0003989,COMPLETED,REF-LOC-IN-0003989,EXT-SRC-001995,INWARD,R3398,2026-05-07 11:39:00,,220000000399,AE070330000220000000399,6799.00,6799.00,SALARY,Salary,FTS,AE122957000000000001995,0.00,[]
LOC-IN-0003991,QUOTE-LOC-IN-0003991,COMPLETED,REF-LOC-IN-0003991,EXT-SRC-001996,INWARD,R3399,2026-01-02 12:40:00,,220000000400,AE070330000220000000400,6694.00,6694.00,SALARY,Salary,FTS,AE122967000000000001996,0.00,[]
LOC-IN-0003993,QUOTE-LOC-IN-0003993,COMPLETED,REF-LOC-IN-0003993,EXT-SRC-001997,INWARD,R3399,2026-02-05 12:40:00,,220000000400,AE070330000220000000400,6741.00,6741.00,SALARY,Salary,FTS,AE122977000000000001997,0.00,[]
LOC-IN-0003995,QUOTE-LOC-IN-0003995,COMPLETED,REF-LOC-IN-0003995,EXT-SRC-001998,INWARD,R3399,2026-03-08 12:40:00,,220000000400,AE070330000220000000400,6788.00,6788.00,SALARY,Salary,FTS,AE122987000000000001998,0.00,[]
LOC-IN-0003997,QUOTE-LOC-IN-0003997,COMPLETED,REF-LOC-IN-0003997,EXT-SRC-001999,INWARD,R3399,2026-04-11 12:40:00,,220000000400,AE070330000220000000400,6835.00,6835.00,SALARY,Salary,FTS,AE122997000000000001999,0.00,[]
LOC-IN-0003999,QUOTE-LOC-IN-0003999,COMPLETED,REF-LOC-IN-0003999,EXT-SRC-002000,INWARD,R3399,2026-05-14 12:40:00,,220000000400,AE070330000220000000400,6882.00,6882.00,SALARY,Salary,FTS,AE123007000000000002000,0.00,[]
LOC-IN-0004001,QUOTE-LOC-IN-0004001,COMPLETED,REF-LOC-IN-0004001,EXT-SRC-002001,INWARD,R3400,2026-01-09 13:41:00,,220000000401,AE070330000220000000401,6777.00,6777.00,SALARY,Salary,FTS,AE123017000000000002001,0.00,[]
LOC-IN-0004003,QUOTE-LOC-IN-0004003,COMPLETED,REF-LOC-IN-0004003,EXT-SRC-002002,INWARD,R3400,2026-02-12 13:41:00,,220000000401,AE070330000220000000401,6824.00,6824.00,SALARY,Salary,FTS,AE123027000000000002002,0.00,[]
LOC-IN-0004005,QUOTE-LOC-IN-0004005,COMPLETED,REF-LOC-IN-0004005,EXT-SRC-002003,INWARD,R3400,2026-03-15 13:41:00,,220000000401,AE070330000220000000401,6871.00,6871.00,SALARY,Salary,FTS,AE123037000000000002003,0.00,[]
LOC-IN-0004007,QUOTE-LOC-IN-0004007,COMPLETED,REF-LOC-IN-0004007,EXT-SRC-002004,INWARD,R3400,2026-03-27 13:41:00,,220000000401,AE070330000220000000401,6918.00,6918.00,SALARY,Salary,FTS,AE123047000000000002004,0.00,[]
LOC-IN-0004009,QUOTE-LOC-IN-0004009,COMPLETED,REF-LOC-IN-0004009,EXT-SRC-002005,INWARD,R3400,2026-04-29 13:41:00,,220000000401,AE070330000220000000401,6965.00,6965.00,SALARY,Salary,FTS,AE123057000000000002005,0.00,[]
LOC-IN-0004011,QUOTE-LOC-IN-0004011,COMPLETED,REF-LOC-IN-0004011,EXT-SRC-002006,INWARD,R3401,2026-01-16 14:42:00,,220000000402,AE070330000220000000402,6860.00,6860.00,SALARY,Salary,FTS,AE123067000000000002006,0.00,[]
LOC-IN-0004013,QUOTE-LOC-IN-0004013,COMPLETED,REF-LOC-IN-0004013,EXT-SRC-002007,INWARD,R3401,2026-01-28 14:42:00,,220000000402,AE070330000220000000402,6907.00,6907.00,SALARY,Salary,FTS,AE123077000000000002007,0.00,[]
LOC-IN-0004015,QUOTE-LOC-IN-0004015,COMPLETED,REF-LOC-IN-0004015,EXT-SRC-002008,INWARD,R3401,2026-02-28 14:42:00,,220000000402,AE070330000220000000402,6954.00,6954.00,SALARY,Salary,FTS,AE123087000000000002008,0.00,[]
LOC-IN-0004017,QUOTE-LOC-IN-0004017,COMPLETED,REF-LOC-IN-0004017,EXT-SRC-002009,INWARD,R3401,2026-04-03 14:42:00,,220000000402,AE070330000220000000402,7001.00,7001.00,SALARY,Salary,FTS,AE123097000000000002009,0.00,[]
LOC-IN-0004019,QUOTE-LOC-IN-0004019,COMPLETED,REF-LOC-IN-0004019,EXT-SRC-002010,INWARD,R3401,2026-05-06 14:42:00,,220000000402,AE070330000220000000402,7048.00,7048.00,SALARY,Salary,FTS,AE123107000000000002010,0.00,[]
LOC-IN-0004021,QUOTE-LOC-IN-0004021,COMPLETED,REF-LOC-IN-0004021,EXT-SRC-002011,INWARD,R3402,2026-01-01 15:43:00,,220000000403,AE070330000220000000403,6943.00,6943.00,SALARY,Salary,FTS,AE123117000000000002011,0.00,[]
LOC-IN-0004023,QUOTE-LOC-IN-0004023,COMPLETED,REF-LOC-IN-0004023,EXT-SRC-002012,INWARD,R3402,2026-02-04 15:43:00,,220000000403,AE070330000220000000403,6990.00,6990.00,SALARY,Salary,FTS,AE123127000000000002012,0.00,[]
LOC-IN-0004025,QUOTE-LOC-IN-0004025,COMPLETED,REF-LOC-IN-0004025,EXT-SRC-002013,INWARD,R3402,2026-03-07 15:43:00,,220000000403,AE070330000220000000403,7037.00,7037.00,SALARY,Salary,FTS,AE123137000000000002013,0.00,[]
LOC-IN-0004027,QUOTE-LOC-IN-0004027,COMPLETED,REF-LOC-IN-0004027,EXT-SRC-002014,INWARD,R3402,2026-04-10 15:43:00,,220000000403,AE070330000220000000403,7084.00,7084.00,SALARY,Salary,FTS,AE123147000000000002014,0.00,[]
LOC-IN-0004029,QUOTE-LOC-IN-0004029,COMPLETED,REF-LOC-IN-0004029,EXT-SRC-002015,INWARD,R3402,2026-05-13 15:43:00,,220000000403,AE070330000220000000403,7131.00,7131.00,SALARY,Salary,FTS,AE123157000000000002015,0.00,[]
LOC-IN-0004031,QUOTE-LOC-IN-0004031,COMPLETED,REF-LOC-IN-0004031,EXT-SRC-002016,INWARD,R3403,2026-01-08 16:44:00,,220000000404,AE070330000220000000404,7026.00,7026.00,SALARY,Salary,FTS,AE123167000000000002016,0.00,[]
LOC-IN-0004033,QUOTE-LOC-IN-0004033,COMPLETED,REF-LOC-IN-0004033,EXT-SRC-002017,INWARD,R3403,2026-02-11 16:44:00,,220000000404,AE070330000220000000404,7073.00,7073.00,SALARY,Salary,FTS,AE123177000000000002017,0.00,[]
LOC-IN-0004035,QUOTE-LOC-IN-0004035,COMPLETED,REF-LOC-IN-0004035,EXT-SRC-002018,INWARD,R3403,2026-03-14 16:44:00,,220000000404,AE070330000220000000404,7120.00,7120.00,SALARY,Salary,FTS,AE123187000000000002018,0.00,[]
LOC-IN-0004037,QUOTE-LOC-IN-0004037,COMPLETED,REF-LOC-IN-0004037,EXT-SRC-002019,INWARD,R3403,2026-04-17 16:44:00,,220000000404,AE070330000220000000404,7167.00,7167.00,SALARY,Salary,FTS,AE123197000000000002019,0.00,[]
LOC-IN-0004039,QUOTE-LOC-IN-0004039,COMPLETED,REF-LOC-IN-0004039,EXT-SRC-002020,INWARD,R3403,2026-04-28 16:44:00,,220000000404,AE070330000220000000404,7214.00,7214.00,SALARY,Salary,FTS,AE123207000000000002020,0.00,[]
LOC-IN-0004041,QUOTE-LOC-IN-0004041,COMPLETED,REF-LOC-IN-0004041,EXT-SRC-002021,INWARD,R3404,2026-01-15 17:45:00,,220000000405,AE070330000220000000405,7109.00,7109.00,SALARY,Salary,FTS,AE123217000000000002021,0.00,[]
LOC-IN-0004043,QUOTE-LOC-IN-0004043,COMPLETED,REF-LOC-IN-0004043,EXT-SRC-002022,INWARD,R3404,2026-01-27 17:45:00,,220000000405,AE070330000220000000405,7156.00,7156.00,SALARY,Salary,FTS,AE123227000000000002022,0.00,[]
LOC-IN-0004045,QUOTE-LOC-IN-0004045,COMPLETED,REF-LOC-IN-0004045,EXT-SRC-002023,INWARD,R3404,2026-02-27 17:45:00,,220000000405,AE070330000220000000405,7203.00,7203.00,SALARY,Salary,FTS,AE123237000000000002023,0.00,[]
LOC-IN-0004047,QUOTE-LOC-IN-0004047,COMPLETED,REF-LOC-IN-0004047,EXT-SRC-002024,INWARD,R3404,2026-04-02 17:45:00,,220000000405,AE070330000220000000405,7250.00,7250.00,SALARY,Salary,FTS,AE123247000000000002024,0.00,[]
LOC-IN-0004049,QUOTE-LOC-IN-0004049,COMPLETED,REF-LOC-IN-0004049,EXT-SRC-002025,INWARD,R3404,2026-05-05 17:45:00,,220000000405,AE070330000220000000405,7297.00,7297.00,SALARY,Salary,FTS,AE123257000000000002025,0.00,[]
LOC-IN-0004051,QUOTE-LOC-IN-0004051,COMPLETED,REF-LOC-IN-0004051,EXT-SRC-002026,INWARD,R3405,2025-12-31 18:46:00,,220000000406,AE070330000220000000406,7192.00,7192.00,SALARY,Salary,FTS,AE123267000000000002026,0.00,[]
LOC-IN-0004053,QUOTE-LOC-IN-0004053,COMPLETED,REF-LOC-IN-0004053,EXT-SRC-002027,INWARD,R3405,2026-02-03 18:46:00,,220000000406,AE070330000220000000406,7239.00,7239.00,SALARY,Salary,FTS,AE123277000000000002027,0.00,[]
LOC-IN-0004055,QUOTE-LOC-IN-0004055,COMPLETED,REF-LOC-IN-0004055,EXT-SRC-002028,INWARD,R3405,2026-03-06 18:46:00,,220000000406,AE070330000220000000406,7286.00,7286.00,SALARY,Salary,FTS,AE123287000000000002028,0.00,[]
LOC-IN-0004057,QUOTE-LOC-IN-0004057,COMPLETED,REF-LOC-IN-0004057,EXT-SRC-002029,INWARD,R3405,2026-04-09 18:46:00,,220000000406,AE070330000220000000406,7333.00,7333.00,SALARY,Salary,FTS,AE123297000000000002029,0.00,[]
LOC-IN-0004059,QUOTE-LOC-IN-0004059,COMPLETED,REF-LOC-IN-0004059,EXT-SRC-002030,INWARD,R3405,2026-05-12 18:46:00,,220000000406,AE070330000220000000406,7380.00,7380.00,SALARY,Salary,FTS,AE123307000000000002030,0.00,[]
LOC-IN-0004061,QUOTE-LOC-IN-0004061,COMPLETED,REF-LOC-IN-0004061,EXT-SRC-002031,INWARD,R3406,2026-01-07 08:47:00,,220000000407,AE070330000220000000407,7275.00,7275.00,SALARY,Salary,FTS,AE123317000000000002031,0.00,[]
LOC-IN-0004063,QUOTE-LOC-IN-0004063,COMPLETED,REF-LOC-IN-0004063,EXT-SRC-002032,INWARD,R3406,2026-02-10 08:47:00,,220000000407,AE070330000220000000407,7322.00,7322.00,SALARY,Salary,FTS,AE123327000000000002032,0.00,[]
LOC-IN-0004065,QUOTE-LOC-IN-0004065,COMPLETED,REF-LOC-IN-0004065,EXT-SRC-002033,INWARD,R3406,2026-03-13 08:47:00,,220000000407,AE070330000220000000407,7369.00,7369.00,SALARY,Salary,FTS,AE123337000000000002033,0.00,[]
LOC-IN-0004067,QUOTE-LOC-IN-0004067,COMPLETED,REF-LOC-IN-0004067,EXT-SRC-002034,INWARD,R3406,2026-04-16 08:47:00,,220000000407,AE070330000220000000407,7416.00,7416.00,SALARY,Salary,FTS,AE123347000000000002034,0.00,[]
LOC-IN-0004069,QUOTE-LOC-IN-0004069,COMPLETED,REF-LOC-IN-0004069,EXT-SRC-002035,INWARD,R3406,2026-04-27 08:47:00,,220000000407,AE070330000220000000407,7463.00,7463.00,SALARY,Salary,FTS,AE123357000000000002035,0.00,[]
LOC-IN-0004071,QUOTE-LOC-IN-0004071,COMPLETED,REF-LOC-IN-0004071,EXT-SRC-002036,INWARD,R3407,2026-01-14 09:48:00,,220000000408,AE070330000220000000408,7358.00,7358.00,SALARY,Salary,FTS,AE123367000000000002036,0.00,[]
LOC-IN-0004073,QUOTE-LOC-IN-0004073,COMPLETED,REF-LOC-IN-0004073,EXT-SRC-002037,INWARD,R3407,2026-02-17 09:48:00,,220000000408,AE070330000220000000408,7405.00,7405.00,SALARY,Salary,FTS,AE123377000000000002037,0.00,[]
LOC-IN-0004075,QUOTE-LOC-IN-0004075,COMPLETED,REF-LOC-IN-0004075,EXT-SRC-002038,INWARD,R3407,2026-02-26 09:48:00,,220000000408,AE070330000220000000408,7452.00,7452.00,SALARY,Salary,FTS,AE123387000000000002038,0.00,[]
LOC-IN-0004077,QUOTE-LOC-IN-0004077,COMPLETED,REF-LOC-IN-0004077,EXT-SRC-002039,INWARD,R3407,2026-04-01 09:48:00,,220000000408,AE070330000220000000408,7499.00,7499.00,SALARY,Salary,FTS,AE123397000000000002039,0.00,[]
LOC-IN-0004079,QUOTE-LOC-IN-0004079,COMPLETED,REF-LOC-IN-0004079,EXT-SRC-002040,INWARD,R3407,2026-05-04 09:48:00,,220000000408,AE070330000220000000408,7546.00,7546.00,SALARY,Salary,FTS,AE123407000000000002040,0.00,[]
LOC-IN-0004081,QUOTE-LOC-IN-0004081,COMPLETED,REF-LOC-IN-0004081,EXT-SRC-002041,INWARD,R3408,2025-12-30 10:49:00,,220000000409,AE070330000220000000409,7441.00,7441.00,SALARY,Salary,FTS,AE123417000000000002041,0.00,[]
LOC-IN-0004083,QUOTE-LOC-IN-0004083,COMPLETED,REF-LOC-IN-0004083,EXT-SRC-002042,INWARD,R3408,2026-02-02 10:49:00,,220000000409,AE070330000220000000409,7488.00,7488.00,SALARY,Salary,FTS,AE123427000000000002042,0.00,[]
LOC-IN-0004085,QUOTE-LOC-IN-0004085,COMPLETED,REF-LOC-IN-0004085,EXT-SRC-002043,INWARD,R3408,2026-03-05 10:49:00,,220000000409,AE070330000220000000409,7535.00,7535.00,SALARY,Salary,FTS,AE123437000000000002043,0.00,[]
LOC-IN-0004087,QUOTE-LOC-IN-0004087,COMPLETED,REF-LOC-IN-0004087,EXT-SRC-002044,INWARD,R3408,2026-04-08 10:49:00,,220000000409,AE070330000220000000409,7582.00,7582.00,SALARY,Salary,FTS,AE123447000000000002044,0.00,[]
LOC-IN-0004089,QUOTE-LOC-IN-0004089,COMPLETED,REF-LOC-IN-0004089,EXT-SRC-002045,INWARD,R3408,2026-05-11 10:49:00,,220000000409,AE070330000220000000409,7629.00,7629.00,SALARY,Salary,FTS,AE123457000000000002045,0.00,[]
LOC-IN-0004091,QUOTE-LOC-IN-0004091,COMPLETED,REF-LOC-IN-0004091,EXT-SRC-002046,INWARD,R3409,2026-01-06 11:50:00,,220000000410,AE070330000220000000410,7524.00,7524.00,SALARY,Salary,FTS,AE123467000000000002046,0.00,[]
LOC-IN-0004093,QUOTE-LOC-IN-0004093,COMPLETED,REF-LOC-IN-0004093,EXT-SRC-002047,INWARD,R3409,2026-02-09 11:50:00,,220000000410,AE070330000220000000410,7571.00,7571.00,SALARY,Salary,FTS,AE123477000000000002047,0.00,[]
LOC-IN-0004095,QUOTE-LOC-IN-0004095,COMPLETED,REF-LOC-IN-0004095,EXT-SRC-002048,INWARD,R3409,2026-03-12 11:50:00,,220000000410,AE070330000220000000410,7618.00,7618.00,SALARY,Salary,FTS,AE123487000000000002048,0.00,[]
LOC-IN-0004097,QUOTE-LOC-IN-0004097,COMPLETED,REF-LOC-IN-0004097,EXT-SRC-002049,INWARD,R3409,2026-04-15 11:50:00,,220000000410,AE070330000220000000410,7665.00,7665.00,SALARY,Salary,FTS,AE123497000000000002049,0.00,[]
LOC-IN-0004099,QUOTE-LOC-IN-0004099,COMPLETED,REF-LOC-IN-0004099,EXT-SRC-002050,INWARD,R3409,2026-04-26 11:50:00,,220000000410,AE070330000220000000410,7712.00,7712.00,SALARY,Salary,FTS,AE123507000000000002050,0.00,[]
LOC-IN-0004101,QUOTE-LOC-IN-0004101,COMPLETED,REF-LOC-IN-0004101,EXT-SRC-002051,INWARD,R3410,2026-01-13 12:51:00,,220000000411,AE070330000220000000411,7607.00,7607.00,SALARY,Salary,FTS,AE123517000000000002051,0.00,[]
LOC-IN-0004103,QUOTE-LOC-IN-0004103,COMPLETED,REF-LOC-IN-0004103,EXT-SRC-002052,INWARD,R3410,2026-02-16 12:51:00,,220000000411,AE070330000220000000411,7654.00,7654.00,SALARY,Salary,FTS,AE123527000000000002052,0.00,[]
LOC-IN-0004105,QUOTE-LOC-IN-0004105,COMPLETED,REF-LOC-IN-0004105,EXT-SRC-002053,INWARD,R3410,2026-02-25 12:51:00,,220000000411,AE070330000220000000411,7701.00,7701.00,SALARY,Salary,FTS,AE123537000000000002053,0.00,[]
LOC-IN-0004107,QUOTE-LOC-IN-0004107,COMPLETED,REF-LOC-IN-0004107,EXT-SRC-002054,INWARD,R3410,2026-03-31 12:51:00,,220000000411,AE070330000220000000411,7748.00,7748.00,SALARY,Salary,FTS,AE123547000000000002054,0.00,[]
LOC-IN-0004109,QUOTE-LOC-IN-0004109,COMPLETED,REF-LOC-IN-0004109,EXT-SRC-002055,INWARD,R3410,2026-05-03 12:51:00,,220000000411,AE070330000220000000411,7795.00,7795.00,SALARY,Salary,FTS,AE123557000000000002055,0.00,[]
LOC-IN-0004111,QUOTE-LOC-IN-0004111,COMPLETED,REF-LOC-IN-0004111,EXT-SRC-002056,INWARD,R3411,2025-12-29 13:52:00,,220000000412,AE070330000220000000412,7690.00,7690.00,SALARY,Salary,FTS,AE123567000000000002056,0.00,[]
LOC-IN-0004113,QUOTE-LOC-IN-0004113,COMPLETED,REF-LOC-IN-0004113,EXT-SRC-002057,INWARD,R3411,2026-02-01 13:52:00,,220000000412,AE070330000220000000412,7737.00,7737.00,SALARY,Salary,FTS,AE123577000000000002057,0.00,[]
LOC-IN-0004115,QUOTE-LOC-IN-0004115,COMPLETED,REF-LOC-IN-0004115,EXT-SRC-002058,INWARD,R3411,2026-03-04 13:52:00,,220000000412,AE070330000220000000412,7784.00,7784.00,SALARY,Salary,FTS,AE123587000000000002058,0.00,[]
LOC-IN-0004117,QUOTE-LOC-IN-0004117,COMPLETED,REF-LOC-IN-0004117,EXT-SRC-002059,INWARD,R3411,2026-04-07 13:52:00,,220000000412,AE070330000220000000412,7831.00,7831.00,SALARY,Salary,FTS,AE123597000000000002059,0.00,[]
LOC-IN-0004119,QUOTE-LOC-IN-0004119,COMPLETED,REF-LOC-IN-0004119,EXT-SRC-002060,INWARD,R3411,2026-05-10 13:52:00,,220000000412,AE070330000220000000412,7878.00,7878.00,SALARY,Salary,FTS,AE123607000000000002060,0.00,[]
LOC-IN-0004121,QUOTE-LOC-IN-0004121,COMPLETED,REF-LOC-IN-0004121,EXT-SRC-002061,INWARD,R3412,2026-01-05 14:53:00,,220000000413,AE070330000220000000413,7773.00,7773.00,SALARY,Salary,FTS,AE123617000000000002061,0.00,[]
LOC-IN-0004123,QUOTE-LOC-IN-0004123,COMPLETED,REF-LOC-IN-0004123,EXT-SRC-002062,INWARD,R3412,2026-02-08 14:53:00,,220000000413,AE070330000220000000413,7820.00,7820.00,SALARY,Salary,FTS,AE123627000000000002062,0.00,[]
LOC-IN-0004125,QUOTE-LOC-IN-0004125,COMPLETED,REF-LOC-IN-0004125,EXT-SRC-002063,INWARD,R3412,2026-03-11 14:53:00,,220000000413,AE070330000220000000413,7867.00,7867.00,SALARY,Salary,FTS,AE123637000000000002063,0.00,[]
LOC-IN-0004127,QUOTE-LOC-IN-0004127,COMPLETED,REF-LOC-IN-0004127,EXT-SRC-002064,INWARD,R3412,2026-04-14 14:53:00,,220000000413,AE070330000220000000413,7914.00,7914.00,SALARY,Salary,FTS,AE123647000000000002064,0.00,[]
LOC-IN-0004129,QUOTE-LOC-IN-0004129,COMPLETED,REF-LOC-IN-0004129,EXT-SRC-002065,INWARD,R3412,2026-05-17 14:53:00,,220000000413,AE070330000220000000413,7961.00,7961.00,SALARY,Salary,FTS,AE123657000000000002065,0.00,[]
LOC-IN-0004131,QUOTE-LOC-IN-0004131,COMPLETED,REF-LOC-IN-0004131,EXT-SRC-002066,INWARD,R3413,2026-01-12 15:54:00,,220000000414,AE070330000220000000414,7856.00,7856.00,SALARY,Salary,FTS,AE123667000000000002066,0.00,[]
LOC-IN-0004133,QUOTE-LOC-IN-0004133,COMPLETED,REF-LOC-IN-0004133,EXT-SRC-002067,INWARD,R3413,2026-02-15 15:54:00,,220000000414,AE070330000220000000414,7903.00,7903.00,SALARY,Salary,FTS,AE123677000000000002067,0.00,[]
LOC-IN-0004135,QUOTE-LOC-IN-0004135,COMPLETED,REF-LOC-IN-0004135,EXT-SRC-002068,INWARD,R3413,2026-02-24 15:54:00,,220000000414,AE070330000220000000414,7950.00,7950.00,SALARY,Salary,FTS,AE123687000000000002068,0.00,[]
LOC-IN-0004137,QUOTE-LOC-IN-0004137,COMPLETED,REF-LOC-IN-0004137,EXT-SRC-002069,INWARD,R3413,2026-03-30 15:54:00,,220000000414,AE070330000220000000414,7997.00,7997.00,SALARY,Salary,FTS,AE123697000000000002069,0.00,[]
LOC-IN-0004139,QUOTE-LOC-IN-0004139,COMPLETED,REF-LOC-IN-0004139,EXT-SRC-002070,INWARD,R3413,2026-05-02 15:54:00,,220000000414,AE070330000220000000414,8044.00,8044.00,SALARY,Salary,FTS,AE123707000000000002070,0.00,[]
LOC-IN-0004141,QUOTE-LOC-IN-0004141,COMPLETED,REF-LOC-IN-0004141,EXT-SRC-002071,INWARD,R3414,2025-12-28 16:55:00,,220000000415,AE070330000220000000415,7939.00,7939.00,SALARY,Salary,FTS,AE123717000000000002071,0.00,[]
LOC-IN-0004143,QUOTE-LOC-IN-0004143,COMPLETED,REF-LOC-IN-0004143,EXT-SRC-002072,INWARD,R3414,2026-01-31 16:55:00,,220000000415,AE070330000220000000415,7986.00,7986.00,SALARY,Salary,FTS,AE123727000000000002072,0.00,[]
LOC-IN-0004145,QUOTE-LOC-IN-0004145,COMPLETED,REF-LOC-IN-0004145,EXT-SRC-002073,INWARD,R3414,2026-03-03 16:55:00,,220000000415,AE070330000220000000415,8033.00,8033.00,SALARY,Salary,FTS,AE123737000000000002073,0.00,[]
LOC-IN-0004147,QUOTE-LOC-IN-0004147,COMPLETED,REF-LOC-IN-0004147,EXT-SRC-002074,INWARD,R3414,2026-04-06 16:55:00,,220000000415,AE070330000220000000415,8080.00,8080.00,SALARY,Salary,FTS,AE123747000000000002074,0.00,[]
LOC-IN-0004149,QUOTE-LOC-IN-0004149,COMPLETED,REF-LOC-IN-0004149,EXT-SRC-002075,INWARD,R3414,2026-05-09 16:55:00,,220000000415,AE070330000220000000415,8127.00,8127.00,SALARY,Salary,FTS,AE123757000000000002075,0.00,[]
LOC-IN-0004151,QUOTE-LOC-IN-0004151,COMPLETED,REF-LOC-IN-0004151,EXT-SRC-002076,INWARD,R3415,2026-01-04 17:56:00,,220000000416,AE070330000220000000416,8022.00,8022.00,SALARY,Salary,FTS,AE123767000000000002076,0.00,[]
LOC-IN-0004153,QUOTE-LOC-IN-0004153,COMPLETED,REF-LOC-IN-0004153,EXT-SRC-002077,INWARD,R3415,2026-02-07 17:56:00,,220000000416,AE070330000220000000416,8069.00,8069.00,SALARY,Salary,FTS,AE123777000000000002077,0.00,[]
LOC-IN-0004155,QUOTE-LOC-IN-0004155,COMPLETED,REF-LOC-IN-0004155,EXT-SRC-002078,INWARD,R3415,2026-03-10 17:56:00,,220000000416,AE070330000220000000416,8116.00,8116.00,SALARY,Salary,FTS,AE123787000000000002078,0.00,[]
LOC-IN-0004157,QUOTE-LOC-IN-0004157,COMPLETED,REF-LOC-IN-0004157,EXT-SRC-002079,INWARD,R3415,2026-04-13 17:56:00,,220000000416,AE070330000220000000416,8163.00,8163.00,SALARY,Salary,FTS,AE123797000000000002079,0.00,[]
LOC-IN-0004159,QUOTE-LOC-IN-0004159,COMPLETED,REF-LOC-IN-0004159,EXT-SRC-002080,INWARD,R3415,2026-05-16 17:56:00,,220000000416,AE070330000220000000416,8210.00,8210.00,SALARY,Salary,FTS,AE123807000000000002080,0.00,[]
LOC-IN-0004161,QUOTE-LOC-IN-0004161,COMPLETED,REF-LOC-IN-0004161,EXT-SRC-002081,INWARD,R3416,2026-01-11 18:57:00,,220000000417,AE070330000220000000417,8105.00,8105.00,SALARY,Salary,FTS,AE123817000000000002081,0.00,[]
LOC-IN-0004163,QUOTE-LOC-IN-0004163,COMPLETED,REF-LOC-IN-0004163,EXT-SRC-002082,INWARD,R3416,2026-02-14 18:57:00,,220000000417,AE070330000220000000417,8152.00,8152.00,SALARY,Salary,FTS,AE123827000000000002082,0.00,[]
LOC-IN-0004165,QUOTE-LOC-IN-0004165,COMPLETED,REF-LOC-IN-0004165,EXT-SRC-002083,INWARD,R3416,2026-03-17 18:57:00,,220000000417,AE070330000220000000417,8199.00,8199.00,SALARY,Salary,FTS,AE123837000000000002083,0.00,[]
LOC-IN-0004167,QUOTE-LOC-IN-0004167,COMPLETED,REF-LOC-IN-0004167,EXT-SRC-002084,INWARD,R3416,2026-03-29 18:57:00,,220000000417,AE070330000220000000417,8246.00,8246.00,SALARY,Salary,FTS,AE123847000000000002084,0.00,[]
LOC-IN-0004169,QUOTE-LOC-IN-0004169,COMPLETED,REF-LOC-IN-0004169,EXT-SRC-002085,INWARD,R3416,2026-05-01 18:57:00,,220000000417,AE070330000220000000417,8293.00,8293.00,SALARY,Salary,FTS,AE123857000000000002085,0.00,[]
LOC-IN-0004171,QUOTE-LOC-IN-0004171,COMPLETED,REF-LOC-IN-0004171,EXT-SRC-002086,INWARD,R3417,2025-12-27 08:58:00,,220000000418,AE070330000220000000418,8188.00,8188.00,SALARY,Salary,FTS,AE123867000000000002086,0.00,[]
LOC-IN-0004173,QUOTE-LOC-IN-0004173,COMPLETED,REF-LOC-IN-0004173,EXT-SRC-002087,INWARD,R3417,2026-01-30 08:58:00,,220000000418,AE070330000220000000418,8235.00,8235.00,SALARY,Salary,FTS,AE123877000000000002087,0.00,[]
LOC-IN-0004175,QUOTE-LOC-IN-0004175,COMPLETED,REF-LOC-IN-0004175,EXT-SRC-002088,INWARD,R3417,2026-03-02 08:58:00,,220000000418,AE070330000220000000418,8282.00,8282.00,SALARY,Salary,FTS,AE123887000000000002088,0.00,[]
LOC-IN-0004177,QUOTE-LOC-IN-0004177,COMPLETED,REF-LOC-IN-0004177,EXT-SRC-002089,INWARD,R3417,2026-04-05 08:58:00,,220000000418,AE070330000220000000418,8329.00,8329.00,SALARY,Salary,FTS,AE123897000000000002089,0.00,[]
LOC-IN-0004179,QUOTE-LOC-IN-0004179,COMPLETED,REF-LOC-IN-0004179,EXT-SRC-002090,INWARD,R3417,2026-05-08 08:58:00,,220000000418,AE070330000220000000418,8376.00,8376.00,SALARY,Salary,FTS,AE123907000000000002090,0.00,[]
LOC-IN-0004181,QUOTE-LOC-IN-0004181,COMPLETED,REF-LOC-IN-0004181,EXT-SRC-002091,INWARD,R3418,2026-01-03 09:59:00,,220000000419,AE070330000220000000419,8271.00,8271.00,SALARY,Salary,FTS,AE123917000000000002091,0.00,[]
LOC-IN-0004183,QUOTE-LOC-IN-0004183,COMPLETED,REF-LOC-IN-0004183,EXT-SRC-002092,INWARD,R3418,2026-02-06 09:59:00,,220000000419,AE070330000220000000419,8318.00,8318.00,SALARY,Salary,FTS,AE123927000000000002092,0.00,[]
LOC-IN-0004185,QUOTE-LOC-IN-0004185,COMPLETED,REF-LOC-IN-0004185,EXT-SRC-002093,INWARD,R3418,2026-03-09 09:59:00,,220000000419,AE070330000220000000419,8365.00,8365.00,SALARY,Salary,FTS,AE123937000000000002093,0.00,[]
LOC-IN-0004187,QUOTE-LOC-IN-0004187,COMPLETED,REF-LOC-IN-0004187,EXT-SRC-002094,INWARD,R3418,2026-04-12 09:59:00,,220000000419,AE070330000220000000419,8412.00,8412.00,SALARY,Salary,FTS,AE123947000000000002094,0.00,[]
LOC-IN-0004189,QUOTE-LOC-IN-0004189,COMPLETED,REF-LOC-IN-0004189,EXT-SRC-002095,INWARD,R3418,2026-05-15 09:59:00,,220000000419,AE070330000220000000419,8459.00,8459.00,SALARY,Salary,FTS,AE123957000000000002095,0.00,[]
LOC-IN-0004191,QUOTE-LOC-IN-0004191,COMPLETED,REF-LOC-IN-0004191,EXT-SRC-002096,INWARD,R3419,2026-01-10 10:00:00,,220000000420,AE070330000220000000420,8354.00,8354.00,SALARY,Salary,FTS,AE123967000000000002096,0.00,[]
LOC-IN-0004193,QUOTE-LOC-IN-0004193,COMPLETED,REF-LOC-IN-0004193,EXT-SRC-002097,INWARD,R3419,2026-02-13 10:00:00,,220000000420,AE070330000220000000420,8401.00,8401.00,SALARY,Salary,FTS,AE123977000000000002097,0.00,[]
LOC-IN-0004195,QUOTE-LOC-IN-0004195,COMPLETED,REF-LOC-IN-0004195,EXT-SRC-002098,INWARD,R3419,2026-03-16 10:00:00,,220000000420,AE070330000220000000420,8448.00,8448.00,SALARY,Salary,FTS,AE123987000000000002098,0.00,[]
LOC-IN-0004197,QUOTE-LOC-IN-0004197,COMPLETED,REF-LOC-IN-0004197,EXT-SRC-002099,INWARD,R3419,2026-03-28 10:00:00,,220000000420,AE070330000220000000420,8495.00,8495.00,SALARY,Salary,FTS,AE123997000000000002099,0.00,[]
LOC-IN-0004199,QUOTE-LOC-IN-0004199,COMPLETED,REF-LOC-IN-0004199,EXT-SRC-002100,INWARD,R3419,2026-04-30 10:00:00,,220000000420,AE070330000220000000420,8542.00,8542.00,SALARY,Salary,FTS,AE124007000000000002100,0.00,[]
LOC-IN-0004201,QUOTE-LOC-IN-0004201,COMPLETED,REF-LOC-IN-0004201,EXT-SRC-002101,INWARD,R3420,2026-01-17 11:01:00,,220000000421,AE070330000220000000421,8437.00,8437.00,SALARY,Salary,FTS,AE124017000000000002101,0.00,[]
LOC-IN-0004203,QUOTE-LOC-IN-0004203,COMPLETED,REF-LOC-IN-0004203,EXT-SRC-002102,INWARD,R3420,2026-01-29 11:01:00,,220000000421,AE070330000220000000421,8484.00,8484.00,SALARY,Salary,FTS,AE124027000000000002102,0.00,[]
LOC-IN-0004205,QUOTE-LOC-IN-0004205,COMPLETED,REF-LOC-IN-0004205,EXT-SRC-002103,INWARD,R3420,2026-03-01 11:01:00,,220000000421,AE070330000220000000421,8531.00,8531.00,SALARY,Salary,FTS,AE124037000000000002103,0.00,[]
LOC-IN-0004207,QUOTE-LOC-IN-0004207,COMPLETED,REF-LOC-IN-0004207,EXT-SRC-002104,INWARD,R3420,2026-04-04 11:01:00,,220000000421,AE070330000220000000421,8578.00,8578.00,SALARY,Salary,FTS,AE124047000000000002104,0.00,[]
LOC-IN-0004209,QUOTE-LOC-IN-0004209,COMPLETED,REF-LOC-IN-0004209,EXT-SRC-002105,INWARD,R3420,2026-05-07 11:01:00,,220000000421,AE070330000220000000421,8625.00,8625.00,SALARY,Salary,FTS,AE124057000000000002105,0.00,[]
LOC-IN-0004211,QUOTE-LOC-IN-0004211,COMPLETED,REF-LOC-IN-0004211,EXT-SRC-002106,INWARD,R3421,2026-01-02 12:02:00,,220000000422,AE070330000220000000422,8520.00,8520.00,SALARY,Salary,FTS,AE124067000000000002106,0.00,[]
LOC-IN-0004213,QUOTE-LOC-IN-0004213,COMPLETED,REF-LOC-IN-0004213,EXT-SRC-002107,INWARD,R3421,2026-02-05 12:02:00,,220000000422,AE070330000220000000422,8567.00,8567.00,SALARY,Salary,FTS,AE124077000000000002107,0.00,[]
LOC-IN-0004215,QUOTE-LOC-IN-0004215,COMPLETED,REF-LOC-IN-0004215,EXT-SRC-002108,INWARD,R3421,2026-03-08 12:02:00,,220000000422,AE070330000220000000422,8614.00,8614.00,SALARY,Salary,FTS,AE124087000000000002108,0.00,[]
LOC-IN-0004217,QUOTE-LOC-IN-0004217,COMPLETED,REF-LOC-IN-0004217,EXT-SRC-002109,INWARD,R3421,2026-04-11 12:02:00,,220000000422,AE070330000220000000422,8661.00,8661.00,SALARY,Salary,FTS,AE124097000000000002109,0.00,[]
LOC-IN-0004219,QUOTE-LOC-IN-0004219,COMPLETED,REF-LOC-IN-0004219,EXT-SRC-002110,INWARD,R3421,2026-05-14 12:02:00,,220000000422,AE070330000220000000422,8708.00,8708.00,SALARY,Salary,FTS,AE124107000000000002110,0.00,[]
LOC-IN-0004221,QUOTE-LOC-IN-0004221,COMPLETED,REF-LOC-IN-0004221,EXT-SRC-002111,INWARD,R3422,2026-01-09 13:03:00,,220000000423,AE070330000220000000423,8603.00,8603.00,SALARY,Salary,FTS,AE124117000000000002111,0.00,[]
LOC-IN-0004223,QUOTE-LOC-IN-0004223,COMPLETED,REF-LOC-IN-0004223,EXT-SRC-002112,INWARD,R3422,2026-02-12 13:03:00,,220000000423,AE070330000220000000423,8650.00,8650.00,SALARY,Salary,FTS,AE124127000000000002112,0.00,[]
LOC-IN-0004225,QUOTE-LOC-IN-0004225,COMPLETED,REF-LOC-IN-0004225,EXT-SRC-002113,INWARD,R3422,2026-03-15 13:03:00,,220000000423,AE070330000220000000423,8697.00,8697.00,SALARY,Salary,FTS,AE124137000000000002113,0.00,[]
LOC-IN-0004227,QUOTE-LOC-IN-0004227,COMPLETED,REF-LOC-IN-0004227,EXT-SRC-002114,INWARD,R3422,2026-03-27 13:03:00,,220000000423,AE070330000220000000423,8744.00,8744.00,SALARY,Salary,FTS,AE124147000000000002114,0.00,[]
LOC-IN-0004229,QUOTE-LOC-IN-0004229,COMPLETED,REF-LOC-IN-0004229,EXT-SRC-002115,INWARD,R3422,2026-04-29 13:03:00,,220000000423,AE070330000220000000423,8791.00,8791.00,SALARY,Salary,FTS,AE124157000000000002115,0.00,[]
LOC-IN-0004231,QUOTE-LOC-IN-0004231,COMPLETED,REF-LOC-IN-0004231,EXT-SRC-002116,INWARD,R3423,2026-01-16 14:04:00,,220000000424,AE070330000220000000424,8686.00,8686.00,SALARY,Salary,FTS,AE124167000000000002116,0.00,[]
LOC-IN-0004233,QUOTE-LOC-IN-0004233,COMPLETED,REF-LOC-IN-0004233,EXT-SRC-002117,INWARD,R3423,2026-01-28 14:04:00,,220000000424,AE070330000220000000424,8733.00,8733.00,SALARY,Salary,FTS,AE124177000000000002117,0.00,[]
LOC-IN-0004235,QUOTE-LOC-IN-0004235,COMPLETED,REF-LOC-IN-0004235,EXT-SRC-002118,INWARD,R3423,2026-02-28 14:04:00,,220000000424,AE070330000220000000424,8780.00,8780.00,SALARY,Salary,FTS,AE124187000000000002118,0.00,[]
LOC-IN-0004237,QUOTE-LOC-IN-0004237,COMPLETED,REF-LOC-IN-0004237,EXT-SRC-002119,INWARD,R3423,2026-04-03 14:04:00,,220000000424,AE070330000220000000424,8827.00,8827.00,SALARY,Salary,FTS,AE124197000000000002119,0.00,[]
LOC-IN-0004239,QUOTE-LOC-IN-0004239,COMPLETED,REF-LOC-IN-0004239,EXT-SRC-002120,INWARD,R3423,2026-05-06 14:04:00,,220000000424,AE070330000220000000424,8874.00,8874.00,SALARY,Salary,FTS,AE124207000000000002120,0.00,[]
LOC-IN-0004241,QUOTE-LOC-IN-0004241,COMPLETED,REF-LOC-IN-0004241,EXT-SRC-002121,INWARD,R3424,2026-01-01 15:05:00,,220000000425,AE070330000220000000425,8769.00,8769.00,SALARY,Salary,FTS,AE124217000000000002121,0.00,[]
LOC-IN-0004243,QUOTE-LOC-IN-0004243,COMPLETED,REF-LOC-IN-0004243,EXT-SRC-002122,INWARD,R3424,2026-02-04 15:05:00,,220000000425,AE070330000220000000425,8816.00,8816.00,SALARY,Salary,FTS,AE124227000000000002122,0.00,[]
LOC-IN-0004245,QUOTE-LOC-IN-0004245,COMPLETED,REF-LOC-IN-0004245,EXT-SRC-002123,INWARD,R3424,2026-03-07 15:05:00,,220000000425,AE070330000220000000425,8863.00,8863.00,SALARY,Salary,FTS,AE124237000000000002123,0.00,[]
LOC-IN-0004247,QUOTE-LOC-IN-0004247,COMPLETED,REF-LOC-IN-0004247,EXT-SRC-002124,INWARD,R3424,2026-04-10 15:05:00,,220000000425,AE070330000220000000425,8910.00,8910.00,SALARY,Salary,FTS,AE124247000000000002124,0.00,[]
LOC-IN-0004249,QUOTE-LOC-IN-0004249,COMPLETED,REF-LOC-IN-0004249,EXT-SRC-002125,INWARD,R3424,2026-05-13 15:05:00,,220000000425,AE070330000220000000425,8957.00,8957.00,SALARY,Salary,FTS,AE124257000000000002125,0.00,[]
LOC-IN-0004251,QUOTE-LOC-IN-0004251,COMPLETED,REF-LOC-IN-0004251,EXT-SRC-002126,INWARD,R3425,2026-01-08 16:06:00,,220000000426,AE070330000220000000426,8852.00,8852.00,SALARY,Salary,FTS,AE124267000000000002126,0.00,[]
LOC-IN-0004253,QUOTE-LOC-IN-0004253,COMPLETED,REF-LOC-IN-0004253,EXT-SRC-002127,INWARD,R3425,2026-02-11 16:06:00,,220000000426,AE070330000220000000426,8899.00,8899.00,SALARY,Salary,FTS,AE124277000000000002127,0.00,[]
LOC-IN-0004255,QUOTE-LOC-IN-0004255,COMPLETED,REF-LOC-IN-0004255,EXT-SRC-002128,INWARD,R3425,2026-03-14 16:06:00,,220000000426,AE070330000220000000426,8946.00,8946.00,SALARY,Salary,FTS,AE124287000000000002128,0.00,[]
LOC-IN-0004257,QUOTE-LOC-IN-0004257,COMPLETED,REF-LOC-IN-0004257,EXT-SRC-002129,INWARD,R3425,2026-04-17 16:06:00,,220000000426,AE070330000220000000426,8993.00,8993.00,SALARY,Salary,FTS,AE124297000000000002129,0.00,[]
LOC-IN-0004259,QUOTE-LOC-IN-0004259,COMPLETED,REF-LOC-IN-0004259,EXT-SRC-002130,INWARD,R3425,2026-04-28 16:06:00,,220000000426,AE070330000220000000426,9040.00,9040.00,SALARY,Salary,FTS,AE124307000000000002130,0.00,[]
LOC-IN-0004261,QUOTE-LOC-IN-0004261,COMPLETED,REF-LOC-IN-0004261,EXT-SRC-002131,INWARD,R3426,2026-01-15 17:07:00,,220000000427,AE070330000220000000427,8935.00,8935.00,SALARY,Salary,FTS,AE124317000000000002131,0.00,[]
LOC-IN-0004263,QUOTE-LOC-IN-0004263,COMPLETED,REF-LOC-IN-0004263,EXT-SRC-002132,INWARD,R3426,2026-01-27 17:07:00,,220000000427,AE070330000220000000427,8982.00,8982.00,SALARY,Salary,FTS,AE124327000000000002132,0.00,[]
LOC-IN-0004265,QUOTE-LOC-IN-0004265,COMPLETED,REF-LOC-IN-0004265,EXT-SRC-002133,INWARD,R3426,2026-02-27 17:07:00,,220000000427,AE070330000220000000427,9029.00,9029.00,SALARY,Salary,FTS,AE124337000000000002133,0.00,[]
LOC-IN-0004267,QUOTE-LOC-IN-0004267,COMPLETED,REF-LOC-IN-0004267,EXT-SRC-002134,INWARD,R3426,2026-04-02 17:07:00,,220000000427,AE070330000220000000427,9076.00,9076.00,SALARY,Salary,FTS,AE124347000000000002134,0.00,[]
LOC-IN-0004269,QUOTE-LOC-IN-0004269,COMPLETED,REF-LOC-IN-0004269,EXT-SRC-002135,INWARD,R3426,2026-05-05 17:07:00,,220000000427,AE070330000220000000427,9123.00,9123.00,SALARY,Salary,FTS,AE124357000000000002135,0.00,[]
LOC-IN-0004271,QUOTE-LOC-IN-0004271,COMPLETED,REF-LOC-IN-0004271,EXT-SRC-002136,INWARD,R3427,2025-12-31 18:08:00,,220000000428,AE070330000220000000428,9018.00,9018.00,SALARY,Salary,FTS,AE124367000000000002136,0.00,[]
LOC-IN-0004273,QUOTE-LOC-IN-0004273,COMPLETED,REF-LOC-IN-0004273,EXT-SRC-002137,INWARD,R3427,2026-02-03 18:08:00,,220000000428,AE070330000220000000428,9065.00,9065.00,SALARY,Salary,FTS,AE124377000000000002137,0.00,[]
LOC-IN-0004275,QUOTE-LOC-IN-0004275,COMPLETED,REF-LOC-IN-0004275,EXT-SRC-002138,INWARD,R3427,2026-03-06 18:08:00,,220000000428,AE070330000220000000428,9112.00,9112.00,SALARY,Salary,FTS,AE124387000000000002138,0.00,[]
LOC-IN-0004277,QUOTE-LOC-IN-0004277,COMPLETED,REF-LOC-IN-0004277,EXT-SRC-002139,INWARD,R3427,2026-04-09 18:08:00,,220000000428,AE070330000220000000428,9159.00,9159.00,SALARY,Salary,FTS,AE124397000000000002139,0.00,[]
LOC-IN-0004279,QUOTE-LOC-IN-0004279,COMPLETED,REF-LOC-IN-0004279,EXT-SRC-002140,INWARD,R3427,2026-05-12 18:08:00,,220000000428,AE070330000220000000428,9206.00,9206.00,SALARY,Salary,FTS,AE124407000000000002140,0.00,[]
LOC-IN-0004281,QUOTE-LOC-IN-0004281,COMPLETED,REF-LOC-IN-0004281,EXT-SRC-002141,INWARD,R3428,2026-01-07 08:09:00,,220000000429,AE070330000220000000429,9101.00,9101.00,SALARY,Salary,FTS,AE124417000000000002141,0.00,[]
LOC-IN-0004283,QUOTE-LOC-IN-0004283,COMPLETED,REF-LOC-IN-0004283,EXT-SRC-002142,INWARD,R3428,2026-02-10 08:09:00,,220000000429,AE070330000220000000429,9148.00,9148.00,SALARY,Salary,FTS,AE124427000000000002142,0.00,[]
LOC-IN-0004285,QUOTE-LOC-IN-0004285,COMPLETED,REF-LOC-IN-0004285,EXT-SRC-002143,INWARD,R3428,2026-03-13 08:09:00,,220000000429,AE070330000220000000429,9195.00,9195.00,SALARY,Salary,FTS,AE124437000000000002143,0.00,[]
LOC-IN-0004287,QUOTE-LOC-IN-0004287,COMPLETED,REF-LOC-IN-0004287,EXT-SRC-002144,INWARD,R3428,2026-04-16 08:09:00,,220000000429,AE070330000220000000429,9242.00,9242.00,SALARY,Salary,FTS,AE124447000000000002144,0.00,[]
LOC-IN-0004289,QUOTE-LOC-IN-0004289,COMPLETED,REF-LOC-IN-0004289,EXT-SRC-002145,INWARD,R3428,2026-04-27 08:09:00,,220000000429,AE070330000220000000429,9289.00,9289.00,SALARY,Salary,FTS,AE124457000000000002145,0.00,[]
LOC-IN-0004291,QUOTE-LOC-IN-0004291,COMPLETED,REF-LOC-IN-0004291,EXT-SRC-002146,INWARD,R3429,2026-01-14 09:10:00,,220000000430,AE070330000220000000430,9184.00,9184.00,SALARY,Salary,FTS,AE124467000000000002146,0.00,[]
LOC-IN-0004293,QUOTE-LOC-IN-0004293,COMPLETED,REF-LOC-IN-0004293,EXT-SRC-002147,INWARD,R3429,2026-02-17 09:10:00,,220000000430,AE070330000220000000430,9231.00,9231.00,SALARY,Salary,FTS,AE124477000000000002147,0.00,[]
LOC-IN-0004295,QUOTE-LOC-IN-0004295,COMPLETED,REF-LOC-IN-0004295,EXT-SRC-002148,INWARD,R3429,2026-02-26 09:10:00,,220000000430,AE070330000220000000430,9278.00,9278.00,SALARY,Salary,FTS,AE124487000000000002148,0.00,[]
LOC-IN-0004297,QUOTE-LOC-IN-0004297,COMPLETED,REF-LOC-IN-0004297,EXT-SRC-002149,INWARD,R3429,2026-04-01 09:10:00,,220000000430,AE070330000220000000430,9325.00,9325.00,SALARY,Salary,FTS,AE124497000000000002149,0.00,[]
LOC-IN-0004299,QUOTE-LOC-IN-0004299,COMPLETED,REF-LOC-IN-0004299,EXT-SRC-002150,INWARD,R3429,2026-05-04 09:10:00,,220000000430,AE070330000220000000430,9372.00,9372.00,SALARY,Salary,FTS,AE124507000000000002150,0.00,[]
LOC-IN-0004301,QUOTE-LOC-IN-0004301,COMPLETED,REF-LOC-IN-0004301,EXT-SRC-002151,INWARD,R3430,2025-12-30 10:11:00,,220000000431,AE070330000220000000431,9267.00,9267.00,SALARY,Salary,FTS,AE124517000000000002151,0.00,[]
LOC-IN-0004303,QUOTE-LOC-IN-0004303,COMPLETED,REF-LOC-IN-0004303,EXT-SRC-002152,INWARD,R3430,2026-02-02 10:11:00,,220000000431,AE070330000220000000431,9314.00,9314.00,SALARY,Salary,FTS,AE124527000000000002152,0.00,[]
LOC-IN-0004305,QUOTE-LOC-IN-0004305,COMPLETED,REF-LOC-IN-0004305,EXT-SRC-002153,INWARD,R3430,2026-03-05 10:11:00,,220000000431,AE070330000220000000431,9361.00,9361.00,SALARY,Salary,FTS,AE124537000000000002153,0.00,[]
LOC-IN-0004307,QUOTE-LOC-IN-0004307,COMPLETED,REF-LOC-IN-0004307,EXT-SRC-002154,INWARD,R3430,2026-04-08 10:11:00,,220000000431,AE070330000220000000431,9408.00,9408.00,SALARY,Salary,FTS,AE124547000000000002154,0.00,[]
LOC-IN-0004309,QUOTE-LOC-IN-0004309,COMPLETED,REF-LOC-IN-0004309,EXT-SRC-002155,INWARD,R3430,2026-05-11 10:11:00,,220000000431,AE070330000220000000431,9455.00,9455.00,SALARY,Salary,FTS,AE124557000000000002155,0.00,[]
LOC-IN-0004311,QUOTE-LOC-IN-0004311,COMPLETED,REF-LOC-IN-0004311,EXT-SRC-002156,INWARD,R3431,2026-01-06 11:12:00,,220000000432,AE070330000220000000432,9350.00,9350.00,SALARY,Salary,FTS,AE124567000000000002156,0.00,[]
LOC-IN-0004313,QUOTE-LOC-IN-0004313,COMPLETED,REF-LOC-IN-0004313,EXT-SRC-002157,INWARD,R3431,2026-02-09 11:12:00,,220000000432,AE070330000220000000432,9397.00,9397.00,SALARY,Salary,FTS,AE124577000000000002157,0.00,[]
LOC-IN-0004315,QUOTE-LOC-IN-0004315,COMPLETED,REF-LOC-IN-0004315,EXT-SRC-002158,INWARD,R3431,2026-03-12 11:12:00,,220000000432,AE070330000220000000432,9444.00,9444.00,SALARY,Salary,FTS,AE124587000000000002158,0.00,[]
LOC-IN-0004317,QUOTE-LOC-IN-0004317,COMPLETED,REF-LOC-IN-0004317,EXT-SRC-002159,INWARD,R3431,2026-04-15 11:12:00,,220000000432,AE070330000220000000432,9491.00,9491.00,SALARY,Salary,FTS,AE124597000000000002159,0.00,[]
LOC-IN-0004319,QUOTE-LOC-IN-0004319,COMPLETED,REF-LOC-IN-0004319,EXT-SRC-002160,INWARD,R3431,2026-04-26 11:12:00,,220000000432,AE070330000220000000432,9538.00,9538.00,SALARY,Salary,FTS,AE124607000000000002160,0.00,[]
LOC-IN-0004321,QUOTE-LOC-IN-0004321,COMPLETED,REF-LOC-IN-0004321,EXT-SRC-002161,INWARD,R3432,2026-01-13 12:13:00,,220000000433,AE070330000220000000433,9433.00,9433.00,SALARY,Salary,FTS,AE124617000000000002161,0.00,[]
LOC-IN-0004323,QUOTE-LOC-IN-0004323,COMPLETED,REF-LOC-IN-0004323,EXT-SRC-002162,INWARD,R3432,2026-02-16 12:13:00,,220000000433,AE070330000220000000433,9480.00,9480.00,SALARY,Salary,FTS,AE124627000000000002162,0.00,[]
LOC-IN-0004325,QUOTE-LOC-IN-0004325,COMPLETED,REF-LOC-IN-0004325,EXT-SRC-002163,INWARD,R3432,2026-02-25 12:13:00,,220000000433,AE070330000220000000433,9527.00,9527.00,SALARY,Salary,FTS,AE124637000000000002163,0.00,[]
LOC-IN-0004327,QUOTE-LOC-IN-0004327,COMPLETED,REF-LOC-IN-0004327,EXT-SRC-002164,INWARD,R3432,2026-03-31 12:13:00,,220000000433,AE070330000220000000433,9574.00,9574.00,SALARY,Salary,FTS,AE124647000000000002164,0.00,[]
LOC-IN-0004329,QUOTE-LOC-IN-0004329,COMPLETED,REF-LOC-IN-0004329,EXT-SRC-002165,INWARD,R3432,2026-05-03 12:13:00,,220000000433,AE070330000220000000433,9621.00,9621.00,SALARY,Salary,FTS,AE124657000000000002165,0.00,[]
LOC-IN-0004331,QUOTE-LOC-IN-0004331,COMPLETED,REF-LOC-IN-0004331,EXT-SRC-002166,INWARD,R3433,2025-12-29 13:14:00,,220000000434,AE070330000220000000434,9516.00,9516.00,SALARY,Salary,FTS,AE124667000000000002166,0.00,[]
LOC-IN-0004333,QUOTE-LOC-IN-0004333,COMPLETED,REF-LOC-IN-0004333,EXT-SRC-002167,INWARD,R3433,2026-02-01 13:14:00,,220000000434,AE070330000220000000434,9563.00,9563.00,SALARY,Salary,FTS,AE124677000000000002167,0.00,[]
LOC-IN-0004335,QUOTE-LOC-IN-0004335,COMPLETED,REF-LOC-IN-0004335,EXT-SRC-002168,INWARD,R3433,2026-03-04 13:14:00,,220000000434,AE070330000220000000434,9610.00,9610.00,SALARY,Salary,FTS,AE124687000000000002168,0.00,[]
LOC-IN-0004337,QUOTE-LOC-IN-0004337,COMPLETED,REF-LOC-IN-0004337,EXT-SRC-002169,INWARD,R3433,2026-04-07 13:14:00,,220000000434,AE070330000220000000434,9657.00,9657.00,SALARY,Salary,FTS,AE124697000000000002169,0.00,[]
LOC-IN-0004339,QUOTE-LOC-IN-0004339,COMPLETED,REF-LOC-IN-0004339,EXT-SRC-002170,INWARD,R3433,2026-05-10 13:14:00,,220000000434,AE070330000220000000434,9704.00,9704.00,SALARY,Salary,FTS,AE124707000000000002170,0.00,[]
LOC-IN-0004341,QUOTE-LOC-IN-0004341,COMPLETED,REF-LOC-IN-0004341,EXT-SRC-002171,INWARD,R3434,2026-01-05 14:15:00,,220000000435,AE070330000220000000435,9599.00,9599.00,SALARY,Salary,FTS,AE124717000000000002171,0.00,[]
LOC-IN-0004343,QUOTE-LOC-IN-0004343,COMPLETED,REF-LOC-IN-0004343,EXT-SRC-002172,INWARD,R3434,2026-02-08 14:15:00,,220000000435,AE070330000220000000435,9646.00,9646.00,SALARY,Salary,FTS,AE124727000000000002172,0.00,[]
LOC-IN-0004345,QUOTE-LOC-IN-0004345,COMPLETED,REF-LOC-IN-0004345,EXT-SRC-002173,INWARD,R3434,2026-03-11 14:15:00,,220000000435,AE070330000220000000435,9693.00,9693.00,SALARY,Salary,FTS,AE124737000000000002173,0.00,[]
LOC-IN-0004347,QUOTE-LOC-IN-0004347,COMPLETED,REF-LOC-IN-0004347,EXT-SRC-002174,INWARD,R3434,2026-04-14 14:15:00,,220000000435,AE070330000220000000435,9740.00,9740.00,SALARY,Salary,FTS,AE124747000000000002174,0.00,[]
LOC-IN-0004349,QUOTE-LOC-IN-0004349,COMPLETED,REF-LOC-IN-0004349,EXT-SRC-002175,INWARD,R3434,2026-05-17 14:15:00,,220000000435,AE070330000220000000435,9787.00,9787.00,SALARY,Salary,FTS,AE124757000000000002175,0.00,[]
LOC-IN-0004351,QUOTE-LOC-IN-0004351,COMPLETED,REF-LOC-IN-0004351,EXT-SRC-002176,INWARD,R3435,2026-01-12 15:16:00,,220000000436,AE070330000220000000436,9682.00,9682.00,SALARY,Salary,FTS,AE124767000000000002176,0.00,[]
LOC-IN-0004353,QUOTE-LOC-IN-0004353,COMPLETED,REF-LOC-IN-0004353,EXT-SRC-002177,INWARD,R3435,2026-02-15 15:16:00,,220000000436,AE070330000220000000436,9729.00,9729.00,SALARY,Salary,FTS,AE124777000000000002177,0.00,[]
LOC-IN-0004355,QUOTE-LOC-IN-0004355,COMPLETED,REF-LOC-IN-0004355,EXT-SRC-002178,INWARD,R3435,2026-02-24 15:16:00,,220000000436,AE070330000220000000436,9776.00,9776.00,SALARY,Salary,FTS,AE124787000000000002178,0.00,[]
LOC-IN-0004357,QUOTE-LOC-IN-0004357,COMPLETED,REF-LOC-IN-0004357,EXT-SRC-002179,INWARD,R3435,2026-03-30 15:16:00,,220000000436,AE070330000220000000436,9823.00,9823.00,SALARY,Salary,FTS,AE124797000000000002179,0.00,[]
LOC-IN-0004359,QUOTE-LOC-IN-0004359,COMPLETED,REF-LOC-IN-0004359,EXT-SRC-002180,INWARD,R3435,2026-05-02 15:16:00,,220000000436,AE070330000220000000436,9870.00,9870.00,SALARY,Salary,FTS,AE124807000000000002180,0.00,[]
LOC-IN-0004361,QUOTE-LOC-IN-0004361,COMPLETED,REF-LOC-IN-0004361,EXT-SRC-002181,INWARD,R3436,2025-12-28 16:17:00,,220000000437,AE070330000220000000437,9765.00,9765.00,SALARY,Salary,FTS,AE124817000000000002181,0.00,[]
LOC-IN-0004363,QUOTE-LOC-IN-0004363,COMPLETED,REF-LOC-IN-0004363,EXT-SRC-002182,INWARD,R3436,2026-01-31 16:17:00,,220000000437,AE070330000220000000437,9812.00,9812.00,SALARY,Salary,FTS,AE124827000000000002182,0.00,[]
LOC-IN-0004365,QUOTE-LOC-IN-0004365,COMPLETED,REF-LOC-IN-0004365,EXT-SRC-002183,INWARD,R3436,2026-03-03 16:17:00,,220000000437,AE070330000220000000437,9859.00,9859.00,SALARY,Salary,FTS,AE124837000000000002183,0.00,[]
LOC-IN-0004367,QUOTE-LOC-IN-0004367,COMPLETED,REF-LOC-IN-0004367,EXT-SRC-002184,INWARD,R3436,2026-04-06 16:17:00,,220000000437,AE070330000220000000437,9906.00,9906.00,SALARY,Salary,FTS,AE124847000000000002184,0.00,[]
LOC-IN-0004369,QUOTE-LOC-IN-0004369,COMPLETED,REF-LOC-IN-0004369,EXT-SRC-002185,INWARD,R3436,2026-05-09 16:17:00,,220000000437,AE070330000220000000437,9953.00,9953.00,SALARY,Salary,FTS,AE124857000000000002185,0.00,[]
LOC-IN-0004371,QUOTE-LOC-IN-0004371,COMPLETED,REF-LOC-IN-0004371,EXT-SRC-002186,INWARD,R3437,2026-01-04 17:18:00,,220000000438,AE070330000220000000438,9848.00,9848.00,SALARY,Salary,FTS,AE124867000000000002186,0.00,[]
LOC-IN-0004373,QUOTE-LOC-IN-0004373,COMPLETED,REF-LOC-IN-0004373,EXT-SRC-002187,INWARD,R3437,2026-02-07 17:18:00,,220000000438,AE070330000220000000438,9895.00,9895.00,SALARY,Salary,FTS,AE124877000000000002187,0.00,[]
LOC-IN-0004375,QUOTE-LOC-IN-0004375,COMPLETED,REF-LOC-IN-0004375,EXT-SRC-002188,INWARD,R3437,2026-03-10 17:18:00,,220000000438,AE070330000220000000438,9942.00,9942.00,SALARY,Salary,FTS,AE124887000000000002188,0.00,[]
LOC-IN-0004377,QUOTE-LOC-IN-0004377,COMPLETED,REF-LOC-IN-0004377,EXT-SRC-002189,INWARD,R3437,2026-04-13 17:18:00,,220000000438,AE070330000220000000438,9989.00,9989.00,SALARY,Salary,FTS,AE124897000000000002189,0.00,[]
LOC-IN-0004379,QUOTE-LOC-IN-0004379,COMPLETED,REF-LOC-IN-0004379,EXT-SRC-002190,INWARD,R3437,2026-05-16 17:18:00,,220000000438,AE070330000220000000438,10036.00,10036.00,SALARY,Salary,FTS,AE124907000000000002190,0.00,[]
LOC-IN-0004381,QUOTE-LOC-IN-0004381,COMPLETED,REF-LOC-IN-0004381,EXT-SRC-002191,INWARD,R3438,2026-01-11 18:19:00,,220000000439,AE070330000220000000439,9931.00,9931.00,SALARY,Salary,FTS,AE124917000000000002191,0.00,[]
LOC-IN-0004383,QUOTE-LOC-IN-0004383,COMPLETED,REF-LOC-IN-0004383,EXT-SRC-002192,INWARD,R3438,2026-02-14 18:19:00,,220000000439,AE070330000220000000439,9978.00,9978.00,SALARY,Salary,FTS,AE124927000000000002192,0.00,[]
LOC-IN-0004385,QUOTE-LOC-IN-0004385,COMPLETED,REF-LOC-IN-0004385,EXT-SRC-002193,INWARD,R3438,2026-03-17 18:19:00,,220000000439,AE070330000220000000439,10025.00,10025.00,SALARY,Salary,FTS,AE124937000000000002193,0.00,[]
LOC-IN-0004387,QUOTE-LOC-IN-0004387,COMPLETED,REF-LOC-IN-0004387,EXT-SRC-002194,INWARD,R3438,2026-03-29 18:19:00,,220000000439,AE070330000220000000439,10072.00,10072.00,SALARY,Salary,FTS,AE124947000000000002194,0.00,[]
LOC-IN-0004389,QUOTE-LOC-IN-0004389,COMPLETED,REF-LOC-IN-0004389,EXT-SRC-002195,INWARD,R3438,2026-05-01 18:19:00,,220000000439,AE070330000220000000439,10119.00,10119.00,SALARY,Salary,FTS,AE124957000000000002195,0.00,[]
LOC-IN-0004391,QUOTE-LOC-IN-0004391,COMPLETED,REF-LOC-IN-0004391,EXT-SRC-002196,INWARD,R3439,2025-12-27 08:20:00,,220000000440,AE070330000220000000440,10014.00,10014.00,SALARY,Salary,FTS,AE124967000000000002196,0.00,[]
LOC-IN-0004393,QUOTE-LOC-IN-0004393,COMPLETED,REF-LOC-IN-0004393,EXT-SRC-002197,INWARD,R3439,2026-01-30 08:20:00,,220000000440,AE070330000220000000440,10061.00,10061.00,SALARY,Salary,FTS,AE124977000000000002197,0.00,[]
LOC-IN-0004395,QUOTE-LOC-IN-0004395,COMPLETED,REF-LOC-IN-0004395,EXT-SRC-002198,INWARD,R3439,2026-03-02 08:20:00,,220000000440,AE070330000220000000440,10108.00,10108.00,SALARY,Salary,FTS,AE124987000000000002198,0.00,[]
LOC-IN-0004397,QUOTE-LOC-IN-0004397,COMPLETED,REF-LOC-IN-0004397,EXT-SRC-002199,INWARD,R3439,2026-04-05 08:20:00,,220000000440,AE070330000220000000440,10155.00,10155.00,SALARY,Salary,FTS,AE124997000000000002199,0.00,[]
LOC-IN-0004399,QUOTE-LOC-IN-0004399,COMPLETED,REF-LOC-IN-0004399,EXT-SRC-002200,INWARD,R3439,2026-05-08 08:20:00,,220000000440,AE070330000220000000440,10202.00,10202.00,SALARY,Salary,FTS,AE125007000000000002200,0.00,[]
LOC-IN-0004401,QUOTE-LOC-IN-0004401,COMPLETED,REF-LOC-IN-0004401,EXT-SRC-002201,INWARD,R3440,2026-01-03 09:21:00,,220000000441,AE070330000220000000441,10097.00,10097.00,SALARY,Salary,FTS,AE125017000000000002201,0.00,[]
LOC-IN-0004403,QUOTE-LOC-IN-0004403,COMPLETED,REF-LOC-IN-0004403,EXT-SRC-002202,INWARD,R3440,2026-02-06 09:21:00,,220000000441,AE070330000220000000441,10144.00,10144.00,SALARY,Salary,FTS,AE125027000000000002202,0.00,[]
LOC-IN-0004405,QUOTE-LOC-IN-0004405,COMPLETED,REF-LOC-IN-0004405,EXT-SRC-002203,INWARD,R3440,2026-03-09 09:21:00,,220000000441,AE070330000220000000441,10191.00,10191.00,SALARY,Salary,FTS,AE125037000000000002203,0.00,[]
LOC-IN-0004407,QUOTE-LOC-IN-0004407,COMPLETED,REF-LOC-IN-0004407,EXT-SRC-002204,INWARD,R3440,2026-04-12 09:21:00,,220000000441,AE070330000220000000441,10238.00,10238.00,SALARY,Salary,FTS,AE125047000000000002204,0.00,[]
LOC-IN-0004409,QUOTE-LOC-IN-0004409,COMPLETED,REF-LOC-IN-0004409,EXT-SRC-002205,INWARD,R3440,2026-05-15 09:21:00,,220000000441,AE070330000220000000441,10285.00,10285.00,SALARY,Salary,FTS,AE125057000000000002205,0.00,[]
LOC-IN-0004411,QUOTE-LOC-IN-0004411,COMPLETED,REF-LOC-IN-0004411,EXT-SRC-002206,INWARD,R3441,2026-01-10 10:22:00,,220000000442,AE070330000220000000442,10180.00,10180.00,SALARY,Salary,FTS,AE125067000000000002206,0.00,[]
LOC-IN-0004413,QUOTE-LOC-IN-0004413,COMPLETED,REF-LOC-IN-0004413,EXT-SRC-002207,INWARD,R3441,2026-02-13 10:22:00,,220000000442,AE070330000220000000442,10227.00,10227.00,SALARY,Salary,FTS,AE125077000000000002207,0.00,[]
LOC-IN-0004415,QUOTE-LOC-IN-0004415,COMPLETED,REF-LOC-IN-0004415,EXT-SRC-002208,INWARD,R3441,2026-03-16 10:22:00,,220000000442,AE070330000220000000442,10274.00,10274.00,SALARY,Salary,FTS,AE125087000000000002208,0.00,[]
LOC-IN-0004417,QUOTE-LOC-IN-0004417,COMPLETED,REF-LOC-IN-0004417,EXT-SRC-002209,INWARD,R3441,2026-03-28 10:22:00,,220000000442,AE070330000220000000442,10321.00,10321.00,SALARY,Salary,FTS,AE125097000000000002209,0.00,[]
LOC-IN-0004419,QUOTE-LOC-IN-0004419,COMPLETED,REF-LOC-IN-0004419,EXT-SRC-002210,INWARD,R3441,2026-04-30 10:22:00,,220000000442,AE070330000220000000442,10368.00,10368.00,SALARY,Salary,FTS,AE125107000000000002210,0.00,[]
LOC-IN-0004421,QUOTE-LOC-IN-0004421,COMPLETED,REF-LOC-IN-0004421,EXT-SRC-002211,INWARD,R3442,2026-01-17 11:23:00,,220000000443,AE070330000220000000443,10263.00,10263.00,SALARY,Salary,FTS,AE125117000000000002211,0.00,[]
LOC-IN-0004423,QUOTE-LOC-IN-0004423,COMPLETED,REF-LOC-IN-0004423,EXT-SRC-002212,INWARD,R3442,2026-01-29 11:23:00,,220000000443,AE070330000220000000443,10310.00,10310.00,SALARY,Salary,FTS,AE125127000000000002212,0.00,[]
LOC-IN-0004425,QUOTE-LOC-IN-0004425,COMPLETED,REF-LOC-IN-0004425,EXT-SRC-002213,INWARD,R3442,2026-03-01 11:23:00,,220000000443,AE070330000220000000443,10357.00,10357.00,SALARY,Salary,FTS,AE125137000000000002213,0.00,[]
LOC-IN-0004427,QUOTE-LOC-IN-0004427,COMPLETED,REF-LOC-IN-0004427,EXT-SRC-002214,INWARD,R3442,2026-04-04 11:23:00,,220000000443,AE070330000220000000443,10404.00,10404.00,SALARY,Salary,FTS,AE125147000000000002214,0.00,[]
LOC-IN-0004429,QUOTE-LOC-IN-0004429,COMPLETED,REF-LOC-IN-0004429,EXT-SRC-002215,INWARD,R3442,2026-05-07 11:23:00,,220000000443,AE070330000220000000443,10451.00,10451.00,SALARY,Salary,FTS,AE125157000000000002215,0.00,[]
LOC-IN-0004431,QUOTE-LOC-IN-0004431,COMPLETED,REF-LOC-IN-0004431,EXT-SRC-002216,INWARD,R3443,2026-01-02 12:24:00,,220000000444,AE070330000220000000444,10346.00,10346.00,SALARY,Salary,FTS,AE125167000000000002216,0.00,[]
LOC-IN-0004433,QUOTE-LOC-IN-0004433,COMPLETED,REF-LOC-IN-0004433,EXT-SRC-002217,INWARD,R3443,2026-02-05 12:24:00,,220000000444,AE070330000220000000444,10393.00,10393.00,SALARY,Salary,FTS,AE125177000000000002217,0.00,[]
LOC-IN-0004435,QUOTE-LOC-IN-0004435,COMPLETED,REF-LOC-IN-0004435,EXT-SRC-002218,INWARD,R3443,2026-03-08 12:24:00,,220000000444,AE070330000220000000444,10440.00,10440.00,SALARY,Salary,FTS,AE125187000000000002218,0.00,[]
LOC-IN-0004437,QUOTE-LOC-IN-0004437,COMPLETED,REF-LOC-IN-0004437,EXT-SRC-002219,INWARD,R3443,2026-04-11 12:24:00,,220000000444,AE070330000220000000444,10487.00,10487.00,SALARY,Salary,FTS,AE125197000000000002219,0.00,[]
LOC-IN-0004439,QUOTE-LOC-IN-0004439,COMPLETED,REF-LOC-IN-0004439,EXT-SRC-002220,INWARD,R3443,2026-05-14 12:24:00,,220000000444,AE070330000220000000444,10534.00,10534.00,SALARY,Salary,FTS,AE125207000000000002220,0.00,[]
LOC-IN-0004441,QUOTE-LOC-IN-0004441,COMPLETED,REF-LOC-IN-0004441,EXT-SRC-002221,INWARD,R3444,2026-01-09 13:25:00,,220000000445,AE070330000220000000445,10429.00,10429.00,SALARY,Salary,FTS,AE125217000000000002221,0.00,[]
LOC-IN-0004443,QUOTE-LOC-IN-0004443,COMPLETED,REF-LOC-IN-0004443,EXT-SRC-002222,INWARD,R3444,2026-02-12 13:25:00,,220000000445,AE070330000220000000445,10476.00,10476.00,SALARY,Salary,FTS,AE125227000000000002222,0.00,[]
LOC-IN-0004445,QUOTE-LOC-IN-0004445,COMPLETED,REF-LOC-IN-0004445,EXT-SRC-002223,INWARD,R3444,2026-03-15 13:25:00,,220000000445,AE070330000220000000445,10523.00,10523.00,SALARY,Salary,FTS,AE125237000000000002223,0.00,[]
LOC-IN-0004447,QUOTE-LOC-IN-0004447,COMPLETED,REF-LOC-IN-0004447,EXT-SRC-002224,INWARD,R3444,2026-03-27 13:25:00,,220000000445,AE070330000220000000445,10570.00,10570.00,SALARY,Salary,FTS,AE125247000000000002224,0.00,[]
LOC-IN-0004449,QUOTE-LOC-IN-0004449,COMPLETED,REF-LOC-IN-0004449,EXT-SRC-002225,INWARD,R3444,2026-04-29 13:25:00,,220000000445,AE070330000220000000445,10617.00,10617.00,SALARY,Salary,FTS,AE125257000000000002225,0.00,[]
LOC-IN-0004451,QUOTE-LOC-IN-0004451,COMPLETED,REF-LOC-IN-0004451,EXT-SRC-002226,INWARD,R3445,2026-01-16 14:26:00,,220000000446,AE070330000220000000446,10512.00,10512.00,SALARY,Salary,FTS,AE125267000000000002226,0.00,[]
LOC-IN-0004453,QUOTE-LOC-IN-0004453,COMPLETED,REF-LOC-IN-0004453,EXT-SRC-002227,INWARD,R3445,2026-01-28 14:26:00,,220000000446,AE070330000220000000446,10559.00,10559.00,SALARY,Salary,FTS,AE125277000000000002227,0.00,[]
LOC-IN-0004455,QUOTE-LOC-IN-0004455,COMPLETED,REF-LOC-IN-0004455,EXT-SRC-002228,INWARD,R3445,2026-02-28 14:26:00,,220000000446,AE070330000220000000446,10606.00,10606.00,SALARY,Salary,FTS,AE125287000000000002228,0.00,[]
LOC-IN-0004457,QUOTE-LOC-IN-0004457,COMPLETED,REF-LOC-IN-0004457,EXT-SRC-002229,INWARD,R3445,2026-04-03 14:26:00,,220000000446,AE070330000220000000446,10653.00,10653.00,SALARY,Salary,FTS,AE125297000000000002229,0.00,[]
LOC-IN-0004459,QUOTE-LOC-IN-0004459,COMPLETED,REF-LOC-IN-0004459,EXT-SRC-002230,INWARD,R3445,2026-05-06 14:26:00,,220000000446,AE070330000220000000446,10700.00,10700.00,SALARY,Salary,FTS,AE125307000000000002230,0.00,[]
LOC-IN-0004461,QUOTE-LOC-IN-0004461,COMPLETED,REF-LOC-IN-0004461,EXT-SRC-002231,INWARD,R3446,2026-01-01 15:27:00,,220000000447,AE070330000220000000447,10595.00,10595.00,SALARY,Salary,FTS,AE125317000000000002231,0.00,[]
LOC-IN-0004463,QUOTE-LOC-IN-0004463,COMPLETED,REF-LOC-IN-0004463,EXT-SRC-002232,INWARD,R3446,2026-02-04 15:27:00,,220000000447,AE070330000220000000447,10642.00,10642.00,SALARY,Salary,FTS,AE125327000000000002232,0.00,[]
LOC-IN-0004465,QUOTE-LOC-IN-0004465,COMPLETED,REF-LOC-IN-0004465,EXT-SRC-002233,INWARD,R3446,2026-03-07 15:27:00,,220000000447,AE070330000220000000447,10689.00,10689.00,SALARY,Salary,FTS,AE125337000000000002233,0.00,[]
LOC-IN-0004467,QUOTE-LOC-IN-0004467,COMPLETED,REF-LOC-IN-0004467,EXT-SRC-002234,INWARD,R3446,2026-04-10 15:27:00,,220000000447,AE070330000220000000447,10736.00,10736.00,SALARY,Salary,FTS,AE125347000000000002234,0.00,[]
LOC-IN-0004469,QUOTE-LOC-IN-0004469,COMPLETED,REF-LOC-IN-0004469,EXT-SRC-002235,INWARD,R3446,2026-05-13 15:27:00,,220000000447,AE070330000220000000447,10783.00,10783.00,SALARY,Salary,FTS,AE125357000000000002235,0.00,[]
LOC-IN-0004471,QUOTE-LOC-IN-0004471,COMPLETED,REF-LOC-IN-0004471,EXT-SRC-002236,INWARD,R3447,2026-01-08 16:28:00,,220000000448,AE070330000220000000448,10678.00,10678.00,SALARY,Salary,FTS,AE125367000000000002236,0.00,[]
LOC-IN-0004473,QUOTE-LOC-IN-0004473,COMPLETED,REF-LOC-IN-0004473,EXT-SRC-002237,INWARD,R3447,2026-02-11 16:28:00,,220000000448,AE070330000220000000448,10725.00,10725.00,SALARY,Salary,FTS,AE125377000000000002237,0.00,[]
LOC-IN-0004475,QUOTE-LOC-IN-0004475,COMPLETED,REF-LOC-IN-0004475,EXT-SRC-002238,INWARD,R3447,2026-03-14 16:28:00,,220000000448,AE070330000220000000448,10772.00,10772.00,SALARY,Salary,FTS,AE125387000000000002238,0.00,[]
LOC-IN-0004477,QUOTE-LOC-IN-0004477,COMPLETED,REF-LOC-IN-0004477,EXT-SRC-002239,INWARD,R3447,2026-04-17 16:28:00,,220000000448,AE070330000220000000448,10819.00,10819.00,SALARY,Salary,FTS,AE125397000000000002239,0.00,[]
LOC-IN-0004479,QUOTE-LOC-IN-0004479,COMPLETED,REF-LOC-IN-0004479,EXT-SRC-002240,INWARD,R3447,2026-04-28 16:28:00,,220000000448,AE070330000220000000448,10866.00,10866.00,SALARY,Salary,FTS,AE125407000000000002240,0.00,[]
LOC-IN-0004481,QUOTE-LOC-IN-0004481,COMPLETED,REF-LOC-IN-0004481,EXT-SRC-002241,INWARD,R3448,2026-01-15 17:29:00,,220000000449,AE070330000220000000449,10761.00,10761.00,SALARY,Salary,FTS,AE125417000000000002241,0.00,[]
LOC-IN-0004483,QUOTE-LOC-IN-0004483,COMPLETED,REF-LOC-IN-0004483,EXT-SRC-002242,INWARD,R3448,2026-01-27 17:29:00,,220000000449,AE070330000220000000449,10808.00,10808.00,SALARY,Salary,FTS,AE125427000000000002242,0.00,[]
LOC-IN-0004485,QUOTE-LOC-IN-0004485,COMPLETED,REF-LOC-IN-0004485,EXT-SRC-002243,INWARD,R3448,2026-02-27 17:29:00,,220000000449,AE070330000220000000449,10855.00,10855.00,SALARY,Salary,FTS,AE125437000000000002243,0.00,[]
LOC-IN-0004487,QUOTE-LOC-IN-0004487,COMPLETED,REF-LOC-IN-0004487,EXT-SRC-002244,INWARD,R3448,2026-04-02 17:29:00,,220000000449,AE070330000220000000449,10902.00,10902.00,SALARY,Salary,FTS,AE125447000000000002244,0.00,[]
LOC-IN-0004489,QUOTE-LOC-IN-0004489,COMPLETED,REF-LOC-IN-0004489,EXT-SRC-002245,INWARD,R3448,2026-05-05 17:29:00,,220000000449,AE070330000220000000449,10949.00,10949.00,SALARY,Salary,FTS,AE125457000000000002245,0.00,[]
LOC-IN-0004491,QUOTE-LOC-IN-0004491,COMPLETED,REF-LOC-IN-0004491,EXT-SRC-002246,INWARD,R3449,2025-12-31 18:30:00,,220000000450,AE070330000220000000450,10844.00,10844.00,SALARY,Salary,FTS,AE125467000000000002246,0.00,[]
LOC-IN-0004493,QUOTE-LOC-IN-0004493,COMPLETED,REF-LOC-IN-0004493,EXT-SRC-002247,INWARD,R3449,2026-02-03 18:30:00,,220000000450,AE070330000220000000450,10891.00,10891.00,SALARY,Salary,FTS,AE125477000000000002247,0.00,[]
LOC-IN-0004495,QUOTE-LOC-IN-0004495,COMPLETED,REF-LOC-IN-0004495,EXT-SRC-002248,INWARD,R3449,2026-03-06 18:30:00,,220000000450,AE070330000220000000450,10938.00,10938.00,SALARY,Salary,FTS,AE125487000000000002248,0.00,[]
LOC-IN-0004497,QUOTE-LOC-IN-0004497,COMPLETED,REF-LOC-IN-0004497,EXT-SRC-002249,INWARD,R3449,2026-04-09 18:30:00,,220000000450,AE070330000220000000450,10985.00,10985.00,SALARY,Salary,FTS,AE125497000000000002249,0.00,[]
LOC-IN-0004499,QUOTE-LOC-IN-0004499,COMPLETED,REF-LOC-IN-0004499,EXT-SRC-002250,INWARD,R3449,2026-05-12 18:30:00,,220000000450,AE070330000220000000450,11032.00,11032.00,SALARY,Salary,FTS,AE125507000000000002250,0.00,[]
LOC-IN-0004501,QUOTE-LOC-IN-0004501,COMPLETED,REF-LOC-IN-0004501,EXT-SRC-002251,INWARD,R3450,2026-01-07 08:31:00,,220000000451,AE070330000220000000451,10927.00,10927.00,SALARY,Salary,FTS,AE125517000000000002251,0.00,[]
LOC-IN-0004503,QUOTE-LOC-IN-0004503,COMPLETED,REF-LOC-IN-0004503,EXT-SRC-002252,INWARD,R3450,2026-02-10 08:31:00,,220000000451,AE070330000220000000451,10974.00,10974.00,SALARY,Salary,FTS,AE125527000000000002252,0.00,[]
LOC-IN-0004505,QUOTE-LOC-IN-0004505,COMPLETED,REF-LOC-IN-0004505,EXT-SRC-002253,INWARD,R3450,2026-03-13 08:31:00,,220000000451,AE070330000220000000451,11021.00,11021.00,SALARY,Salary,FTS,AE125537000000000002253,0.00,[]
LOC-IN-0004507,QUOTE-LOC-IN-0004507,COMPLETED,REF-LOC-IN-0004507,EXT-SRC-002254,INWARD,R3450,2026-04-16 08:31:00,,220000000451,AE070330000220000000451,11068.00,11068.00,SALARY,Salary,FTS,AE125547000000000002254,0.00,[]
LOC-IN-0004509,QUOTE-LOC-IN-0004509,COMPLETED,REF-LOC-IN-0004509,EXT-SRC-002255,INWARD,R3450,2026-04-27 08:31:00,,220000000451,AE070330000220000000451,11115.00,11115.00,SALARY,Salary,FTS,AE125557000000000002255,0.00,[]
LOC-IN-0004511,QUOTE-LOC-IN-0004511,COMPLETED,REF-LOC-IN-0004511,EXT-SRC-002256,INWARD,B4001,2026-01-14 09:32:00,,220000000452,AE070330000220000000452,51923.00,51923.00,BUSINESS_INCOME,Business Income,FTS,AE125567000000000002256,0.00,[]
LOC-IN-0004513,QUOTE-LOC-IN-0004513,COMPLETED,REF-LOC-IN-0004513,EXT-SRC-002257,INWARD,B4001,2026-02-17 09:32:00,,220000000452,AE070330000220000000452,51994.00,51994.00,BUSINESS_INCOME,Business Income,FTS,AE125577000000000002257,0.00,[]
LOC-IN-0004515,QUOTE-LOC-IN-0004515,COMPLETED,REF-LOC-IN-0004515,EXT-SRC-002258,INWARD,B4001,2026-02-26 09:32:00,,220000000452,AE070330000220000000452,52065.00,52065.00,BUSINESS_INCOME,Business Income,FTS,AE125587000000000002258,0.00,[]
LOC-IN-0004517,QUOTE-LOC-IN-0004517,COMPLETED,REF-LOC-IN-0004517,EXT-SRC-002259,INWARD,B4001,2026-04-01 09:32:00,,220000000452,AE070330000220000000452,52136.00,52136.00,BUSINESS_INCOME,Business Income,FTS,AE125597000000000002259,0.00,[]
LOC-IN-0004519,QUOTE-LOC-IN-0004519,COMPLETED,REF-LOC-IN-0004519,EXT-SRC-002260,INWARD,B4001,2026-05-04 09:32:00,,220000000452,AE070330000220000000452,52207.00,52207.00,BUSINESS_INCOME,Business Income,FTS,AE125607000000000002260,0.00,[]
LOC-IN-0004521,QUOTE-LOC-IN-0004521,COMPLETED,REF-LOC-IN-0004521,EXT-SRC-002261,INWARD,B4002,2025-12-30 10:33:00,,220000000453,AE070330000220000000453,52060.00,52060.00,BUSINESS_INCOME,Business Income,FTS,AE125617000000000002261,0.00,[]
LOC-IN-0004523,QUOTE-LOC-IN-0004523,COMPLETED,REF-LOC-IN-0004523,EXT-SRC-002262,INWARD,B4002,2026-02-02 10:33:00,,220000000453,AE070330000220000000453,52131.00,52131.00,BUSINESS_INCOME,Business Income,FTS,AE125627000000000002262,0.00,[]
LOC-IN-0004525,QUOTE-LOC-IN-0004525,COMPLETED,REF-LOC-IN-0004525,EXT-SRC-002263,INWARD,B4002,2026-03-05 10:33:00,,220000000453,AE070330000220000000453,52202.00,52202.00,BUSINESS_INCOME,Business Income,FTS,AE125637000000000002263,0.00,[]
LOC-IN-0004527,QUOTE-LOC-IN-0004527,COMPLETED,REF-LOC-IN-0004527,EXT-SRC-002264,INWARD,B4002,2026-04-08 10:33:00,,220000000453,AE070330000220000000453,52273.00,52273.00,BUSINESS_INCOME,Business Income,FTS,AE125647000000000002264,0.00,[]
LOC-IN-0004529,QUOTE-LOC-IN-0004529,COMPLETED,REF-LOC-IN-0004529,EXT-SRC-002265,INWARD,B4002,2026-05-11 10:33:00,,220000000453,AE070330000220000000453,52344.00,52344.00,BUSINESS_INCOME,Business Income,FTS,AE125657000000000002265,0.00,[]
LOC-IN-0004531,QUOTE-LOC-IN-0004531,COMPLETED,REF-LOC-IN-0004531,EXT-SRC-002266,INWARD,B4003,2026-01-06 11:34:00,,220000000454,AE070330000220000000454,52197.00,52197.00,BUSINESS_INCOME,Business Income,FTS,AE125667000000000002266,0.00,[]
LOC-IN-0004533,QUOTE-LOC-IN-0004533,COMPLETED,REF-LOC-IN-0004533,EXT-SRC-002267,INWARD,B4003,2026-02-09 11:34:00,,220000000454,AE070330000220000000454,52268.00,52268.00,BUSINESS_INCOME,Business Income,FTS,AE125677000000000002267,0.00,[]
LOC-IN-0004535,QUOTE-LOC-IN-0004535,COMPLETED,REF-LOC-IN-0004535,EXT-SRC-002268,INWARD,B4003,2026-03-12 11:34:00,,220000000454,AE070330000220000000454,52339.00,52339.00,BUSINESS_INCOME,Business Income,FTS,AE125687000000000002268,0.00,[]
LOC-IN-0004537,QUOTE-LOC-IN-0004537,COMPLETED,REF-LOC-IN-0004537,EXT-SRC-002269,INWARD,B4003,2026-04-15 11:34:00,,220000000454,AE070330000220000000454,52410.00,52410.00,BUSINESS_INCOME,Business Income,FTS,AE125697000000000002269,0.00,[]
LOC-IN-0004539,QUOTE-LOC-IN-0004539,COMPLETED,REF-LOC-IN-0004539,EXT-SRC-002270,INWARD,B4003,2026-04-26 11:34:00,,220000000454,AE070330000220000000454,52481.00,52481.00,BUSINESS_INCOME,Business Income,FTS,AE125707000000000002270,0.00,[]
LOC-IN-0004541,QUOTE-LOC-IN-0004541,COMPLETED,REF-LOC-IN-0004541,EXT-SRC-002271,INWARD,B4004,2026-01-13 12:35:00,,220000000455,AE070330000220000000455,52334.00,52334.00,BUSINESS_INCOME,Business Income,FTS,AE125717000000000002271,0.00,[]
LOC-IN-0004543,QUOTE-LOC-IN-0004543,COMPLETED,REF-LOC-IN-0004543,EXT-SRC-002272,INWARD,B4004,2026-02-16 12:35:00,,220000000455,AE070330000220000000455,52405.00,52405.00,BUSINESS_INCOME,Business Income,FTS,AE125727000000000002272,0.00,[]
LOC-IN-0004545,QUOTE-LOC-IN-0004545,COMPLETED,REF-LOC-IN-0004545,EXT-SRC-002273,INWARD,B4004,2026-02-25 12:35:00,,220000000455,AE070330000220000000455,52476.00,52476.00,BUSINESS_INCOME,Business Income,FTS,AE125737000000000002273,0.00,[]
LOC-IN-0004547,QUOTE-LOC-IN-0004547,COMPLETED,REF-LOC-IN-0004547,EXT-SRC-002274,INWARD,B4004,2026-03-31 12:35:00,,220000000455,AE070330000220000000455,52547.00,52547.00,BUSINESS_INCOME,Business Income,FTS,AE125747000000000002274,0.00,[]
LOC-IN-0004549,QUOTE-LOC-IN-0004549,COMPLETED,REF-LOC-IN-0004549,EXT-SRC-002275,INWARD,B4004,2026-05-03 12:35:00,,220000000455,AE070330000220000000455,52618.00,52618.00,BUSINESS_INCOME,Business Income,FTS,AE125757000000000002275,0.00,[]
LOC-IN-0004551,QUOTE-LOC-IN-0004551,COMPLETED,REF-LOC-IN-0004551,EXT-SRC-002276,INWARD,B4005,2025-12-29 13:36:00,,220000000456,AE070330000220000000456,52471.00,52471.00,BUSINESS_INCOME,Business Income,FTS,AE125767000000000002276,0.00,[]
LOC-IN-0004553,QUOTE-LOC-IN-0004553,COMPLETED,REF-LOC-IN-0004553,EXT-SRC-002277,INWARD,B4005,2026-02-01 13:36:00,,220000000456,AE070330000220000000456,52542.00,52542.00,BUSINESS_INCOME,Business Income,FTS,AE125777000000000002277,0.00,[]
LOC-IN-0004555,QUOTE-LOC-IN-0004555,COMPLETED,REF-LOC-IN-0004555,EXT-SRC-002278,INWARD,B4005,2026-03-04 13:36:00,,220000000456,AE070330000220000000456,52613.00,52613.00,BUSINESS_INCOME,Business Income,FTS,AE125787000000000002278,0.00,[]
LOC-IN-0004557,QUOTE-LOC-IN-0004557,COMPLETED,REF-LOC-IN-0004557,EXT-SRC-002279,INWARD,B4005,2026-04-07 13:36:00,,220000000456,AE070330000220000000456,52684.00,52684.00,BUSINESS_INCOME,Business Income,FTS,AE125797000000000002279,0.00,[]
LOC-IN-0004559,QUOTE-LOC-IN-0004559,COMPLETED,REF-LOC-IN-0004559,EXT-SRC-002280,INWARD,B4005,2026-05-10 13:36:00,,220000000456,AE070330000220000000456,52755.00,52755.00,BUSINESS_INCOME,Business Income,FTS,AE125807000000000002280,0.00,[]
LOC-IN-0004561,QUOTE-LOC-IN-0004561,COMPLETED,REF-LOC-IN-0004561,EXT-SRC-002281,INWARD,B4006,2026-01-05 14:37:00,,220000000457,AE070330000220000000457,52608.00,52608.00,BUSINESS_INCOME,Business Income,FTS,AE125817000000000002281,0.00,[]
LOC-IN-0004563,QUOTE-LOC-IN-0004563,COMPLETED,REF-LOC-IN-0004563,EXT-SRC-002282,INWARD,B4006,2026-02-08 14:37:00,,220000000457,AE070330000220000000457,52679.00,52679.00,BUSINESS_INCOME,Business Income,FTS,AE125827000000000002282,0.00,[]
LOC-IN-0004565,QUOTE-LOC-IN-0004565,COMPLETED,REF-LOC-IN-0004565,EXT-SRC-002283,INWARD,B4006,2026-03-11 14:37:00,,220000000457,AE070330000220000000457,52750.00,52750.00,BUSINESS_INCOME,Business Income,FTS,AE125837000000000002283,0.00,[]
LOC-IN-0004567,QUOTE-LOC-IN-0004567,COMPLETED,REF-LOC-IN-0004567,EXT-SRC-002284,INWARD,B4006,2026-04-14 14:37:00,,220000000457,AE070330000220000000457,52821.00,52821.00,BUSINESS_INCOME,Business Income,FTS,AE125847000000000002284,0.00,[]
LOC-IN-0004569,QUOTE-LOC-IN-0004569,COMPLETED,REF-LOC-IN-0004569,EXT-SRC-002285,INWARD,B4006,2026-05-17 14:37:00,,220000000457,AE070330000220000000457,52892.00,52892.00,BUSINESS_INCOME,Business Income,FTS,AE125857000000000002285,0.00,[]
LOC-IN-0004571,QUOTE-LOC-IN-0004571,COMPLETED,REF-LOC-IN-0004571,EXT-SRC-002286,INWARD,B4007,2026-01-12 15:38:00,,220000000458,AE070330000220000000458,52745.00,52745.00,BUSINESS_INCOME,Business Income,FTS,AE125867000000000002286,0.00,[]
LOC-IN-0004573,QUOTE-LOC-IN-0004573,COMPLETED,REF-LOC-IN-0004573,EXT-SRC-002287,INWARD,B4007,2026-02-15 15:38:00,,220000000458,AE070330000220000000458,52816.00,52816.00,BUSINESS_INCOME,Business Income,FTS,AE125877000000000002287,0.00,[]
LOC-IN-0004575,QUOTE-LOC-IN-0004575,COMPLETED,REF-LOC-IN-0004575,EXT-SRC-002288,INWARD,B4007,2026-02-24 15:38:00,,220000000458,AE070330000220000000458,52887.00,52887.00,BUSINESS_INCOME,Business Income,FTS,AE125887000000000002288,0.00,[]
LOC-IN-0004577,QUOTE-LOC-IN-0004577,COMPLETED,REF-LOC-IN-0004577,EXT-SRC-002289,INWARD,B4007,2026-03-30 15:38:00,,220000000458,AE070330000220000000458,52958.00,52958.00,BUSINESS_INCOME,Business Income,FTS,AE125897000000000002289,0.00,[]
LOC-IN-0004579,QUOTE-LOC-IN-0004579,COMPLETED,REF-LOC-IN-0004579,EXT-SRC-002290,INWARD,B4007,2026-05-02 15:38:00,,220000000458,AE070330000220000000458,53029.00,53029.00,BUSINESS_INCOME,Business Income,FTS,AE125907000000000002290,0.00,[]
LOC-IN-0004581,QUOTE-LOC-IN-0004581,COMPLETED,REF-LOC-IN-0004581,EXT-SRC-002291,INWARD,B4008,2025-12-28 16:39:00,,220000000459,AE070330000220000000459,52882.00,52882.00,BUSINESS_INCOME,Business Income,FTS,AE125917000000000002291,0.00,[]
LOC-IN-0004583,QUOTE-LOC-IN-0004583,COMPLETED,REF-LOC-IN-0004583,EXT-SRC-002292,INWARD,B4008,2026-01-31 16:39:00,,220000000459,AE070330000220000000459,52953.00,52953.00,BUSINESS_INCOME,Business Income,FTS,AE125927000000000002292,0.00,[]
LOC-IN-0004585,QUOTE-LOC-IN-0004585,COMPLETED,REF-LOC-IN-0004585,EXT-SRC-002293,INWARD,B4008,2026-03-03 16:39:00,,220000000459,AE070330000220000000459,53024.00,53024.00,BUSINESS_INCOME,Business Income,FTS,AE125937000000000002293,0.00,[]
LOC-IN-0004587,QUOTE-LOC-IN-0004587,COMPLETED,REF-LOC-IN-0004587,EXT-SRC-002294,INWARD,B4008,2026-04-06 16:39:00,,220000000459,AE070330000220000000459,53095.00,53095.00,BUSINESS_INCOME,Business Income,FTS,AE125947000000000002294,0.00,[]
LOC-IN-0004589,QUOTE-LOC-IN-0004589,COMPLETED,REF-LOC-IN-0004589,EXT-SRC-002295,INWARD,B4008,2026-05-09 16:39:00,,220000000459,AE070330000220000000459,53166.00,53166.00,BUSINESS_INCOME,Business Income,FTS,AE125957000000000002295,0.00,[]
LOC-IN-0004591,QUOTE-LOC-IN-0004591,COMPLETED,REF-LOC-IN-0004591,EXT-SRC-002296,INWARD,B4009,2026-01-04 17:40:00,,220000000460,AE070330000220000000460,53019.00,53019.00,BUSINESS_INCOME,Business Income,FTS,AE125967000000000002296,0.00,[]
LOC-IN-0004593,QUOTE-LOC-IN-0004593,COMPLETED,REF-LOC-IN-0004593,EXT-SRC-002297,INWARD,B4009,2026-02-07 17:40:00,,220000000460,AE070330000220000000460,53090.00,53090.00,BUSINESS_INCOME,Business Income,FTS,AE125977000000000002297,0.00,[]
LOC-IN-0004595,QUOTE-LOC-IN-0004595,COMPLETED,REF-LOC-IN-0004595,EXT-SRC-002298,INWARD,B4009,2026-03-10 17:40:00,,220000000460,AE070330000220000000460,53161.00,53161.00,BUSINESS_INCOME,Business Income,FTS,AE125987000000000002298,0.00,[]
LOC-IN-0004597,QUOTE-LOC-IN-0004597,COMPLETED,REF-LOC-IN-0004597,EXT-SRC-002299,INWARD,B4009,2026-04-13 17:40:00,,220000000460,AE070330000220000000460,53232.00,53232.00,BUSINESS_INCOME,Business Income,FTS,AE125997000000000002299,0.00,[]
LOC-IN-0004599,QUOTE-LOC-IN-0004599,COMPLETED,REF-LOC-IN-0004599,EXT-SRC-002300,INWARD,B4009,2026-05-16 17:40:00,,220000000460,AE070330000220000000460,53303.00,53303.00,BUSINESS_INCOME,Business Income,FTS,AE126007000000000002300,0.00,[]
LOC-IN-0004601,QUOTE-LOC-IN-0004601,COMPLETED,REF-LOC-IN-0004601,EXT-SRC-002301,INWARD,B4010,2026-01-11 18:41:00,,220000000461,AE070330000220000000461,53156.00,53156.00,BUSINESS_INCOME,Business Income,FTS,AE126017000000000002301,0.00,[]
LOC-IN-0004603,QUOTE-LOC-IN-0004603,COMPLETED,REF-LOC-IN-0004603,EXT-SRC-002302,INWARD,B4010,2026-02-14 18:41:00,,220000000461,AE070330000220000000461,53227.00,53227.00,BUSINESS_INCOME,Business Income,FTS,AE126027000000000002302,0.00,[]
LOC-IN-0004605,QUOTE-LOC-IN-0004605,COMPLETED,REF-LOC-IN-0004605,EXT-SRC-002303,INWARD,B4010,2026-03-17 18:41:00,,220000000461,AE070330000220000000461,53298.00,53298.00,BUSINESS_INCOME,Business Income,FTS,AE126037000000000002303,0.00,[]
LOC-IN-0004607,QUOTE-LOC-IN-0004607,COMPLETED,REF-LOC-IN-0004607,EXT-SRC-002304,INWARD,B4010,2026-03-29 18:41:00,,220000000461,AE070330000220000000461,53369.00,53369.00,BUSINESS_INCOME,Business Income,FTS,AE126047000000000002304,0.00,[]
LOC-IN-0004609,QUOTE-LOC-IN-0004609,COMPLETED,REF-LOC-IN-0004609,EXT-SRC-002305,INWARD,B4010,2026-05-01 18:41:00,,220000000461,AE070330000220000000461,53440.00,53440.00,BUSINESS_INCOME,Business Income,FTS,AE126057000000000002305,0.00,[]
LOC-IN-0004611,QUOTE-LOC-IN-0004611,COMPLETED,REF-LOC-IN-0004611,EXT-SRC-002306,INWARD,B4011,2025-12-27 08:42:00,,220000000462,AE070330000220000000462,53293.00,53293.00,BUSINESS_INCOME,Business Income,FTS,AE126067000000000002306,0.00,[]
LOC-IN-0004613,QUOTE-LOC-IN-0004613,COMPLETED,REF-LOC-IN-0004613,EXT-SRC-002307,INWARD,B4011,2026-01-30 08:42:00,,220000000462,AE070330000220000000462,53364.00,53364.00,BUSINESS_INCOME,Business Income,FTS,AE126077000000000002307,0.00,[]
LOC-IN-0004615,QUOTE-LOC-IN-0004615,COMPLETED,REF-LOC-IN-0004615,EXT-SRC-002308,INWARD,B4011,2026-03-02 08:42:00,,220000000462,AE070330000220000000462,53435.00,53435.00,BUSINESS_INCOME,Business Income,FTS,AE126087000000000002308,0.00,[]
LOC-IN-0004617,QUOTE-LOC-IN-0004617,COMPLETED,REF-LOC-IN-0004617,EXT-SRC-002309,INWARD,B4011,2026-04-05 08:42:00,,220000000462,AE070330000220000000462,53506.00,53506.00,BUSINESS_INCOME,Business Income,FTS,AE126097000000000002309,0.00,[]
LOC-IN-0004619,QUOTE-LOC-IN-0004619,COMPLETED,REF-LOC-IN-0004619,EXT-SRC-002310,INWARD,B4011,2026-05-08 08:42:00,,220000000462,AE070330000220000000462,53577.00,53577.00,BUSINESS_INCOME,Business Income,FTS,AE126107000000000002310,0.00,[]
LOC-IN-0004621,QUOTE-LOC-IN-0004621,COMPLETED,REF-LOC-IN-0004621,EXT-SRC-002311,INWARD,B4012,2026-01-03 09:43:00,,220000000463,AE070330000220000000463,53430.00,53430.00,BUSINESS_INCOME,Business Income,FTS,AE126117000000000002311,0.00,[]
LOC-IN-0004623,QUOTE-LOC-IN-0004623,COMPLETED,REF-LOC-IN-0004623,EXT-SRC-002312,INWARD,B4012,2026-02-06 09:43:00,,220000000463,AE070330000220000000463,53501.00,53501.00,BUSINESS_INCOME,Business Income,FTS,AE126127000000000002312,0.00,[]
LOC-IN-0004625,QUOTE-LOC-IN-0004625,COMPLETED,REF-LOC-IN-0004625,EXT-SRC-002313,INWARD,B4012,2026-03-09 09:43:00,,220000000463,AE070330000220000000463,53572.00,53572.00,BUSINESS_INCOME,Business Income,FTS,AE126137000000000002313,0.00,[]
LOC-IN-0004627,QUOTE-LOC-IN-0004627,COMPLETED,REF-LOC-IN-0004627,EXT-SRC-002314,INWARD,B4012,2026-04-12 09:43:00,,220000000463,AE070330000220000000463,53643.00,53643.00,BUSINESS_INCOME,Business Income,FTS,AE126147000000000002314,0.00,[]
LOC-IN-0004629,QUOTE-LOC-IN-0004629,COMPLETED,REF-LOC-IN-0004629,EXT-SRC-002315,INWARD,B4012,2026-05-15 09:43:00,,220000000463,AE070330000220000000463,53714.00,53714.00,BUSINESS_INCOME,Business Income,FTS,AE126157000000000002315,0.00,[]
LOC-IN-0004631,QUOTE-LOC-IN-0004631,COMPLETED,REF-LOC-IN-0004631,EXT-SRC-002316,INWARD,B4013,2026-01-10 10:44:00,,220000000464,AE070330000220000000464,53567.00,53567.00,BUSINESS_INCOME,Business Income,FTS,AE126167000000000002316,0.00,[]
LOC-IN-0004633,QUOTE-LOC-IN-0004633,COMPLETED,REF-LOC-IN-0004633,EXT-SRC-002317,INWARD,B4013,2026-02-13 10:44:00,,220000000464,AE070330000220000000464,53638.00,53638.00,BUSINESS_INCOME,Business Income,FTS,AE126177000000000002317,0.00,[]
LOC-IN-0004635,QUOTE-LOC-IN-0004635,COMPLETED,REF-LOC-IN-0004635,EXT-SRC-002318,INWARD,B4013,2026-03-16 10:44:00,,220000000464,AE070330000220000000464,53709.00,53709.00,BUSINESS_INCOME,Business Income,FTS,AE126187000000000002318,0.00,[]
LOC-IN-0004637,QUOTE-LOC-IN-0004637,COMPLETED,REF-LOC-IN-0004637,EXT-SRC-002319,INWARD,B4013,2026-03-28 10:44:00,,220000000464,AE070330000220000000464,53780.00,53780.00,BUSINESS_INCOME,Business Income,FTS,AE126197000000000002319,0.00,[]
LOC-IN-0004639,QUOTE-LOC-IN-0004639,COMPLETED,REF-LOC-IN-0004639,EXT-SRC-002320,INWARD,B4013,2026-04-30 10:44:00,,220000000464,AE070330000220000000464,53851.00,53851.00,BUSINESS_INCOME,Business Income,FTS,AE126207000000000002320,0.00,[]
LOC-IN-0004641,QUOTE-LOC-IN-0004641,COMPLETED,REF-LOC-IN-0004641,EXT-SRC-002321,INWARD,B4014,2026-01-17 11:45:00,,220000000465,AE070330000220000000465,53704.00,53704.00,BUSINESS_INCOME,Business Income,FTS,AE126217000000000002321,0.00,[]
LOC-IN-0004643,QUOTE-LOC-IN-0004643,COMPLETED,REF-LOC-IN-0004643,EXT-SRC-002322,INWARD,B4014,2026-01-29 11:45:00,,220000000465,AE070330000220000000465,53775.00,53775.00,BUSINESS_INCOME,Business Income,FTS,AE126227000000000002322,0.00,[]
LOC-IN-0004645,QUOTE-LOC-IN-0004645,COMPLETED,REF-LOC-IN-0004645,EXT-SRC-002323,INWARD,B4014,2026-03-01 11:45:00,,220000000465,AE070330000220000000465,53846.00,53846.00,BUSINESS_INCOME,Business Income,FTS,AE126237000000000002323,0.00,[]
LOC-IN-0004647,QUOTE-LOC-IN-0004647,COMPLETED,REF-LOC-IN-0004647,EXT-SRC-002324,INWARD,B4014,2026-04-04 11:45:00,,220000000465,AE070330000220000000465,53917.00,53917.00,BUSINESS_INCOME,Business Income,FTS,AE126247000000000002324,0.00,[]
LOC-IN-0004649,QUOTE-LOC-IN-0004649,COMPLETED,REF-LOC-IN-0004649,EXT-SRC-002325,INWARD,B4014,2026-05-07 11:45:00,,220000000465,AE070330000220000000465,53988.00,53988.00,BUSINESS_INCOME,Business Income,FTS,AE126257000000000002325,0.00,[]
LOC-IN-0004651,QUOTE-LOC-IN-0004651,COMPLETED,REF-LOC-IN-0004651,EXT-SRC-002326,INWARD,B4015,2026-01-02 12:46:00,,220000000466,AE070330000220000000466,53841.00,53841.00,BUSINESS_INCOME,Business Income,FTS,AE126267000000000002326,0.00,[]
LOC-IN-0004653,QUOTE-LOC-IN-0004653,COMPLETED,REF-LOC-IN-0004653,EXT-SRC-002327,INWARD,B4015,2026-02-05 12:46:00,,220000000466,AE070330000220000000466,53912.00,53912.00,BUSINESS_INCOME,Business Income,FTS,AE126277000000000002327,0.00,[]
LOC-IN-0004655,QUOTE-LOC-IN-0004655,COMPLETED,REF-LOC-IN-0004655,EXT-SRC-002328,INWARD,B4015,2026-03-08 12:46:00,,220000000466,AE070330000220000000466,53983.00,53983.00,BUSINESS_INCOME,Business Income,FTS,AE126287000000000002328,0.00,[]
LOC-IN-0004657,QUOTE-LOC-IN-0004657,COMPLETED,REF-LOC-IN-0004657,EXT-SRC-002329,INWARD,B4015,2026-04-11 12:46:00,,220000000466,AE070330000220000000466,54054.00,54054.00,BUSINESS_INCOME,Business Income,FTS,AE126297000000000002329,0.00,[]
LOC-IN-0004659,QUOTE-LOC-IN-0004659,COMPLETED,REF-LOC-IN-0004659,EXT-SRC-002330,INWARD,B4015,2026-05-14 12:46:00,,220000000466,AE070330000220000000466,54125.00,54125.00,BUSINESS_INCOME,Business Income,FTS,AE126307000000000002330,0.00,[]
LOC-IN-0004661,QUOTE-LOC-IN-0004661,COMPLETED,REF-LOC-IN-0004661,EXT-SRC-002331,INWARD,B4016,2026-01-09 13:47:00,,220000000467,AE070330000220000000467,53978.00,53978.00,BUSINESS_INCOME,Business Income,FTS,AE126317000000000002331,0.00,[]
LOC-IN-0004663,QUOTE-LOC-IN-0004663,COMPLETED,REF-LOC-IN-0004663,EXT-SRC-002332,INWARD,B4016,2026-02-12 13:47:00,,220000000467,AE070330000220000000467,54049.00,54049.00,BUSINESS_INCOME,Business Income,FTS,AE126327000000000002332,0.00,[]
LOC-IN-0004665,QUOTE-LOC-IN-0004665,COMPLETED,REF-LOC-IN-0004665,EXT-SRC-002333,INWARD,B4016,2026-03-15 13:47:00,,220000000467,AE070330000220000000467,54120.00,54120.00,BUSINESS_INCOME,Business Income,FTS,AE126337000000000002333,0.00,[]
LOC-IN-0004667,QUOTE-LOC-IN-0004667,COMPLETED,REF-LOC-IN-0004667,EXT-SRC-002334,INWARD,B4016,2026-03-27 13:47:00,,220000000467,AE070330000220000000467,54191.00,54191.00,BUSINESS_INCOME,Business Income,FTS,AE126347000000000002334,0.00,[]
LOC-IN-0004669,QUOTE-LOC-IN-0004669,COMPLETED,REF-LOC-IN-0004669,EXT-SRC-002335,INWARD,B4016,2026-04-29 13:47:00,,220000000467,AE070330000220000000467,54262.00,54262.00,BUSINESS_INCOME,Business Income,FTS,AE126357000000000002335,0.00,[]
LOC-IN-0004671,QUOTE-LOC-IN-0004671,COMPLETED,REF-LOC-IN-0004671,EXT-SRC-002336,INWARD,B4017,2026-01-16 14:48:00,,220000000468,AE070330000220000000468,54115.00,54115.00,BUSINESS_INCOME,Business Income,FTS,AE126367000000000002336,0.00,[]
LOC-IN-0004673,QUOTE-LOC-IN-0004673,COMPLETED,REF-LOC-IN-0004673,EXT-SRC-002337,INWARD,B4017,2026-01-28 14:48:00,,220000000468,AE070330000220000000468,54186.00,54186.00,BUSINESS_INCOME,Business Income,FTS,AE126377000000000002337,0.00,[]
LOC-IN-0004675,QUOTE-LOC-IN-0004675,COMPLETED,REF-LOC-IN-0004675,EXT-SRC-002338,INWARD,B4017,2026-02-28 14:48:00,,220000000468,AE070330000220000000468,54257.00,54257.00,BUSINESS_INCOME,Business Income,FTS,AE126387000000000002338,0.00,[]
LOC-IN-0004677,QUOTE-LOC-IN-0004677,COMPLETED,REF-LOC-IN-0004677,EXT-SRC-002339,INWARD,B4017,2026-04-03 14:48:00,,220000000468,AE070330000220000000468,54328.00,54328.00,BUSINESS_INCOME,Business Income,FTS,AE126397000000000002339,0.00,[]
LOC-IN-0004679,QUOTE-LOC-IN-0004679,COMPLETED,REF-LOC-IN-0004679,EXT-SRC-002340,INWARD,B4017,2026-05-06 14:48:00,,220000000468,AE070330000220000000468,54399.00,54399.00,BUSINESS_INCOME,Business Income,FTS,AE126407000000000002340,0.00,[]
LOC-IN-0004681,QUOTE-LOC-IN-0004681,COMPLETED,REF-LOC-IN-0004681,EXT-SRC-002341,INWARD,B4018,2026-01-01 15:49:00,,220000000469,AE070330000220000000469,54252.00,54252.00,BUSINESS_INCOME,Business Income,FTS,AE126417000000000002341,0.00,[]
LOC-IN-0004683,QUOTE-LOC-IN-0004683,COMPLETED,REF-LOC-IN-0004683,EXT-SRC-002342,INWARD,B4018,2026-02-04 15:49:00,,220000000469,AE070330000220000000469,54323.00,54323.00,BUSINESS_INCOME,Business Income,FTS,AE126427000000000002342,0.00,[]
LOC-IN-0004685,QUOTE-LOC-IN-0004685,COMPLETED,REF-LOC-IN-0004685,EXT-SRC-002343,INWARD,B4018,2026-03-07 15:49:00,,220000000469,AE070330000220000000469,54394.00,54394.00,BUSINESS_INCOME,Business Income,FTS,AE126437000000000002343,0.00,[]
LOC-IN-0004687,QUOTE-LOC-IN-0004687,COMPLETED,REF-LOC-IN-0004687,EXT-SRC-002344,INWARD,B4018,2026-04-10 15:49:00,,220000000469,AE070330000220000000469,54465.00,54465.00,BUSINESS_INCOME,Business Income,FTS,AE126447000000000002344,0.00,[]
LOC-IN-0004689,QUOTE-LOC-IN-0004689,COMPLETED,REF-LOC-IN-0004689,EXT-SRC-002345,INWARD,B4018,2026-05-13 15:49:00,,220000000469,AE070330000220000000469,54536.00,54536.00,BUSINESS_INCOME,Business Income,FTS,AE126457000000000002345,0.00,[]
LOC-IN-0004691,QUOTE-LOC-IN-0004691,COMPLETED,REF-LOC-IN-0004691,EXT-SRC-002346,INWARD,B4019,2026-01-08 16:50:00,,220000000470,AE070330000220000000470,54389.00,54389.00,BUSINESS_INCOME,Business Income,FTS,AE126467000000000002346,0.00,[]
LOC-IN-0004693,QUOTE-LOC-IN-0004693,COMPLETED,REF-LOC-IN-0004693,EXT-SRC-002347,INWARD,B4019,2026-02-11 16:50:00,,220000000470,AE070330000220000000470,54460.00,54460.00,BUSINESS_INCOME,Business Income,FTS,AE126477000000000002347,0.00,[]
LOC-IN-0004695,QUOTE-LOC-IN-0004695,COMPLETED,REF-LOC-IN-0004695,EXT-SRC-002348,INWARD,B4019,2026-03-14 16:50:00,,220000000470,AE070330000220000000470,54531.00,54531.00,BUSINESS_INCOME,Business Income,FTS,AE126487000000000002348,0.00,[]
LOC-IN-0004697,QUOTE-LOC-IN-0004697,COMPLETED,REF-LOC-IN-0004697,EXT-SRC-002349,INWARD,B4019,2026-04-17 16:50:00,,220000000470,AE070330000220000000470,54602.00,54602.00,BUSINESS_INCOME,Business Income,FTS,AE126497000000000002349,0.00,[]
LOC-IN-0004699,QUOTE-LOC-IN-0004699,COMPLETED,REF-LOC-IN-0004699,EXT-SRC-002350,INWARD,B4019,2026-04-28 16:50:00,,220000000470,AE070330000220000000470,54673.00,54673.00,BUSINESS_INCOME,Business Income,FTS,AE126507000000000002350,0.00,[]
LOC-IN-0004701,QUOTE-LOC-IN-0004701,COMPLETED,REF-LOC-IN-0004701,EXT-SRC-002351,INWARD,B4020,2026-01-15 17:51:00,,220000000471,AE070330000220000000471,54526.00,54526.00,BUSINESS_INCOME,Business Income,FTS,AE126517000000000002351,0.00,[]
LOC-IN-0004703,QUOTE-LOC-IN-0004703,COMPLETED,REF-LOC-IN-0004703,EXT-SRC-002352,INWARD,B4020,2026-01-27 17:51:00,,220000000471,AE070330000220000000471,54597.00,54597.00,BUSINESS_INCOME,Business Income,FTS,AE126527000000000002352,0.00,[]
LOC-IN-0004705,QUOTE-LOC-IN-0004705,COMPLETED,REF-LOC-IN-0004705,EXT-SRC-002353,INWARD,B4020,2026-02-27 17:51:00,,220000000471,AE070330000220000000471,54668.00,54668.00,BUSINESS_INCOME,Business Income,FTS,AE126537000000000002353,0.00,[]
LOC-IN-0004707,QUOTE-LOC-IN-0004707,COMPLETED,REF-LOC-IN-0004707,EXT-SRC-002354,INWARD,B4020,2026-04-02 17:51:00,,220000000471,AE070330000220000000471,54739.00,54739.00,BUSINESS_INCOME,Business Income,FTS,AE126547000000000002354,0.00,[]
LOC-IN-0004709,QUOTE-LOC-IN-0004709,COMPLETED,REF-LOC-IN-0004709,EXT-SRC-002355,INWARD,B4020,2026-05-05 17:51:00,,220000000471,AE070330000220000000471,54810.00,54810.00,BUSINESS_INCOME,Business Income,FTS,AE126557000000000002355,0.00,[]
LOC-IN-0004711,QUOTE-LOC-IN-0004711,COMPLETED,REF-LOC-IN-0004711,EXT-SRC-002356,INWARD,B4021,2025-12-31 18:52:00,,220000000472,AE070330000220000000472,54663.00,54663.00,BUSINESS_INCOME,Business Income,FTS,AE126567000000000002356,0.00,[]
LOC-IN-0004713,QUOTE-LOC-IN-0004713,COMPLETED,REF-LOC-IN-0004713,EXT-SRC-002357,INWARD,B4021,2026-02-03 18:52:00,,220000000472,AE070330000220000000472,54734.00,54734.00,BUSINESS_INCOME,Business Income,FTS,AE126577000000000002357,0.00,[]
LOC-IN-0004715,QUOTE-LOC-IN-0004715,COMPLETED,REF-LOC-IN-0004715,EXT-SRC-002358,INWARD,B4021,2026-03-06 18:52:00,,220000000472,AE070330000220000000472,54805.00,54805.00,BUSINESS_INCOME,Business Income,FTS,AE126587000000000002358,0.00,[]
LOC-IN-0004717,QUOTE-LOC-IN-0004717,COMPLETED,REF-LOC-IN-0004717,EXT-SRC-002359,INWARD,B4021,2026-04-09 18:52:00,,220000000472,AE070330000220000000472,54876.00,54876.00,BUSINESS_INCOME,Business Income,FTS,AE126597000000000002359,0.00,[]
LOC-IN-0004719,QUOTE-LOC-IN-0004719,COMPLETED,REF-LOC-IN-0004719,EXT-SRC-002360,INWARD,B4021,2026-05-12 18:52:00,,220000000472,AE070330000220000000472,54947.00,54947.00,BUSINESS_INCOME,Business Income,FTS,AE126607000000000002360,0.00,[]
LOC-IN-0004721,QUOTE-LOC-IN-0004721,COMPLETED,REF-LOC-IN-0004721,EXT-SRC-002361,INWARD,B4022,2026-01-07 08:53:00,,220000000473,AE070330000220000000473,54800.00,54800.00,BUSINESS_INCOME,Business Income,FTS,AE126617000000000002361,0.00,[]
LOC-IN-0004723,QUOTE-LOC-IN-0004723,COMPLETED,REF-LOC-IN-0004723,EXT-SRC-002362,INWARD,B4022,2026-02-10 08:53:00,,220000000473,AE070330000220000000473,54871.00,54871.00,BUSINESS_INCOME,Business Income,FTS,AE126627000000000002362,0.00,[]
LOC-IN-0004725,QUOTE-LOC-IN-0004725,COMPLETED,REF-LOC-IN-0004725,EXT-SRC-002363,INWARD,B4022,2026-03-13 08:53:00,,220000000473,AE070330000220000000473,54942.00,54942.00,BUSINESS_INCOME,Business Income,FTS,AE126637000000000002363,0.00,[]
LOC-IN-0004727,QUOTE-LOC-IN-0004727,COMPLETED,REF-LOC-IN-0004727,EXT-SRC-002364,INWARD,B4022,2026-04-16 08:53:00,,220000000473,AE070330000220000000473,55013.00,55013.00,BUSINESS_INCOME,Business Income,FTS,AE126647000000000002364,0.00,[]
LOC-IN-0004729,QUOTE-LOC-IN-0004729,COMPLETED,REF-LOC-IN-0004729,EXT-SRC-002365,INWARD,B4022,2026-04-27 08:53:00,,220000000473,AE070330000220000000473,55084.00,55084.00,BUSINESS_INCOME,Business Income,FTS,AE126657000000000002365,0.00,[]
LOC-IN-0004731,QUOTE-LOC-IN-0004731,COMPLETED,REF-LOC-IN-0004731,EXT-SRC-002366,INWARD,B4023,2026-01-14 09:54:00,,220000000474,AE070330000220000000474,54937.00,54937.00,BUSINESS_INCOME,Business Income,FTS,AE126667000000000002366,0.00,[]
LOC-IN-0004733,QUOTE-LOC-IN-0004733,COMPLETED,REF-LOC-IN-0004733,EXT-SRC-002367,INWARD,B4023,2026-02-17 09:54:00,,220000000474,AE070330000220000000474,55008.00,55008.00,BUSINESS_INCOME,Business Income,FTS,AE126677000000000002367,0.00,[]
LOC-IN-0004735,QUOTE-LOC-IN-0004735,COMPLETED,REF-LOC-IN-0004735,EXT-SRC-002368,INWARD,B4023,2026-02-26 09:54:00,,220000000474,AE070330000220000000474,55079.00,55079.00,BUSINESS_INCOME,Business Income,FTS,AE126687000000000002368,0.00,[]
LOC-IN-0004737,QUOTE-LOC-IN-0004737,COMPLETED,REF-LOC-IN-0004737,EXT-SRC-002369,INWARD,B4023,2026-04-01 09:54:00,,220000000474,AE070330000220000000474,55150.00,55150.00,BUSINESS_INCOME,Business Income,FTS,AE126697000000000002369,0.00,[]
LOC-IN-0004739,QUOTE-LOC-IN-0004739,COMPLETED,REF-LOC-IN-0004739,EXT-SRC-002370,INWARD,B4023,2026-05-04 09:54:00,,220000000474,AE070330000220000000474,55221.00,55221.00,BUSINESS_INCOME,Business Income,FTS,AE126707000000000002370,0.00,[]
LOC-IN-0004741,QUOTE-LOC-IN-0004741,COMPLETED,REF-LOC-IN-0004741,EXT-SRC-002371,INWARD,B4024,2025-12-30 10:55:00,,220000000475,AE070330000220000000475,55074.00,55074.00,BUSINESS_INCOME,Business Income,FTS,AE126717000000000002371,0.00,[]
LOC-IN-0004743,QUOTE-LOC-IN-0004743,COMPLETED,REF-LOC-IN-0004743,EXT-SRC-002372,INWARD,B4024,2026-02-02 10:55:00,,220000000475,AE070330000220000000475,55145.00,55145.00,BUSINESS_INCOME,Business Income,FTS,AE126727000000000002372,0.00,[]
LOC-IN-0004745,QUOTE-LOC-IN-0004745,COMPLETED,REF-LOC-IN-0004745,EXT-SRC-002373,INWARD,B4024,2026-03-05 10:55:00,,220000000475,AE070330000220000000475,55216.00,55216.00,BUSINESS_INCOME,Business Income,FTS,AE126737000000000002373,0.00,[]
LOC-IN-0004747,QUOTE-LOC-IN-0004747,COMPLETED,REF-LOC-IN-0004747,EXT-SRC-002374,INWARD,B4024,2026-04-08 10:55:00,,220000000475,AE070330000220000000475,55287.00,55287.00,BUSINESS_INCOME,Business Income,FTS,AE126747000000000002374,0.00,[]
LOC-IN-0004749,QUOTE-LOC-IN-0004749,COMPLETED,REF-LOC-IN-0004749,EXT-SRC-002375,INWARD,B4024,2026-05-11 10:55:00,,220000000475,AE070330000220000000475,55358.00,55358.00,BUSINESS_INCOME,Business Income,FTS,AE126757000000000002375,0.00,[]
LOC-IN-0004751,QUOTE-LOC-IN-0004751,COMPLETED,REF-LOC-IN-0004751,EXT-SRC-002376,INWARD,B4025,2026-01-06 11:56:00,,220000000476,AE070330000220000000476,55211.00,55211.00,BUSINESS_INCOME,Business Income,FTS,AE126767000000000002376,0.00,[]
LOC-IN-0004753,QUOTE-LOC-IN-0004753,COMPLETED,REF-LOC-IN-0004753,EXT-SRC-002377,INWARD,B4025,2026-02-09 11:56:00,,220000000476,AE070330000220000000476,55282.00,55282.00,BUSINESS_INCOME,Business Income,FTS,AE126777000000000002377,0.00,[]
LOC-IN-0004755,QUOTE-LOC-IN-0004755,COMPLETED,REF-LOC-IN-0004755,EXT-SRC-002378,INWARD,B4025,2026-03-12 11:56:00,,220000000476,AE070330000220000000476,55353.00,55353.00,BUSINESS_INCOME,Business Income,FTS,AE126787000000000002378,0.00,[]
LOC-IN-0004757,QUOTE-LOC-IN-0004757,COMPLETED,REF-LOC-IN-0004757,EXT-SRC-002379,INWARD,B4025,2026-04-15 11:56:00,,220000000476,AE070330000220000000476,55424.00,55424.00,BUSINESS_INCOME,Business Income,FTS,AE126797000000000002379,0.00,[]
LOC-IN-0004759,QUOTE-LOC-IN-0004759,COMPLETED,REF-LOC-IN-0004759,EXT-SRC-002380,INWARD,B4025,2026-04-26 11:56:00,,220000000476,AE070330000220000000476,55495.00,55495.00,BUSINESS_INCOME,Business Income,FTS,AE126807000000000002380,0.00,[]
LOC-IN-0004761,QUOTE-LOC-IN-0004761,COMPLETED,REF-LOC-IN-0004761,EXT-SRC-002381,INWARD,B4026,2026-01-13 12:57:00,,220000000477,AE070330000220000000477,55348.00,55348.00,BUSINESS_INCOME,Business Income,FTS,AE126817000000000002381,0.00,[]
LOC-IN-0004763,QUOTE-LOC-IN-0004763,COMPLETED,REF-LOC-IN-0004763,EXT-SRC-002382,INWARD,B4026,2026-02-16 12:57:00,,220000000477,AE070330000220000000477,55419.00,55419.00,BUSINESS_INCOME,Business Income,FTS,AE126827000000000002382,0.00,[]
LOC-IN-0004765,QUOTE-LOC-IN-0004765,COMPLETED,REF-LOC-IN-0004765,EXT-SRC-002383,INWARD,B4026,2026-02-25 12:57:00,,220000000477,AE070330000220000000477,55490.00,55490.00,BUSINESS_INCOME,Business Income,FTS,AE126837000000000002383,0.00,[]
LOC-IN-0004767,QUOTE-LOC-IN-0004767,COMPLETED,REF-LOC-IN-0004767,EXT-SRC-002384,INWARD,B4026,2026-03-31 12:57:00,,220000000477,AE070330000220000000477,55561.00,55561.00,BUSINESS_INCOME,Business Income,FTS,AE126847000000000002384,0.00,[]
LOC-IN-0004769,QUOTE-LOC-IN-0004769,COMPLETED,REF-LOC-IN-0004769,EXT-SRC-002385,INWARD,B4026,2026-05-03 12:57:00,,220000000477,AE070330000220000000477,55632.00,55632.00,BUSINESS_INCOME,Business Income,FTS,AE126857000000000002385,0.00,[]
LOC-IN-0004771,QUOTE-LOC-IN-0004771,COMPLETED,REF-LOC-IN-0004771,EXT-SRC-002386,INWARD,B4027,2025-12-29 13:58:00,,220000000478,AE070330000220000000478,55485.00,55485.00,BUSINESS_INCOME,Business Income,FTS,AE126867000000000002386,0.00,[]
LOC-IN-0004773,QUOTE-LOC-IN-0004773,COMPLETED,REF-LOC-IN-0004773,EXT-SRC-002387,INWARD,B4027,2026-02-01 13:58:00,,220000000478,AE070330000220000000478,55556.00,55556.00,BUSINESS_INCOME,Business Income,FTS,AE126877000000000002387,0.00,[]
LOC-IN-0004775,QUOTE-LOC-IN-0004775,COMPLETED,REF-LOC-IN-0004775,EXT-SRC-002388,INWARD,B4027,2026-03-04 13:58:00,,220000000478,AE070330000220000000478,55627.00,55627.00,BUSINESS_INCOME,Business Income,FTS,AE126887000000000002388,0.00,[]
LOC-IN-0004777,QUOTE-LOC-IN-0004777,COMPLETED,REF-LOC-IN-0004777,EXT-SRC-002389,INWARD,B4027,2026-04-07 13:58:00,,220000000478,AE070330000220000000478,55698.00,55698.00,BUSINESS_INCOME,Business Income,FTS,AE126897000000000002389,0.00,[]
LOC-IN-0004779,QUOTE-LOC-IN-0004779,COMPLETED,REF-LOC-IN-0004779,EXT-SRC-002390,INWARD,B4027,2026-05-10 13:58:00,,220000000478,AE070330000220000000478,55769.00,55769.00,BUSINESS_INCOME,Business Income,FTS,AE126907000000000002390,0.00,[]
LOC-IN-0004781,QUOTE-LOC-IN-0004781,COMPLETED,REF-LOC-IN-0004781,EXT-SRC-002391,INWARD,B4028,2026-01-05 14:59:00,,220000000479,AE070330000220000000479,55622.00,55622.00,BUSINESS_INCOME,Business Income,FTS,AE126917000000000002391,0.00,[]
LOC-IN-0004783,QUOTE-LOC-IN-0004783,COMPLETED,REF-LOC-IN-0004783,EXT-SRC-002392,INWARD,B4028,2026-02-08 14:59:00,,220000000479,AE070330000220000000479,55693.00,55693.00,BUSINESS_INCOME,Business Income,FTS,AE126927000000000002392,0.00,[]
LOC-IN-0004785,QUOTE-LOC-IN-0004785,COMPLETED,REF-LOC-IN-0004785,EXT-SRC-002393,INWARD,B4028,2026-03-11 14:59:00,,220000000479,AE070330000220000000479,55764.00,55764.00,BUSINESS_INCOME,Business Income,FTS,AE126937000000000002393,0.00,[]
LOC-IN-0004787,QUOTE-LOC-IN-0004787,COMPLETED,REF-LOC-IN-0004787,EXT-SRC-002394,INWARD,B4028,2026-04-14 14:59:00,,220000000479,AE070330000220000000479,55835.00,55835.00,BUSINESS_INCOME,Business Income,FTS,AE126947000000000002394,0.00,[]
LOC-IN-0004789,QUOTE-LOC-IN-0004789,COMPLETED,REF-LOC-IN-0004789,EXT-SRC-002395,INWARD,B4028,2026-05-17 14:59:00,,220000000479,AE070330000220000000479,55906.00,55906.00,BUSINESS_INCOME,Business Income,FTS,AE126957000000000002395,0.00,[]
LOC-IN-0004791,QUOTE-LOC-IN-0004791,COMPLETED,REF-LOC-IN-0004791,EXT-SRC-002396,INWARD,B4029,2026-01-12 15:00:00,,220000000480,AE070330000220000000480,55759.00,55759.00,BUSINESS_INCOME,Business Income,FTS,AE126967000000000002396,0.00,[]
LOC-IN-0004793,QUOTE-LOC-IN-0004793,COMPLETED,REF-LOC-IN-0004793,EXT-SRC-002397,INWARD,B4029,2026-02-15 15:00:00,,220000000480,AE070330000220000000480,55830.00,55830.00,BUSINESS_INCOME,Business Income,FTS,AE126977000000000002397,0.00,[]
LOC-IN-0004795,QUOTE-LOC-IN-0004795,COMPLETED,REF-LOC-IN-0004795,EXT-SRC-002398,INWARD,B4029,2026-02-24 15:00:00,,220000000480,AE070330000220000000480,55901.00,55901.00,BUSINESS_INCOME,Business Income,FTS,AE126987000000000002398,0.00,[]
LOC-IN-0004797,QUOTE-LOC-IN-0004797,COMPLETED,REF-LOC-IN-0004797,EXT-SRC-002399,INWARD,B4029,2026-03-30 15:00:00,,220000000480,AE070330000220000000480,55972.00,55972.00,BUSINESS_INCOME,Business Income,FTS,AE126997000000000002399,0.00,[]
LOC-IN-0004799,QUOTE-LOC-IN-0004799,COMPLETED,REF-LOC-IN-0004799,EXT-SRC-002400,INWARD,B4029,2026-05-02 15:00:00,,220000000480,AE070330000220000000480,56043.00,56043.00,BUSINESS_INCOME,Business Income,FTS,AE127007000000000002400,0.00,[]
LOC-IN-0004801,QUOTE-LOC-IN-0004801,COMPLETED,REF-LOC-IN-0004801,EXT-SRC-002401,INWARD,B4030,2025-12-28 16:01:00,,220000000481,AE070330000220000000481,55896.00,55896.00,BUSINESS_INCOME,Business Income,FTS,AE127017000000000002401,0.00,[]
LOC-IN-0004803,QUOTE-LOC-IN-0004803,COMPLETED,REF-LOC-IN-0004803,EXT-SRC-002402,INWARD,B4030,2026-01-31 16:01:00,,220000000481,AE070330000220000000481,55967.00,55967.00,BUSINESS_INCOME,Business Income,FTS,AE127027000000000002402,0.00,[]
LOC-IN-0004805,QUOTE-LOC-IN-0004805,COMPLETED,REF-LOC-IN-0004805,EXT-SRC-002403,INWARD,B4030,2026-03-03 16:01:00,,220000000481,AE070330000220000000481,56038.00,56038.00,BUSINESS_INCOME,Business Income,FTS,AE127037000000000002403,0.00,[]
LOC-IN-0004807,QUOTE-LOC-IN-0004807,COMPLETED,REF-LOC-IN-0004807,EXT-SRC-002404,INWARD,B4030,2026-04-06 16:01:00,,220000000481,AE070330000220000000481,56109.00,56109.00,BUSINESS_INCOME,Business Income,FTS,AE127047000000000002404,0.00,[]
LOC-IN-0004809,QUOTE-LOC-IN-0004809,COMPLETED,REF-LOC-IN-0004809,EXT-SRC-002405,INWARD,B4030,2026-05-09 16:01:00,,220000000481,AE070330000220000000481,56180.00,56180.00,BUSINESS_INCOME,Business Income,FTS,AE127057000000000002405,0.00,[]
LOC-IN-0004811,QUOTE-LOC-IN-0004811,COMPLETED,REF-LOC-IN-0004811,EXT-SRC-002406,INWARD,B4031,2026-01-04 17:02:00,,220000000482,AE070330000220000000482,56033.00,56033.00,BUSINESS_INCOME,Business Income,FTS,AE127067000000000002406,0.00,[]
LOC-IN-0004813,QUOTE-LOC-IN-0004813,COMPLETED,REF-LOC-IN-0004813,EXT-SRC-002407,INWARD,B4031,2026-02-07 17:02:00,,220000000482,AE070330000220000000482,56104.00,56104.00,BUSINESS_INCOME,Business Income,FTS,AE127077000000000002407,0.00,[]
LOC-IN-0004815,QUOTE-LOC-IN-0004815,COMPLETED,REF-LOC-IN-0004815,EXT-SRC-002408,INWARD,B4031,2026-03-10 17:02:00,,220000000482,AE070330000220000000482,56175.00,56175.00,BUSINESS_INCOME,Business Income,FTS,AE127087000000000002408,0.00,[]
LOC-IN-0004817,QUOTE-LOC-IN-0004817,COMPLETED,REF-LOC-IN-0004817,EXT-SRC-002409,INWARD,B4031,2026-04-13 17:02:00,,220000000482,AE070330000220000000482,56246.00,56246.00,BUSINESS_INCOME,Business Income,FTS,AE127097000000000002409,0.00,[]
LOC-IN-0004819,QUOTE-LOC-IN-0004819,COMPLETED,REF-LOC-IN-0004819,EXT-SRC-002410,INWARD,B4031,2026-05-16 17:02:00,,220000000482,AE070330000220000000482,56317.00,56317.00,BUSINESS_INCOME,Business Income,FTS,AE127107000000000002410,0.00,[]
LOC-IN-0004821,QUOTE-LOC-IN-0004821,COMPLETED,REF-LOC-IN-0004821,EXT-SRC-002411,INWARD,B4032,2026-01-11 18:03:00,,220000000483,AE070330000220000000483,56170.00,56170.00,BUSINESS_INCOME,Business Income,FTS,AE127117000000000002411,0.00,[]
LOC-IN-0004823,QUOTE-LOC-IN-0004823,COMPLETED,REF-LOC-IN-0004823,EXT-SRC-002412,INWARD,B4032,2026-02-14 18:03:00,,220000000483,AE070330000220000000483,56241.00,56241.00,BUSINESS_INCOME,Business Income,FTS,AE127127000000000002412,0.00,[]
LOC-IN-0004825,QUOTE-LOC-IN-0004825,COMPLETED,REF-LOC-IN-0004825,EXT-SRC-002413,INWARD,B4032,2026-03-17 18:03:00,,220000000483,AE070330000220000000483,56312.00,56312.00,BUSINESS_INCOME,Business Income,FTS,AE127137000000000002413,0.00,[]
LOC-IN-0004827,QUOTE-LOC-IN-0004827,COMPLETED,REF-LOC-IN-0004827,EXT-SRC-002414,INWARD,B4032,2026-03-29 18:03:00,,220000000483,AE070330000220000000483,56383.00,56383.00,BUSINESS_INCOME,Business Income,FTS,AE127147000000000002414,0.00,[]
LOC-IN-0004829,QUOTE-LOC-IN-0004829,COMPLETED,REF-LOC-IN-0004829,EXT-SRC-002415,INWARD,B4032,2026-05-01 18:03:00,,220000000483,AE070330000220000000483,56454.00,56454.00,BUSINESS_INCOME,Business Income,FTS,AE127157000000000002415,0.00,[]
LOC-IN-0004831,QUOTE-LOC-IN-0004831,COMPLETED,REF-LOC-IN-0004831,EXT-SRC-002416,INWARD,B4033,2025-12-27 08:04:00,,220000000484,AE070330000220000000484,56307.00,56307.00,BUSINESS_INCOME,Business Income,FTS,AE127167000000000002416,0.00,[]
LOC-IN-0004833,QUOTE-LOC-IN-0004833,COMPLETED,REF-LOC-IN-0004833,EXT-SRC-002417,INWARD,B4033,2026-01-30 08:04:00,,220000000484,AE070330000220000000484,56378.00,56378.00,BUSINESS_INCOME,Business Income,FTS,AE127177000000000002417,0.00,[]
LOC-IN-0004835,QUOTE-LOC-IN-0004835,COMPLETED,REF-LOC-IN-0004835,EXT-SRC-002418,INWARD,B4033,2026-03-02 08:04:00,,220000000484,AE070330000220000000484,56449.00,56449.00,BUSINESS_INCOME,Business Income,FTS,AE127187000000000002418,0.00,[]
LOC-IN-0004837,QUOTE-LOC-IN-0004837,COMPLETED,REF-LOC-IN-0004837,EXT-SRC-002419,INWARD,B4033,2026-04-05 08:04:00,,220000000484,AE070330000220000000484,56520.00,56520.00,BUSINESS_INCOME,Business Income,FTS,AE127197000000000002419,0.00,[]
LOC-IN-0004839,QUOTE-LOC-IN-0004839,COMPLETED,REF-LOC-IN-0004839,EXT-SRC-002420,INWARD,B4033,2026-05-08 08:04:00,,220000000484,AE070330000220000000484,56591.00,56591.00,BUSINESS_INCOME,Business Income,FTS,AE127207000000000002420,0.00,[]
LOC-IN-0004841,QUOTE-LOC-IN-0004841,COMPLETED,REF-LOC-IN-0004841,EXT-SRC-002421,INWARD,B4034,2026-01-03 09:05:00,,220000000485,AE070330000220000000485,56444.00,56444.00,BUSINESS_INCOME,Business Income,FTS,AE127217000000000002421,0.00,[]
LOC-IN-0004843,QUOTE-LOC-IN-0004843,COMPLETED,REF-LOC-IN-0004843,EXT-SRC-002422,INWARD,B4034,2026-02-06 09:05:00,,220000000485,AE070330000220000000485,56515.00,56515.00,BUSINESS_INCOME,Business Income,FTS,AE127227000000000002422,0.00,[]
LOC-IN-0004845,QUOTE-LOC-IN-0004845,COMPLETED,REF-LOC-IN-0004845,EXT-SRC-002423,INWARD,B4034,2026-03-09 09:05:00,,220000000485,AE070330000220000000485,56586.00,56586.00,BUSINESS_INCOME,Business Income,FTS,AE127237000000000002423,0.00,[]
LOC-IN-0004847,QUOTE-LOC-IN-0004847,COMPLETED,REF-LOC-IN-0004847,EXT-SRC-002424,INWARD,B4034,2026-04-12 09:05:00,,220000000485,AE070330000220000000485,56657.00,56657.00,BUSINESS_INCOME,Business Income,FTS,AE127247000000000002424,0.00,[]
LOC-IN-0004849,QUOTE-LOC-IN-0004849,COMPLETED,REF-LOC-IN-0004849,EXT-SRC-002425,INWARD,B4034,2026-05-15 09:05:00,,220000000485,AE070330000220000000485,56728.00,56728.00,BUSINESS_INCOME,Business Income,FTS,AE127257000000000002425,0.00,[]
LOC-IN-0004851,QUOTE-LOC-IN-0004851,COMPLETED,REF-LOC-IN-0004851,EXT-SRC-002426,INWARD,B4035,2026-01-10 10:06:00,,220000000486,AE070330000220000000486,56581.00,56581.00,BUSINESS_INCOME,Business Income,FTS,AE127267000000000002426,0.00,[]
LOC-IN-0004853,QUOTE-LOC-IN-0004853,COMPLETED,REF-LOC-IN-0004853,EXT-SRC-002427,INWARD,B4035,2026-02-13 10:06:00,,220000000486,AE070330000220000000486,56652.00,56652.00,BUSINESS_INCOME,Business Income,FTS,AE127277000000000002427,0.00,[]
LOC-IN-0004855,QUOTE-LOC-IN-0004855,COMPLETED,REF-LOC-IN-0004855,EXT-SRC-002428,INWARD,B4035,2026-03-16 10:06:00,,220000000486,AE070330000220000000486,56723.00,56723.00,BUSINESS_INCOME,Business Income,FTS,AE127287000000000002428,0.00,[]
LOC-IN-0004857,QUOTE-LOC-IN-0004857,COMPLETED,REF-LOC-IN-0004857,EXT-SRC-002429,INWARD,B4035,2026-03-28 10:06:00,,220000000486,AE070330000220000000486,56794.00,56794.00,BUSINESS_INCOME,Business Income,FTS,AE127297000000000002429,0.00,[]
LOC-IN-0004859,QUOTE-LOC-IN-0004859,COMPLETED,REF-LOC-IN-0004859,EXT-SRC-002430,INWARD,B4035,2026-04-30 10:06:00,,220000000486,AE070330000220000000486,56865.00,56865.00,BUSINESS_INCOME,Business Income,FTS,AE127307000000000002430,0.00,[]
LOC-IN-0004861,QUOTE-LOC-IN-0004861,COMPLETED,REF-LOC-IN-0004861,EXT-SRC-002431,INWARD,B4036,2026-01-17 11:07:00,,220000000487,AE070330000220000000487,56718.00,56718.00,BUSINESS_INCOME,Business Income,FTS,AE127317000000000002431,0.00,[]
LOC-IN-0004863,QUOTE-LOC-IN-0004863,COMPLETED,REF-LOC-IN-0004863,EXT-SRC-002432,INWARD,B4036,2026-01-29 11:07:00,,220000000487,AE070330000220000000487,56789.00,56789.00,BUSINESS_INCOME,Business Income,FTS,AE127327000000000002432,0.00,[]
LOC-IN-0004865,QUOTE-LOC-IN-0004865,COMPLETED,REF-LOC-IN-0004865,EXT-SRC-002433,INWARD,B4036,2026-03-01 11:07:00,,220000000487,AE070330000220000000487,56860.00,56860.00,BUSINESS_INCOME,Business Income,FTS,AE127337000000000002433,0.00,[]
LOC-IN-0004867,QUOTE-LOC-IN-0004867,COMPLETED,REF-LOC-IN-0004867,EXT-SRC-002434,INWARD,B4036,2026-04-04 11:07:00,,220000000487,AE070330000220000000487,56931.00,56931.00,BUSINESS_INCOME,Business Income,FTS,AE127347000000000002434,0.00,[]
LOC-IN-0004869,QUOTE-LOC-IN-0004869,COMPLETED,REF-LOC-IN-0004869,EXT-SRC-002435,INWARD,B4036,2026-05-07 11:07:00,,220000000487,AE070330000220000000487,57002.00,57002.00,BUSINESS_INCOME,Business Income,FTS,AE127357000000000002435,0.00,[]
LOC-IN-0004871,QUOTE-LOC-IN-0004871,COMPLETED,REF-LOC-IN-0004871,EXT-SRC-002436,INWARD,B4037,2026-01-02 12:08:00,,220000000488,AE070330000220000000488,56855.00,56855.00,BUSINESS_INCOME,Business Income,FTS,AE127367000000000002436,0.00,[]
LOC-IN-0004873,QUOTE-LOC-IN-0004873,COMPLETED,REF-LOC-IN-0004873,EXT-SRC-002437,INWARD,B4037,2026-02-05 12:08:00,,220000000488,AE070330000220000000488,56926.00,56926.00,BUSINESS_INCOME,Business Income,FTS,AE127377000000000002437,0.00,[]
LOC-IN-0004875,QUOTE-LOC-IN-0004875,COMPLETED,REF-LOC-IN-0004875,EXT-SRC-002438,INWARD,B4037,2026-03-08 12:08:00,,220000000488,AE070330000220000000488,56997.00,56997.00,BUSINESS_INCOME,Business Income,FTS,AE127387000000000002438,0.00,[]
LOC-IN-0004877,QUOTE-LOC-IN-0004877,COMPLETED,REF-LOC-IN-0004877,EXT-SRC-002439,INWARD,B4037,2026-04-11 12:08:00,,220000000488,AE070330000220000000488,57068.00,57068.00,BUSINESS_INCOME,Business Income,FTS,AE127397000000000002439,0.00,[]
LOC-IN-0004879,QUOTE-LOC-IN-0004879,COMPLETED,REF-LOC-IN-0004879,EXT-SRC-002440,INWARD,B4037,2026-05-14 12:08:00,,220000000488,AE070330000220000000488,57139.00,57139.00,BUSINESS_INCOME,Business Income,FTS,AE127407000000000002440,0.00,[]
LOC-IN-0004881,QUOTE-LOC-IN-0004881,COMPLETED,REF-LOC-IN-0004881,EXT-SRC-002441,INWARD,B4038,2026-01-09 13:09:00,,220000000489,AE070330000220000000489,56992.00,56992.00,BUSINESS_INCOME,Business Income,FTS,AE127417000000000002441,0.00,[]
LOC-IN-0004883,QUOTE-LOC-IN-0004883,COMPLETED,REF-LOC-IN-0004883,EXT-SRC-002442,INWARD,B4038,2026-02-12 13:09:00,,220000000489,AE070330000220000000489,57063.00,57063.00,BUSINESS_INCOME,Business Income,FTS,AE127427000000000002442,0.00,[]
LOC-IN-0004885,QUOTE-LOC-IN-0004885,COMPLETED,REF-LOC-IN-0004885,EXT-SRC-002443,INWARD,B4038,2026-03-15 13:09:00,,220000000489,AE070330000220000000489,57134.00,57134.00,BUSINESS_INCOME,Business Income,FTS,AE127437000000000002443,0.00,[]
LOC-IN-0004887,QUOTE-LOC-IN-0004887,COMPLETED,REF-LOC-IN-0004887,EXT-SRC-002444,INWARD,B4038,2026-03-27 13:09:00,,220000000489,AE070330000220000000489,57205.00,57205.00,BUSINESS_INCOME,Business Income,FTS,AE127447000000000002444,0.00,[]
LOC-IN-0004889,QUOTE-LOC-IN-0004889,COMPLETED,REF-LOC-IN-0004889,EXT-SRC-002445,INWARD,B4038,2026-04-29 13:09:00,,220000000489,AE070330000220000000489,57276.00,57276.00,BUSINESS_INCOME,Business Income,FTS,AE127457000000000002445,0.00,[]
LOC-IN-0004891,QUOTE-LOC-IN-0004891,COMPLETED,REF-LOC-IN-0004891,EXT-SRC-002446,INWARD,B4039,2026-01-16 14:10:00,,220000000490,AE070330000220000000490,57129.00,57129.00,BUSINESS_INCOME,Business Income,FTS,AE127467000000000002446,0.00,[]
LOC-IN-0004893,QUOTE-LOC-IN-0004893,COMPLETED,REF-LOC-IN-0004893,EXT-SRC-002447,INWARD,B4039,2026-01-28 14:10:00,,220000000490,AE070330000220000000490,57200.00,57200.00,BUSINESS_INCOME,Business Income,FTS,AE127477000000000002447,0.00,[]
LOC-IN-0004895,QUOTE-LOC-IN-0004895,COMPLETED,REF-LOC-IN-0004895,EXT-SRC-002448,INWARD,B4039,2026-02-28 14:10:00,,220000000490,AE070330000220000000490,57271.00,57271.00,BUSINESS_INCOME,Business Income,FTS,AE127487000000000002448,0.00,[]
LOC-IN-0004897,QUOTE-LOC-IN-0004897,COMPLETED,REF-LOC-IN-0004897,EXT-SRC-002449,INWARD,B4039,2026-04-03 14:10:00,,220000000490,AE070330000220000000490,57342.00,57342.00,BUSINESS_INCOME,Business Income,FTS,AE127497000000000002449,0.00,[]
LOC-IN-0004899,QUOTE-LOC-IN-0004899,COMPLETED,REF-LOC-IN-0004899,EXT-SRC-002450,INWARD,B4039,2026-05-06 14:10:00,,220000000490,AE070330000220000000490,57413.00,57413.00,BUSINESS_INCOME,Business Income,FTS,AE127507000000000002450,0.00,[]
LOC-IN-0004901,QUOTE-LOC-IN-0004901,COMPLETED,REF-LOC-IN-0004901,EXT-SRC-002451,INWARD,B4040,2026-01-01 15:11:00,,220000000491,AE070330000220000000491,57266.00,57266.00,BUSINESS_INCOME,Business Income,FTS,AE127517000000000002451,0.00,[]
LOC-IN-0004903,QUOTE-LOC-IN-0004903,COMPLETED,REF-LOC-IN-0004903,EXT-SRC-002452,INWARD,B4040,2026-02-04 15:11:00,,220000000491,AE070330000220000000491,57337.00,57337.00,BUSINESS_INCOME,Business Income,FTS,AE127527000000000002452,0.00,[]
LOC-IN-0004905,QUOTE-LOC-IN-0004905,COMPLETED,REF-LOC-IN-0004905,EXT-SRC-002453,INWARD,B4040,2026-03-07 15:11:00,,220000000491,AE070330000220000000491,57408.00,57408.00,BUSINESS_INCOME,Business Income,FTS,AE127537000000000002453,0.00,[]
LOC-IN-0004907,QUOTE-LOC-IN-0004907,COMPLETED,REF-LOC-IN-0004907,EXT-SRC-002454,INWARD,B4040,2026-04-10 15:11:00,,220000000491,AE070330000220000000491,57479.00,57479.00,BUSINESS_INCOME,Business Income,FTS,AE127547000000000002454,0.00,[]
LOC-IN-0004909,QUOTE-LOC-IN-0004909,COMPLETED,REF-LOC-IN-0004909,EXT-SRC-002455,INWARD,B4040,2026-05-13 15:11:00,,220000000491,AE070330000220000000491,57550.00,57550.00,BUSINESS_INCOME,Business Income,FTS,AE127557000000000002455,0.00,[]
LOC-IN-0004911,QUOTE-LOC-IN-0004911,COMPLETED,REF-LOC-IN-0004911,EXT-SRC-002456,INWARD,B4041,2026-01-08 16:12:00,,220000000492,AE070330000220000000492,57403.00,57403.00,BUSINESS_INCOME,Business Income,FTS,AE127567000000000002456,0.00,[]
LOC-IN-0004913,QUOTE-LOC-IN-0004913,COMPLETED,REF-LOC-IN-0004913,EXT-SRC-002457,INWARD,B4041,2026-02-11 16:12:00,,220000000492,AE070330000220000000492,57474.00,57474.00,BUSINESS_INCOME,Business Income,FTS,AE127577000000000002457,0.00,[]
LOC-IN-0004915,QUOTE-LOC-IN-0004915,COMPLETED,REF-LOC-IN-0004915,EXT-SRC-002458,INWARD,B4041,2026-03-14 16:12:00,,220000000492,AE070330000220000000492,57545.00,57545.00,BUSINESS_INCOME,Business Income,FTS,AE127587000000000002458,0.00,[]
LOC-IN-0004917,QUOTE-LOC-IN-0004917,COMPLETED,REF-LOC-IN-0004917,EXT-SRC-002459,INWARD,B4041,2026-04-17 16:12:00,,220000000492,AE070330000220000000492,57616.00,57616.00,BUSINESS_INCOME,Business Income,FTS,AE127597000000000002459,0.00,[]
LOC-IN-0004919,QUOTE-LOC-IN-0004919,COMPLETED,REF-LOC-IN-0004919,EXT-SRC-002460,INWARD,B4041,2026-04-28 16:12:00,,220000000492,AE070330000220000000492,57687.00,57687.00,BUSINESS_INCOME,Business Income,FTS,AE127607000000000002460,0.00,[]
LOC-IN-0004921,QUOTE-LOC-IN-0004921,COMPLETED,REF-LOC-IN-0004921,EXT-SRC-002461,INWARD,B4042,2026-01-15 17:13:00,,220000000493,AE070330000220000000493,57540.00,57540.00,BUSINESS_INCOME,Business Income,FTS,AE127617000000000002461,0.00,[]
LOC-IN-0004923,QUOTE-LOC-IN-0004923,COMPLETED,REF-LOC-IN-0004923,EXT-SRC-002462,INWARD,B4042,2026-01-27 17:13:00,,220000000493,AE070330000220000000493,57611.00,57611.00,BUSINESS_INCOME,Business Income,FTS,AE127627000000000002462,0.00,[]
LOC-IN-0004925,QUOTE-LOC-IN-0004925,COMPLETED,REF-LOC-IN-0004925,EXT-SRC-002463,INWARD,B4042,2026-02-27 17:13:00,,220000000493,AE070330000220000000493,57682.00,57682.00,BUSINESS_INCOME,Business Income,FTS,AE127637000000000002463,0.00,[]
LOC-IN-0004927,QUOTE-LOC-IN-0004927,COMPLETED,REF-LOC-IN-0004927,EXT-SRC-002464,INWARD,B4042,2026-04-02 17:13:00,,220000000493,AE070330000220000000493,57753.00,57753.00,BUSINESS_INCOME,Business Income,FTS,AE127647000000000002464,0.00,[]
LOC-IN-0004929,QUOTE-LOC-IN-0004929,COMPLETED,REF-LOC-IN-0004929,EXT-SRC-002465,INWARD,B4042,2026-05-05 17:13:00,,220000000493,AE070330000220000000493,57824.00,57824.00,BUSINESS_INCOME,Business Income,FTS,AE127657000000000002465,0.00,[]
LOC-IN-0004931,QUOTE-LOC-IN-0004931,COMPLETED,REF-LOC-IN-0004931,EXT-SRC-002466,INWARD,B4043,2025-12-31 18:14:00,,220000000494,AE070330000220000000494,57677.00,57677.00,BUSINESS_INCOME,Business Income,FTS,AE127667000000000002466,0.00,[]
LOC-IN-0004933,QUOTE-LOC-IN-0004933,COMPLETED,REF-LOC-IN-0004933,EXT-SRC-002467,INWARD,B4043,2026-02-03 18:14:00,,220000000494,AE070330000220000000494,57748.00,57748.00,BUSINESS_INCOME,Business Income,FTS,AE127677000000000002467,0.00,[]
LOC-IN-0004935,QUOTE-LOC-IN-0004935,COMPLETED,REF-LOC-IN-0004935,EXT-SRC-002468,INWARD,B4043,2026-03-06 18:14:00,,220000000494,AE070330000220000000494,57819.00,57819.00,BUSINESS_INCOME,Business Income,FTS,AE127687000000000002468,0.00,[]
LOC-IN-0004937,QUOTE-LOC-IN-0004937,COMPLETED,REF-LOC-IN-0004937,EXT-SRC-002469,INWARD,B4043,2026-04-09 18:14:00,,220000000494,AE070330000220000000494,57890.00,57890.00,BUSINESS_INCOME,Business Income,FTS,AE127697000000000002469,0.00,[]
LOC-IN-0004939,QUOTE-LOC-IN-0004939,COMPLETED,REF-LOC-IN-0004939,EXT-SRC-002470,INWARD,B4043,2026-05-12 18:14:00,,220000000494,AE070330000220000000494,57961.00,57961.00,BUSINESS_INCOME,Business Income,FTS,AE127707000000000002470,0.00,[]
LOC-IN-0004941,QUOTE-LOC-IN-0004941,COMPLETED,REF-LOC-IN-0004941,EXT-SRC-002471,INWARD,B4044,2026-01-07 08:15:00,,220000000495,AE070330000220000000495,57814.00,57814.00,BUSINESS_INCOME,Business Income,FTS,AE127717000000000002471,0.00,[]
LOC-IN-0004943,QUOTE-LOC-IN-0004943,COMPLETED,REF-LOC-IN-0004943,EXT-SRC-002472,INWARD,B4044,2026-02-10 08:15:00,,220000000495,AE070330000220000000495,57885.00,57885.00,BUSINESS_INCOME,Business Income,FTS,AE127727000000000002472,0.00,[]
LOC-IN-0004945,QUOTE-LOC-IN-0004945,COMPLETED,REF-LOC-IN-0004945,EXT-SRC-002473,INWARD,B4044,2026-03-13 08:15:00,,220000000495,AE070330000220000000495,57956.00,57956.00,BUSINESS_INCOME,Business Income,FTS,AE127737000000000002473,0.00,[]
LOC-IN-0004947,QUOTE-LOC-IN-0004947,COMPLETED,REF-LOC-IN-0004947,EXT-SRC-002474,INWARD,B4044,2026-04-16 08:15:00,,220000000495,AE070330000220000000495,58027.00,58027.00,BUSINESS_INCOME,Business Income,FTS,AE127747000000000002474,0.00,[]
LOC-IN-0004949,QUOTE-LOC-IN-0004949,COMPLETED,REF-LOC-IN-0004949,EXT-SRC-002475,INWARD,B4044,2026-04-27 08:15:00,,220000000495,AE070330000220000000495,58098.00,58098.00,BUSINESS_INCOME,Business Income,FTS,AE127757000000000002475,0.00,[]
LOC-IN-0004951,QUOTE-LOC-IN-0004951,COMPLETED,REF-LOC-IN-0004951,EXT-SRC-002476,INWARD,B4045,2026-01-14 09:16:00,,220000000496,AE070330000220000000496,57951.00,57951.00,BUSINESS_INCOME,Business Income,FTS,AE127767000000000002476,0.00,[]
LOC-IN-0004953,QUOTE-LOC-IN-0004953,COMPLETED,REF-LOC-IN-0004953,EXT-SRC-002477,INWARD,B4045,2026-02-17 09:16:00,,220000000496,AE070330000220000000496,58022.00,58022.00,BUSINESS_INCOME,Business Income,FTS,AE127777000000000002477,0.00,[]
LOC-IN-0004955,QUOTE-LOC-IN-0004955,COMPLETED,REF-LOC-IN-0004955,EXT-SRC-002478,INWARD,B4045,2026-02-26 09:16:00,,220000000496,AE070330000220000000496,58093.00,58093.00,BUSINESS_INCOME,Business Income,FTS,AE127787000000000002478,0.00,[]
LOC-IN-0004957,QUOTE-LOC-IN-0004957,COMPLETED,REF-LOC-IN-0004957,EXT-SRC-002479,INWARD,B4045,2026-04-01 09:16:00,,220000000496,AE070330000220000000496,58164.00,58164.00,BUSINESS_INCOME,Business Income,FTS,AE127797000000000002479,0.00,[]
LOC-IN-0004959,QUOTE-LOC-IN-0004959,COMPLETED,REF-LOC-IN-0004959,EXT-SRC-002480,INWARD,B4045,2026-05-04 09:16:00,,220000000496,AE070330000220000000496,58235.00,58235.00,BUSINESS_INCOME,Business Income,FTS,AE127807000000000002480,0.00,[]
LOC-IN-0004961,QUOTE-LOC-IN-0004961,COMPLETED,REF-LOC-IN-0004961,EXT-SRC-002481,INWARD,B4046,2025-12-30 10:17:00,,220000000497,AE070330000220000000497,58088.00,58088.00,BUSINESS_INCOME,Business Income,FTS,AE127817000000000002481,0.00,[]
LOC-IN-0004963,QUOTE-LOC-IN-0004963,COMPLETED,REF-LOC-IN-0004963,EXT-SRC-002482,INWARD,B4046,2026-02-02 10:17:00,,220000000497,AE070330000220000000497,58159.00,58159.00,BUSINESS_INCOME,Business Income,FTS,AE127827000000000002482,0.00,[]
LOC-IN-0004965,QUOTE-LOC-IN-0004965,COMPLETED,REF-LOC-IN-0004965,EXT-SRC-002483,INWARD,B4046,2026-03-05 10:17:00,,220000000497,AE070330000220000000497,58230.00,58230.00,BUSINESS_INCOME,Business Income,FTS,AE127837000000000002483,0.00,[]
LOC-IN-0004967,QUOTE-LOC-IN-0004967,COMPLETED,REF-LOC-IN-0004967,EXT-SRC-002484,INWARD,B4046,2026-04-08 10:17:00,,220000000497,AE070330000220000000497,58301.00,58301.00,BUSINESS_INCOME,Business Income,FTS,AE127847000000000002484,0.00,[]
LOC-IN-0004969,QUOTE-LOC-IN-0004969,COMPLETED,REF-LOC-IN-0004969,EXT-SRC-002485,INWARD,B4046,2026-05-11 10:17:00,,220000000497,AE070330000220000000497,58372.00,58372.00,BUSINESS_INCOME,Business Income,FTS,AE127857000000000002485,0.00,[]
LOC-IN-0004971,QUOTE-LOC-IN-0004971,COMPLETED,REF-LOC-IN-0004971,EXT-SRC-002486,INWARD,B4047,2026-01-06 11:18:00,,220000000498,AE070330000220000000498,58225.00,58225.00,BUSINESS_INCOME,Business Income,FTS,AE127867000000000002486,0.00,[]
LOC-IN-0004973,QUOTE-LOC-IN-0004973,COMPLETED,REF-LOC-IN-0004973,EXT-SRC-002487,INWARD,B4047,2026-02-09 11:18:00,,220000000498,AE070330000220000000498,58296.00,58296.00,BUSINESS_INCOME,Business Income,FTS,AE127877000000000002487,0.00,[]
LOC-IN-0004975,QUOTE-LOC-IN-0004975,COMPLETED,REF-LOC-IN-0004975,EXT-SRC-002488,INWARD,B4047,2026-03-12 11:18:00,,220000000498,AE070330000220000000498,58367.00,58367.00,BUSINESS_INCOME,Business Income,FTS,AE127887000000000002488,0.00,[]
LOC-IN-0004977,QUOTE-LOC-IN-0004977,COMPLETED,REF-LOC-IN-0004977,EXT-SRC-002489,INWARD,B4047,2026-04-15 11:18:00,,220000000498,AE070330000220000000498,58438.00,58438.00,BUSINESS_INCOME,Business Income,FTS,AE127897000000000002489,0.00,[]
LOC-IN-0004979,QUOTE-LOC-IN-0004979,COMPLETED,REF-LOC-IN-0004979,EXT-SRC-002490,INWARD,B4047,2026-04-26 11:18:00,,220000000498,AE070330000220000000498,58509.00,58509.00,BUSINESS_INCOME,Business Income,FTS,AE127907000000000002490,0.00,[]
LOC-IN-0004981,QUOTE-LOC-IN-0004981,COMPLETED,REF-LOC-IN-0004981,EXT-SRC-002491,INWARD,B4048,2026-01-13 12:19:00,,220000000499,AE070330000220000000499,58362.00,58362.00,BUSINESS_INCOME,Business Income,FTS,AE127917000000000002491,0.00,[]
LOC-IN-0004983,QUOTE-LOC-IN-0004983,COMPLETED,REF-LOC-IN-0004983,EXT-SRC-002492,INWARD,B4048,2026-02-16 12:19:00,,220000000499,AE070330000220000000499,58433.00,58433.00,BUSINESS_INCOME,Business Income,FTS,AE127927000000000002492,0.00,[]
LOC-IN-0004985,QUOTE-LOC-IN-0004985,COMPLETED,REF-LOC-IN-0004985,EXT-SRC-002493,INWARD,B4048,2026-02-25 12:19:00,,220000000499,AE070330000220000000499,58504.00,58504.00,BUSINESS_INCOME,Business Income,FTS,AE127937000000000002493,0.00,[]
LOC-IN-0004987,QUOTE-LOC-IN-0004987,COMPLETED,REF-LOC-IN-0004987,EXT-SRC-002494,INWARD,B4048,2026-03-31 12:19:00,,220000000499,AE070330000220000000499,58575.00,58575.00,BUSINESS_INCOME,Business Income,FTS,AE127947000000000002494,0.00,[]
LOC-IN-0004989,QUOTE-LOC-IN-0004989,COMPLETED,REF-LOC-IN-0004989,EXT-SRC-002495,INWARD,B4048,2026-05-03 12:19:00,,220000000499,AE070330000220000000499,58646.00,58646.00,BUSINESS_INCOME,Business Income,FTS,AE127957000000000002495,0.00,[]
LOC-IN-0004991,QUOTE-LOC-IN-0004991,COMPLETED,REF-LOC-IN-0004991,EXT-SRC-002496,INWARD,B4049,2025-12-29 13:20:00,,220000000500,AE070330000220000000500,58499.00,58499.00,BUSINESS_INCOME,Business Income,FTS,AE127967000000000002496,0.00,[]
LOC-IN-0004993,QUOTE-LOC-IN-0004993,COMPLETED,REF-LOC-IN-0004993,EXT-SRC-002497,INWARD,B4049,2026-02-01 13:20:00,,220000000500,AE070330000220000000500,58570.00,58570.00,BUSINESS_INCOME,Business Income,FTS,AE127977000000000002497,0.00,[]
LOC-IN-0004995,QUOTE-LOC-IN-0004995,COMPLETED,REF-LOC-IN-0004995,EXT-SRC-002498,INWARD,B4049,2026-03-04 13:20:00,,220000000500,AE070330000220000000500,58641.00,58641.00,BUSINESS_INCOME,Business Income,FTS,AE127987000000000002498,0.00,[]
LOC-IN-0004997,QUOTE-LOC-IN-0004997,COMPLETED,REF-LOC-IN-0004997,EXT-SRC-002499,INWARD,B4049,2026-04-07 13:20:00,,220000000500,AE070330000220000000500,58712.00,58712.00,BUSINESS_INCOME,Business Income,FTS,AE127997000000000002499,0.00,[]
LOC-IN-0004999,QUOTE-LOC-IN-0004999,COMPLETED,REF-LOC-IN-0004999,EXT-SRC-002500,INWARD,B4049,2026-05-10 13:20:00,,220000000500,AE070330000220000000500,58783.00,58783.00,BUSINESS_INCOME,Business Income,FTS,AE128007000000000002500,0.00,[]
LOC-IN-0005001,QUOTE-LOC-IN-0005001,COMPLETED,REF-LOC-IN-0005001,EXT-SRC-002501,INWARD,B4050,2026-01-05 14:21:00,,220000000501,AE070330000220000000501,58636.00,58636.00,BUSINESS_INCOME,Business Income,FTS,AE128017000000000002501,0.00,[]
LOC-IN-0005003,QUOTE-LOC-IN-0005003,COMPLETED,REF-LOC-IN-0005003,EXT-SRC-002502,INWARD,B4050,2026-02-08 14:21:00,,220000000501,AE070330000220000000501,58707.00,58707.00,BUSINESS_INCOME,Business Income,FTS,AE128027000000000002502,0.00,[]
LOC-IN-0005005,QUOTE-LOC-IN-0005005,COMPLETED,REF-LOC-IN-0005005,EXT-SRC-002503,INWARD,B4050,2026-03-11 14:21:00,,220000000501,AE070330000220000000501,58778.00,58778.00,BUSINESS_INCOME,Business Income,FTS,AE128037000000000002503,0.00,[]
LOC-IN-0005007,QUOTE-LOC-IN-0005007,COMPLETED,REF-LOC-IN-0005007,EXT-SRC-002504,INWARD,B4050,2026-04-14 14:21:00,,220000000501,AE070330000220000000501,58849.00,58849.00,BUSINESS_INCOME,Business Income,FTS,AE128047000000000002504,0.00,[]
LOC-IN-0005009,QUOTE-LOC-IN-0005009,COMPLETED,REF-LOC-IN-0005009,EXT-SRC-002505,INWARD,B4050,2026-05-17 14:21:00,,220000000501,AE070330000220000000501,58920.00,58920.00,BUSINESS_INCOME,Business Income,FTS,AE128057000000000002505,0.00,[]
