transfer_id,quote_id,status,reference_number,source_account_id,direction,customer_id,transaction_timestamp,beneficiary_id,beneficiary_account_number,source_amount,target_amount,payment_purpose_key,payment_purpose_name,service_type,source_iban,total_fees,fee_details
LOC-OUT-0000002,QUOTE-LOC-OUT-0000002,COMPLETED,REF-LOC-OUT-0000002,ACC-R2001-001,OUTWARD,R2001,2026-01-10 09:01:00,RET-BEN-000001,770200000001,102.00,102.00,UTILITY_PAYMENT,Utility Bill Payment,FTS,AE070330000220000000001,0.00,[]
LOC-OUT-0000004,QUOTE-LOC-OUT-0000004,COMPLETED,REF-LOC-OUT-0000004,ACC-R2001-001,OUTWARD,R2001,2026-02-13 09:01:00,RET-BEN-000001,770200000001,113.00,113.00,UTILITY_PAYMENT,Utility Bill Payment,FTS,AE070330000220000000001,0.00,[]
LOC-OUT-0000006,QUOTE-LOC-OUT-0000006,COMPLETED,REF-LOC-OUT-0000006,ACC-R2001-001,OUTWARD,R2001,2026-03-16 09:01:00,RET-BEN-000001,770200000001,124.00,124.00,UTILITY_PAYMENT,Utility Bill Payment,FTS,AE070330000220000000001,0.00,[]
LOC-OUT-0000008,QUOTE-LOC-OUT-0000008,COMPLETED,REF-LOC-OUT-0000008,ACC-R2001-001,OUTWARD,R2001,2026-04-19 09:01:00,RET-BEN-000001,770200000001,135.00,135.00,UTILITY_PAYMENT,Utility Bill Payment,FTS,AE070330000220000000001,0.00,[]
LOC-OUT-0000010,QUOTE-LOC-OUT-0000010,COMPLETED,REF-LOC-OUT-0000010,ACC-R2001-001,OUTWARD,R2001,2026-05-22 09:01:00,RET-BEN-000001,770200000001,146.00,146.00,UTILITY_PAYMENT,Utility Bill Payment,FTS,AE070330000220000000001,0.00,[]
LOC-OUT-0000012,QUOTE-LOC-OUT-0000012,COMPLETED,REF-LOC-OUT-0000012,ACC-R3001-001,OUTWARD,R3001,2026-01-17 10:02:00,RET-BEN-000002,770200000001,119.00,119.00,UTILITY_PAYMENT,Utility Bill Payment,FTS,AE070330000220000000002,0.00,[]
LOC-OUT-0000014,QUOTE-LOC-OUT-0000014,COMPLETED,REF-LOC-OUT-0000014,ACC-R3001-001,OUTWARD,R3001,2026-02-20 10:02:00,RET-BEN-000002,770200000001,130.00,130.00,UTILITY_PAYMENT,Utility Bill Payment,FTS,AE070330000220000000002,0.00,[]
LOC-OUT-0000016,QUOTE-LOC-OUT-0000016,COMPLETED,REF-LOC-OUT-0000016,ACC-R3001-001,OUTWARD,R3001,2026-03-23 10:02:00,RET-BEN-000002,770200000001,141.00,141.00,UTILITY_PAYMENT,Utility Bill Payment,FTS,AE070330000220000000002,0.00,[]
LOC-OUT-0000018,QUOTE-LOC-OUT-0000018,COMPLETED,REF-LOC-OUT-0000018,ACC-R3001-001,OUTWARD,R3001,2026-04-04 10:02:00,RET-BEN-000002,770200000001,152.00,152.00,UTILITY_PAYMENT,Utility Bill Payment,FTS,AE070330000220000000002,0.00,[]
LOC-OUT-0000020,QUOTE-LOC-OUT-0000020,COMPLETED,REF-LOC-OUT-0000020,ACC-R3001-001,OUTWARD,R3001,2026-05-07 10:02:00,RET-BEN-000002,770200000001,163.00,163.00,UTILITY_PAYMENT,Utility Bill Payment,FTS,AE070330000220000000002,0.00,[]
LOC-OUT-0000022,QUOTE-LOC-OUT-0000022,COMPLETED,REF-LOC-OUT-0000022,ACC-R3002-001,OUTWARD,R3002,2026-01-24 11:03:00,RET-BEN-000003,770200000001,136.00,136.00,UTILITY_PAYMENT,Utility Bill Payment,FTS,AE070330000220000000003,0.00,[]
LOC-OUT-0000024,QUOTE-LOC-OUT-0000024,COMPLETED,REF-LOC-OUT-0000024,ACC-R3002-001,OUTWARD,R3002,2026-02-05 11:03:00,RET-BEN-000003,770200000001,147.00,147.00,UTILITY_PAYMENT,Utility Bill Payment,FTS,AE070330000220000000003,0.00,[]
LOC-OUT-0000026,QUOTE-LOC-OUT-0000026,COMPLETED,REF-LOC-OUT-0000026,ACC-R3002-001,OUTWARD,R3002,2026-03-08 11:03:00,RET-BEN-000003,770200000001,158.00,158.00,UTILITY_PAYMENT,Utility Bill Payment,FTS,AE070330000220000000003,0.00,[]
LOC-OUT-0000028,QUOTE-LOC-OUT-0000028,COMPLETED,REF-LOC-OUT-0000028,ACC-R3002-001,OUTWARD,R3002,2026-04-11 11:03:00,RET-BEN-000003,770200000001,169.00,169.00,UTILITY_PAYMENT,Utility Bill Payment,FTS,AE070330000220000000003,0.00,[]
LOC-OUT-0000030,QUOTE-LOC-OUT-0000030,COMPLETED,REF-LOC-OUT-0000030,ACC-R3002-001,OUTWARD,R3002,2026-05-14 11:03:00,RET-BEN-000003,770200000001,180.00,180.00,UTILITY_PAYMENT,Utility Bill Payment,FTS,AE070330000220000000003,0.00,[]
LOC-OUT-0000032,QUOTE-LOC-OUT-0000032,COMPLETED,REF-LOC-OUT-0000032,ACC-R3003-001,OUTWARD,R3003,2026-01-09 12:04:00,RET-BEN-000004,770200000001,153.00,153.00,UTILITY_PAYMENT,Utility Bill Payment,FTS,AE070330000220000000004,0.00,[]
LOC-OUT-0000034,QUOTE-LOC-OUT-0000034,COMPLETED,REF-LOC-OUT-0000034,ACC-R3003-001,OUTWARD,R3003,2026-02-12 12:04:00,RET-BEN-000004,770200000001,164.00,164.00,UTILITY_PAYMENT,Utility Bill Payment,FTS,AE070330000220000000004,0.00,[]
LOC-OUT-0000036,QUOTE-LOC-OUT-0000036,COMPLETED,REF-LOC-OUT-0000036,ACC-R3003-001,OUTWARD,R3003,2026-03-15 12:04:00,RET-BEN-000004,770200000001,175.00,175.00,UTILITY_PAYMENT,Utility Bill Payment,FTS,AE070330000220000000004,0.00,[]
LOC-OUT-0000038,QUOTE-LOC-OUT-0000038,COMPLETED,REF-LOC-OUT-0000038,ACC-R3003-001,OUTWARD,R3003,2026-04-18 12:04:00,RET-BEN-000004,770200000001,186.00,186.00,UTILITY_PAYMENT,Utility Bill Payment,FTS,AE070330000220000000004,0.00,[]
LOC-OUT-0000040,QUOTE-LOC-OUT-0000040,COMPLETED,REF-LOC-OUT-0000040,ACC-R3003-001,OUTWARD,R3003,2026-05-21 12:04:00,RET-BEN-000004,770200000001,197.00,197.00,UTILITY_PAYMENT,Utility Bill Payment,FTS,AE070330000220000000004,0.00,[]
LOC-OUT-0000042,QUOTE-LOC-OUT-0000042,COMPLETED,REF-LOC-OUT-0000042,ACC-R3004-001,OUTWARD,R3004,2026-01-16 13:05:00,RET-BEN-000005,770200000001,170.00,170.00,UTILITY_PAYMENT,Utility Bill Payment,FTS,AE070330000220000000005,0.00,[]
LOC-OUT-0000044,QUOTE-LOC-OUT-0000044,COMPLETED,REF-LOC-OUT-0000044,ACC-R3004-001,OUTWARD,R3004,2026-02-19 13:05:00,RET-BEN-000005,770200000001,181.00,181.00,UTILITY_PAYMENT,Utility Bill Payment,FTS,AE070330000220000000005,0.00,[]
LOC-OUT-0000046,QUOTE-LOC-OUT-0000046,COMPLETED,REF-LOC-OUT-0000046,ACC-R3004-001,OUTWARD,R3004,2026-03-22 13:05:00,RET-BEN-000005,770200000001,192.00,192.00,UTILITY_PAYMENT,Utility Bill Payment,FTS,AE070330000220000000005,0.00,[]
LOC-OUT-0000048,QUOTE-LOC-OUT-0000048,COMPLETED,REF-LOC-OUT-0000048,ACC-R3004-001,OUTWARD,R3004,2026-04-03 13:05:00,RET-BEN-000005,770200000001,203.00,203.00,UTILITY_PAYMENT,Utility Bill Payment,FTS,AE070330000220000000005,0.00,[]
LOC-OUT-0000050,QUOTE-LOC-OUT-0000050,COMPLETED,REF-LOC-OUT-0000050,ACC-R3004-001,OUTWARD,R3004,2026-05-06 13:05:00,RET-BEN-000005,770200000001,214.00,214.00,UTILITY_PAYMENT,Utility Bill Payment,FTS,AE070330000220000000005,0.00,[]
LOC-OUT-0000052,QUOTE-LOC-OUT-0000052,COMPLETED,REF-LOC-OUT-0000052,ACC-R3005-001,OUTWARD,R3005,2026-01-23 14:06:00,RET-BEN-000006,770200000001,187.00,187.00,UTILITY_PAYMENT,Utility Bill Payment,FTS,AE070330000220000000006,0.00,[]
LOC-OUT-0000054,QUOTE-LOC-OUT-0000054,COMPLETED,REF-LOC-OUT-0000054,ACC-R3005-001,OUTWARD,R3005,2026-02-04 14:06:00,RET-BEN-000006,770200000001,198.00,198.00,UTILITY_PAYMENT,Utility Bill Payment,FTS,AE070330000220000000006,0.00,[]
LOC-OUT-0000056,QUOTE-LOC-OUT-0000056,COMPLETED,REF-LOC-OUT-0000056,ACC-R3005-001,OUTWARD,R3005,2026-03-07 14:06:00,RET-BEN-000006,770200000001,209.00,209.00,UTILITY_PAYMENT,Utility Bill Payment,FTS,AE070330000220000000006,0.00,[]
LOC-OUT-0000058,QUOTE-LOC-OUT-0000058,COMPLETED,REF-LOC-OUT-0000058,ACC-R3005-001,OUTWARD,R3005,2026-04-10 14:06:00,RET-BEN-000006,770200000001,220.00,220.00,UTILITY_PAYMENT,Utility Bill Payment,FTS,AE070330000220000000006,0.00,[]
LOC-OUT-0000060,QUOTE-LOC-OUT-0000060,COMPLETED,REF-LOC-OUT-0000060,ACC-R3005-001,OUTWARD,R3005,2026-05-13 14:06:00,RET-BEN-000006,770200000001,231.00,231.00,UTILITY_PAYMENT,Utility Bill Payment,FTS,AE070330000220000000006,0.00,[]
LOC-OUT-0000062,QUOTE-LOC-OUT-0000062,COMPLETED,REF-LOC-OUT-0000062,ACC-R3006-001,OUTWARD,R3006,2026-01-08 15:07:00,RET-BEN-000007,770200000001,204.00,204.00,UTILITY_PAYMENT,Utility Bill Payment,FTS,AE070330000220000000007,0.00,[]
LOC-OUT-0000064,QUOTE-LOC-OUT-0000064,COMPLETED,REF-LOC-OUT-0000064,ACC-R3006-001,OUTWARD,R3006,2026-02-11 15:07:00,RET-BEN-000007,770200000001,215.00,215.00,UTILITY_PAYMENT,Utility Bill Payment,FTS,AE070330000220000000007,0.00,[]
LOC-OUT-0000066,QUOTE-LOC-OUT-0000066,COMPLETED,REF-LOC-OUT-0000066,ACC-R3006-001,OUTWARD,R3006,2026-03-14 15:07:00,RET-BEN-000007,770200000001,226.00,226.00,UTILITY_PAYMENT,Utility Bill Payment,FTS,AE070330000220000000007,0.00,[]
LOC-OUT-0000068,QUOTE-LOC-OUT-0000068,COMPLETED,REF-LOC-OUT-0000068,ACC-R3006-001,OUTWARD,R3006,2026-04-17 15:07:00,RET-BEN-000007,770200000001,237.00,237.00,UTILITY_PAYMENT,Utility Bill Payment,FTS,AE070330000220000000007,0.00,[]
LOC-OUT-0000070,QUOTE-LOC-OUT-0000070,COMPLETED,REF-LOC-OUT-0000070,ACC-R3006-001,OUTWARD,R3006,2026-05-20 15:07:00,RET-BEN-000007,770200000001,248.00,248.00,UTILITY_PAYMENT,Utility Bill Payment,FTS,AE070330000220000000007,0.00,[]
LOC-OUT-0000072,QUOTE-LOC-OUT-0000072,COMPLETED,REF-LOC-OUT-0000072,ACC-R3007-001,OUTWARD,R3007,2026-01-15 16:08:00,RET-BEN-000008,770200000001,221.00,221.00,UTILITY_PAYMENT,Utility Bill Payment,FTS,AE070330000220000000008,0.00,[]
LOC-OUT-0000074,QUOTE-LOC-OUT-0000074,COMPLETED,REF-LOC-OUT-0000074,ACC-R3007-001,OUTWARD,R3007,2026-02-18 16:08:00,RET-BEN-000008,770200000001,232.00,232.00,UTILITY_PAYMENT,Utility Bill Payment,FTS,AE070330000220000000008,0.00,[]
LOC-OUT-0000076,QUOTE-LOC-OUT-0000076,COMPLETED,REF-LOC-OUT-0000076,ACC-R3007-001,OUTWARD,R3007,2026-03-21 16:08:00,RET-BEN-000008,770200000001,243.00,243.00,UTILITY_PAYMENT,Utility Bill Payment,FTS,AE070330000220000000008,0.00,[]
LOC-OUT-0000078,QUOTE-LOC-OUT-0000078,COMPLETED,REF-LOC-OUT-0000078,ACC-R3007-001,OUTWARD,R3007,2026-04-24 16:08:00,RET-BEN-000008,770200000001,254.00,254.00,UTILITY_PAYMENT,Utility Bill Payment,FTS,AE070330000220000000008,0.00,[]
LOC-OUT-0000080,QUOTE-LOC-OUT-0000080,COMPLETED,REF-LOC-OUT-0000080,ACC-R3007-001,OUTWARD,R3007,2026-05-05 16:08:00,RET-BEN-000008,770200000001,265.00,265.00,UTILITY_PAYMENT,Utility Bill Payment,FTS,AE070330000220000000008,0.00,[]
LOC-OUT-0000082,QUOTE-LOC-OUT-0000082,COMPLETED,REF-LOC-OUT-0000082,ACC-R3008-001,OUTWARD,R3008,2026-01-22 17:09:00,RET-BEN-000009,770200000001,238.00,238.00,UTILITY_PAYMENT,Utility Bill Payment,FTS,AE070330000220000000009,0.00,[]
LOC-OUT-0000084,QUOTE-LOC-OUT-0000084,COMPLETED,REF-LOC-OUT-0000084,ACC-R3008-001,OUTWARD,R3008,2026-02-03 17:09:00,RET-BEN-000009,770200000001,249.00,249.00,UTILITY_PAYMENT,Utility Bill Payment,FTS,AE070330000220000000009,0.00,[]
LOC-OUT-0000086,QUOTE-LOC-OUT-0000086,COMPLETED,REF-LOC-OUT-0000086,ACC-R3008-001,OUTWARD,R3008,2026-03-06 17:09:00,RET-BEN-000009,770200000001,260.00,260.00,UTILITY_PAYMENT,Utility Bill Payment,FTS,AE070330000220000000009,0.00,[]
LOC-OUT-0000088,QUOTE-LOC-OUT-0000088,COMPLETED,REF-LOC-OUT-0000088,ACC-R3008-001,OUTWARD,R3008,2026-04-09 17:09:00,RET-BEN-000009,770200000001,271.00,271.00,UTILITY_PAYMENT,Utility Bill Payment,FTS,AE070330000220000000009,0.00,[]
LOC-OUT-0000090,QUOTE-LOC-OUT-0000090,COMPLETED,REF-LOC-OUT-0000090,ACC-R3008-001,OUTWARD,R3008,2026-05-12 17:09:00,RET-BEN-000009,770200000001,282.00,282.00,UTILITY_PAYMENT,Utility Bill Payment,FTS,AE070330000220000000009,0.00,[]
LOC-OUT-0000092,QUOTE-LOC-OUT-0000092,COMPLETED,REF-LOC-OUT-0000092,ACC-R3009-001,OUTWARD,R3009,2026-01-07 18:10:00,RET-BEN-000010,770200000001,255.00,255.00,UTILITY_PAYMENT,Utility Bill Payment,FTS,AE070330000220000000010,0.00,[]
LOC-OUT-0000094,QUOTE-LOC-OUT-0000094,COMPLETED,REF-LOC-OUT-0000094,ACC-R3009-001,OUTWARD,R3009,2026-02-10 18:10:00,RET-BEN-000010,770200000001,266.00,266.00,UTILITY_PAYMENT,Utility Bill Payment,FTS,AE070330000220000000010,0.00,[]
LOC-OUT-0000096,QUOTE-LOC-OUT-0000096,COMPLETED,REF-LOC-OUT-0000096,ACC-R3009-001,OUTWARD,R3009,2026-03-13 18:10:00,RET-BEN-000010,770200000001,277.00,277.00,UTILITY_PAYMENT,Utility Bill Payment,FTS,AE070330000220000000010,0.00,[]
LOC-OUT-0000098,QUOTE-LOC-OUT-0000098,COMPLETED,REF-LOC-OUT-0000098,ACC-R3009-001,OUTWARD,R3009,2026-04-16 18:10:00,RET-BEN-000010,770200000001,288.00,288.00,UTILITY_PAYMENT,Utility Bill Payment,FTS,AE070330000220000000010,0.00,[]
LOC-OUT-0000100,QUOTE-LOC-OUT-0000100,COMPLETED,REF-LOC-OUT-0000100,ACC-R3009-001,OUTWARD,R3009,2026-05-19 18:10:00,RET-BEN-000010,770200000001,299.00,299.00,UTILITY_PAYMENT,Utility Bill Payment,FTS,AE070330000220000000010,0.00,[]
LOC-OUT-0000102,QUOTE-LOC-OUT-0000102,COMPLETED,REF-LOC-OUT-0000102,ACC-R3010-001,OUTWARD,R3010,2026-01-14 08:11:00,RET-BEN-000011,770200000001,272.00,272.00,UTILITY_PAYMENT,Utility Bill Payment,FTS,AE070330000220000000011,0.00,[]
LOC-OUT-0000104,QUOTE-LOC-OUT-0000104,COMPLETED,REF-LOC-OUT-0000104,ACC-R3010-001,OUTWARD,R3010,2026-02-17 08:11:00,RET-BEN-000011,770200000001,283.00,283.00,UTILITY_PAYMENT,Utility Bill Payment,FTS,AE070330000220000000011,0.00,[]
LOC-OUT-0000106,QUOTE-LOC-OUT-0000106,COMPLETED,REF-LOC-OUT-0000106,ACC-R3010-001,OUTWARD,R3010,2026-03-20 08:11:00,RET-BEN-000011,770200000001,294.00,294.00,UTILITY_PAYMENT,Utility Bill Payment,FTS,AE070330000220000000011,0.00,[]
LOC-OUT-0000108,QUOTE-LOC-OUT-0000108,COMPLETED,REF-LOC-OUT-0000108,ACC-R3010-001,OUTWARD,R3010,2026-04-23 08:11:00,RET-BEN-000011,770200000001,305.00,305.00,UTILITY_PAYMENT,Utility Bill Payment,FTS,AE070330000220000000011,0.00,[]
LOC-OUT-0000110,QUOTE-LOC-OUT-0000110,COMPLETED,REF-LOC-OUT-0000110,ACC-R3010-001,OUTWARD,R3010,2026-05-04 08:11:00,RET-BEN-000011,770200000001,316.00,316.00,UTILITY_PAYMENT,Utility Bill Payment,FTS,AE070330000220000000011,0.00,[]
LOC-OUT-0000112,QUOTE-LOC-OUT-0000112,COMPLETED,REF-LOC-OUT-0000112,ACC-R3011-001,OUTWARD,R3011,2026-01-21 09:12:00,RET-BEN-000012,770200000001,289.00,289.00,UTILITY_PAYMENT,Utility Bill Payment,FTS,AE070330000220000000012,0.00,[]
LOC-OUT-0000114,QUOTE-LOC-OUT-0000114,COMPLETED,REF-LOC-OUT-0000114,ACC-R3011-001,OUTWARD,R3011,2026-02-24 09:12:00,RET-BEN-000012,770200000001,300.00,300.00,UTILITY_PAYMENT,Utility Bill Payment,FTS,AE070330000220000000012,0.00,[]
LOC-OUT-0000116,QUOTE-LOC-OUT-0000116,COMPLETED,REF-LOC-OUT-0000116,ACC-R3011-001,OUTWARD,R3011,2026-03-05 09:12:00,RET-BEN-000012,770200000001,311.00,311.00,UTILITY_PAYMENT,Utility Bill Payment,FTS,AE070330000220000000012,0.00,[]
LOC-OUT-0000118,QUOTE-LOC-OUT-0000118,COMPLETED,REF-LOC-OUT-0000118,ACC-R3011-001,OUTWARD,R3011,2026-04-08 09:12:00,RET-BEN-000012,770200000001,322.00,322.00,UTILITY_PAYMENT,Utility Bill Payment,FTS,AE070330000220000000012,0.00,[]
LOC-OUT-0000120,QUOTE-LOC-OUT-0000120,COMPLETED,REF-LOC-OUT-0000120,ACC-R3011-001,OUTWARD,R3011,2026-05-11 09:12:00,RET-BEN-000012,770200000001,333.00,333.00,UTILITY_PAYMENT,Utility Bill Payment,FTS,AE070330000220000000012,0.00,[]
LOC-OUT-0000122,QUOTE-LOC-OUT-0000122,COMPLETED,REF-LOC-OUT-0000122,ACC-R3012-001,OUTWARD,R3012,2026-01-06 10:13:00,RET-BEN-000013,770200000001,306.00,306.00,UTILITY_PAYMENT,Utility Bill Payment,FTS,AE070330000220000000013,0.00,[]
LOC-OUT-0000124,QUOTE-LOC-OUT-0000124,COMPLETED,REF-LOC-OUT-0000124,ACC-R3012-001,OUTWARD,R3012,2026-02-09 10:13:00,RET-BEN-000013,770200000001,317.00,317.00,UTILITY_PAYMENT,Utility Bill Payment,FTS,AE070330000220000000013,0.00,[]
LOC-OUT-0000126,QUOTE-LOC-OUT-0000126,COMPLETED,REF-LOC-OUT-0000126,ACC-R3012-001,OUTWARD,R3012,2026-03-12 10:13:00,RET-BEN-000013,770200000001,328.00,328.00,UTILITY_PAYMENT,Utility Bill Payment,FTS,AE070330000220000000013,0.00,[]
LOC-OUT-0000128,QUOTE-LOC-OUT-0000128,COMPLETED,REF-LOC-OUT-0000128,ACC-R3012-001,OUTWARD,R3012,2026-04-15 10:13:00,RET-BEN-000013,770200000001,339.00,339.00,UTILITY_PAYMENT,Utility Bill Payment,FTS,AE070330000220000000013,0.00,[]
LOC-OUT-0000130,QUOTE-LOC-OUT-0000130,COMPLETED,REF-LOC-OUT-0000130,ACC-R3012-001,OUTWARD,R3012,2026-05-18 10:13:00,RET-BEN-000013,770200000001,350.00,350.00,UTILITY_PAYMENT,Utility Bill Payment,FTS,AE070330000220000000013,0.00,[]
LOC-OUT-0000132,QUOTE-LOC-OUT-0000132,COMPLETED,REF-LOC-OUT-0000132,ACC-R3013-001,OUTWARD,R3013,2026-01-13 11:14:00,RET-BEN-000014,770200000001,323.00,323.00,UTILITY_PAYMENT,Utility Bill Payment,FTS,AE070330000220000000014,0.00,[]
LOC-OUT-0000134,QUOTE-LOC-OUT-0000134,COMPLETED,REF-LOC-OUT-0000134,ACC-R3013-001,OUTWARD,R3013,2026-02-16 11:14:00,RET-BEN-000014,770200000001,334.00,334.00,UTILITY_PAYMENT,Utility Bill Payment,FTS,AE070330000220000000014,0.00,[]
LOC-OUT-0000136,QUOTE-LOC-OUT-0000136,COMPLETED,REF-LOC-OUT-0000136,ACC-R3013-001,OUTWARD,R3013,2026-03-19 11:14:00,RET-BEN-000014,770200000001,345.00,345.00,UTILITY_PAYMENT,Utility Bill Payment,FTS,AE070330000220000000014,0.00,[]
LOC-OUT-0000138,QUOTE-LOC-OUT-0000138,COMPLETED,REF-LOC-OUT-0000138,ACC-R3013-001,OUTWARD,R3013,2026-04-22 11:14:00,RET-BEN-000014,770200000001,90.00,90.00,UTILITY_PAYMENT,Utility Bill Payment,FTS,AE070330000220000000014,0.00,[]
LOC-OUT-0000140,QUOTE-LOC-OUT-0000140,COMPLETED,REF-LOC-OUT-0000140,ACC-R3013-001,OUTWARD,R3013,2026-05-03 11:14:00,RET-BEN-000014,770200000001,101.00,101.00,UTILITY_PAYMENT,Utility Bill Payment,FTS,AE070330000220000000014,0.00,[]
LOC-OUT-0000142,QUOTE-LOC-OUT-0000142,COMPLETED,REF-LOC-OUT-0000142,ACC-R3014-001,OUTWARD,R3014,2026-01-20 12:15:00,RET-BEN-000015,770200000001,340.00,340.00,UTILITY_PAYMENT,Utility Bill Payment,FTS,AE070330000220000000015,0.00,[]
LOC-OUT-0000144,QUOTE-LOC-OUT-0000144,COMPLETED,REF-LOC-OUT-0000144,ACC-R3014-001,OUTWARD,R3014,2026-02-23 12:15:00,RET-BEN-000015,770200000001,85.00,85.00,UTILITY_PAYMENT,Utility Bill Payment,FTS,AE070330000220000000015,0.00,[]
LOC-OUT-0000146,QUOTE-LOC-OUT-0000146,COMPLETED,REF-LOC-OUT-0000146,ACC-R3014-001,OUTWARD,R3014,2026-03-04 12:15:00,RET-BEN-000015,770200000001,96.00,96.00,UTILITY_PAYMENT,Utility Bill Payment,FTS,AE070330000220000000015,0.00,[]
LOC-OUT-0000148,QUOTE-LOC-OUT-0000148,COMPLETED,REF-LOC-OUT-0000148,ACC-R3014-001,OUTWARD,R3014,2026-04-07 12:15:00,RET-BEN-000015,770200000001,107.00,107.00,UTILITY_PAYMENT,Utility Bill Payment,FTS,AE070330000220000000015,0.00,[]
LOC-OUT-0000150,QUOTE-LOC-OUT-0000150,COMPLETED,REF-LOC-OUT-0000150,ACC-R3014-001,OUTWARD,R3014,2026-05-10 12:15:00,RET-BEN-000015,770200000001,118.00,118.00,UTILITY_PAYMENT,Utility Bill Payment,FTS,AE070330000220000000015,0.00,[]
LOC-OUT-0000152,QUOTE-LOC-OUT-0000152,COMPLETED,REF-LOC-OUT-0000152,ACC-R3015-001,OUTWARD,R3015,2026-01-05 13:16:00,RET-BEN-000016,770200000001,91.00,91.00,UTILITY_PAYMENT,Utility Bill Payment,FTS,AE070330000220000000016,0.00,[]
LOC-OUT-0000154,QUOTE-LOC-OUT-0000154,COMPLETED,REF-LOC-OUT-0000154,ACC-R3015-001,OUTWARD,R3015,2026-02-08 13:16:00,RET-BEN-000016,770200000001,102.00,102.00,UTILITY_PAYMENT,Utility Bill Payment,FTS,AE070330000220000000016,0.00,[]
LOC-OUT-0000156,QUOTE-LOC-OUT-0000156,COMPLETED,REF-LOC-OUT-0000156,ACC-R3015-001,OUTWARD,R3015,2026-03-11 13:16:00,RET-BEN-000016,770200000001,113.00,113.00,UTILITY_PAYMENT,Utility Bill Payment,FTS,AE070330000220000000016,0.00,[]
LOC-OUT-0000158,QUOTE-LOC-OUT-0000158,COMPLETED,REF-LOC-OUT-0000158,ACC-R3015-001,OUTWARD,R3015,2026-04-14 13:16:00,RET-BEN-000016,770200000001,124.00,124.00,UTILITY_PAYMENT,Utility Bill Payment,FTS,AE070330000220000000016,0.00,[]
LOC-OUT-0000160,QUOTE-LOC-OUT-0000160,COMPLETED,REF-LOC-OUT-0000160,ACC-R3015-001,OUTWARD,R3015,2026-05-17 13:16:00,RET-BEN-000016,770200000001,135.00,135.00,UTILITY_PAYMENT,Utility Bill Payment,FTS,AE070330000220000000016,0.00,[]
LOC-OUT-0000162,QUOTE-LOC-OUT-0000162,COMPLETED,REF-LOC-OUT-0000162,ACC-R3016-001,OUTWARD,R3016,2026-01-12 14:17:00,RET-BEN-000017,770200000001,108.00,108.00,UTILITY_PAYMENT,Utility Bill Payment,FTS,AE070330000220000000017,0.00,[]
LOC-OUT-0000164,QUOTE-LOC-OUT-0000164,COMPLETED,REF-LOC-OUT-0000164,ACC-R3016-001,OUTWARD,R3016,2026-02-15 14:17:00,RET-BEN-000017,770200000001,119.00,119.00,UTILITY_PAYMENT,Utility Bill Payment,FTS,AE070330000220000000017,0.00,[]
LOC-OUT-0000166,QUOTE-LOC-OUT-0000166,COMPLETED,REF-LOC-OUT-0000166,ACC-R3016-001,OUTWARD,R3016,2026-03-18 14:17:00,RET-BEN-000017,770200000001,130.00,130.00,UTILITY_PAYMENT,Utility Bill Payment,FTS,AE070330000220000000017,0.00,[]
LOC-OUT-0000168,QUOTE-LOC-OUT-0000168,COMPLETED,REF-LOC-OUT-0000168,ACC-R3016-001,OUTWARD,R3016,2026-04-21 14:17:00,RET-BEN-000017,770200000001,141.00,141.00,UTILITY_PAYMENT,Utility Bill Payment,FTS,AE070330000220000000017,0.00,[]
LOC-OUT-0000170,QUOTE-LOC-OUT-0000170,COMPLETED,REF-LOC-OUT-0000170,ACC-R3016-001,OUTWARD,R3016,2026-05-24 14:17:00,RET-BEN-000017,770200000001,152.00,152.00,UTILITY_PAYMENT,Utility Bill Payment,FTS,AE070330000220000000017,0.00,[]
LOC-OUT-0000172,QUOTE-LOC-OUT-0000172,COMPLETED,REF-LOC-OUT-0000172,ACC-R3017-001,OUTWARD,R3017,2026-01-19 15:18:00,RET-BEN-000018,770200000001,125.00,125.00,UTILITY_PAYMENT,Utility Bill Payment,FTS,AE070330000220000000018,0.00,[]
LOC-OUT-0000174,QUOTE-LOC-OUT-0000174,COMPLETED,REF-LOC-OUT-0000174,ACC-R3017-001,OUTWARD,R3017,2026-02-22 15:18:00,RET-BEN-000018,770200000001,136.00,136.00,UTILITY_PAYMENT,Utility Bill Payment,FTS,AE070330000220000000018,0.00,[]
LOC-OUT-0000176,QUOTE-LOC-OUT-0000176,COMPLETED,REF-LOC-OUT-0000176,ACC-R3017-001,OUTWARD,R3017,2026-03-03 15:18:00,RET-BEN-000018,770200000001,147.00,147.00,UTILITY_PAYMENT,Utility Bill Payment,FTS,AE070330000220000000018,0.00,[]
LOC-OUT-0000178,QUOTE-LOC-OUT-0000178,COMPLETED,REF-LOC-OUT-0000178,ACC-R3017-001,OUTWARD,R3017,2026-04-06 15:18:00,RET-BEN-000018,770200000001,158.00,158.00,UTILITY_PAYMENT,Utility Bill Payment,FTS,AE070330000220000000018,0.00,[]
LOC-OUT-0000180,QUOTE-LOC-OUT-0000180,COMPLETED,REF-LOC-OUT-0000180,ACC-R3017-001,OUTWARD,R3017,2026-05-09 15:18:00,RET-BEN-000018,770200000001,169.00,169.00,UTILITY_PAYMENT,Utility Bill Payment,FTS,AE070330000220000000018,0.00,[]
LOC-OUT-0000182,QUOTE-LOC-OUT-0000182,COMPLETED,REF-LOC-OUT-0000182,ACC-R3018-001,OUTWARD,R3018,2026-01-04 16:19:00,RET-BEN-000019,770200000001,142.00,142.00,UTILITY_PAYMENT,Utility Bill Payment,FTS,AE070330000220000000019,0.00,[]
LOC-OUT-0000184,QUOTE-LOC-OUT-0000184,COMPLETED,REF-LOC-OUT-0000184,ACC-R3018-001,OUTWARD,R3018,2026-02-07 16:19:00,RET-BEN-000019,770200000001,153.00,153.00,UTILITY_PAYMENT,Utility Bill Payment,FTS,AE070330000220000000019,0.00,[]
LOC-OUT-0000186,QUOTE-LOC-OUT-0000186,COMPLETED,REF-LOC-OUT-0000186,ACC-R3018-001,OUTWARD,R3018,2026-03-10 16:19:00,RET-BEN-000019,770200000001,164.00,164.00,UTILITY_PAYMENT,Utility Bill Payment,FTS,AE070330000220000000019,0.00,[]
LOC-OUT-0000188,QUOTE-LOC-OUT-0000188,COMPLETED,REF-LOC-OUT-0000188,ACC-R3018-001,OUTWARD,R3018,2026-04-13 16:19:00,RET-BEN-000019,770200000001,175.00,175.00,UTILITY_PAYMENT,Utility Bill Payment,FTS,AE070330000220000000019,0.00,[]
LOC-OUT-0000190,QUOTE-LOC-OUT-0000190,COMPLETED,REF-LOC-OUT-0000190,ACC-R3018-001,OUTWARD,R3018,2026-05-16 16:19:00,RET-BEN-000019,770200000001,186.00,186.00,UTILITY_PAYMENT,Utility Bill Payment,FTS,AE070330000220000000019,0.00,[]
LOC-OUT-0000192,QUOTE-LOC-OUT-0000192,COMPLETED,REF-LOC-OUT-0000192,ACC-R3019-001,OUTWARD,R3019,2026-01-11 17:20:00,RET-BEN-000020,770200000001,159.00,159.00,UTILITY_PAYMENT,Utility Bill Payment,FTS,AE070330000220000000020,0.00,[]
LOC-OUT-0000194,QUOTE-LOC-OUT-0000194,COMPLETED,REF-LOC-OUT-0000194,ACC-R3019-001,OUTWARD,R3019,2026-02-14 17:20:00,RET-BEN-000020,770200000001,170.00,170.00,UTILITY_PAYMENT,Utility Bill Payment,FTS,AE070330000220000000020,0.00,[]
LOC-OUT-0000196,QUOTE-LOC-OUT-0000196,COMPLETED,REF-LOC-OUT-0000196,ACC-R3019-001,OUTWARD,R3019,2026-03-17 17:20:00,RET-BEN-000020,770200000001,181.00,181.00,UTILITY_PAYMENT,Utility Bill Payment,FTS,AE070330000220000000020,0.00,[]
LOC-OUT-0000198,QUOTE-LOC-OUT-0000198,COMPLETED,REF-LOC-OUT-0000198,ACC-R3019-001,OUTWARD,R3019,2026-04-20 17:20:00,RET-BEN-000020,770200000001,192.00,192.00,UTILITY_PAYMENT,Utility Bill Payment,FTS,AE070330000220000000020,0.00,[]
LOC-OUT-0000200,QUOTE-LOC-OUT-0000200,COMPLETED,REF-LOC-OUT-0000200,ACC-R3019-001,OUTWARD,R3019,2026-05-23 17:20:00,RET-BEN-000020,770200000001,203.00,203.00,UTILITY_PAYMENT,Utility Bill Payment,FTS,AE070330000220000000020,0.00,[]
LOC-OUT-0000202,QUOTE-LOC-OUT-0000202,COMPLETED,REF-LOC-OUT-0000202,ACC-R3020-001,OUTWARD,R3020,2026-01-18 18:21:00,RET-BEN-000021,770200000001,176.00,176.00,UTILITY_PAYMENT,Utility Bill Payment,FTS,AE070330000220000000021,0.00,[]
LOC-OUT-0000204,QUOTE-LOC-OUT-0000204,COMPLETED,REF-LOC-OUT-0000204,ACC-R3020-001,OUTWARD,R3020,2026-02-21 18:21:00,RET-BEN-000021,770200000001,187.00,187.00,UTILITY_PAYMENT,Utility Bill Payment,FTS,AE070330000220000000021,0.00,[]
LOC-OUT-0000206,QUOTE-LOC-OUT-0000206,COMPLETED,REF-LOC-OUT-0000206,ACC-R3020-001,OUTWARD,R3020,2026-03-24 18:21:00,RET-BEN-000021,770200000001,198.00,198.00,UTILITY_PAYMENT,Utility Bill Payment,FTS,AE070330000220000000021,0.00,[]
LOC-OUT-0000208,QUOTE-LOC-OUT-0000208,COMPLETED,REF-LOC-OUT-0000208,ACC-R3020-001,OUTWARD,R3020,2026-04-05 18:21:00,RET-BEN-000021,770200000001,209.00,209.00,UTILITY_PAYMENT,Utility Bill Payment,FTS,AE070330000220000000021,0.00,[]
LOC-OUT-0000210,QUOTE-LOC-OUT-0000210,COMPLETED,REF-LOC-OUT-0000210,ACC-R3020-001,OUTWARD,R3020,2026-05-08 18:21:00,RET-BEN-000021,770200000001,220.00,220.00,UTILITY_PAYMENT,Utility Bill Payment,FTS,AE070330000220000000021,0.00,[]
LOC-OUT-0000212,QUOTE-LOC-OUT-0000212,COMPLETED,REF-LOC-OUT-0000212,ACC-R3021-001,OUTWARD,R3021,2026-01-03 08:22:00,RET-BEN-000022,770200000001,193.00,193.00,UTILITY_PAYMENT,Utility Bill Payment,FTS,AE070330000220000000022,0.00,[]
LOC-OUT-0000214,QUOTE-LOC-OUT-0000214,COMPLETED,REF-LOC-OUT-0000214,ACC-R3021-001,OUTWARD,R3021,2026-02-06 08:22:00,RET-BEN-000022,770200000001,204.00,204.00,UTILITY_PAYMENT,Utility Bill Payment,FTS,AE070330000220000000022,0.00,[]
LOC-OUT-0000216,QUOTE-LOC-OUT-0000216,COMPLETED,REF-LOC-OUT-0000216,ACC-R3021-001,OUTWARD,R3021,2026-03-09 08:22:00,RET-BEN-000022,770200000001,215.00,215.00,UTILITY_PAYMENT,Utility Bill Payment,FTS,AE070330000220000000022,0.00,[]
LOC-OUT-0000218,QUOTE-LOC-OUT-0000218,COMPLETED,REF-LOC-OUT-0000218,ACC-R3021-001,OUTWARD,R3021,2026-04-12 08:22:00,RET-BEN-000022,770200000001,226.00,226.00,UTILITY_PAYMENT,Utility Bill Payment,FTS,AE070330000220000000022,0.00,[]
LOC-OUT-0000220,QUOTE-LOC-OUT-0000220,COMPLETED,REF-LOC-OUT-0000220,ACC-R3021-001,OUTWARD,R3021,2026-05-15 08:22:00,RET-BEN-000022,770200000001,237.00,237.00,UTILITY_PAYMENT,Utility Bill Payment,FTS,AE070330000220000000022,0.00,[]
LOC-OUT-0000222,QUOTE-LOC-OUT-0000222,COMPLETED,REF-LOC-OUT-0000222,ACC-R3022-001,OUTWARD,R3022,2026-01-10 09:23:00,RET-BEN-000023,770200000001,210.00,210.00,UTILITY_PAYMENT,Utility Bill Payment,FTS,AE070330000220000000023,0.00,[]
LOC-OUT-0000224,QUOTE-LOC-OUT-0000224,COMPLETED,REF-LOC-OUT-0000224,ACC-R3022-001,OUTWARD,R3022,2026-02-13 09:23:00,RET-BEN-000023,770200000001,221.00,221.00,UTILITY_PAYMENT,Utility Bill Payment,FTS,AE070330000220000000023,0.00,[]
LOC-OUT-0000226,QUOTE-LOC-OUT-0000226,COMPLETED,REF-LOC-OUT-0000226,ACC-R3022-001,OUTWARD,R3022,2026-03-16 09:23:00,RET-BEN-000023,770200000001,232.00,232.00,UTILITY_PAYMENT,Utility Bill Payment,FTS,AE070330000220000000023,0.00,[]
LOC-OUT-0000228,QUOTE-LOC-OUT-0000228,COMPLETED,REF-LOC-OUT-0000228,ACC-R3022-001,OUTWARD,R3022,2026-04-19 09:23:00,RET-BEN-000023,770200000001,243.00,243.00,UTILITY_PAYMENT,Utility Bill Payment,FTS,AE070330000220000000023,0.00,[]
LOC-OUT-0000230,QUOTE-LOC-OUT-0000230,COMPLETED,REF-LOC-OUT-0000230,ACC-R3022-001,OUTWARD,R3022,2026-05-22 09:23:00,RET-BEN-000023,770200000001,254.00,254.00,UTILITY_PAYMENT,Utility Bill Payment,FTS,AE070330000220000000023,0.00,[]
LOC-OUT-0000232,QUOTE-LOC-OUT-0000232,COMPLETED,REF-LOC-OUT-0000232,ACC-R3023-001,OUTWARD,R3023,2026-01-17 10:24:00,RET-BEN-000024,770200000001,227.00,227.00,UTILITY_PAYMENT,Utility Bill Payment,FTS,AE070330000220000000024,0.00,[]
LOC-OUT-0000234,QUOTE-LOC-OUT-0000234,COMPLETED,REF-LOC-OUT-0000234,ACC-R3023-001,OUTWARD,R3023,2026-02-20 10:24:00,RET-BEN-000024,770200000001,238.00,238.00,UTILITY_PAYMENT,Utility Bill Payment,FTS,AE070330000220000000024,0.00,[]
LOC-OUT-0000236,QUOTE-LOC-OUT-0000236,COMPLETED,REF-LOC-OUT-0000236,ACC-R3023-001,OUTWARD,R3023,2026-03-23 10:24:00,RET-BEN-000024,770200000001,249.00,249.00,UTILITY_PAYMENT,Utility Bill Payment,FTS,AE070330000220000000024,0.00,[]
LOC-OUT-0000238,QUOTE-LOC-OUT-0000238,COMPLETED,REF-LOC-OUT-0000238,ACC-R3023-001,OUTWARD,R3023,2026-04-04 10:24:00,RET-BEN-000024,770200000001,260.00,260.00,UTILITY_PAYMENT,Utility Bill Payment,FTS,AE070330000220000000024,0.00,[]
LOC-OUT-0000240,QUOTE-LOC-OUT-0000240,COMPLETED,REF-LOC-OUT-0000240,ACC-R3023-001,OUTWARD,R3023,2026-05-07 10:24:00,RET-BEN-000024,770200000001,271.00,271.00,UTILITY_PAYMENT,Utility Bill Payment,FTS,AE070330000220000000024,0.00,[]
LOC-OUT-0000242,QUOTE-LOC-OUT-0000242,COMPLETED,REF-LOC-OUT-0000242,ACC-R3024-001,OUTWARD,R3024,2026-01-24 11:25:00,RET-BEN-000025,770200000001,244.00,244.00,UTILITY_PAYMENT,Utility Bill Payment,FTS,AE070330000220000000025,0.00,[]
LOC-OUT-0000244,QUOTE-LOC-OUT-0000244,COMPLETED,REF-LOC-OUT-0000244,ACC-R3024-001,OUTWARD,R3024,2026-02-05 11:25:00,RET-BEN-000025,770200000001,255.00,255.00,UTILITY_PAYMENT,Utility Bill Payment,FTS,AE070330000220000000025,0.00,[]
LOC-OUT-0000246,QUOTE-LOC-OUT-0000246,COMPLETED,REF-LOC-OUT-0000246,ACC-R3024-001,OUTWARD,R3024,2026-03-08 11:25:00,RET-BEN-000025,770200000001,266.00,266.00,UTILITY_PAYMENT,Utility Bill Payment,FTS,AE070330000220000000025,0.00,[]
LOC-OUT-0000248,QUOTE-LOC-OUT-0000248,COMPLETED,REF-LOC-OUT-0000248,ACC-R3024-001,OUTWARD,R3024,2026-04-11 11:25:00,RET-BEN-000025,770200000001,277.00,277.00,UTILITY_PAYMENT,Utility Bill Payment,FTS,AE070330000220000000025,0.00,[]
LOC-OUT-0000250,QUOTE-LOC-OUT-0000250,COMPLETED,REF-LOC-OUT-0000250,ACC-R3024-001,OUTWARD,R3024,2026-05-14 11:25:00,RET-BEN-000025,770200000001,288.00,288.00,UTILITY_PAYMENT,Utility Bill Payment,FTS,AE070330000220000000025,0.00,[]
LOC-OUT-0000252,QUOTE-LOC-OUT-0000252,COMPLETED,REF-LOC-OUT-0000252,ACC-R3025-001,OUTWARD,R3025,2026-01-09 12:26:00,RET-BEN-000026,770200000001,261.00,261.00,UTILITY_PAYMENT,Utility Bill Payment,FTS,AE070330000220000000026,0.00,[]
LOC-OUT-0000254,QUOTE-LOC-OUT-0000254,COMPLETED,REF-LOC-OUT-0000254,ACC-R3025-001,OUTWARD,R3025,2026-02-12 12:26:00,RET-BEN-000026,770200000001,272.00,272.00,UTILITY_PAYMENT,Utility Bill Payment,FTS,AE070330000220000000026,0.00,[]
LOC-OUT-0000256,QUOTE-LOC-OUT-0000256,COMPLETED,REF-LOC-OUT-0000256,ACC-R3025-001,OUTWARD,R3025,2026-03-15 12:26:00,RET-BEN-000026,770200000001,283.00,283.00,UTILITY_PAYMENT,Utility Bill Payment,FTS,AE070330000220000000026,0.00,[]
LOC-OUT-0000258,QUOTE-LOC-OUT-0000258,COMPLETED,REF-LOC-OUT-0000258,ACC-R3025-001,OUTWARD,R3025,2026-04-18 12:26:00,RET-BEN-000026,770200000001,294.00,294.00,UTILITY_PAYMENT,Utility Bill Payment,FTS,AE070330000220000000026,0.00,[]
LOC-OUT-0000260,QUOTE-LOC-OUT-0000260,COMPLETED,REF-LOC-OUT-0000260,ACC-R3025-001,OUTWARD,R3025,2026-05-21 12:26:00,RET-BEN-000026,770200000001,305.00,305.00,UTILITY_PAYMENT,Utility Bill Payment,FTS,AE070330000220000000026,0.00,[]
LOC-OUT-0000262,QUOTE-LOC-OUT-0000262,COMPLETED,REF-LOC-OUT-0000262,ACC-R3026-001,OUTWARD,R3026,2026-01-16 13:27:00,RET-BEN-000027,770200000001,278.00,278.00,UTILITY_PAYMENT,Utility Bill Payment,FTS,AE070330000220000000027,0.00,[]
LOC-OUT-0000264,QUOTE-LOC-OUT-0000264,COMPLETED,REF-LOC-OUT-0000264,ACC-R3026-001,OUTWARD,R3026,2026-02-19 13:27:00,RET-BEN-000027,770200000001,289.00,289.00,UTILITY_PAYMENT,Utility Bill Payment,FTS,AE070330000220000000027,0.00,[]
LOC-OUT-0000266,QUOTE-LOC-OUT-0000266,COMPLETED,REF-LOC-OUT-0000266,ACC-R3026-001,OUTWARD,R3026,2026-03-22 13:27:00,RET-BEN-000027,770200000001,300.00,300.00,UTILITY_PAYMENT,Utility Bill Payment,FTS,AE070330000220000000027,0.00,[]
LOC-OUT-0000268,QUOTE-LOC-OUT-0000268,COMPLETED,REF-LOC-OUT-0000268,ACC-R3026-001,OUTWARD,R3026,2026-04-03 13:27:00,RET-BEN-000027,770200000001,311.00,311.00,UTILITY_PAYMENT,Utility Bill Payment,FTS,AE070330000220000000027,0.00,[]
LOC-OUT-0000270,QUOTE-LOC-OUT-0000270,COMPLETED,REF-LOC-OUT-0000270,ACC-R3026-001,OUTWARD,R3026,2026-05-06 13:27:00,RET-BEN-000027,770200000001,322.00,322.00,UTILITY_PAYMENT,Utility Bill Payment,FTS,AE070330000220000000027,0.00,[]
LOC-OUT-0000272,QUOTE-LOC-OUT-0000272,COMPLETED,REF-LOC-OUT-0000272,ACC-R3027-001,OUTWARD,R3027,2026-01-23 14:28:00,RET-BEN-000028,770200000001,295.00,295.00,UTILITY_PAYMENT,Utility Bill Payment,FTS,AE070330000220000000028,0.00,[]
LOC-OUT-0000274,QUOTE-LOC-OUT-0000274,COMPLETED,REF-LOC-OUT-0000274,ACC-R3027-001,OUTWARD,R3027,2026-02-04 14:28:00,RET-BEN-000028,770200000001,306.00,306.00,UTILITY_PAYMENT,Utility Bill Payment,FTS,AE070330000220000000028,0.00,[]
LOC-OUT-0000276,QUOTE-LOC-OUT-0000276,COMPLETED,REF-LOC-OUT-0000276,ACC-R3027-001,OUTWARD,R3027,2026-03-07 14:28:00,RET-BEN-000028,770200000001,317.00,317.00,UTILITY_PAYMENT,Utility Bill Payment,FTS,AE070330000220000000028,0.00,[]
LOC-OUT-0000278,QUOTE-LOC-OUT-0000278,COMPLETED,REF-LOC-OUT-0000278,ACC-R3027-001,OUTWARD,R3027,2026-04-10 14:28:00,RET-BEN-000028,770200000001,328.00,328.00,UTILITY_PAYMENT,Utility Bill Payment,FTS,AE070330000220000000028,0.00,[]
LOC-OUT-0000280,QUOTE-LOC-OUT-0000280,COMPLETED,REF-LOC-OUT-0000280,ACC-R3027-001,OUTWARD,R3027,2026-05-13 14:28:00,RET-BEN-000028,770200000001,339.00,339.00,UTILITY_PAYMENT,Utility Bill Payment,FTS,AE070330000220000000028,0.00,[]
LOC-OUT-0000282,QUOTE-LOC-OUT-0000282,COMPLETED,REF-LOC-OUT-0000282,ACC-R3028-001,OUTWARD,R3028,2026-01-08 15:29:00,RET-BEN-000029,770200000001,312.00,312.00,UTILITY_PAYMENT,Utility Bill Payment,FTS,AE070330000220000000029,0.00,[]
LOC-OUT-0000284,QUOTE-LOC-OUT-0000284,COMPLETED,REF-LOC-OUT-0000284,ACC-R3028-001,OUTWARD,R3028,2026-02-11 15:29:00,RET-BEN-000029,770200000001,323.00,323.00,UTILITY_PAYMENT,Utility Bill Payment,FTS,AE070330000220000000029,0.00,[]
LOC-OUT-0000286,QUOTE-LOC-OUT-0000286,COMPLETED,REF-LOC-OUT-0000286,ACC-R3028-001,OUTWARD,R3028,2026-03-14 15:29:00,RET-BEN-000029,770200000001,334.00,334.00,UTILITY_PAYMENT,Utility Bill Payment,FTS,AE070330000220000000029,0.00,[]
LOC-OUT-0000288,QUOTE-LOC-OUT-0000288,COMPLETED,REF-LOC-OUT-0000288,ACC-R3028-001,OUTWARD,R3028,2026-04-17 15:29:00,RET-BEN-000029,770200000001,345.00,345.00,UTILITY_PAYMENT,Utility Bill Payment,FTS,AE070330000220000000029,0.00,[]
LOC-OUT-0000290,QUOTE-LOC-OUT-0000290,COMPLETED,REF-LOC-OUT-0000290,ACC-R3028-001,OUTWARD,R3028,2026-05-20 15:29:00,RET-BEN-000029,770200000001,90.00,90.00,UTILITY_PAYMENT,Utility Bill Payment,FTS,AE070330000220000000029,0.00,[]
LOC-OUT-0000292,QUOTE-LOC-OUT-0000292,COMPLETED,REF-LOC-OUT-0000292,ACC-R3029-001,OUTWARD,R3029,2026-01-15 16:30:00,RET-BEN-000030,770200000001,329.00,329.00,UTILITY_PAYMENT,Utility Bill Payment,FTS,AE070330000220000000030,0.00,[]
LOC-OUT-0000294,QUOTE-LOC-OUT-0000294,COMPLETED,REF-LOC-OUT-0000294,ACC-R3029-001,OUTWARD,R3029,2026-02-18 16:30:00,RET-BEN-000030,770200000001,340.00,340.00,UTILITY_PAYMENT,Utility Bill Payment,FTS,AE070330000220000000030,0.00,[]
LOC-OUT-0000296,QUOTE-LOC-OUT-0000296,COMPLETED,REF-LOC-OUT-0000296,ACC-R3029-001,OUTWARD,R3029,2026-03-21 16:30:00,RET-BEN-000030,770200000001,85.00,85.00,UTILITY_PAYMENT,Utility Bill Payment,FTS,AE070330000220000000030,0.00,[]
LOC-OUT-0000298,QUOTE-LOC-OUT-0000298,COMPLETED,REF-LOC-OUT-0000298,ACC-R3029-001,OUTWARD,R3029,2026-04-24 16:30:00,RET-BEN-000030,770200000001,96.00,96.00,UTILITY_PAYMENT,Utility Bill Payment,FTS,AE070330000220000000030,0.00,[]
LOC-OUT-0000300,QUOTE-LOC-OUT-0000300,COMPLETED,REF-LOC-OUT-0000300,ACC-R3029-001,OUTWARD,R3029,2026-05-05 16:30:00,RET-BEN-000030,770200000001,107.00,107.00,UTILITY_PAYMENT,Utility Bill Payment,FTS,AE070330000220000000030,0.00,[]
LOC-OUT-0000302,QUOTE-LOC-OUT-0000302,COMPLETED,REF-LOC-OUT-0000302,ACC-R3030-001,OUTWARD,R3030,2026-01-22 17:31:00,RET-BEN-000031,770200000001,346.00,346.00,UTILITY_PAYMENT,Utility Bill Payment,FTS,AE070330000220000000031,0.00,[]
LOC-OUT-0000304,QUOTE-LOC-OUT-0000304,COMPLETED,REF-LOC-OUT-0000304,ACC-R3030-001,OUTWARD,R3030,2026-02-03 17:31:00,RET-BEN-000031,770200000001,91.00,91.00,UTILITY_PAYMENT,Utility Bill Payment,FTS,AE070330000220000000031,0.00,[]
LOC-OUT-0000306,QUOTE-LOC-OUT-0000306,COMPLETED,REF-LOC-OUT-0000306,ACC-R3030-001,OUTWARD,R3030,2026-03-06 17:31:00,RET-BEN-000031,770200000001,102.00,102.00,UTILITY_PAYMENT,Utility Bill Payment,FTS,AE070330000220000000031,0.00,[]
LOC-OUT-0000308,QUOTE-LOC-OUT-0000308,COMPLETED,REF-LOC-OUT-0000308,ACC-R3030-001,OUTWARD,R3030,2026-04-09 17:31:00,RET-BEN-000031,770200000001,113.00,113.00,UTILITY_PAYMENT,Utility Bill Payment,FTS,AE070330000220000000031,0.00,[]
LOC-OUT-0000310,QUOTE-LOC-OUT-0000310,COMPLETED,REF-LOC-OUT-0000310,ACC-R3030-001,OUTWARD,R3030,2026-05-12 17:31:00,RET-BEN-000031,770200000001,124.00,124.00,UTILITY_PAYMENT,Utility Bill Payment,FTS,AE070330000220000000031,0.00,[]
LOC-OUT-0000312,QUOTE-LOC-OUT-0000312,COMPLETED,REF-LOC-OUT-0000312,ACC-R3031-001,OUTWARD,R3031,2026-01-07 18:32:00,RET-BEN-000032,770200000001,97.00,97.00,UTILITY_PAYMENT,Utility Bill Payment,FTS,AE070330000220000000032,0.00,[]
LOC-OUT-0000314,QUOTE-LOC-OUT-0000314,COMPLETED,REF-LOC-OUT-0000314,ACC-R3031-001,OUTWARD,R3031,2026-02-10 18:32:00,RET-BEN-000032,770200000001,108.00,108.00,UTILITY_PAYMENT,Utility Bill Payment,FTS,AE070330000220000000032,0.00,[]
LOC-OUT-0000316,QUOTE-LOC-OUT-0000316,COMPLETED,REF-LOC-OUT-0000316,ACC-R3031-001,OUTWARD,R3031,2026-03-13 18:32:00,RET-BEN-000032,770200000001,119.00,119.00,UTILITY_PAYMENT,Utility Bill Payment,FTS,AE070330000220000000032,0.00,[]
LOC-OUT-0000318,QUOTE-LOC-OUT-0000318,COMPLETED,REF-LOC-OUT-0000318,ACC-R3031-001,OUTWARD,R3031,2026-04-16 18:32:00,RET-BEN-000032,770200000001,130.00,130.00,UTILITY_PAYMENT,Utility Bill Payment,FTS,AE070330000220000000032,0.00,[]
LOC-OUT-0000320,QUOTE-LOC-OUT-0000320,COMPLETED,REF-LOC-OUT-0000320,ACC-R3031-001,OUTWARD,R3031,2026-05-19 18:32:00,RET-BEN-000032,770200000001,141.00,141.00,UTILITY_PAYMENT,Utility Bill Payment,FTS,AE070330000220000000032,0.00,[]
LOC-OUT-0000322,QUOTE-LOC-OUT-0000322,COMPLETED,REF-LOC-OUT-0000322,ACC-R3032-001,OUTWARD,R3032,2026-01-14 08:33:00,RET-BEN-000033,770200000001,114.00,114.00,UTILITY_PAYMENT,Utility Bill Payment,FTS,AE070330000220000000033,0.00,[]
LOC-OUT-0000324,QUOTE-LOC-OUT-0000324,COMPLETED,REF-LOC-OUT-0000324,ACC-R3032-001,OUTWARD,R3032,2026-02-17 08:33:00,RET-BEN-000033,770200000001,125.00,125.00,UTILITY_PAYMENT,Utility Bill Payment,FTS,AE070330000220000000033,0.00,[]
LOC-OUT-0000326,QUOTE-LOC-OUT-0000326,COMPLETED,REF-LOC-OUT-0000326,ACC-R3032-001,OUTWARD,R3032,2026-03-20 08:33:00,RET-BEN-000033,770200000001,136.00,136.00,UTILITY_PAYMENT,Utility Bill Payment,FTS,AE070330000220000000033,0.00,[]
LOC-OUT-0000328,QUOTE-LOC-OUT-0000328,COMPLETED,REF-LOC-OUT-0000328,ACC-R3032-001,OUTWARD,R3032,2026-04-23 08:33:00,RET-BEN-000033,770200000001,147.00,147.00,UTILITY_PAYMENT,Utility Bill Payment,FTS,AE070330000220000000033,0.00,[]
LOC-OUT-0000330,QUOTE-LOC-OUT-0000330,COMPLETED,REF-LOC-OUT-0000330,ACC-R3032-001,OUTWARD,R3032,2026-05-04 08:33:00,RET-BEN-000033,770200000001,158.00,158.00,UTILITY_PAYMENT,Utility Bill Payment,FTS,AE070330000220000000033,0.00,[]
LOC-OUT-0000332,QUOTE-LOC-OUT-0000332,COMPLETED,REF-LOC-OUT-0000332,ACC-R3033-001,OUTWARD,R3033,2026-01-21 09:34:00,RET-BEN-000034,770200000001,131.00,131.00,UTILITY_PAYMENT,Utility Bill Payment,FTS,AE070330000220000000034,0.00,[]
LOC-OUT-0000334,QUOTE-LOC-OUT-0000334,COMPLETED,REF-LOC-OUT-0000334,ACC-R3033-001,OUTWARD,R3033,2026-02-24 09:34:00,RET-BEN-000034,770200000001,142.00,142.00,UTILITY_PAYMENT,Utility Bill Payment,FTS,AE070330000220000000034,0.00,[]
LOC-OUT-0000336,QUOTE-LOC-OUT-0000336,COMPLETED,REF-LOC-OUT-0000336,ACC-R3033-001,OUTWARD,R3033,2026-03-05 09:34:00,RET-BEN-000034,770200000001,153.00,153.00,UTILITY_PAYMENT,Utility Bill Payment,FTS,AE070330000220000000034,0.00,[]
LOC-OUT-0000338,QUOTE-LOC-OUT-0000338,COMPLETED,REF-LOC-OUT-0000338,ACC-R3033-001,OUTWARD,R3033,2026-04-08 09:34:00,RET-BEN-000034,770200000001,164.00,164.00,UTILITY_PAYMENT,Utility Bill Payment,FTS,AE070330000220000000034,0.00,[]
LOC-OUT-0000340,QUOTE-LOC-OUT-0000340,COMPLETED,REF-LOC-OUT-0000340,ACC-R3033-001,OUTWARD,R3033,2026-05-11 09:34:00,RET-BEN-000034,770200000001,175.00,175.00,UTILITY_PAYMENT,Utility Bill Payment,FTS,AE070330000220000000034,0.00,[]
LOC-OUT-0000342,QUOTE-LOC-OUT-0000342,COMPLETED,REF-LOC-OUT-0000342,ACC-R3034-001,OUTWARD,R3034,2026-01-06 10:35:00,RET-BEN-000035,770200000001,148.00,148.00,UTILITY_PAYMENT,Utility Bill Payment,FTS,AE070330000220000000035,0.00,[]
LOC-OUT-0000344,QUOTE-LOC-OUT-0000344,COMPLETED,REF-LOC-OUT-0000344,ACC-R3034-001,OUTWARD,R3034,2026-02-09 10:35:00,RET-BEN-000035,770200000001,159.00,159.00,UTILITY_PAYMENT,Utility Bill Payment,FTS,AE070330000220000000035,0.00,[]
LOC-OUT-0000346,QUOTE-LOC-OUT-0000346,COMPLETED,REF-LOC-OUT-0000346,ACC-R3034-001,OUTWARD,R3034,2026-03-12 10:35:00,RET-BEN-000035,770200000001,170.00,170.00,UTILITY_PAYMENT,Utility Bill Payment,FTS,AE070330000220000000035,0.00,[]
LOC-OUT-0000348,QUOTE-LOC-OUT-0000348,COMPLETED,REF-LOC-OUT-0000348,ACC-R3034-001,OUTWARD,R3034,2026-04-15 10:35:00,RET-BEN-000035,770200000001,181.00,181.00,UTILITY_PAYMENT,Utility Bill Payment,FTS,AE070330000220000000035,0.00,[]
LOC-OUT-0000350,QUOTE-LOC-OUT-0000350,COMPLETED,REF-LOC-OUT-0000350,ACC-R3034-001,OUTWARD,R3034,2026-05-18 10:35:00,RET-BEN-000035,770200000001,192.00,192.00,UTILITY_PAYMENT,Utility Bill Payment,FTS,AE070330000220000000035,0.00,[]
LOC-OUT-0000352,QUOTE-LOC-OUT-0000352,COMPLETED,REF-LOC-OUT-0000352,ACC-R3035-001,OUTWARD,R3035,2026-01-13 11:36:00,RET-BEN-000036,770200000001,165.00,165.00,UTILITY_PAYMENT,Utility Bill Payment,FTS,AE070330000220000000036,0.00,[]
LOC-OUT-0000354,QUOTE-LOC-OUT-0000354,COMPLETED,REF-LOC-OUT-0000354,ACC-R3035-001,OUTWARD,R3035,2026-02-16 11:36:00,RET-BEN-000036,770200000001,176.00,176.00,UTILITY_PAYMENT,Utility Bill Payment,FTS,AE070330000220000000036,0.00,[]
LOC-OUT-0000356,QUOTE-LOC-OUT-0000356,COMPLETED,REF-LOC-OUT-0000356,ACC-R3035-001,OUTWARD,R3035,2026-03-19 11:36:00,RET-BEN-000036,770200000001,187.00,187.00,UTILITY_PAYMENT,Utility Bill Payment,FTS,AE070330000220000000036,0.00,[]
LOC-OUT-0000358,QUOTE-LOC-OUT-0000358,COMPLETED,REF-LOC-OUT-0000358,ACC-R3035-001,OUTWARD,R3035,2026-04-22 11:36:00,RET-BEN-000036,770200000001,198.00,198.00,UTILITY_PAYMENT,Utility Bill Payment,FTS,AE070330000220000000036,0.00,[]
LOC-OUT-0000360,QUOTE-LOC-OUT-0000360,COMPLETED,REF-LOC-OUT-0000360,ACC-R3035-001,OUTWARD,R3035,2026-05-03 11:36:00,RET-BEN-000036,770200000001,209.00,209.00,UTILITY_PAYMENT,Utility Bill Payment,FTS,AE070330000220000000036,0.00,[]
LOC-OUT-0000362,QUOTE-LOC-OUT-0000362,COMPLETED,REF-LOC-OUT-0000362,ACC-R3036-001,OUTWARD,R3036,2026-01-20 12:37:00,RET-BEN-000037,770200000001,182.00,182.00,UTILITY_PAYMENT,Utility Bill Payment,FTS,AE070330000220000000037,0.00,[]
LOC-OUT-0000364,QUOTE-LOC-OUT-0000364,COMPLETED,REF-LOC-OUT-0000364,ACC-R3036-001,OUTWARD,R3036,2026-02-23 12:37:00,RET-BEN-000037,770200000001,193.00,193.00,UTILITY_PAYMENT,Utility Bill Payment,FTS,AE070330000220000000037,0.00,[]
LOC-OUT-0000366,QUOTE-LOC-OUT-0000366,COMPLETED,REF-LOC-OUT-0000366,ACC-R3036-001,OUTWARD,R3036,2026-03-04 12:37:00,RET-BEN-000037,770200000001,204.00,204.00,UTILITY_PAYMENT,Utility Bill Payment,FTS,AE070330000220000000037,0.00,[]
LOC-OUT-0000368,QUOTE-LOC-OUT-0000368,COMPLETED,REF-LOC-OUT-0000368,ACC-R3036-001,OUTWARD,R3036,2026-04-07 12:37:00,RET-BEN-000037,770200000001,215.00,215.00,UTILITY_PAYMENT,Utility Bill Payment,FTS,AE070330000220000000037,0.00,[]
LOC-OUT-0000370,QUOTE-LOC-OUT-0000370,COMPLETED,REF-LOC-OUT-0000370,ACC-R3036-001,OUTWARD,R3036,2026-05-10 12:37:00,RET-BEN-000037,770200000001,226.00,226.00,UTILITY_PAYMENT,Utility Bill Payment,FTS,AE070330000220000000037,0.00,[]
LOC-OUT-0000372,QUOTE-LOC-OUT-0000372,COMPLETED,REF-LOC-OUT-0000372,ACC-R3037-001,OUTWARD,R3037,2026-01-05 13:38:00,RET-BEN-000038,770200000001,199.00,199.00,UTILITY_PAYMENT,Utility Bill Payment,FTS,AE070330000220000000038,0.00,[]
LOC-OUT-0000374,QUOTE-LOC-OUT-0000374,COMPLETED,REF-LOC-OUT-0000374,ACC-R3037-001,OUTWARD,R3037,2026-02-08 13:38:00,RET-BEN-000038,770200000001,210.00,210.00,UTILITY_PAYMENT,Utility Bill Payment,FTS,AE070330000220000000038,0.00,[]
LOC-OUT-0000376,QUOTE-LOC-OUT-0000376,COMPLETED,REF-LOC-OUT-0000376,ACC-R3037-001,OUTWARD,R3037,2026-03-11 13:38:00,RET-BEN-000038,770200000001,221.00,221.00,UTILITY_PAYMENT,Utility Bill Payment,FTS,AE070330000220000000038,0.00,[]
LOC-OUT-0000378,QUOTE-LOC-OUT-0000378,COMPLETED,REF-LOC-OUT-0000378,ACC-R3037-001,OUTWARD,R3037,2026-04-14 13:38:00,RET-BEN-000038,770200000001,232.00,232.00,UTILITY_PAYMENT,Utility Bill Payment,FTS,AE070330000220000000038,0.00,[]
LOC-OUT-0000380,QUOTE-LOC-OUT-0000380,COMPLETED,REF-LOC-OUT-0000380,ACC-R3037-001,OUTWARD,R3037,2026-05-17 13:38:00,RET-BEN-000038,770200000001,243.00,243.00,UTILITY_PAYMENT,Utility Bill Payment,FTS,AE070330000220000000038,0.00,[]
LOC-OUT-0000382,QUOTE-LOC-OUT-0000382,COMPLETED,REF-LOC-OUT-0000382,ACC-R3038-001,OUTWARD,R3038,2026-01-12 14:39:00,RET-BEN-000039,770200000001,216.00,216.00,UTILITY_PAYMENT,Utility Bill Payment,FTS,AE070330000220000000039,0.00,[]
LOC-OUT-0000384,QUOTE-LOC-OUT-0000384,COMPLETED,REF-LOC-OUT-0000384,ACC-R3038-001,OUTWARD,R3038,2026-02-15 14:39:00,RET-BEN-000039,770200000001,227.00,227.00,UTILITY_PAYMENT,Utility Bill Payment,FTS,AE070330000220000000039,0.00,[]
LOC-OUT-0000386,QUOTE-LOC-OUT-0000386,COMPLETED,REF-LOC-OUT-0000386,ACC-R3038-001,OUTWARD,R3038,2026-03-18 14:39:00,RET-BEN-000039,770200000001,238.00,238.00,UTILITY_PAYMENT,Utility Bill Payment,FTS,AE070330000220000000039,0.00,[]
LOC-OUT-0000388,QUOTE-LOC-OUT-0000388,COMPLETED,REF-LOC-OUT-0000388,ACC-R3038-001,OUTWARD,R3038,2026-04-21 14:39:00,RET-BEN-000039,770200000001,249.00,249.00,UTILITY_PAYMENT,Utility Bill Payment,FTS,AE070330000220000000039,0.00,[]
LOC-OUT-0000390,QUOTE-LOC-OUT-0000390,COMPLETED,REF-LOC-OUT-0000390,ACC-R3038-001,OUTWARD,R3038,2026-05-24 14:39:00,RET-BEN-000039,770200000001,260.00,260.00,UTILITY_PAYMENT,Utility Bill Payment,FTS,AE070330000220000000039,0.00,[]
LOC-OUT-0000392,QUOTE-LOC-OUT-0000392,COMPLETED,REF-LOC-OUT-0000392,ACC-R3039-001,OUTWARD,R3039,2026-01-19 15:40:00,RET-BEN-000040,770200000001,233.00,233.00,UTILITY_PAYMENT,Utility Bill Payment,FTS,AE070330000220000000040,0.00,[]
LOC-OUT-0000394,QUOTE-LOC-OUT-0000394,COMPLETED,REF-LOC-OUT-0000394,ACC-R3039-001,OUTWARD,R3039,2026-02-22 15:40:00,RET-BEN-000040,770200000001,244.00,244.00,UTILITY_PAYMENT,Utility Bill Payment,FTS,AE070330000220000000040,0.00,[]
LOC-OUT-0000396,QUOTE-LOC-OUT-0000396,COMPLETED,REF-LOC-OUT-0000396,ACC-R3039-001,OUTWARD,R3039,2026-03-03 15:40:00,RET-BEN-000040,770200000001,255.00,255.00,UTILITY_PAYMENT,Utility Bill Payment,FTS,AE070330000220000000040,0.00,[]
LOC-OUT-0000398,QUOTE-LOC-OUT-0000398,COMPLETED,REF-LOC-OUT-0000398,ACC-R3039-001,OUTWARD,R3039,2026-04-06 15:40:00,RET-BEN-000040,770200000001,266.00,266.00,UTILITY_PAYMENT,Utility Bill Payment,FTS,AE070330000220000000040,0.00,[]
LOC-OUT-0000400,QUOTE-LOC-OUT-0000400,COMPLETED,REF-LOC-OUT-0000400,ACC-R3039-001,OUTWARD,R3039,2026-05-09 15:40:00,RET-BEN-000040,770200000001,277.00,277.00,UTILITY_PAYMENT,Utility Bill Payment,FTS,AE070330000220000000040,0.00,[]
LOC-OUT-0000402,QUOTE-LOC-OUT-0000402,COMPLETED,REF-LOC-OUT-0000402,ACC-R3040-001,OUTWARD,R3040,2026-01-04 16:41:00,RET-BEN-000041,770200000001,250.00,250.00,UTILITY_PAYMENT,Utility Bill Payment,FTS,AE070330000220000000041,0.00,[]
LOC-OUT-0000404,QUOTE-LOC-OUT-0000404,COMPLETED,REF-LOC-OUT-0000404,ACC-R3040-001,OUTWARD,R3040,2026-02-07 16:41:00,RET-BEN-000041,770200000001,261.00,261.00,UTILITY_PAYMENT,Utility Bill Payment,FTS,AE070330000220000000041,0.00,[]
LOC-OUT-0000406,QUOTE-LOC-OUT-0000406,COMPLETED,REF-LOC-OUT-0000406,ACC-R3040-001,OUTWARD,R3040,2026-03-10 16:41:00,RET-BEN-000041,770200000001,272.00,272.00,UTILITY_PAYMENT,Utility Bill Payment,FTS,AE070330000220000000041,0.00,[]
LOC-OUT-0000408,QUOTE-LOC-OUT-0000408,COMPLETED,REF-LOC-OUT-0000408,ACC-R3040-001,OUTWARD,R3040,2026-04-13 16:41:00,RET-BEN-000041,770200000001,283.00,283.00,UTILITY_PAYMENT,Utility Bill Payment,FTS,AE070330000220000000041,0.00,[]
LOC-OUT-0000410,QUOTE-LOC-OUT-0000410,COMPLETED,REF-LOC-OUT-0000410,ACC-R3040-001,OUTWARD,R3040,2026-05-16 16:41:00,RET-BEN-000041,770200000001,294.00,294.00,UTILITY_PAYMENT,Utility Bill Payment,FTS,AE070330000220000000041,0.00,[]
LOC-OUT-0000412,QUOTE-LOC-OUT-0000412,COMPLETED,REF-LOC-OUT-0000412,ACC-R3041-001,OUTWARD,R3041,2026-01-11 17:42:00,RET-BEN-000042,770200000001,267.00,267.00,UTILITY_PAYMENT,Utility Bill Payment,FTS,AE070330000220000000042,0.00,[]
LOC-OUT-0000414,QUOTE-LOC-OUT-0000414,COMPLETED,REF-LOC-OUT-0000414,ACC-R3041-001,OUTWARD,R3041,2026-02-14 17:42:00,RET-BEN-000042,770200000001,278.00,278.00,UTILITY_PAYMENT,Utility Bill Payment,FTS,AE070330000220000000042,0.00,[]
LOC-OUT-0000416,QUOTE-LOC-OUT-0000416,COMPLETED,REF-LOC-OUT-0000416,ACC-R3041-001,OUTWARD,R3041,2026-03-17 17:42:00,RET-BEN-000042,770200000001,289.00,289.00,UTILITY_PAYMENT,Utility Bill Payment,FTS,AE070330000220000000042,0.00,[]
LOC-OUT-0000418,QUOTE-LOC-OUT-0000418,COMPLETED,REF-LOC-OUT-0000418,ACC-R3041-001,OUTWARD,R3041,2026-04-20 17:42:00,RET-BEN-000042,770200000001,300.00,300.00,UTILITY_PAYMENT,Utility Bill Payment,FTS,AE070330000220000000042,0.00,[]
LOC-OUT-0000420,QUOTE-LOC-OUT-0000420,COMPLETED,REF-LOC-OUT-0000420,ACC-R3041-001,OUTWARD,R3041,2026-05-23 17:42:00,RET-BEN-000042,770200000001,311.00,311.00,UTILITY_PAYMENT,Utility Bill Payment,FTS,AE070330000220000000042,0.00,[]
LOC-OUT-0000422,QUOTE-LOC-OUT-0000422,COMPLETED,REF-LOC-OUT-0000422,ACC-R3042-001,OUTWARD,R3042,2026-01-18 18:43:00,RET-BEN-000043,770200000001,284.00,284.00,UTILITY_PAYMENT,Utility Bill Payment,FTS,AE070330000220000000043,0.00,[]
LOC-OUT-0000424,QUOTE-LOC-OUT-0000424,COMPLETED,REF-LOC-OUT-0000424,ACC-R3042-001,OUTWARD,R3042,2026-02-21 18:43:00,RET-BEN-000043,770200000001,295.00,295.00,UTILITY_PAYMENT,Utility Bill Payment,FTS,AE070330000220000000043,0.00,[]
LOC-OUT-0000426,QUOTE-LOC-OUT-0000426,COMPLETED,REF-LOC-OUT-0000426,ACC-R3042-001,OUTWARD,R3042,2026-03-24 18:43:00,RET-BEN-000043,770200000001,306.00,306.00,UTILITY_PAYMENT,Utility Bill Payment,FTS,AE070330000220000000043,0.00,[]
LOC-OUT-0000428,QUOTE-LOC-OUT-0000428,COMPLETED,REF-LOC-OUT-0000428,ACC-R3042-001,OUTWARD,R3042,2026-04-05 18:43:00,RET-BEN-000043,770200000001,317.00,317.00,UTILITY_PAYMENT,Utility Bill Payment,FTS,AE070330000220000000043,0.00,[]
LOC-OUT-0000430,QUOTE-LOC-OUT-0000430,COMPLETED,REF-LOC-OUT-0000430,ACC-R3042-001,OUTWARD,R3042,2026-05-08 18:43:00,RET-BEN-000043,770200000001,328.00,328.00,UTILITY_PAYMENT,Utility Bill Payment,FTS,AE070330000220000000043,0.00,[]
LOC-OUT-0000432,QUOTE-LOC-OUT-0000432,COMPLETED,REF-LOC-OUT-0000432,ACC-R3043-001,OUTWARD,R3043,2026-01-03 08:44:00,RET-BEN-000044,770200000001,301.00,301.00,UTILITY_PAYMENT,Utility Bill Payment,FTS,AE070330000220000000044,0.00,[]
LOC-OUT-0000434,QUOTE-LOC-OUT-0000434,COMPLETED,REF-LOC-OUT-0000434,ACC-R3043-001,OUTWARD,R3043,2026-02-06 08:44:00,RET-BEN-000044,770200000001,312.00,312.00,UTILITY_PAYMENT,Utility Bill Payment,FTS,AE070330000220000000044,0.00,[]
LOC-OUT-0000436,QUOTE-LOC-OUT-0000436,COMPLETED,REF-LOC-OUT-0000436,ACC-R3043-001,OUTWARD,R3043,2026-03-09 08:44:00,RET-BEN-000044,770200000001,323.00,323.00,UTILITY_PAYMENT,Utility Bill Payment,FTS,AE070330000220000000044,0.00,[]
LOC-OUT-0000438,QUOTE-LOC-OUT-0000438,COMPLETED,REF-LOC-OUT-0000438,ACC-R3043-001,OUTWARD,R3043,2026-04-12 08:44:00,RET-BEN-000044,770200000001,334.00,334.00,UTILITY_PAYMENT,Utility Bill Payment,FTS,AE070330000220000000044,0.00,[]
LOC-OUT-0000440,QUOTE-LOC-OUT-0000440,COMPLETED,REF-LOC-OUT-0000440,ACC-R3043-001,OUTWARD,R3043,2026-05-15 08:44:00,RET-BEN-000044,770200000001,345.00,345.00,UTILITY_PAYMENT,Utility Bill Payment,FTS,AE070330000220000000044,0.00,[]
LOC-OUT-0000442,QUOTE-LOC-OUT-0000442,COMPLETED,REF-LOC-OUT-0000442,ACC-R3044-001,OUTWARD,R3044,2026-01-10 09:45:00,RET-BEN-000045,770200000001,318.00,318.00,UTILITY_PAYMENT,Utility Bill Payment,FTS,AE070330000220000000045,0.00,[]
LOC-OUT-0000444,QUOTE-LOC-OUT-0000444,COMPLETED,REF-LOC-OUT-0000444,ACC-R3044-001,OUTWARD,R3044,2026-02-13 09:45:00,RET-BEN-000045,770200000001,329.00,329.00,UTILITY_PAYMENT,Utility Bill Payment,FTS,AE070330000220000000045,0.00,[]
LOC-OUT-0000446,QUOTE-LOC-OUT-0000446,COMPLETED,REF-LOC-OUT-0000446,ACC-R3044-001,OUTWARD,R3044,2026-03-16 09:45:00,RET-BEN-000045,770200000001,340.00,340.00,UTILITY_PAYMENT,Utility Bill Payment,FTS,AE070330000220000000045,0.00,[]
LOC-OUT-0000448,QUOTE-LOC-OUT-0000448,COMPLETED,REF-LOC-OUT-0000448,ACC-R3044-001,OUTWARD,R3044,2026-04-19 09:45:00,RET-BEN-000045,770200000001,85.00,85.00,UTILITY_PAYMENT,Utility Bill Payment,FTS,AE070330000220000000045,0.00,[]
LOC-OUT-0000450,QUOTE-LOC-OUT-0000450,COMPLETED,REF-LOC-OUT-0000450,ACC-R3044-001,OUTWARD,R3044,2026-05-22 09:45:00,RET-BEN-000045,770200000001,96.00,96.00,UTILITY_PAYMENT,Utility Bill Payment,FTS,AE070330000220000000045,0.00,[]
LOC-OUT-0000452,QUOTE-LOC-OUT-0000452,COMPLETED,REF-LOC-OUT-0000452,ACC-R3045-001,OUTWARD,R3045,2026-01-17 10:46:00,RET-BEN-000046,770200000001,335.00,335.00,UTILITY_PAYMENT,Utility Bill Payment,FTS,AE070330000220000000046,0.00,[]
LOC-OUT-0000454,QUOTE-LOC-OUT-0000454,COMPLETED,REF-LOC-OUT-0000454,ACC-R3045-001,OUTWARD,R3045,2026-02-20 10:46:00,RET-BEN-000046,770200000001,346.00,346.00,UTILITY_PAYMENT,Utility Bill Payment,FTS,AE070330000220000000046,0.00,[]
LOC-OUT-0000456,QUOTE-LOC-OUT-0000456,COMPLETED,REF-LOC-OUT-0000456,ACC-R3045-001,OUTWARD,R3045,2026-03-23 10:46:00,RET-BEN-000046,770200000001,91.00,91.00,UTILITY_PAYMENT,Utility Bill Payment,FTS,AE070330000220000000046,0.00,[]
LOC-OUT-0000458,QUOTE-LOC-OUT-0000458,COMPLETED,REF-LOC-OUT-0000458,ACC-R3045-001,OUTWARD,R3045,2026-04-04 10:46:00,RET-BEN-000046,770200000001,102.00,102.00,UTILITY_PAYMENT,Utility Bill Payment,FTS,AE070330000220000000046,0.00,[]
LOC-OUT-0000460,QUOTE-LOC-OUT-0000460,COMPLETED,REF-LOC-OUT-0000460,ACC-R3045-001,OUTWARD,R3045,2026-05-07 10:46:00,RET-BEN-000046,770200000001,113.00,113.00,UTILITY_PAYMENT,Utility Bill Payment,FTS,AE070330000220000000046,0.00,[]
LOC-OUT-0000462,QUOTE-LOC-OUT-0000462,COMPLETED,REF-LOC-OUT-0000462,ACC-R3046-001,OUTWARD,R3046,2026-01-24 11:47:00,RET-BEN-000047,770200000001,86.00,86.00,UTILITY_PAYMENT,Utility Bill Payment,FTS,AE070330000220000000047,0.00,[]
LOC-OUT-0000464,QUOTE-LOC-OUT-0000464,COMPLETED,REF-LOC-OUT-0000464,ACC-R3046-001,OUTWARD,R3046,2026-02-05 11:47:00,RET-BEN-000047,770200000001,97.00,97.00,UTILITY_PAYMENT,Utility Bill Payment,FTS,AE070330000220000000047,0.00,[]
LOC-OUT-0000466,QUOTE-LOC-OUT-0000466,COMPLETED,REF-LOC-OUT-0000466,ACC-R3046-001,OUTWARD,R3046,2026-03-08 11:47:00,RET-BEN-000047,770200000001,108.00,108.00,UTILITY_PAYMENT,Utility Bill Payment,FTS,AE070330000220000000047,0.00,[]
LOC-OUT-0000468,QUOTE-LOC-OUT-0000468,COMPLETED,REF-LOC-OUT-0000468,ACC-R3046-001,OUTWARD,R3046,2026-04-11 11:47:00,RET-BEN-000047,770200000001,119.00,119.00,UTILITY_PAYMENT,Utility Bill Payment,FTS,AE070330000220000000047,0.00,[]
LOC-OUT-0000470,QUOTE-LOC-OUT-0000470,COMPLETED,REF-LOC-OUT-0000470,ACC-R3046-001,OUTWARD,R3046,2026-05-14 11:47:00,RET-BEN-000047,770200000001,130.00,130.00,UTILITY_PAYMENT,Utility Bill Payment,FTS,AE070330000220000000047,0.00,[]
LOC-OUT-0000472,QUOTE-LOC-OUT-0000472,COMPLETED,REF-LOC-OUT-0000472,ACC-R3047-001,OUTWARD,R3047,2026-01-09 12:48:00,RET-BEN-000048,770200000001,103.00,103.00,UTILITY_PAYMENT,Utility Bill Payment,FTS,AE070330000220000000048,0.00,[]
LOC-OUT-0000474,QUOTE-LOC-OUT-0000474,COMPLETED,REF-LOC-OUT-0000474,ACC-R3047-001,OUTWARD,R3047,2026-02-12 12:48:00,RET-BEN-000048,770200000001,114.00,114.00,UTILITY_PAYMENT,Utility Bill Payment,FTS,AE070330000220000000048,0.00,[]
LOC-OUT-0000476,QUOTE-LOC-OUT-0000476,COMPLETED,REF-LOC-OUT-0000476,ACC-R3047-001,OUTWARD,R3047,2026-03-15 12:48:00,RET-BEN-000048,770200000001,125.00,125.00,UTILITY_PAYMENT,Utility Bill Payment,FTS,AE070330000220000000048,0.00,[]
LOC-OUT-0000478,QUOTE-LOC-OUT-0000478,COMPLETED,REF-LOC-OUT-0000478,ACC-R3047-001,OUTWARD,R3047,2026-04-18 12:48:00,RET-BEN-000048,770200000001,136.00,136.00,UTILITY_PAYMENT,Utility Bill Payment,FTS,AE070330000220000000048,0.00,[]
LOC-OUT-0000480,QUOTE-LOC-OUT-0000480,COMPLETED,REF-LOC-OUT-0000480,ACC-R3047-001,OUTWARD,R3047,2026-05-21 12:48:00,RET-BEN-000048,770200000001,147.00,147.00,UTILITY_PAYMENT,Utility Bill Payment,FTS,AE070330000220000000048,0.00,[]
LOC-OUT-0000482,QUOTE-LOC-OUT-0000482,COMPLETED,REF-LOC-OUT-0000482,ACC-R3048-001,OUTWARD,R3048,2026-01-16 13:49:00,RET-BEN-000049,770200000001,120.00,120.00,UTILITY_PAYMENT,Utility Bill Payment,FTS,AE070330000220000000049,0.00,[]
LOC-OUT-0000484,QUOTE-LOC-OUT-0000484,COMPLETED,REF-LOC-OUT-0000484,ACC-R3048-001,OUTWARD,R3048,2026-02-19 13:49:00,RET-BEN-000049,770200000001,131.00,131.00,UTILITY_PAYMENT,Utility Bill Payment,FTS,AE070330000220000000049,0.00,[]
LOC-OUT-0000486,QUOTE-LOC-OUT-0000486,COMPLETED,REF-LOC-OUT-0000486,ACC-R3048-001,OUTWARD,R3048,2026-03-22 13:49:00,RET-BEN-000049,770200000001,142.00,142.00,UTILITY_PAYMENT,Utility Bill Payment,FTS,AE070330000220000000049,0.00,[]
LOC-OUT-0000488,QUOTE-LOC-OUT-0000488,COMPLETED,REF-LOC-OUT-0000488,ACC-R3048-001,OUTWARD,R3048,2026-04-03 13:49:00,RET-BEN-000049,770200000001,153.00,153.00,UTILITY_PAYMENT,Utility Bill Payment,FTS,AE070330000220000000049,0.00,[]
LOC-OUT-0000490,QUOTE-LOC-OUT-0000490,COMPLETED,REF-LOC-OUT-0000490,ACC-R3048-001,OUTWARD,R3048,2026-05-06 13:49:00,RET-BEN-000049,770200000001,164.00,164.00,UTILITY_PAYMENT,Utility Bill Payment,FTS,AE070330000220000000049,0.00,[]
LOC-OUT-0000492,QUOTE-LOC-OUT-0000492,COMPLETED,REF-LOC-OUT-0000492,ACC-R3049-001,OUTWARD,R3049,2026-01-23 14:50:00,RET-BEN-000050,770200000001,137.00,137.00,UTILITY_PAYMENT,Utility Bill Payment,FTS,AE070330000220000000050,0.00,[]
LOC-OUT-0000494,QUOTE-LOC-OUT-0000494,COMPLETED,REF-LOC-OUT-0000494,ACC-R3049-001,OUTWARD,R3049,2026-02-04 14:50:00,RET-BEN-000050,770200000001,148.00,148.00,UTILITY_PAYMENT,Utility Bill Payment,FTS,AE070330000220000000050,0.00,[]
LOC-OUT-0000496,QUOTE-LOC-OUT-0000496,COMPLETED,REF-LOC-OUT-0000496,ACC-R3049-001,OUTWARD,R3049,2026-03-07 14:50:00,RET-BEN-000050,770200000001,159.00,159.00,UTILITY_PAYMENT,Utility Bill Payment,FTS,AE070330000220000000050,0.00,[]
LOC-OUT-0000498,QUOTE-LOC-OUT-0000498,COMPLETED,REF-LOC-OUT-0000498,ACC-R3049-001,OUTWARD,R3049,2026-04-10 14:50:00,RET-BEN-000050,770200000001,170.00,170.00,UTILITY_PAYMENT,Utility Bill Payment,FTS,AE070330000220000000050,0.00,[]
LOC-OUT-0000500,QUOTE-LOC-OUT-0000500,COMPLETED,REF-LOC-OUT-0000500,ACC-R3049-001,OUTWARD,R3049,2026-05-13 14:50:00,RET-BEN-000050,770200000001,181.00,181.00,UTILITY_PAYMENT,Utility Bill Payment,FTS,AE070330000220000000050,0.00,[]
LOC-OUT-0000502,QUOTE-LOC-OUT-0000502,COMPLETED,REF-LOC-OUT-0000502,ACC-R3050-001,OUTWARD,R3050,2026-01-08 15:51:00,RET-BEN-000051,770200000001,154.00,154.00,UTILITY_PAYMENT,Utility Bill Payment,FTS,AE070330000220000000051,0.00,[]
LOC-OUT-0000504,QUOTE-LOC-OUT-0000504,COMPLETED,REF-LOC-OUT-0000504,ACC-R3050-001,OUTWARD,R3050,2026-02-11 15:51:00,RET-BEN-000051,770200000001,165.00,165.00,UTILITY_PAYMENT,Utility Bill Payment,FTS,AE070330000220000000051,0.00,[]
LOC-OUT-0000506,QUOTE-LOC-OUT-0000506,COMPLETED,REF-LOC-OUT-0000506,ACC-R3050-001,OUTWARD,R3050,2026-03-14 15:51:00,RET-BEN-000051,770200000001,176.00,176.00,UTILITY_PAYMENT,Utility Bill Payment,FTS,AE070330000220000000051,0.00,[]
LOC-OUT-0000508,QUOTE-LOC-OUT-0000508,COMPLETED,REF-LOC-OUT-0000508,ACC-R3050-001,OUTWARD,R3050,2026-04-17 15:51:00,RET-BEN-000051,770200000001,187.00,187.00,UTILITY_PAYMENT,Utility Bill Payment,FTS,AE070330000220000000051,0.00,[]
LOC-OUT-0000510,QUOTE-LOC-OUT-0000510,COMPLETED,REF-LOC-OUT-0000510,ACC-R3050-001,OUTWARD,R3050,2026-05-20 15:51:00,RET-BEN-000051,770200000001,198.00,198.00,UTILITY_PAYMENT,Utility Bill Payment,FTS,AE070330000220000000051,0.00,[]
LOC-OUT-0000512,QUOTE-LOC-OUT-0000512,COMPLETED,REF-LOC-OUT-0000512,ACC-R3051-001,OUTWARD,R3051,2026-01-15 16:52:00,RET-BEN-000052,770200000001,171.00,171.00,UTILITY_PAYMENT,Utility Bill Payment,FTS,AE070330000220000000052,0.00,[]
LOC-OUT-0000514,QUOTE-LOC-OUT-0000514,COMPLETED,REF-LOC-OUT-0000514,ACC-R3051-001,OUTWARD,R3051,2026-02-18 16:52:00,RET-BEN-000052,770200000001,182.00,182.00,UTILITY_PAYMENT,Utility Bill Payment,FTS,AE070330000220000000052,0.00,[]
LOC-OUT-0000516,QUOTE-LOC-OUT-0000516,COMPLETED,REF-LOC-OUT-0000516,ACC-R3051-001,OUTWARD,R3051,2026-03-21 16:52:00,RET-BEN-000052,770200000001,193.00,193.00,UTILITY_PAYMENT,Utility Bill Payment,FTS,AE070330000220000000052,0.00,[]
LOC-OUT-0000518,QUOTE-LOC-OUT-0000518,COMPLETED,REF-LOC-OUT-0000518,ACC-R3051-001,OUTWARD,R3051,2026-04-24 16:52:00,RET-BEN-000052,770200000001,204.00,204.00,UTILITY_PAYMENT,Utility Bill Payment,FTS,AE070330000220000000052,0.00,[]
LOC-OUT-0000520,QUOTE-LOC-OUT-0000520,COMPLETED,REF-LOC-OUT-0000520,ACC-R3051-001,OUTWARD,R3051,2026-05-05 16:52:00,RET-BEN-000052,770200000001,215.00,215.00,UTILITY_PAYMENT,Utility Bill Payment,FTS,AE070330000220000000052,0.00,[]
LOC-OUT-0000522,QUOTE-LOC-OUT-0000522,COMPLETED,REF-LOC-OUT-0000522,ACC-R3052-001,OUTWARD,R3052,2026-01-22 17:53:00,RET-BEN-000053,770200000001,188.00,188.00,UTILITY_PAYMENT,Utility Bill Payment,FTS,AE070330000220000000053,0.00,[]
LOC-OUT-0000524,QUOTE-LOC-OUT-0000524,COMPLETED,REF-LOC-OUT-0000524,ACC-R3052-001,OUTWARD,R3052,2026-02-03 17:53:00,RET-BEN-000053,770200000001,199.00,199.00,UTILITY_PAYMENT,Utility Bill Payment,FTS,AE070330000220000000053,0.00,[]
LOC-OUT-0000526,QUOTE-LOC-OUT-0000526,COMPLETED,REF-LOC-OUT-0000526,ACC-R3052-001,OUTWARD,R3052,2026-03-06 17:53:00,RET-BEN-000053,770200000001,210.00,210.00,UTILITY_PAYMENT,Utility Bill Payment,FTS,AE070330000220000000053,0.00,[]
LOC-OUT-0000528,QUOTE-LOC-OUT-0000528,COMPLETED,REF-LOC-OUT-0000528,ACC-R3052-001,OUTWARD,R3052,2026-04-09 17:53:00,RET-BEN-000053,770200000001,221.00,221.00,UTILITY_PAYMENT,Utility Bill Payment,FTS,AE070330000220000000053,0.00,[]
LOC-OUT-0000530,QUOTE-LOC-OUT-0000530,COMPLETED,REF-LOC-OUT-0000530,ACC-R3052-001,OUTWARD,R3052,2026-05-12 17:53:00,RET-BEN-000053,770200000001,232.00,232.00,UTILITY_PAYMENT,Utility Bill Payment,FTS,AE070330000220000000053,0.00,[]
LOC-OUT-0000532,QUOTE-LOC-OUT-0000532,COMPLETED,REF-LOC-OUT-0000532,ACC-R3053-001,OUTWARD,R3053,2026-01-07 18:54:00,RET-BEN-000054,770200000001,205.00,205.00,UTILITY_PAYMENT,Utility Bill Payment,FTS,AE070330000220000000054,0.00,[]
LOC-OUT-0000534,QUOTE-LOC-OUT-0000534,COMPLETED,REF-LOC-OUT-0000534,ACC-R3053-001,OUTWARD,R3053,2026-02-10 18:54:00,RET-BEN-000054,770200000001,216.00,216.00,UTILITY_PAYMENT,Utility Bill Payment,FTS,AE070330000220000000054,0.00,[]
LOC-OUT-0000536,QUOTE-LOC-OUT-0000536,COMPLETED,REF-LOC-OUT-0000536,ACC-R3053-001,OUTWARD,R3053,2026-03-13 18:54:00,RET-BEN-000054,770200000001,227.00,227.00,UTILITY_PAYMENT,Utility Bill Payment,FTS,AE070330000220000000054,0.00,[]
LOC-OUT-0000538,QUOTE-LOC-OUT-0000538,COMPLETED,REF-LOC-OUT-0000538,ACC-R3053-001,OUTWARD,R3053,2026-04-16 18:54:00,RET-BEN-000054,770200000001,238.00,238.00,UTILITY_PAYMENT,Utility Bill Payment,FTS,AE070330000220000000054,0.00,[]
LOC-OUT-0000540,QUOTE-LOC-OUT-0000540,COMPLETED,REF-LOC-OUT-0000540,ACC-R3053-001,OUTWARD,R3053,2026-05-19 18:54:00,RET-BEN-000054,770200000001,249.00,249.00,UTILITY_PAYMENT,Utility Bill Payment,FTS,AE070330000220000000054,0.00,[]
LOC-OUT-0000542,QUOTE-LOC-OUT-0000542,COMPLETED,REF-LOC-OUT-0000542,ACC-R3054-001,OUTWARD,R3054,2026-01-14 08:55:00,RET-BEN-000055,770200000001,222.00,222.00,UTILITY_PAYMENT,Utility Bill Payment,FTS,AE070330000220000000055,0.00,[]
LOC-OUT-0000544,QUOTE-LOC-OUT-0000544,COMPLETED,REF-LOC-OUT-0000544,ACC-R3054-001,OUTWARD,R3054,2026-02-17 08:55:00,RET-BEN-000055,770200000001,233.00,233.00,UTILITY_PAYMENT,Utility Bill Payment,FTS,AE070330000220000000055,0.00,[]
LOC-OUT-0000546,QUOTE-LOC-OUT-0000546,COMPLETED,REF-LOC-OUT-0000546,ACC-R3054-001,OUTWARD,R3054,2026-03-20 08:55:00,RET-BEN-000055,770200000001,244.00,244.00,UTILITY_PAYMENT,Utility Bill Payment,FTS,AE070330000220000000055,0.00,[]
LOC-OUT-0000548,QUOTE-LOC-OUT-0000548,COMPLETED,REF-LOC-OUT-0000548,ACC-R3054-001,OUTWARD,R3054,2026-04-23 08:55:00,RET-BEN-000055,770200000001,255.00,255.00,UTILITY_PAYMENT,Utility Bill Payment,FTS,AE070330000220000000055,0.00,[]
LOC-OUT-0000550,QUOTE-LOC-OUT-0000550,COMPLETED,REF-LOC-OUT-0000550,ACC-R3054-001,OUTWARD,R3054,2026-05-04 08:55:00,RET-BEN-000055,770200000001,266.00,266.00,UTILITY_PAYMENT,Utility Bill Payment,FTS,AE070330000220000000055,0.00,[]
LOC-OUT-0000552,QUOTE-LOC-OUT-0000552,COMPLETED,REF-LOC-OUT-0000552,ACC-R3055-001,OUTWARD,R3055,2026-01-21 09:56:00,RET-BEN-000056,770200000001,239.00,239.00,UTILITY_PAYMENT,Utility Bill Payment,FTS,AE070330000220000000056,0.00,[]
LOC-OUT-0000554,QUOTE-LOC-OUT-0000554,COMPLETED,REF-LOC-OUT-0000554,ACC-R3055-001,OUTWARD,R3055,2026-02-24 09:56:00,RET-BEN-000056,770200000001,250.00,250.00,UTILITY_PAYMENT,Utility Bill Payment,FTS,AE070330000220000000056,0.00,[]
LOC-OUT-0000556,QUOTE-LOC-OUT-0000556,COMPLETED,REF-LOC-OUT-0000556,ACC-R3055-001,OUTWARD,R3055,2026-03-05 09:56:00,RET-BEN-000056,770200000001,261.00,261.00,UTILITY_PAYMENT,Utility Bill Payment,FTS,AE070330000220000000056,0.00,[]
LOC-OUT-0000558,QUOTE-LOC-OUT-0000558,COMPLETED,REF-LOC-OUT-0000558,ACC-R3055-001,OUTWARD,R3055,2026-04-08 09:56:00,RET-BEN-000056,770200000001,272.00,272.00,UTILITY_PAYMENT,Utility Bill Payment,FTS,AE070330000220000000056,0.00,[]
LOC-OUT-0000560,QUOTE-LOC-OUT-0000560,COMPLETED,REF-LOC-OUT-0000560,ACC-R3055-001,OUTWARD,R3055,2026-05-11 09:56:00,RET-BEN-000056,770200000001,283.00,283.00,UTILITY_PAYMENT,Utility Bill Payment,FTS,AE070330000220000000056,0.00,[]
LOC-OUT-0000562,QUOTE-LOC-OUT-0000562,COMPLETED,REF-LOC-OUT-0000562,ACC-R3056-001,OUTWARD,R3056,2026-01-06 10:57:00,RET-BEN-000057,770200000001,256.00,256.00,UTILITY_PAYMENT,Utility Bill Payment,FTS,AE070330000220000000057,0.00,[]
LOC-OUT-0000564,QUOTE-LOC-OUT-0000564,COMPLETED,REF-LOC-OUT-0000564,ACC-R3056-001,OUTWARD,R3056,2026-02-09 10:57:00,RET-BEN-000057,770200000001,267.00,267.00,UTILITY_PAYMENT,Utility Bill Payment,FTS,AE070330000220000000057,0.00,[]
LOC-OUT-0000566,QUOTE-LOC-OUT-0000566,COMPLETED,REF-LOC-OUT-0000566,ACC-R3056-001,OUTWARD,R3056,2026-03-12 10:57:00,RET-BEN-000057,770200000001,278.00,278.00,UTILITY_PAYMENT,Utility Bill Payment,FTS,AE070330000220000000057,0.00,[]
LOC-OUT-0000568,QUOTE-LOC-OUT-0000568,COMPLETED,REF-LOC-OUT-0000568,ACC-R3056-001,OUTWARD,R3056,2026-04-15 10:57:00,RET-BEN-000057,770200000001,289.00,289.00,UTILITY_PAYMENT,Utility Bill Payment,FTS,AE070330000220000000057,0.00,[]
LOC-OUT-0000570,QUOTE-LOC-OUT-0000570,COMPLETED,REF-LOC-OUT-0000570,ACC-R3056-001,OUTWARD,R3056,2026-05-18 10:57:00,RET-BEN-000057,770200000001,300.00,300.00,UTILITY_PAYMENT,Utility Bill Payment,FTS,AE070330000220000000057,0.00,[]
LOC-OUT-0000572,QUOTE-LOC-OUT-0000572,COMPLETED,REF-LOC-OUT-0000572,ACC-R3057-001,OUTWARD,R3057,2026-01-13 11:58:00,RET-BEN-000058,770200000001,273.00,273.00,UTILITY_PAYMENT,Utility Bill Payment,FTS,AE070330000220000000058,0.00,[]
LOC-OUT-0000574,QUOTE-LOC-OUT-0000574,COMPLETED,REF-LOC-OUT-0000574,ACC-R3057-001,OUTWARD,R3057,2026-02-16 11:58:00,RET-BEN-000058,770200000001,284.00,284.00,UTILITY_PAYMENT,Utility Bill Payment,FTS,AE070330000220000000058,0.00,[]
LOC-OUT-0000576,QUOTE-LOC-OUT-0000576,COMPLETED,REF-LOC-OUT-0000576,ACC-R3057-001,OUTWARD,R3057,2026-03-19 11:58:00,RET-BEN-000058,770200000001,295.00,295.00,UTILITY_PAYMENT,Utility Bill Payment,FTS,AE070330000220000000058,0.00,[]
LOC-OUT-0000578,QUOTE-LOC-OUT-0000578,COMPLETED,REF-LOC-OUT-0000578,ACC-R3057-001,OUTWARD,R3057,2026-04-22 11:58:00,RET-BEN-000058,770200000001,306.00,306.00,UTILITY_PAYMENT,Utility Bill Payment,FTS,AE070330000220000000058,0.00,[]
LOC-OUT-0000580,QUOTE-LOC-OUT-0000580,COMPLETED,REF-LOC-OUT-0000580,ACC-R3057-001,OUTWARD,R3057,2026-05-03 11:58:00,RET-BEN-000058,770200000001,317.00,317.00,UTILITY_PAYMENT,Utility Bill Payment,FTS,AE070330000220000000058,0.00,[]
LOC-OUT-0000582,QUOTE-LOC-OUT-0000582,COMPLETED,REF-LOC-OUT-0000582,ACC-R3058-001,OUTWARD,R3058,2026-01-20 12:59:00,RET-BEN-000059,770200000001,290.00,290.00,UTILITY_PAYMENT,Utility Bill Payment,FTS,AE070330000220000000059,0.00,[]
LOC-OUT-0000584,QUOTE-LOC-OUT-0000584,COMPLETED,REF-LOC-OUT-0000584,ACC-R3058-001,OUTWARD,R3058,2026-02-23 12:59:00,RET-BEN-000059,770200000001,301.00,301.00,UTILITY_PAYMENT,Utility Bill Payment,FTS,AE070330000220000000059,0.00,[]
LOC-OUT-0000586,QUOTE-LOC-OUT-0000586,COMPLETED,REF-LOC-OUT-0000586,ACC-R3058-001,OUTWARD,R3058,2026-03-04 12:59:00,RET-BEN-000059,770200000001,312.00,312.00,UTILITY_PAYMENT,Utility Bill Payment,FTS,AE070330000220000000059,0.00,[]
LOC-OUT-0000588,QUOTE-LOC-OUT-0000588,COMPLETED,REF-LOC-OUT-0000588,ACC-R3058-001,OUTWARD,R3058,2026-04-07 12:59:00,RET-BEN-000059,770200000001,323.00,323.00,UTILITY_PAYMENT,Utility Bill Payment,FTS,AE070330000220000000059,0.00,[]
LOC-OUT-0000590,QUOTE-LOC-OUT-0000590,COMPLETED,REF-LOC-OUT-0000590,ACC-R3058-001,OUTWARD,R3058,2026-05-10 12:59:00,RET-BEN-000059,770200000001,334.00,334.00,UTILITY_PAYMENT,Utility Bill Payment,FTS,AE070330000220000000059,0.00,[]
LOC-OUT-0000592,QUOTE-LOC-OUT-0000592,COMPLETED,REF-LOC-OUT-0000592,ACC-R3059-001,OUTWARD,R3059,2026-01-05 13:00:00,RET-BEN-000060,770200000001,307.00,307.00,UTILITY_PAYMENT,Utility Bill Payment,FTS,AE070330000220000000060,0.00,[]
LOC-OUT-0000594,QUOTE-LOC-OUT-0000594,COMPLETED,REF-LOC-OUT-0000594,ACC-R3059-001,OUTWARD,R3059,2026-02-08 13:00:00,RET-BEN-000060,770200000001,318.00,318.00,UTILITY_PAYMENT,Utility Bill Payment,FTS,AE070330000220000000060,0.00,[]
LOC-OUT-0000596,QUOTE-LOC-OUT-0000596,COMPLETED,REF-LOC-OUT-0000596,ACC-R3059-001,OUTWARD,R3059,2026-03-11 13:00:00,RET-BEN-000060,770200000001,329.00,329.00,UTILITY_PAYMENT,Utility Bill Payment,FTS,AE070330000220000000060,0.00,[]
LOC-OUT-0000598,QUOTE-LOC-OUT-0000598,COMPLETED,REF-LOC-OUT-0000598,ACC-R3059-001,OUTWARD,R3059,2026-04-14 13:00:00,RET-BEN-000060,770200000001,340.00,340.00,UTILITY_PAYMENT,Utility Bill Payment,FTS,AE070330000220000000060,0.00,[]
LOC-OUT-0000600,QUOTE-LOC-OUT-0000600,COMPLETED,REF-LOC-OUT-0000600,ACC-R3059-001,OUTWARD,R3059,2026-05-17 13:00:00,RET-BEN-000060,770200000001,85.00,85.00,UTILITY_PAYMENT,Utility Bill Payment,FTS,AE070330000220000000060,0.00,[]
LOC-OUT-0000602,QUOTE-LOC-OUT-0000602,COMPLETED,REF-LOC-OUT-0000602,ACC-R3060-001,OUTWARD,R3060,2026-01-12 14:01:00,RET-BEN-000061,770200000001,324.00,324.00,UTILITY_PAYMENT,Utility Bill Payment,FTS,AE070330000220000000061,0.00,[]
LOC-OUT-0000604,QUOTE-LOC-OUT-0000604,COMPLETED,REF-LOC-OUT-0000604,ACC-R3060-001,OUTWARD,R3060,2026-02-15 14:01:00,RET-BEN-000061,770200000001,335.00,335.00,UTILITY_PAYMENT,Utility Bill Payment,FTS,AE070330000220000000061,0.00,[]
LOC-OUT-0000606,QUOTE-LOC-OUT-0000606,COMPLETED,REF-LOC-OUT-0000606,ACC-R3060-001,OUTWARD,R3060,2026-03-18 14:01:00,RET-BEN-000061,770200000001,346.00,346.00,UTILITY_PAYMENT,Utility Bill Payment,FTS,AE070330000220000000061,0.00,[]
LOC-OUT-0000608,QUOTE-LOC-OUT-0000608,COMPLETED,REF-LOC-OUT-0000608,ACC-R3060-001,OUTWARD,R3060,2026-04-21 14:01:00,RET-BEN-000061,770200000001,91.00,91.00,UTILITY_PAYMENT,Utility Bill Payment,FTS,AE070330000220000000061,0.00,[]
LOC-OUT-0000610,QUOTE-LOC-OUT-0000610,COMPLETED,REF-LOC-OUT-0000610,ACC-R3060-001,OUTWARD,R3060,2026-05-24 14:01:00,RET-BEN-000061,770200000001,102.00,102.00,UTILITY_PAYMENT,Utility Bill Payment,FTS,AE070330000220000000061,0.00,[]
LOC-OUT-0000612,QUOTE-LOC-OUT-0000612,COMPLETED,REF-LOC-OUT-0000612,ACC-R3061-001,OUTWARD,R3061,2026-01-19 15:02:00,RET-BEN-000062,770200000001,341.00,341.00,UTILITY_PAYMENT,Utility Bill Payment,FTS,AE070330000220000000062,0.00,[]
LOC-OUT-0000614,QUOTE-LOC-OUT-0000614,COMPLETED,REF-LOC-OUT-0000614,ACC-R3061-001,OUTWARD,R3061,2026-02-22 15:02:00,RET-BEN-000062,770200000001,86.00,86.00,UTILITY_PAYMENT,Utility Bill Payment,FTS,AE070330000220000000062,0.00,[]
LOC-OUT-0000616,QUOTE-LOC-OUT-0000616,COMPLETED,REF-LOC-OUT-0000616,ACC-R3061-001,OUTWARD,R3061,2026-03-03 15:02:00,RET-BEN-000062,770200000001,97.00,97.00,UTILITY_PAYMENT,Utility Bill Payment,FTS,AE070330000220000000062,0.00,[]
LOC-OUT-0000618,QUOTE-LOC-OUT-0000618,COMPLETED,REF-LOC-OUT-0000618,ACC-R3061-001,OUTWARD,R3061,2026-04-06 15:02:00,RET-BEN-000062,770200000001,108.00,108.00,UTILITY_PAYMENT,Utility Bill Payment,FTS,AE070330000220000000062,0.00,[]
LOC-OUT-0000620,QUOTE-LOC-OUT-0000620,COMPLETED,REF-LOC-OUT-0000620,ACC-R3061-001,OUTWARD,R3061,2026-05-09 15:02:00,RET-BEN-000062,770200000001,119.00,119.00,UTILITY_PAYMENT,Utility Bill Payment,FTS,AE070330000220000000062,0.00,[]
LOC-OUT-0000622,QUOTE-LOC-OUT-0000622,COMPLETED,REF-LOC-OUT-0000622,ACC-R3062-001,OUTWARD,R3062,2026-01-04 16:03:00,RET-BEN-000063,770200000001,92.00,92.00,UTILITY_PAYMENT,Utility Bill Payment,FTS,AE070330000220000000063,0.00,[]
LOC-OUT-0000624,QUOTE-LOC-OUT-0000624,COMPLETED,REF-LOC-OUT-0000624,ACC-R3062-001,OUTWARD,R3062,2026-02-07 16:03:00,RET-BEN-000063,770200000001,103.00,103.00,UTILITY_PAYMENT,Utility Bill Payment,FTS,AE070330000220000000063,0.00,[]
LOC-OUT-0000626,QUOTE-LOC-OUT-0000626,COMPLETED,REF-LOC-OUT-0000626,ACC-R3062-001,OUTWARD,R3062,2026-03-10 16:03:00,RET-BEN-000063,770200000001,114.00,114.00,UTILITY_PAYMENT,Utility Bill Payment,FTS,AE070330000220000000063,0.00,[]
LOC-OUT-0000628,QUOTE-LOC-OUT-0000628,COMPLETED,REF-LOC-OUT-0000628,ACC-R3062-001,OUTWARD,R3062,2026-04-13 16:03:00,RET-BEN-000063,770200000001,125.00,125.00,UTILITY_PAYMENT,Utility Bill Payment,FTS,AE070330000220000000063,0.00,[]
LOC-OUT-0000630,QUOTE-LOC-OUT-0000630,COMPLETED,REF-LOC-OUT-0000630,ACC-R3062-001,OUTWARD,R3062,2026-05-16 16:03:00,RET-BEN-000063,770200000001,136.00,136.00,UTILITY_PAYMENT,Utility Bill Payment,FTS,AE070330000220000000063,0.00,[]
LOC-OUT-0000632,QUOTE-LOC-OUT-0000632,COMPLETED,REF-LOC-OUT-0000632,ACC-R3063-001,OUTWARD,R3063,2026-01-11 17:04:00,RET-BEN-000064,770200000001,109.00,109.00,UTILITY_PAYMENT,Utility Bill Payment,FTS,AE070330000220000000064,0.00,[]
LOC-OUT-0000634,QUOTE-LOC-OUT-0000634,COMPLETED,REF-LOC-OUT-0000634,ACC-R3063-001,OUTWARD,R3063,2026-02-14 17:04:00,RET-BEN-000064,770200000001,120.00,120.00,UTILITY_PAYMENT,Utility Bill Payment,FTS,AE070330000220000000064,0.00,[]
LOC-OUT-0000636,QUOTE-LOC-OUT-0000636,COMPLETED,REF-LOC-OUT-0000636,ACC-R3063-001,OUTWARD,R3063,2026-03-17 17:04:00,RET-BEN-000064,770200000001,131.00,131.00,UTILITY_PAYMENT,Utility Bill Payment,FTS,AE070330000220000000064,0.00,[]
LOC-OUT-0000638,QUOTE-LOC-OUT-0000638,COMPLETED,REF-LOC-OUT-0000638,ACC-R3063-001,OUTWARD,R3063,2026-04-20 17:04:00,RET-BEN-000064,770200000001,142.00,142.00,UTILITY_PAYMENT,Utility Bill Payment,FTS,AE070330000220000000064,0.00,[]
LOC-OUT-0000640,QUOTE-LOC-OUT-0000640,COMPLETED,REF-LOC-OUT-0000640,ACC-R3063-001,OUTWARD,R3063,2026-05-23 17:04:00,RET-BEN-000064,770200000001,153.00,153.00,UTILITY_PAYMENT,Utility Bill Payment,FTS,AE070330000220000000064,0.00,[]
LOC-OUT-0000642,QUOTE-LOC-OUT-0000642,COMPLETED,REF-LOC-OUT-0000642,ACC-R3064-001,OUTWARD,R3064,2026-01-18 18:05:00,RET-BEN-000065,770200000001,126.00,126.00,UTILITY_PAYMENT,Utility Bill Payment,FTS,AE070330000220000000065,0.00,[]
LOC-OUT-0000644,QUOTE-LOC-OUT-0000644,COMPLETED,REF-LOC-OUT-0000644,ACC-R3064-001,OUTWARD,R3064,2026-02-21 18:05:00,RET-BEN-000065,770200000001,137.00,137.00,UTILITY_PAYMENT,Utility Bill Payment,FTS,AE070330000220000000065,0.00,[]
LOC-OUT-0000646,QUOTE-LOC-OUT-0000646,COMPLETED,REF-LOC-OUT-0000646,ACC-R3064-001,OUTWARD,R3064,2026-03-24 18:05:00,RET-BEN-000065,770200000001,148.00,148.00,UTILITY_PAYMENT,Utility Bill Payment,FTS,AE070330000220000000065,0.00,[]
LOC-OUT-0000648,QUOTE-LOC-OUT-0000648,COMPLETED,REF-LOC-OUT-0000648,ACC-R3064-001,OUTWARD,R3064,2026-04-05 18:05:00,RET-BEN-000065,770200000001,159.00,159.00,UTILITY_PAYMENT,Utility Bill Payment,FTS,AE070330000220000000065,0.00,[]
LOC-OUT-0000650,QUOTE-LOC-OUT-0000650,COMPLETED,REF-LOC-OUT-0000650,ACC-R3064-001,OUTWARD,R3064,2026-05-08 18:05:00,RET-BEN-000065,770200000001,170.00,170.00,UTILITY_PAYMENT,Utility Bill Payment,FTS,AE070330000220000000065,0.00,[]
LOC-OUT-0000652,QUOTE-LOC-OUT-0000652,COMPLETED,REF-LOC-OUT-0000652,ACC-R3065-001,OUTWARD,R3065,2026-01-03 08:06:00,RET-BEN-000066,770200000001,143.00,143.00,UTILITY_PAYMENT,Utility Bill Payment,FTS,AE070330000220000000066,0.00,[]
LOC-OUT-0000654,QUOTE-LOC-OUT-0000654,COMPLETED,REF-LOC-OUT-0000654,ACC-R3065-001,OUTWARD,R3065,2026-02-06 08:06:00,RET-BEN-000066,770200000001,154.00,154.00,UTILITY_PAYMENT,Utility Bill Payment,FTS,AE070330000220000000066,0.00,[]
LOC-OUT-0000656,QUOTE-LOC-OUT-0000656,COMPLETED,REF-LOC-OUT-0000656,ACC-R3065-001,OUTWARD,R3065,2026-03-09 08:06:00,RET-BEN-000066,770200000001,165.00,165.00,UTILITY_PAYMENT,Utility Bill Payment,FTS,AE070330000220000000066,0.00,[]
LOC-OUT-0000658,QUOTE-LOC-OUT-0000658,COMPLETED,REF-LOC-OUT-0000658,ACC-R3065-001,OUTWARD,R3065,2026-04-12 08:06:00,RET-BEN-000066,770200000001,176.00,176.00,UTILITY_PAYMENT,Utility Bill Payment,FTS,AE070330000220000000066,0.00,[]
LOC-OUT-0000660,QUOTE-LOC-OUT-0000660,COMPLETED,REF-LOC-OUT-0000660,ACC-R3065-001,OUTWARD,R3065,2026-05-15 08:06:00,RET-BEN-000066,770200000001,187.00,187.00,UTILITY_PAYMENT,Utility Bill Payment,FTS,AE070330000220000000066,0.00,[]
LOC-OUT-0000662,QUOTE-LOC-OUT-0000662,COMPLETED,REF-LOC-OUT-0000662,ACC-R3066-001,OUTWARD,R3066,2026-01-10 09:07:00,RET-BEN-000067,770200000001,160.00,160.00,UTILITY_PAYMENT,Utility Bill Payment,FTS,AE070330000220000000067,0.00,[]
LOC-OUT-0000664,QUOTE-LOC-OUT-0000664,COMPLETED,REF-LOC-OUT-0000664,ACC-R3066-001,OUTWARD,R3066,2026-02-13 09:07:00,RET-BEN-000067,770200000001,171.00,171.00,UTILITY_PAYMENT,Utility Bill Payment,FTS,AE070330000220000000067,0.00,[]
LOC-OUT-0000666,QUOTE-LOC-OUT-0000666,COMPLETED,REF-LOC-OUT-0000666,ACC-R3066-001,OUTWARD,R3066,2026-03-16 09:07:00,RET-BEN-000067,770200000001,182.00,182.00,UTILITY_PAYMENT,Utility Bill Payment,FTS,AE070330000220000000067,0.00,[]
LOC-OUT-0000668,QUOTE-LOC-OUT-0000668,COMPLETED,REF-LOC-OUT-0000668,ACC-R3066-001,OUTWARD,R3066,2026-04-19 09:07:00,RET-BEN-000067,770200000001,193.00,193.00,UTILITY_PAYMENT,Utility Bill Payment,FTS,AE070330000220000000067,0.00,[]
LOC-OUT-0000670,QUOTE-LOC-OUT-0000670,COMPLETED,REF-LOC-OUT-0000670,ACC-R3066-001,OUTWARD,R3066,2026-05-22 09:07:00,RET-BEN-000067,770200000001,204.00,204.00,UTILITY_PAYMENT,Utility Bill Payment,FTS,AE070330000220000000067,0.00,[]
LOC-OUT-0000672,QUOTE-LOC-OUT-0000672,COMPLETED,REF-LOC-OUT-0000672,ACC-R3067-001,OUTWARD,R3067,2026-01-17 10:08:00,RET-BEN-000068,770200000001,177.00,177.00,UTILITY_PAYMENT,Utility Bill Payment,FTS,AE070330000220000000068,0.00,[]
LOC-OUT-0000674,QUOTE-LOC-OUT-0000674,COMPLETED,REF-LOC-OUT-0000674,ACC-R3067-001,OUTWARD,R3067,2026-02-20 10:08:00,RET-BEN-000068,770200000001,188.00,188.00,UTILITY_PAYMENT,Utility Bill Payment,FTS,AE070330000220000000068,0.00,[]
LOC-OUT-0000676,QUOTE-LOC-OUT-0000676,COMPLETED,REF-LOC-OUT-0000676,ACC-R3067-001,OUTWARD,R3067,2026-03-23 10:08:00,RET-BEN-000068,770200000001,199.00,199.00,UTILITY_PAYMENT,Utility Bill Payment,FTS,AE070330000220000000068,0.00,[]
LOC-OUT-0000678,QUOTE-LOC-OUT-0000678,COMPLETED,REF-LOC-OUT-0000678,ACC-R3067-001,OUTWARD,R3067,2026-04-04 10:08:00,RET-BEN-000068,770200000001,210.00,210.00,UTILITY_PAYMENT,Utility Bill Payment,FTS,AE070330000220000000068,0.00,[]
LOC-OUT-0000680,QUOTE-LOC-OUT-0000680,COMPLETED,REF-LOC-OUT-0000680,ACC-R3067-001,OUTWARD,R3067,2026-05-07 10:08:00,RET-BEN-000068,770200000001,221.00,221.00,UTILITY_PAYMENT,Utility Bill Payment,FTS,AE070330000220000000068,0.00,[]
LOC-OUT-0000682,QUOTE-LOC-OUT-0000682,COMPLETED,REF-LOC-OUT-0000682,ACC-R3068-001,OUTWARD,R3068,2026-01-24 11:09:00,RET-BEN-000069,770200000001,194.00,194.00,UTILITY_PAYMENT,Utility Bill Payment,FTS,AE070330000220000000069,0.00,[]
LOC-OUT-0000684,QUOTE-LOC-OUT-0000684,COMPLETED,REF-LOC-OUT-0000684,ACC-R3068-001,OUTWARD,R3068,2026-02-05 11:09:00,RET-BEN-000069,770200000001,205.00,205.00,UTILITY_PAYMENT,Utility Bill Payment,FTS,AE070330000220000000069,0.00,[]
LOC-OUT-0000686,QUOTE-LOC-OUT-0000686,COMPLETED,REF-LOC-OUT-0000686,ACC-R3068-001,OUTWARD,R3068,2026-03-08 11:09:00,RET-BEN-000069,770200000001,216.00,216.00,UTILITY_PAYMENT,Utility Bill Payment,FTS,AE070330000220000000069,0.00,[]
LOC-OUT-0000688,QUOTE-LOC-OUT-0000688,COMPLETED,REF-LOC-OUT-0000688,ACC-R3068-001,OUTWARD,R3068,2026-04-11 11:09:00,RET-BEN-000069,770200000001,227.00,227.00,UTILITY_PAYMENT,Utility Bill Payment,FTS,AE070330000220000000069,0.00,[]
LOC-OUT-0000690,QUOTE-LOC-OUT-0000690,COMPLETED,REF-LOC-OUT-0000690,ACC-R3068-001,OUTWARD,R3068,2026-05-14 11:09:00,RET-BEN-000069,770200000001,238.00,238.00,UTILITY_PAYMENT,Utility Bill Payment,FTS,AE070330000220000000069,0.00,[]
LOC-OUT-0000692,QUOTE-LOC-OUT-0000692,COMPLETED,REF-LOC-OUT-0000692,ACC-R3069-001,OUTWARD,R3069,2026-01-09 12:10:00,RET-BEN-000070,770200000001,211.00,211.00,UTILITY_PAYMENT,Utility Bill Payment,FTS,AE070330000220000000070,0.00,[]
LOC-OUT-0000694,QUOTE-LOC-OUT-0000694,COMPLETED,REF-LOC-OUT-0000694,ACC-R3069-001,OUTWARD,R3069,2026-02-12 12:10:00,RET-BEN-000070,770200000001,222.00,222.00,UTILITY_PAYMENT,Utility Bill Payment,FTS,AE070330000220000000070,0.00,[]
LOC-OUT-0000696,QUOTE-LOC-OUT-0000696,COMPLETED,REF-LOC-OUT-0000696,ACC-R3069-001,OUTWARD,R3069,2026-03-15 12:10:00,RET-BEN-000070,770200000001,233.00,233.00,UTILITY_PAYMENT,Utility Bill Payment,FTS,AE070330000220000000070,0.00,[]
LOC-OUT-0000698,QUOTE-LOC-OUT-0000698,COMPLETED,REF-LOC-OUT-0000698,ACC-R3069-001,OUTWARD,R3069,2026-04-18 12:10:00,RET-BEN-000070,770200000001,244.00,244.00,UTILITY_PAYMENT,Utility Bill Payment,FTS,AE070330000220000000070,0.00,[]
LOC-OUT-0000700,QUOTE-LOC-OUT-0000700,COMPLETED,REF-LOC-OUT-0000700,ACC-R3069-001,OUTWARD,R3069,2026-05-21 12:10:00,RET-BEN-000070,770200000001,255.00,255.00,UTILITY_PAYMENT,Utility Bill Payment,FTS,AE070330000220000000070,0.00,[]
LOC-OUT-0000702,QUOTE-LOC-OUT-0000702,COMPLETED,REF-LOC-OUT-0000702,ACC-R3070-001,OUTWARD,R3070,2026-01-16 13:11:00,RET-BEN-000071,770200000001,228.00,228.00,UTILITY_PAYMENT,Utility Bill Payment,FTS,AE070330000220000000071,0.00,[]
LOC-OUT-0000704,QUOTE-LOC-OUT-0000704,COMPLETED,REF-LOC-OUT-0000704,ACC-R3070-001,OUTWARD,R3070,2026-02-19 13:11:00,RET-BEN-000071,770200000001,239.00,239.00,UTILITY_PAYMENT,Utility Bill Payment,FTS,AE070330000220000000071,0.00,[]
LOC-OUT-0000706,QUOTE-LOC-OUT-0000706,COMPLETED,REF-LOC-OUT-0000706,ACC-R3070-001,OUTWARD,R3070,2026-03-22 13:11:00,RET-BEN-000071,770200000001,250.00,250.00,UTILITY_PAYMENT,Utility Bill Payment,FTS,AE070330000220000000071,0.00,[]
LOC-OUT-0000708,QUOTE-LOC-OUT-0000708,COMPLETED,REF-LOC-OUT-0000708,ACC-R3070-001,OUTWARD,R3070,2026-04-03 13:11:00,RET-BEN-000071,770200000001,261.00,261.00,UTILITY_PAYMENT,Utility Bill Payment,FTS,AE070330000220000000071,0.00,[]
LOC-OUT-0000710,QUOTE-LOC-OUT-0000710,COMPLETED,REF-LOC-OUT-0000710,ACC-R3070-001,OUTWARD,R3070,2026-05-06 13:11:00,RET-BEN-000071,770200000001,272.00,272.00,UTILITY_PAYMENT,Utility Bill Payment,FTS,AE070330000220000000071,0.00,[]
LOC-OUT-0000712,QUOTE-LOC-OUT-0000712,COMPLETED,REF-LOC-OUT-0000712,ACC-R3071-001,OUTWARD,R3071,2026-01-23 14:12:00,RET-BEN-000072,770200000001,245.00,245.00,UTILITY_PAYMENT,Utility Bill Payment,FTS,AE070330000220000000072,0.00,[]
LOC-OUT-0000714,QUOTE-LOC-OUT-0000714,COMPLETED,REF-LOC-OUT-0000714,ACC-R3071-001,OUTWARD,R3071,2026-02-04 14:12:00,RET-BEN-000072,770200000001,256.00,256.00,UTILITY_PAYMENT,Utility Bill Payment,FTS,AE070330000220000000072,0.00,[]
LOC-OUT-0000716,QUOTE-LOC-OUT-0000716,COMPLETED,REF-LOC-OUT-0000716,ACC-R3071-001,OUTWARD,R3071,2026-03-07 14:12:00,RET-BEN-000072,770200000001,267.00,267.00,UTILITY_PAYMENT,Utility Bill Payment,FTS,AE070330000220000000072,0.00,[]
LOC-OUT-0000718,QUOTE-LOC-OUT-0000718,COMPLETED,REF-LOC-OUT-0000718,ACC-R3071-001,OUTWARD,R3071,2026-04-10 14:12:00,RET-BEN-000072,770200000001,278.00,278.00,UTILITY_PAYMENT,Utility Bill Payment,FTS,AE070330000220000000072,0.00,[]
LOC-OUT-0000720,QUOTE-LOC-OUT-0000720,COMPLETED,REF-LOC-OUT-0000720,ACC-R3071-001,OUTWARD,R3071,2026-05-13 14:12:00,RET-BEN-000072,770200000001,289.00,289.00,UTILITY_PAYMENT,Utility Bill Payment,FTS,AE070330000220000000072,0.00,[]
LOC-OUT-0000722,QUOTE-LOC-OUT-0000722,COMPLETED,REF-LOC-OUT-0000722,ACC-R3072-001,OUTWARD,R3072,2026-01-08 15:13:00,RET-BEN-000073,770200000001,262.00,262.00,UTILITY_PAYMENT,Utility Bill Payment,FTS,AE070330000220000000073,0.00,[]
LOC-OUT-0000724,QUOTE-LOC-OUT-0000724,COMPLETED,REF-LOC-OUT-0000724,ACC-R3072-001,OUTWARD,R3072,2026-02-11 15:13:00,RET-BEN-000073,770200000001,273.00,273.00,UTILITY_PAYMENT,Utility Bill Payment,FTS,AE070330000220000000073,0.00,[]
LOC-OUT-0000726,QUOTE-LOC-OUT-0000726,COMPLETED,REF-LOC-OUT-0000726,ACC-R3072-001,OUTWARD,R3072,2026-03-14 15:13:00,RET-BEN-000073,770200000001,284.00,284.00,UTILITY_PAYMENT,Utility Bill Payment,FTS,AE070330000220000000073,0.00,[]
LOC-OUT-0000728,QUOTE-LOC-OUT-0000728,COMPLETED,REF-LOC-OUT-0000728,ACC-R3072-001,OUTWARD,R3072,2026-04-17 15:13:00,RET-BEN-000073,770200000001,295.00,295.00,UTILITY_PAYMENT,Utility Bill Payment,FTS,AE070330000220000000073,0.00,[]
LOC-OUT-0000730,QUOTE-LOC-OUT-0000730,COMPLETED,REF-LOC-OUT-0000730,ACC-R3072-001,OUTWARD,R3072,2026-05-20 15:13:00,RET-BEN-000073,770200000001,306.00,306.00,UTILITY_PAYMENT,Utility Bill Payment,FTS,AE070330000220000000073,0.00,[]
LOC-OUT-0000732,QUOTE-LOC-OUT-0000732,COMPLETED,REF-LOC-OUT-0000732,ACC-R3073-001,OUTWARD,R3073,2026-01-15 16:14:00,RET-BEN-000074,770200000001,279.00,279.00,UTILITY_PAYMENT,Utility Bill Payment,FTS,AE070330000220000000074,0.00,[]
LOC-OUT-0000734,QUOTE-LOC-OUT-0000734,COMPLETED,REF-LOC-OUT-0000734,ACC-R3073-001,OUTWARD,R3073,2026-02-18 16:14:00,RET-BEN-000074,770200000001,290.00,290.00,UTILITY_PAYMENT,Utility Bill Payment,FTS,AE070330000220000000074,0.00,[]
LOC-OUT-0000736,QUOTE-LOC-OUT-0000736,COMPLETED,REF-LOC-OUT-0000736,ACC-R3073-001,OUTWARD,R3073,2026-03-21 16:14:00,RET-BEN-000074,770200000001,301.00,301.00,UTILITY_PAYMENT,Utility Bill Payment,FTS,AE070330000220000000074,0.00,[]
LOC-OUT-0000738,QUOTE-LOC-OUT-0000738,COMPLETED,REF-LOC-OUT-0000738,ACC-R3073-001,OUTWARD,R3073,2026-04-24 16:14:00,RET-BEN-000074,770200000001,312.00,312.00,UTILITY_PAYMENT,Utility Bill Payment,FTS,AE070330000220000000074,0.00,[]
LOC-OUT-0000740,QUOTE-LOC-OUT-0000740,COMPLETED,REF-LOC-OUT-0000740,ACC-R3073-001,OUTWARD,R3073,2026-05-05 16:14:00,RET-BEN-000074,770200000001,323.00,323.00,UTILITY_PAYMENT,Utility Bill Payment,FTS,AE070330000220000000074,0.00,[]
LOC-OUT-0000742,QUOTE-LOC-OUT-0000742,COMPLETED,REF-LOC-OUT-0000742,ACC-R3074-001,OUTWARD,R3074,2026-01-22 17:15:00,RET-BEN-000075,770200000001,296.00,296.00,UTILITY_PAYMENT,Utility Bill Payment,FTS,AE070330000220000000075,0.00,[]
LOC-OUT-0000744,QUOTE-LOC-OUT-0000744,COMPLETED,REF-LOC-OUT-0000744,ACC-R3074-001,OUTWARD,R3074,2026-02-03 17:15:00,RET-BEN-000075,770200000001,307.00,307.00,UTILITY_PAYMENT,Utility Bill Payment,FTS,AE070330000220000000075,0.00,[]
LOC-OUT-0000746,QUOTE-LOC-OUT-0000746,COMPLETED,REF-LOC-OUT-0000746,ACC-R3074-001,OUTWARD,R3074,2026-03-06 17:15:00,RET-BEN-000075,770200000001,318.00,318.00,UTILITY_PAYMENT,Utility Bill Payment,FTS,AE070330000220000000075,0.00,[]
LOC-OUT-0000748,QUOTE-LOC-OUT-0000748,COMPLETED,REF-LOC-OUT-0000748,ACC-R3074-001,OUTWARD,R3074,2026-04-09 17:15:00,RET-BEN-000075,770200000001,329.00,329.00,UTILITY_PAYMENT,Utility Bill Payment,FTS,AE070330000220000000075,0.00,[]
LOC-OUT-0000750,QUOTE-LOC-OUT-0000750,COMPLETED,REF-LOC-OUT-0000750,ACC-R3074-001,OUTWARD,R3074,2026-05-12 17:15:00,RET-BEN-000075,770200000001,340.00,340.00,UTILITY_PAYMENT,Utility Bill Payment,FTS,AE070330000220000000075,0.00,[]
LOC-OUT-0000752,QUOTE-LOC-OUT-0000752,COMPLETED,REF-LOC-OUT-0000752,ACC-R3075-001,OUTWARD,R3075,2026-01-07 18:16:00,RET-BEN-000076,770200000001,313.00,313.00,UTILITY_PAYMENT,Utility Bill Payment,FTS,AE070330000220000000076,0.00,[]
LOC-OUT-0000754,QUOTE-LOC-OUT-0000754,COMPLETED,REF-LOC-OUT-0000754,ACC-R3075-001,OUTWARD,R3075,2026-02-10 18:16:00,RET-BEN-000076,770200000001,324.00,324.00,UTILITY_PAYMENT,Utility Bill Payment,FTS,AE070330000220000000076,0.00,[]
LOC-OUT-0000756,QUOTE-LOC-OUT-0000756,COMPLETED,REF-LOC-OUT-0000756,ACC-R3075-001,OUTWARD,R3075,2026-03-13 18:16:00,RET-BEN-000076,770200000001,335.00,335.00,UTILITY_PAYMENT,Utility Bill Payment,FTS,AE070330000220000000076,0.00,[]
LOC-OUT-0000758,QUOTE-LOC-OUT-0000758,COMPLETED,REF-LOC-OUT-0000758,ACC-R3075-001,OUTWARD,R3075,2026-04-16 18:16:00,RET-BEN-000076,770200000001,346.00,346.00,UTILITY_PAYMENT,Utility Bill Payment,FTS,AE070330000220000000076,0.00,[]
LOC-OUT-0000760,QUOTE-LOC-OUT-0000760,COMPLETED,REF-LOC-OUT-0000760,ACC-R3075-001,OUTWARD,R3075,2026-05-19 18:16:00,RET-BEN-000076,770200000001,91.00,91.00,UTILITY_PAYMENT,Utility Bill Payment,FTS,AE070330000220000000076,0.00,[]
LOC-OUT-0000762,QUOTE-LOC-OUT-0000762,COMPLETED,REF-LOC-OUT-0000762,ACC-R3076-001,OUTWARD,R3076,2026-01-14 08:17:00,RET-BEN-000077,770200000001,330.00,330.00,UTILITY_PAYMENT,Utility Bill Payment,FTS,AE070330000220000000077,0.00,[]
LOC-OUT-0000764,QUOTE-LOC-OUT-0000764,COMPLETED,REF-LOC-OUT-0000764,ACC-R3076-001,OUTWARD,R3076,2026-02-17 08:17:00,RET-BEN-000077,770200000001,341.00,341.00,UTILITY_PAYMENT,Utility Bill Payment,FTS,AE070330000220000000077,0.00,[]
LOC-OUT-0000766,QUOTE-LOC-OUT-0000766,COMPLETED,REF-LOC-OUT-0000766,ACC-R3076-001,OUTWARD,R3076,2026-03-20 08:17:00,RET-BEN-000077,770200000001,86.00,86.00,UTILITY_PAYMENT,Utility Bill Payment,FTS,AE070330000220000000077,0.00,[]
LOC-OUT-0000768,QUOTE-LOC-OUT-0000768,COMPLETED,REF-LOC-OUT-0000768,ACC-R3076-001,OUTWARD,R3076,2026-04-23 08:17:00,RET-BEN-000077,770200000001,97.00,97.00,UTILITY_PAYMENT,Utility Bill Payment,FTS,AE070330000220000000077,0.00,[]
LOC-OUT-0000770,QUOTE-LOC-OUT-0000770,COMPLETED,REF-LOC-OUT-0000770,ACC-R3076-001,OUTWARD,R3076,2026-05-04 08:17:00,RET-BEN-000077,770200000001,108.00,108.00,UTILITY_PAYMENT,Utility Bill Payment,FTS,AE070330000220000000077,0.00,[]
LOC-OUT-0000772,QUOTE-LOC-OUT-0000772,COMPLETED,REF-LOC-OUT-0000772,ACC-R3077-001,OUTWARD,R3077,2026-01-21 09:18:00,RET-BEN-000078,770200000001,347.00,347.00,UTILITY_PAYMENT,Utility Bill Payment,FTS,AE070330000220000000078,0.00,[]
LOC-OUT-0000774,QUOTE-LOC-OUT-0000774,COMPLETED,REF-LOC-OUT-0000774,ACC-R3077-001,OUTWARD,R3077,2026-02-24 09:18:00,RET-BEN-000078,770200000001,92.00,92.00,UTILITY_PAYMENT,Utility Bill Payment,FTS,AE070330000220000000078,0.00,[]
LOC-OUT-0000776,QUOTE-LOC-OUT-0000776,COMPLETED,REF-LOC-OUT-0000776,ACC-R3077-001,OUTWARD,R3077,2026-03-05 09:18:00,RET-BEN-000078,770200000001,103.00,103.00,UTILITY_PAYMENT,Utility Bill Payment,FTS,AE070330000220000000078,0.00,[]
LOC-OUT-0000778,QUOTE-LOC-OUT-0000778,COMPLETED,REF-LOC-OUT-0000778,ACC-R3077-001,OUTWARD,R3077,2026-04-08 09:18:00,RET-BEN-000078,770200000001,114.00,114.00,UTILITY_PAYMENT,Utility Bill Payment,FTS,AE070330000220000000078,0.00,[]
LOC-OUT-0000780,QUOTE-LOC-OUT-0000780,COMPLETED,REF-LOC-OUT-0000780,ACC-R3077-001,OUTWARD,R3077,2026-05-11 09:18:00,RET-BEN-000078,770200000001,125.00,125.00,UTILITY_PAYMENT,Utility Bill Payment,FTS,AE070330000220000000078,0.00,[]
LOC-OUT-0000782,QUOTE-LOC-OUT-0000782,COMPLETED,REF-LOC-OUT-0000782,ACC-R3078-001,OUTWARD,R3078,2026-01-06 10:19:00,RET-BEN-000079,770200000001,98.00,98.00,UTILITY_PAYMENT,Utility Bill Payment,FTS,AE070330000220000000079,0.00,[]
LOC-OUT-0000784,QUOTE-LOC-OUT-0000784,COMPLETED,REF-LOC-OUT-0000784,ACC-R3078-001,OUTWARD,R3078,2026-02-09 10:19:00,RET-BEN-000079,770200000001,109.00,109.00,UTILITY_PAYMENT,Utility Bill Payment,FTS,AE070330000220000000079,0.00,[]
LOC-OUT-0000786,QUOTE-LOC-OUT-0000786,COMPLETED,REF-LOC-OUT-0000786,ACC-R3078-001,OUTWARD,R3078,2026-03-12 10:19:00,RET-BEN-000079,770200000001,120.00,120.00,UTILITY_PAYMENT,Utility Bill Payment,FTS,AE070330000220000000079,0.00,[]
LOC-OUT-0000788,QUOTE-LOC-OUT-0000788,COMPLETED,REF-LOC-OUT-0000788,ACC-R3078-001,OUTWARD,R3078,2026-04-15 10:19:00,RET-BEN-000079,770200000001,131.00,131.00,UTILITY_PAYMENT,Utility Bill Payment,FTS,AE070330000220000000079,0.00,[]
LOC-OUT-0000790,QUOTE-LOC-OUT-0000790,COMPLETED,REF-LOC-OUT-0000790,ACC-R3078-001,OUTWARD,R3078,2026-05-18 10:19:00,RET-BEN-000079,770200000001,142.00,142.00,UTILITY_PAYMENT,Utility Bill Payment,FTS,AE070330000220000000079,0.00,[]
LOC-OUT-0000792,QUOTE-LOC-OUT-0000792,COMPLETED,REF-LOC-OUT-0000792,ACC-R3079-001,OUTWARD,R3079,2026-01-13 11:20:00,RET-BEN-000080,770200000001,115.00,115.00,UTILITY_PAYMENT,Utility Bill Payment,FTS,AE070330000220000000080,0.00,[]
LOC-OUT-0000794,QUOTE-LOC-OUT-0000794,COMPLETED,REF-LOC-OUT-0000794,ACC-R3079-001,OUTWARD,R3079,2026-02-16 11:20:00,RET-BEN-000080,770200000001,126.00,126.00,UTILITY_PAYMENT,Utility Bill Payment,FTS,AE070330000220000000080,0.00,[]
LOC-OUT-0000796,QUOTE-LOC-OUT-0000796,COMPLETED,REF-LOC-OUT-0000796,ACC-R3079-001,OUTWARD,R3079,2026-03-19 11:20:00,RET-BEN-000080,770200000001,137.00,137.00,UTILITY_PAYMENT,Utility Bill Payment,FTS,AE070330000220000000080,0.00,[]
LOC-OUT-0000798,QUOTE-LOC-OUT-0000798,COMPLETED,REF-LOC-OUT-0000798,ACC-R3079-001,OUTWARD,R3079,2026-04-22 11:20:00,RET-BEN-000080,770200000001,148.00,148.00,UTILITY_PAYMENT,Utility Bill Payment,FTS,AE070330000220000000080,0.00,[]
LOC-OUT-0000800,QUOTE-LOC-OUT-0000800,COMPLETED,REF-LOC-OUT-0000800,ACC-R3079-001,OUTWARD,R3079,2026-05-03 11:20:00,RET-BEN-000080,770200000001,159.00,159.00,UTILITY_PAYMENT,Utility Bill Payment,FTS,AE070330000220000000080,0.00,[]
LOC-OUT-0000802,QUOTE-LOC-OUT-0000802,COMPLETED,REF-LOC-OUT-0000802,ACC-R3080-001,OUTWARD,R3080,2026-01-20 12:21:00,RET-BEN-000081,770200000001,132.00,132.00,UTILITY_PAYMENT,Utility Bill Payment,FTS,AE070330000220000000081,0.00,[]
LOC-OUT-0000804,QUOTE-LOC-OUT-0000804,COMPLETED,REF-LOC-OUT-0000804,ACC-R3080-001,OUTWARD,R3080,2026-02-23 12:21:00,RET-BEN-000081,770200000001,143.00,143.00,UTILITY_PAYMENT,Utility Bill Payment,FTS,AE070330000220000000081,0.00,[]
LOC-OUT-0000806,QUOTE-LOC-OUT-0000806,COMPLETED,REF-LOC-OUT-0000806,ACC-R3080-001,OUTWARD,R3080,2026-03-04 12:21:00,RET-BEN-000081,770200000001,154.00,154.00,UTILITY_PAYMENT,Utility Bill Payment,FTS,AE070330000220000000081,0.00,[]
LOC-OUT-0000808,QUOTE-LOC-OUT-0000808,COMPLETED,REF-LOC-OUT-0000808,ACC-R3080-001,OUTWARD,R3080,2026-04-07 12:21:00,RET-BEN-000081,770200000001,165.00,165.00,UTILITY_PAYMENT,Utility Bill Payment,FTS,AE070330000220000000081,0.00,[]
LOC-OUT-0000810,QUOTE-LOC-OUT-0000810,COMPLETED,REF-LOC-OUT-0000810,ACC-R3080-001,OUTWARD,R3080,2026-05-10 12:21:00,RET-BEN-000081,770200000001,176.00,176.00,UTILITY_PAYMENT,Utility Bill Payment,FTS,AE070330000220000000081,0.00,[]
LOC-OUT-0000812,QUOTE-LOC-OUT-0000812,COMPLETED,REF-LOC-OUT-0000812,ACC-R3081-001,OUTWARD,R3081,2026-01-05 13:22:00,RET-BEN-000082,770200000001,149.00,149.00,UTILITY_PAYMENT,Utility Bill Payment,FTS,AE070330000220000000082,0.00,[]
LOC-OUT-0000814,QUOTE-LOC-OUT-0000814,COMPLETED,REF-LOC-OUT-0000814,ACC-R3081-001,OUTWARD,R3081,2026-02-08 13:22:00,RET-BEN-000082,770200000001,160.00,160.00,UTILITY_PAYMENT,Utility Bill Payment,FTS,AE070330000220000000082,0.00,[]
LOC-OUT-0000816,QUOTE-LOC-OUT-0000816,COMPLETED,REF-LOC-OUT-0000816,ACC-R3081-001,OUTWARD,R3081,2026-03-11 13:22:00,RET-BEN-000082,770200000001,171.00,171.00,UTILITY_PAYMENT,Utility Bill Payment,FTS,AE070330000220000000082,0.00,[]
LOC-OUT-0000818,QUOTE-LOC-OUT-0000818,COMPLETED,REF-LOC-OUT-0000818,ACC-R3081-001,OUTWARD,R3081,2026-04-14 13:22:00,RET-BEN-000082,770200000001,182.00,182.00,UTILITY_PAYMENT,Utility Bill Payment,FTS,AE070330000220000000082,0.00,[]
LOC-OUT-0000820,QUOTE-LOC-OUT-0000820,COMPLETED,REF-LOC-OUT-0000820,ACC-R3081-001,OUTWARD,R3081,2026-05-17 13:22:00,RET-BEN-000082,770200000001,193.00,193.00,UTILITY_PAYMENT,Utility Bill Payment,FTS,AE070330000220000000082,0.00,[]
LOC-OUT-0000822,QUOTE-LOC-OUT-0000822,COMPLETED,REF-LOC-OUT-0000822,ACC-R3082-001,OUTWARD,R3082,2026-01-12 14:23:00,RET-BEN-000083,770200000001,166.00,166.00,UTILITY_PAYMENT,Utility Bill Payment,FTS,AE070330000220000000083,0.00,[]
LOC-OUT-0000824,QUOTE-LOC-OUT-0000824,COMPLETED,REF-LOC-OUT-0000824,ACC-R3082-001,OUTWARD,R3082,2026-02-15 14:23:00,RET-BEN-000083,770200000001,177.00,177.00,UTILITY_PAYMENT,Utility Bill Payment,FTS,AE070330000220000000083,0.00,[]
LOC-OUT-0000826,QUOTE-LOC-OUT-0000826,COMPLETED,REF-LOC-OUT-0000826,ACC-R3082-001,OUTWARD,R3082,2026-03-18 14:23:00,RET-BEN-000083,770200000001,188.00,188.00,UTILITY_PAYMENT,Utility Bill Payment,FTS,AE070330000220000000083,0.00,[]
LOC-OUT-0000828,QUOTE-LOC-OUT-0000828,COMPLETED,REF-LOC-OUT-0000828,ACC-R3082-001,OUTWARD,R3082,2026-04-21 14:23:00,RET-BEN-000083,770200000001,199.00,199.00,UTILITY_PAYMENT,Utility Bill Payment,FTS,AE070330000220000000083,0.00,[]
LOC-OUT-0000830,QUOTE-LOC-OUT-0000830,COMPLETED,REF-LOC-OUT-0000830,ACC-R3082-001,OUTWARD,R3082,2026-05-24 14:23:00,RET-BEN-000083,770200000001,210.00,210.00,UTILITY_PAYMENT,Utility Bill Payment,FTS,AE070330000220000000083,0.00,[]
LOC-OUT-0000832,QUOTE-LOC-OUT-0000832,COMPLETED,REF-LOC-OUT-0000832,ACC-R3083-001,OUTWARD,R3083,2026-01-19 15:24:00,RET-BEN-000084,770200000001,183.00,183.00,UTILITY_PAYMENT,Utility Bill Payment,FTS,AE070330000220000000084,0.00,[]
LOC-OUT-0000834,QUOTE-LOC-OUT-0000834,COMPLETED,REF-LOC-OUT-0000834,ACC-R3083-001,OUTWARD,R3083,2026-02-22 15:24:00,RET-BEN-000084,770200000001,194.00,194.00,UTILITY_PAYMENT,Utility Bill Payment,FTS,AE070330000220000000084,0.00,[]
LOC-OUT-0000836,QUOTE-LOC-OUT-0000836,COMPLETED,REF-LOC-OUT-0000836,ACC-R3083-001,OUTWARD,R3083,2026-03-03 15:24:00,RET-BEN-000084,770200000001,205.00,205.00,UTILITY_PAYMENT,Utility Bill Payment,FTS,AE070330000220000000084,0.00,[]
LOC-OUT-0000838,QUOTE-LOC-OUT-0000838,COMPLETED,REF-LOC-OUT-0000838,ACC-R3083-001,OUTWARD,R3083,2026-04-06 15:24:00,RET-BEN-000084,770200000001,216.00,216.00,UTILITY_PAYMENT,Utility Bill Payment,FTS,AE070330000220000000084,0.00,[]
LOC-OUT-0000840,QUOTE-LOC-OUT-0000840,COMPLETED,REF-LOC-OUT-0000840,ACC-R3083-001,OUTWARD,R3083,2026-05-09 15:24:00,RET-BEN-000084,770200000001,227.00,227.00,UTILITY_PAYMENT,Utility Bill Payment,FTS,AE070330000220000000084,0.00,[]
LOC-OUT-0000842,QUOTE-LOC-OUT-0000842,COMPLETED,REF-LOC-OUT-0000842,ACC-R3084-001,OUTWARD,R3084,2026-01-04 16:25:00,RET-BEN-000085,770200000001,200.00,200.00,UTILITY_PAYMENT,Utility Bill Payment,FTS,AE070330000220000000085,0.00,[]
LOC-OUT-0000844,QUOTE-LOC-OUT-0000844,COMPLETED,REF-LOC-OUT-0000844,ACC-R3084-001,OUTWARD,R3084,2026-02-07 16:25:00,RET-BEN-000085,770200000001,211.00,211.00,UTILITY_PAYMENT,Utility Bill Payment,FTS,AE070330000220000000085,0.00,[]
LOC-OUT-0000846,QUOTE-LOC-OUT-0000846,COMPLETED,REF-LOC-OUT-0000846,ACC-R3084-001,OUTWARD,R3084,2026-03-10 16:25:00,RET-BEN-000085,770200000001,222.00,222.00,UTILITY_PAYMENT,Utility Bill Payment,FTS,AE070330000220000000085,0.00,[]
LOC-OUT-0000848,QUOTE-LOC-OUT-0000848,COMPLETED,REF-LOC-OUT-0000848,ACC-R3084-001,OUTWARD,R3084,2026-04-13 16:25:00,RET-BEN-000085,770200000001,233.00,233.00,UTILITY_PAYMENT,Utility Bill Payment,FTS,AE070330000220000000085,0.00,[]
LOC-OUT-0000850,QUOTE-LOC-OUT-0000850,COMPLETED,REF-LOC-OUT-0000850,ACC-R3084-001,OUTWARD,R3084,2026-05-16 16:25:00,RET-BEN-000085,770200000001,244.00,244.00,UTILITY_PAYMENT,Utility Bill Payment,FTS,AE070330000220000000085,0.00,[]
LOC-OUT-0000852,QUOTE-LOC-OUT-0000852,COMPLETED,REF-LOC-OUT-0000852,ACC-R3085-001,OUTWARD,R3085,2026-01-11 17:26:00,RET-BEN-000086,770200000001,217.00,217.00,UTILITY_PAYMENT,Utility Bill Payment,FTS,AE070330000220000000086,0.00,[]
LOC-OUT-0000854,QUOTE-LOC-OUT-0000854,COMPLETED,REF-LOC-OUT-0000854,ACC-R3085-001,OUTWARD,R3085,2026-02-14 17:26:00,RET-BEN-000086,770200000001,228.00,228.00,UTILITY_PAYMENT,Utility Bill Payment,FTS,AE070330000220000000086,0.00,[]
LOC-OUT-0000856,QUOTE-LOC-OUT-0000856,COMPLETED,REF-LOC-OUT-0000856,ACC-R3085-001,OUTWARD,R3085,2026-03-17 17:26:00,RET-BEN-000086,770200000001,239.00,239.00,UTILITY_PAYMENT,Utility Bill Payment,FTS,AE070330000220000000086,0.00,[]
LOC-OUT-0000858,QUOTE-LOC-OUT-0000858,COMPLETED,REF-LOC-OUT-0000858,ACC-R3085-001,OUTWARD,R3085,2026-04-20 17:26:00,RET-BEN-000086,770200000001,250.00,250.00,UTILITY_PAYMENT,Utility Bill Payment,FTS,AE070330000220000000086,0.00,[]
LOC-OUT-0000860,QUOTE-LOC-OUT-0000860,COMPLETED,REF-LOC-OUT-0000860,ACC-R3085-001,OUTWARD,R3085,2026-05-23 17:26:00,RET-BEN-000086,770200000001,261.00,261.00,UTILITY_PAYMENT,Utility Bill Payment,FTS,AE070330000220000000086,0.00,[]
LOC-OUT-0000862,QUOTE-LOC-OUT-0000862,COMPLETED,REF-LOC-OUT-0000862,ACC-R3086-001,OUTWARD,R3086,2026-01-18 18:27:00,RET-BEN-000087,770200000001,234.00,234.00,UTILITY_PAYMENT,Utility Bill Payment,FTS,AE070330000220000000087,0.00,[]
LOC-OUT-0000864,QUOTE-LOC-OUT-0000864,COMPLETED,REF-LOC-OUT-0000864,ACC-R3086-001,OUTWARD,R3086,2026-02-21 18:27:00,RET-BEN-000087,770200000001,245.00,245.00,UTILITY_PAYMENT,Utility Bill Payment,FTS,AE070330000220000000087,0.00,[]
LOC-OUT-0000866,QUOTE-LOC-OUT-0000866,COMPLETED,REF-LOC-OUT-0000866,ACC-R3086-001,OUTWARD,R3086,2026-03-24 18:27:00,RET-BEN-000087,770200000001,256.00,256.00,UTILITY_PAYMENT,Utility Bill Payment,FTS,AE070330000220000000087,0.00,[]
LOC-OUT-0000868,QUOTE-LOC-OUT-0000868,COMPLETED,REF-LOC-OUT-0000868,ACC-R3086-001,OUTWARD,R3086,2026-04-05 18:27:00,RET-BEN-000087,770200000001,267.00,267.00,UTILITY_PAYMENT,Utility Bill Payment,FTS,AE070330000220000000087,0.00,[]
LOC-OUT-0000870,QUOTE-LOC-OUT-0000870,COMPLETED,REF-LOC-OUT-0000870,ACC-R3086-001,OUTWARD,R3086,2026-05-08 18:27:00,RET-BEN-000087,770200000001,278.00,278.00,UTILITY_PAYMENT,Utility Bill Payment,FTS,AE070330000220000000087,0.00,[]
LOC-OUT-0000872,QUOTE-LOC-OUT-0000872,COMPLETED,REF-LOC-OUT-0000872,ACC-R3087-001,OUTWARD,R3087,2026-01-03 08:28:00,RET-BEN-000088,770200000001,251.00,251.00,UTILITY_PAYMENT,Utility Bill Payment,FTS,AE070330000220000000088,0.00,[]
LOC-OUT-0000874,QUOTE-LOC-OUT-0000874,COMPLETED,REF-LOC-OUT-0000874,ACC-R3087-001,OUTWARD,R3087,2026-02-06 08:28:00,RET-BEN-000088,770200000001,262.00,262.00,UTILITY_PAYMENT,Utility Bill Payment,FTS,AE070330000220000000088,0.00,[]
LOC-OUT-0000876,QUOTE-LOC-OUT-0000876,COMPLETED,REF-LOC-OUT-0000876,ACC-R3087-001,OUTWARD,R3087,2026-03-09 08:28:00,RET-BEN-000088,770200000001,273.00,273.00,UTILITY_PAYMENT,Utility Bill Payment,FTS,AE070330000220000000088,0.00,[]
LOC-OUT-0000878,QUOTE-LOC-OUT-0000878,COMPLETED,REF-LOC-OUT-0000878,ACC-R3087-001,OUTWARD,R3087,2026-04-12 08:28:00,RET-BEN-000088,770200000001,284.00,284.00,UTILITY_PAYMENT,Utility Bill Payment,FTS,AE070330000220000000088,0.00,[]
LOC-OUT-0000880,QUOTE-LOC-OUT-0000880,COMPLETED,REF-LOC-OUT-0000880,ACC-R3087-001,OUTWARD,R3087,2026-05-15 08:28:00,RET-BEN-000088,770200000001,295.00,295.00,UTILITY_PAYMENT,Utility Bill Payment,FTS,AE070330000220000000088,0.00,[]
LOC-OUT-0000882,QUOTE-LOC-OUT-0000882,COMPLETED,REF-LOC-OUT-0000882,ACC-R3088-001,OUTWARD,R3088,2026-01-10 09:29:00,RET-BEN-000089,770200000001,268.00,268.00,UTILITY_PAYMENT,Utility Bill Payment,FTS,AE070330000220000000089,0.00,[]
LOC-OUT-0000884,QUOTE-LOC-OUT-0000884,COMPLETED,REF-LOC-OUT-0000884,ACC-R3088-001,OUTWARD,R3088,2026-02-13 09:29:00,RET-BEN-000089,770200000001,279.00,279.00,UTILITY_PAYMENT,Utility Bill Payment,FTS,AE070330000220000000089,0.00,[]
LOC-OUT-0000886,QUOTE-LOC-OUT-0000886,COMPLETED,REF-LOC-OUT-0000886,ACC-R3088-001,OUTWARD,R3088,2026-03-16 09:29:00,RET-BEN-000089,770200000001,290.00,290.00,UTILITY_PAYMENT,Utility Bill Payment,FTS,AE070330000220000000089,0.00,[]
LOC-OUT-0000888,QUOTE-LOC-OUT-0000888,COMPLETED,REF-LOC-OUT-0000888,ACC-R3088-001,OUTWARD,R3088,2026-04-19 09:29:00,RET-BEN-000089,770200000001,301.00,301.00,UTILITY_PAYMENT,Utility Bill Payment,FTS,AE070330000220000000089,0.00,[]
LOC-OUT-0000890,QUOTE-LOC-OUT-0000890,COMPLETED,REF-LOC-OUT-0000890,ACC-R3088-001,OUTWARD,R3088,2026-05-22 09:29:00,RET-BEN-000089,770200000001,312.00,312.00,UTILITY_PAYMENT,Utility Bill Payment,FTS,AE070330000220000000089,0.00,[]
LOC-OUT-0000892,QUOTE-LOC-OUT-0000892,COMPLETED,REF-LOC-OUT-0000892,ACC-R3089-001,OUTWARD,R3089,2026-01-17 10:30:00,RET-BEN-000090,770200000001,285.00,285.00,UTILITY_PAYMENT,Utility Bill Payment,FTS,AE070330000220000000090,0.00,[]
LOC-OUT-0000894,QUOTE-LOC-OUT-0000894,COMPLETED,REF-LOC-OUT-0000894,ACC-R3089-001,OUTWARD,R3089,2026-02-20 10:30:00,RET-BEN-000090,770200000001,296.00,296.00,UTILITY_PAYMENT,Utility Bill Payment,FTS,AE070330000220000000090,0.00,[]
LOC-OUT-0000896,QUOTE-LOC-OUT-0000896,COMPLETED,REF-LOC-OUT-0000896,ACC-R3089-001,OUTWARD,R3089,2026-03-23 10:30:00,RET-BEN-000090,770200000001,307.00,307.00,UTILITY_PAYMENT,Utility Bill Payment,FTS,AE070330000220000000090,0.00,[]
LOC-OUT-0000898,QUOTE-LOC-OUT-0000898,COMPLETED,REF-LOC-OUT-0000898,ACC-R3089-001,OUTWARD,R3089,2026-04-04 10:30:00,RET-BEN-000090,770200000001,318.00,318.00,UTILITY_PAYMENT,Utility Bill Payment,FTS,AE070330000220000000090,0.00,[]
LOC-OUT-0000900,QUOTE-LOC-OUT-0000900,COMPLETED,REF-LOC-OUT-0000900,ACC-R3089-001,OUTWARD,R3089,2026-05-07 10:30:00,RET-BEN-000090,770200000001,329.00,329.00,UTILITY_PAYMENT,Utility Bill Payment,FTS,AE070330000220000000090,0.00,[]
LOC-OUT-0000902,QUOTE-LOC-OUT-0000902,COMPLETED,REF-LOC-OUT-0000902,ACC-R3090-001,OUTWARD,R3090,2026-01-24 11:31:00,RET-BEN-000091,770200000001,302.00,302.00,UTILITY_PAYMENT,Utility Bill Payment,FTS,AE070330000220000000091,0.00,[]
LOC-OUT-0000904,QUOTE-LOC-OUT-0000904,COMPLETED,REF-LOC-OUT-0000904,ACC-R3090-001,OUTWARD,R3090,2026-02-05 11:31:00,RET-BEN-000091,770200000001,313.00,313.00,UTILITY_PAYMENT,Utility Bill Payment,FTS,AE070330000220000000091,0.00,[]
LOC-OUT-0000906,QUOTE-LOC-OUT-0000906,COMPLETED,REF-LOC-OUT-0000906,ACC-R3090-001,OUTWARD,R3090,2026-03-08 11:31:00,RET-BEN-000091,770200000001,324.00,324.00,UTILITY_PAYMENT,Utility Bill Payment,FTS,AE070330000220000000091,0.00,[]
LOC-OUT-0000908,QUOTE-LOC-OUT-0000908,COMPLETED,REF-LOC-OUT-0000908,ACC-R3090-001,OUTWARD,R3090,2026-04-11 11:31:00,RET-BEN-000091,770200000001,335.00,335.00,UTILITY_PAYMENT,Utility Bill Payment,FTS,AE070330000220000000091,0.00,[]
LOC-OUT-0000910,QUOTE-LOC-OUT-0000910,COMPLETED,REF-LOC-OUT-0000910,ACC-R3090-001,OUTWARD,R3090,2026-05-14 11:31:00,RET-BEN-000091,770200000001,346.00,346.00,UTILITY_PAYMENT,Utility Bill Payment,FTS,AE070330000220000000091,0.00,[]
LOC-OUT-0000912,QUOTE-LOC-OUT-0000912,COMPLETED,REF-LOC-OUT-0000912,ACC-R3091-001,OUTWARD,R3091,2026-01-09 12:32:00,RET-BEN-000092,770200000001,319.00,319.00,UTILITY_PAYMENT,Utility Bill Payment,FTS,AE070330000220000000092,0.00,[]
LOC-OUT-0000914,QUOTE-LOC-OUT-0000914,COMPLETED,REF-LOC-OUT-0000914,ACC-R3091-001,OUTWARD,R3091,2026-02-12 12:32:00,RET-BEN-000092,770200000001,330.00,330.00,UTILITY_PAYMENT,Utility Bill Payment,FTS,AE070330000220000000092,0.00,[]
LOC-OUT-0000916,QUOTE-LOC-OUT-0000916,COMPLETED,REF-LOC-OUT-0000916,ACC-R3091-001,OUTWARD,R3091,2026-03-15 12:32:00,RET-BEN-000092,770200000001,341.00,341.00,UTILITY_PAYMENT,Utility Bill Payment,FTS,AE070330000220000000092,0.00,[]
LOC-OUT-0000918,QUOTE-LOC-OUT-0000918,COMPLETED,REF-LOC-OUT-0000918,ACC-R3091-001,OUTWARD,R3091,2026-04-18 12:32:00,RET-BEN-000092,770200000001,86.00,86.00,UTILITY_PAYMENT,Utility Bill Payment,FTS,AE070330000220000000092,0.00,[]
LOC-OUT-0000920,QUOTE-LOC-OUT-0000920,COMPLETED,REF-LOC-OUT-0000920,ACC-R3091-001,OUTWARD,R3091,2026-05-21 12:32:00,RET-BEN-000092,770200000001,97.00,97.00,UTILITY_PAYMENT,Utility Bill Payment,FTS,AE070330000220000000092,0.00,[]
LOC-OUT-0000922,QUOTE-LOC-OUT-0000922,COMPLETED,REF-LOC-OUT-0000922,ACC-R3092-001,OUTWARD,R3092,2026-01-16 13:33:00,RET-BEN-000093,770200000001,336.00,336.00,UTILITY_PAYMENT,Utility Bill Payment,FTS,AE070330000220000000093,0.00,[]
LOC-OUT-0000924,QUOTE-LOC-OUT-0000924,COMPLETED,REF-LOC-OUT-0000924,ACC-R3092-001,OUTWARD,R3092,2026-02-19 13:33:00,RET-BEN-000093,770200000001,347.00,347.00,UTILITY_PAYMENT,Utility Bill Payment,FTS,AE070330000220000000093,0.00,[]
LOC-OUT-0000926,QUOTE-LOC-OUT-0000926,COMPLETED,REF-LOC-OUT-0000926,ACC-R3092-001,OUTWARD,R3092,2026-03-22 13:33:00,RET-BEN-000093,770200000001,92.00,92.00,UTILITY_PAYMENT,Utility Bill Payment,FTS,AE070330000220000000093,0.00,[]
LOC-OUT-0000928,QUOTE-LOC-OUT-0000928,COMPLETED,REF-LOC-OUT-0000928,ACC-R3092-001,OUTWARD,R3092,2026-04-03 13:33:00,RET-BEN-000093,770200000001,103.00,103.00,UTILITY_PAYMENT,Utility Bill Payment,FTS,AE070330000220000000093,0.00,[]
LOC-OUT-0000930,QUOTE-LOC-OUT-0000930,COMPLETED,REF-LOC-OUT-0000930,ACC-R3092-001,OUTWARD,R3092,2026-05-06 13:33:00,RET-BEN-000093,770200000001,114.00,114.00,UTILITY_PAYMENT,Utility Bill Payment,FTS,AE070330000220000000093,0.00,[]
LOC-OUT-0000932,QUOTE-LOC-OUT-0000932,COMPLETED,REF-LOC-OUT-0000932,ACC-R3093-001,OUTWARD,R3093,2026-01-23 14:34:00,RET-BEN-000094,770200000001,87.00,87.00,UTILITY_PAYMENT,Utility Bill Payment,FTS,AE070330000220000000094,0.00,[]
LOC-OUT-0000934,QUOTE-LOC-OUT-0000934,COMPLETED,REF-LOC-OUT-0000934,ACC-R3093-001,OUTWARD,R3093,2026-02-04 14:34:00,RET-BEN-000094,770200000001,98.00,98.00,UTILITY_PAYMENT,Utility Bill Payment,FTS,AE070330000220000000094,0.00,[]
LOC-OUT-0000936,QUOTE-LOC-OUT-0000936,COMPLETED,REF-LOC-OUT-0000936,ACC-R3093-001,OUTWARD,R3093,2026-03-07 14:34:00,RET-BEN-000094,770200000001,109.00,109.00,UTILITY_PAYMENT,Utility Bill Payment,FTS,AE070330000220000000094,0.00,[]
LOC-OUT-0000938,QUOTE-LOC-OUT-0000938,COMPLETED,REF-LOC-OUT-0000938,ACC-R3093-001,OUTWARD,R3093,2026-04-10 14:34:00,RET-BEN-000094,770200000001,120.00,120.00,UTILITY_PAYMENT,Utility Bill Payment,FTS,AE070330000220000000094,0.00,[]
LOC-OUT-0000940,QUOTE-LOC-OUT-0000940,COMPLETED,REF-LOC-OUT-0000940,ACC-R3093-001,OUTWARD,R3093,2026-05-13 14:34:00,RET-BEN-000094,770200000001,131.00,131.00,UTILITY_PAYMENT,Utility Bill Payment,FTS,AE070330000220000000094,0.00,[]
LOC-OUT-0000942,QUOTE-LOC-OUT-0000942,COMPLETED,REF-LOC-OUT-0000942,ACC-R3094-001,OUTWARD,R3094,2026-01-08 15:35:00,RET-BEN-000095,770200000001,104.00,104.00,UTILITY_PAYMENT,Utility Bill Payment,FTS,AE070330000220000000095,0.00,[]
LOC-OUT-0000944,QUOTE-LOC-OUT-0000944,COMPLETED,REF-LOC-OUT-0000944,ACC-R3094-001,OUTWARD,R3094,2026-02-11 15:35:00,RET-BEN-000095,770200000001,115.00,115.00,UTILITY_PAYMENT,Utility Bill Payment,FTS,AE070330000220000000095,0.00,[]
LOC-OUT-0000946,QUOTE-LOC-OUT-0000946,COMPLETED,REF-LOC-OUT-0000946,ACC-R3094-001,OUTWARD,R3094,2026-03-14 15:35:00,RET-BEN-000095,770200000001,126.00,126.00,UTILITY_PAYMENT,Utility Bill Payment,FTS,AE070330000220000000095,0.00,[]
LOC-OUT-0000948,QUOTE-LOC-OUT-0000948,COMPLETED,REF-LOC-OUT-0000948,ACC-R3094-001,OUTWARD,R3094,2026-04-17 15:35:00,RET-BEN-000095,770200000001,137.00,137.00,UTILITY_PAYMENT,Utility Bill Payment,FTS,AE070330000220000000095,0.00,[]
LOC-OUT-0000950,QUOTE-LOC-OUT-0000950,COMPLETED,REF-LOC-OUT-0000950,ACC-R3094-001,OUTWARD,R3094,2026-05-20 15:35:00,RET-BEN-000095,770200000001,148.00,148.00,UTILITY_PAYMENT,Utility Bill Payment,FTS,AE070330000220000000095,0.00,[]
LOC-OUT-0000952,QUOTE-LOC-OUT-0000952,COMPLETED,REF-LOC-OUT-0000952,ACC-R3095-001,OUTWARD,R3095,2026-01-15 16:36:00,RET-BEN-000096,770200000001,121.00,121.00,UTILITY_PAYMENT,Utility Bill Payment,FTS,AE070330000220000000096,0.00,[]
LOC-OUT-0000954,QUOTE-LOC-OUT-0000954,COMPLETED,REF-LOC-OUT-0000954,ACC-R3095-001,OUTWARD,R3095,2026-02-18 16:36:00,RET-BEN-000096,770200000001,132.00,132.00,UTILITY_PAYMENT,Utility Bill Payment,FTS,AE070330000220000000096,0.00,[]
LOC-OUT-0000956,QUOTE-LOC-OUT-0000956,COMPLETED,REF-LOC-OUT-0000956,ACC-R3095-001,OUTWARD,R3095,2026-03-21 16:36:00,RET-BEN-000096,770200000001,143.00,143.00,UTILITY_PAYMENT,Utility Bill Payment,FTS,AE070330000220000000096,0.00,[]
LOC-OUT-0000958,QUOTE-LOC-OUT-0000958,COMPLETED,REF-LOC-OUT-0000958,ACC-R3095-001,OUTWARD,R3095,2026-04-24 16:36:00,RET-BEN-000096,770200000001,154.00,154.00,UTILITY_PAYMENT,Utility Bill Payment,FTS,AE070330000220000000096,0.00,[]
LOC-OUT-0000960,QUOTE-LOC-OUT-0000960,COMPLETED,REF-LOC-OUT-0000960,ACC-R3095-001,OUTWARD,R3095,2026-05-05 16:36:00,RET-BEN-000096,770200000001,165.00,165.00,UTILITY_PAYMENT,Utility Bill Payment,FTS,AE070330000220000000096,0.00,[]
LOC-OUT-0000962,QUOTE-LOC-OUT-0000962,COMPLETED,REF-LOC-OUT-0000962,ACC-R3096-001,OUTWARD,R3096,2026-01-22 17:37:00,RET-BEN-000097,770200000001,138.00,138.00,UTILITY_PAYMENT,Utility Bill Payment,FTS,AE070330000220000000097,0.00,[]
LOC-OUT-0000964,QUOTE-LOC-OUT-0000964,COMPLETED,REF-LOC-OUT-0000964,ACC-R3096-001,OUTWARD,R3096,2026-02-03 17:37:00,RET-BEN-000097,770200000001,149.00,149.00,UTILITY_PAYMENT,Utility Bill Payment,FTS,AE070330000220000000097,0.00,[]
LOC-OUT-0000966,QUOTE-LOC-OUT-0000966,COMPLETED,REF-LOC-OUT-0000966,ACC-R3096-001,OUTWARD,R3096,2026-03-06 17:37:00,RET-BEN-000097,770200000001,160.00,160.00,UTILITY_PAYMENT,Utility Bill Payment,FTS,AE070330000220000000097,0.00,[]
LOC-OUT-0000968,QUOTE-LOC-OUT-0000968,COMPLETED,REF-LOC-OUT-0000968,ACC-R3096-001,OUTWARD,R3096,2026-04-09 17:37:00,RET-BEN-000097,770200000001,171.00,171.00,UTILITY_PAYMENT,Utility Bill Payment,FTS,AE070330000220000000097,0.00,[]
LOC-OUT-0000970,QUOTE-LOC-OUT-0000970,COMPLETED,REF-LOC-OUT-0000970,ACC-R3096-001,OUTWARD,R3096,2026-05-12 17:37:00,RET-BEN-000097,770200000001,182.00,182.00,UTILITY_PAYMENT,Utility Bill Payment,FTS,AE070330000220000000097,0.00,[]
LOC-OUT-0000972,QUOTE-LOC-OUT-0000972,COMPLETED,REF-LOC-OUT-0000972,ACC-R3097-001,OUTWARD,R3097,2026-01-07 18:38:00,RET-BEN-000098,770200000001,155.00,155.00,UTILITY_PAYMENT,Utility Bill Payment,FTS,AE070330000220000000098,0.00,[]
LOC-OUT-0000974,QUOTE-LOC-OUT-0000974,COMPLETED,REF-LOC-OUT-0000974,ACC-R3097-001,OUTWARD,R3097,2026-02-10 18:38:00,RET-BEN-000098,770200000001,166.00,166.00,UTILITY_PAYMENT,Utility Bill Payment,FTS,AE070330000220000000098,0.00,[]
LOC-OUT-0000976,QUOTE-LOC-OUT-0000976,COMPLETED,REF-LOC-OUT-0000976,ACC-R3097-001,OUTWARD,R3097,2026-03-13 18:38:00,RET-BEN-000098,770200000001,177.00,177.00,UTILITY_PAYMENT,Utility Bill Payment,FTS,AE070330000220000000098,0.00,[]
LOC-OUT-0000978,QUOTE-LOC-OUT-0000978,COMPLETED,REF-LOC-OUT-0000978,ACC-R3097-001,OUTWARD,R3097,2026-04-16 18:38:00,RET-BEN-000098,770200000001,188.00,188.00,UTILITY_PAYMENT,Utility Bill Payment,FTS,AE070330000220000000098,0.00,[]
LOC-OUT-0000980,QUOTE-LOC-OUT-0000980,COMPLETED,REF-LOC-OUT-0000980,ACC-R3097-001,OUTWARD,R3097,2026-05-19 18:38:00,RET-BEN-000098,770200000001,199.00,199.00,UTILITY_PAYMENT,Utility Bill Payment,FTS,AE070330000220000000098,0.00,[]
LOC-OUT-0000982,QUOTE-LOC-OUT-0000982,COMPLETED,REF-LOC-OUT-0000982,ACC-R3098-001,OUTWARD,R3098,2026-01-14 08:39:00,RET-BEN-000099,770200000001,172.00,172.00,UTILITY_PAYMENT,Utility Bill Payment,FTS,AE070330000220000000099,0.00,[]
LOC-OUT-0000984,QUOTE-LOC-OUT-0000984,COMPLETED,REF-LOC-OUT-0000984,ACC-R3098-001,OUTWARD,R3098,2026-02-17 08:39:00,RET-BEN-000099,770200000001,183.00,183.00,UTILITY_PAYMENT,Utility Bill Payment,FTS,AE070330000220000000099,0.00,[]
LOC-OUT-0000986,QUOTE-LOC-OUT-0000986,COMPLETED,REF-LOC-OUT-0000986,ACC-R3098-001,OUTWARD,R3098,2026-03-20 08:39:00,RET-BEN-000099,770200000001,194.00,194.00,UTILITY_PAYMENT,Utility Bill Payment,FTS,AE070330000220000000099,0.00,[]
LOC-OUT-0000988,QUOTE-LOC-OUT-0000988,COMPLETED,REF-LOC-OUT-0000988,ACC-R3098-001,OUTWARD,R3098,2026-04-23 08:39:00,RET-BEN-000099,770200000001,205.00,205.00,UTILITY_PAYMENT,Utility Bill Payment,FTS,AE070330000220000000099,0.00,[]
LOC-OUT-0000990,QUOTE-LOC-OUT-0000990,COMPLETED,REF-LOC-OUT-0000990,ACC-R3098-001,OUTWARD,R3098,2026-05-04 08:39:00,RET-BEN-000099,770200000001,216.00,216.00,UTILITY_PAYMENT,Utility Bill Payment,FTS,AE070330000220000000099,0.00,[]
LOC-OUT-0000992,QUOTE-LOC-OUT-0000992,COMPLETED,REF-LOC-OUT-0000992,ACC-R3099-001,OUTWARD,R3099,2026-01-21 09:40:00,RET-BEN-000100,770200000001,189.00,189.00,UTILITY_PAYMENT,Utility Bill Payment,FTS,AE070330000220000000100,0.00,[]
LOC-OUT-0000994,QUOTE-LOC-OUT-0000994,COMPLETED,REF-LOC-OUT-0000994,ACC-R3099-001,OUTWARD,R3099,2026-02-24 09:40:00,RET-BEN-000100,770200000001,200.00,200.00,UTILITY_PAYMENT,Utility Bill Payment,FTS,AE070330000220000000100,0.00,[]
LOC-OUT-0000996,QUOTE-LOC-OUT-0000996,COMPLETED,REF-LOC-OUT-0000996,ACC-R3099-001,OUTWARD,R3099,2026-03-05 09:40:00,RET-BEN-000100,770200000001,211.00,211.00,UTILITY_PAYMENT,Utility Bill Payment,FTS,AE070330000220000000100,0.00,[]
LOC-OUT-0000998,QUOTE-LOC-OUT-0000998,COMPLETED,REF-LOC-OUT-0000998,ACC-R3099-001,OUTWARD,R3099,2026-04-08 09:40:00,RET-BEN-000100,770200000001,222.00,222.00,UTILITY_PAYMENT,Utility Bill Payment,FTS,AE070330000220000000100,0.00,[]
LOC-OUT-0001000,QUOTE-LOC-OUT-0001000,COMPLETED,REF-LOC-OUT-0001000,ACC-R3099-001,OUTWARD,R3099,2026-05-11 09:40:00,RET-BEN-000100,770200000001,233.00,233.00,UTILITY_PAYMENT,Utility Bill Payment,FTS,AE070330000220000000100,0.00,[]
LOC-OUT-0001002,QUOTE-LOC-OUT-0001002,COMPLETED,REF-LOC-OUT-0001002,ACC-R3100-001,OUTWARD,R3100,2026-01-06 10:41:00,RET-BEN-000101,770200000001,206.00,206.00,UTILITY_PAYMENT,Utility Bill Payment,FTS,AE070330000220000000101,0.00,[]
LOC-OUT-0001004,QUOTE-LOC-OUT-0001004,COMPLETED,REF-LOC-OUT-0001004,ACC-R3100-001,OUTWARD,R3100,2026-02-09 10:41:00,RET-BEN-000101,770200000001,217.00,217.00,UTILITY_PAYMENT,Utility Bill Payment,FTS,AE070330000220000000101,0.00,[]
LOC-OUT-0001006,QUOTE-LOC-OUT-0001006,COMPLETED,REF-LOC-OUT-0001006,ACC-R3100-001,OUTWARD,R3100,2026-03-12 10:41:00,RET-BEN-000101,770200000001,228.00,228.00,UTILITY_PAYMENT,Utility Bill Payment,FTS,AE070330000220000000101,0.00,[]
LOC-OUT-0001008,QUOTE-LOC-OUT-0001008,COMPLETED,REF-LOC-OUT-0001008,ACC-R3100-001,OUTWARD,R3100,2026-04-15 10:41:00,RET-BEN-000101,770200000001,239.00,239.00,UTILITY_PAYMENT,Utility Bill Payment,FTS,AE070330000220000000101,0.00,[]
LOC-OUT-0001010,QUOTE-LOC-OUT-0001010,COMPLETED,REF-LOC-OUT-0001010,ACC-R3100-001,OUTWARD,R3100,2026-05-18 10:41:00,RET-BEN-000101,770200000001,250.00,250.00,UTILITY_PAYMENT,Utility Bill Payment,FTS,AE070330000220000000101,0.00,[]
LOC-OUT-0001012,QUOTE-LOC-OUT-0001012,COMPLETED,REF-LOC-OUT-0001012,ACC-R3101-001,OUTWARD,R3101,2026-01-13 11:42:00,RET-BEN-000102,770200000001,223.00,223.00,UTILITY_PAYMENT,Utility Bill Payment,FTS,AE070330000220000000102,0.00,[]
LOC-OUT-0001014,QUOTE-LOC-OUT-0001014,COMPLETED,REF-LOC-OUT-0001014,ACC-R3101-001,OUTWARD,R3101,2026-02-16 11:42:00,RET-BEN-000102,770200000001,234.00,234.00,UTILITY_PAYMENT,Utility Bill Payment,FTS,AE070330000220000000102,0.00,[]
LOC-OUT-0001016,QUOTE-LOC-OUT-0001016,COMPLETED,REF-LOC-OUT-0001016,ACC-R3101-001,OUTWARD,R3101,2026-03-19 11:42:00,RET-BEN-000102,770200000001,245.00,245.00,UTILITY_PAYMENT,Utility Bill Payment,FTS,AE070330000220000000102,0.00,[]
LOC-OUT-0001018,QUOTE-LOC-OUT-0001018,COMPLETED,REF-LOC-OUT-0001018,ACC-R3101-001,OUTWARD,R3101,2026-04-22 11:42:00,RET-BEN-000102,770200000001,256.00,256.00,UTILITY_PAYMENT,Utility Bill Payment,FTS,AE070330000220000000102,0.00,[]
LOC-OUT-0001020,QUOTE-LOC-OUT-0001020,COMPLETED,REF-LOC-OUT-0001020,ACC-R3101-001,OUTWARD,R3101,2026-05-03 11:42:00,RET-BEN-000102,770200000001,267.00,267.00,UTILITY_PAYMENT,Utility Bill Payment,FTS,AE070330000220000000102,0.00,[]
LOC-OUT-0001022,QUOTE-LOC-OUT-0001022,COMPLETED,REF-LOC-OUT-0001022,ACC-R3102-001,OUTWARD,R3102,2026-01-20 12:43:00,RET-BEN-000103,770200000001,240.00,240.00,UTILITY_PAYMENT,Utility Bill Payment,FTS,AE070330000220000000103,0.00,[]
LOC-OUT-0001024,QUOTE-LOC-OUT-0001024,COMPLETED,REF-LOC-OUT-0001024,ACC-R3102-001,OUTWARD,R3102,2026-02-23 12:43:00,RET-BEN-000103,770200000001,251.00,251.00,UTILITY_PAYMENT,Utility Bill Payment,FTS,AE070330000220000000103,0.00,[]
LOC-OUT-0001026,QUOTE-LOC-OUT-0001026,COMPLETED,REF-LOC-OUT-0001026,ACC-R3102-001,OUTWARD,R3102,2026-03-04 12:43:00,RET-BEN-000103,770200000001,262.00,262.00,UTILITY_PAYMENT,Utility Bill Payment,FTS,AE070330000220000000103,0.00,[]
LOC-OUT-0001028,QUOTE-LOC-OUT-0001028,COMPLETED,REF-LOC-OUT-0001028,ACC-R3102-001,OUTWARD,R3102,2026-04-07 12:43:00,RET-BEN-000103,770200000001,273.00,273.00,UTILITY_PAYMENT,Utility Bill Payment,FTS,AE070330000220000000103,0.00,[]
LOC-OUT-0001030,QUOTE-LOC-OUT-0001030,COMPLETED,REF-LOC-OUT-0001030,ACC-R3102-001,OUTWARD,R3102,2026-05-10 12:43:00,RET-BEN-000103,770200000001,284.00,284.00,UTILITY_PAYMENT,Utility Bill Payment,FTS,AE070330000220000000103,0.00,[]
LOC-OUT-0001032,QUOTE-LOC-OUT-0001032,COMPLETED,REF-LOC-OUT-0001032,ACC-R3103-001,OUTWARD,R3103,2026-01-05 13:44:00,RET-BEN-000104,770200000001,257.00,257.00,UTILITY_PAYMENT,Utility Bill Payment,FTS,AE070330000220000000104,0.00,[]
LOC-OUT-0001034,QUOTE-LOC-OUT-0001034,COMPLETED,REF-LOC-OUT-0001034,ACC-R3103-001,OUTWARD,R3103,2026-02-08 13:44:00,RET-BEN-000104,770200000001,268.00,268.00,UTILITY_PAYMENT,Utility Bill Payment,FTS,AE070330000220000000104,0.00,[]
LOC-OUT-0001036,QUOTE-LOC-OUT-0001036,COMPLETED,REF-LOC-OUT-0001036,ACC-R3103-001,OUTWARD,R3103,2026-03-11 13:44:00,RET-BEN-000104,770200000001,279.00,279.00,UTILITY_PAYMENT,Utility Bill Payment,FTS,AE070330000220000000104,0.00,[]
LOC-OUT-0001038,QUOTE-LOC-OUT-0001038,COMPLETED,REF-LOC-OUT-0001038,ACC-R3103-001,OUTWARD,R3103,2026-04-14 13:44:00,RET-BEN-000104,770200000001,290.00,290.00,UTILITY_PAYMENT,Utility Bill Payment,FTS,AE070330000220000000104,0.00,[]
LOC-OUT-0001040,QUOTE-LOC-OUT-0001040,COMPLETED,REF-LOC-OUT-0001040,ACC-R3103-001,OUTWARD,R3103,2026-05-17 13:44:00,RET-BEN-000104,770200000001,301.00,301.00,UTILITY_PAYMENT,Utility Bill Payment,FTS,AE070330000220000000104,0.00,[]
LOC-OUT-0001042,QUOTE-LOC-OUT-0001042,COMPLETED,REF-LOC-OUT-0001042,ACC-R3104-001,OUTWARD,R3104,2026-01-12 14:45:00,RET-BEN-000105,770200000001,274.00,274.00,UTILITY_PAYMENT,Utility Bill Payment,FTS,AE070330000220000000105,0.00,[]
LOC-OUT-0001044,QUOTE-LOC-OUT-0001044,COMPLETED,REF-LOC-OUT-0001044,ACC-R3104-001,OUTWARD,R3104,2026-02-15 14:45:00,RET-BEN-000105,770200000001,285.00,285.00,UTILITY_PAYMENT,Utility Bill Payment,FTS,AE070330000220000000105,0.00,[]
LOC-OUT-0001046,QUOTE-LOC-OUT-0001046,COMPLETED,REF-LOC-OUT-0001046,ACC-R3104-001,OUTWARD,R3104,2026-03-18 14:45:00,RET-BEN-000105,770200000001,296.00,296.00,UTILITY_PAYMENT,Utility Bill Payment,FTS,AE070330000220000000105,0.00,[]
LOC-OUT-0001048,QUOTE-LOC-OUT-0001048,COMPLETED,REF-LOC-OUT-0001048,ACC-R3104-001,OUTWARD,R3104,2026-04-21 14:45:00,RET-BEN-000105,770200000001,307.00,307.00,UTILITY_PAYMENT,Utility Bill Payment,FTS,AE070330000220000000105,0.00,[]
LOC-OUT-0001050,QUOTE-LOC-OUT-0001050,COMPLETED,REF-LOC-OUT-0001050,ACC-R3104-001,OUTWARD,R3104,2026-05-24 14:45:00,RET-BEN-000105,770200000001,318.00,318.00,UTILITY_PAYMENT,Utility Bill Payment,FTS,AE070330000220000000105,0.00,[]
LOC-OUT-0001052,QUOTE-LOC-OUT-0001052,COMPLETED,REF-LOC-OUT-0001052,ACC-R3105-001,OUTWARD,R3105,2026-01-19 15:46:00,RET-BEN-000106,770200000001,291.00,291.00,UTILITY_PAYMENT,Utility Bill Payment,FTS,AE070330000220000000106,0.00,[]
LOC-OUT-0001054,QUOTE-LOC-OUT-0001054,COMPLETED,REF-LOC-OUT-0001054,ACC-R3105-001,OUTWARD,R3105,2026-02-22 15:46:00,RET-BEN-000106,770200000001,302.00,302.00,UTILITY_PAYMENT,Utility Bill Payment,FTS,AE070330000220000000106,0.00,[]
LOC-OUT-0001056,QUOTE-LOC-OUT-0001056,COMPLETED,REF-LOC-OUT-0001056,ACC-R3105-001,OUTWARD,R3105,2026-03-03 15:46:00,RET-BEN-000106,770200000001,313.00,313.00,UTILITY_PAYMENT,Utility Bill Payment,FTS,AE070330000220000000106,0.00,[]
LOC-OUT-0001058,QUOTE-LOC-OUT-0001058,COMPLETED,REF-LOC-OUT-0001058,ACC-R3105-001,OUTWARD,R3105,2026-04-06 15:46:00,RET-BEN-000106,770200000001,324.00,324.00,UTILITY_PAYMENT,Utility Bill Payment,FTS,AE070330000220000000106,0.00,[]
LOC-OUT-0001060,QUOTE-LOC-OUT-0001060,COMPLETED,REF-LOC-OUT-0001060,ACC-R3105-001,OUTWARD,R3105,2026-05-09 15:46:00,RET-BEN-000106,770200000001,335.00,335.00,UTILITY_PAYMENT,Utility Bill Payment,FTS,AE070330000220000000106,0.00,[]
LOC-OUT-0001062,QUOTE-LOC-OUT-0001062,COMPLETED,REF-LOC-OUT-0001062,ACC-R3106-001,OUTWARD,R3106,2026-01-04 16:47:00,RET-BEN-000107,770200000001,308.00,308.00,UTILITY_PAYMENT,Utility Bill Payment,FTS,AE070330000220000000107,0.00,[]
LOC-OUT-0001064,QUOTE-LOC-OUT-0001064,COMPLETED,REF-LOC-OUT-0001064,ACC-R3106-001,OUTWARD,R3106,2026-02-07 16:47:00,RET-BEN-000107,770200000001,319.00,319.00,UTILITY_PAYMENT,Utility Bill Payment,FTS,AE070330000220000000107,0.00,[]
LOC-OUT-0001066,QUOTE-LOC-OUT-0001066,COMPLETED,REF-LOC-OUT-0001066,ACC-R3106-001,OUTWARD,R3106,2026-03-10 16:47:00,RET-BEN-000107,770200000001,330.00,330.00,UTILITY_PAYMENT,Utility Bill Payment,FTS,AE070330000220000000107,0.00,[]
LOC-OUT-0001068,QUOTE-LOC-OUT-0001068,COMPLETED,REF-LOC-OUT-0001068,ACC-R3106-001,OUTWARD,R3106,2026-04-13 16:47:00,RET-BEN-000107,770200000001,341.00,341.00,UTILITY_PAYMENT,Utility Bill Payment,FTS,AE070330000220000000107,0.00,[]
LOC-OUT-0001070,QUOTE-LOC-OUT-0001070,COMPLETED,REF-LOC-OUT-0001070,ACC-R3106-001,OUTWARD,R3106,2026-05-16 16:47:00,RET-BEN-000107,770200000001,86.00,86.00,UTILITY_PAYMENT,Utility Bill Payment,FTS,AE070330000220000000107,0.00,[]
LOC-OUT-0001072,QUOTE-LOC-OUT-0001072,COMPLETED,REF-LOC-OUT-0001072,ACC-R3107-001,OUTWARD,R3107,2026-01-11 17:48:00,RET-BEN-000108,770200000001,325.00,325.00,UTILITY_PAYMENT,Utility Bill Payment,FTS,AE070330000220000000108,0.00,[]
LOC-OUT-0001074,QUOTE-LOC-OUT-0001074,COMPLETED,REF-LOC-OUT-0001074,ACC-R3107-001,OUTWARD,R3107,2026-02-14 17:48:00,RET-BEN-000108,770200000001,336.00,336.00,UTILITY_PAYMENT,Utility Bill Payment,FTS,AE070330000220000000108,0.00,[]
LOC-OUT-0001076,QUOTE-LOC-OUT-0001076,COMPLETED,REF-LOC-OUT-0001076,ACC-R3107-001,OUTWARD,R3107,2026-03-17 17:48:00,RET-BEN-000108,770200000001,347.00,347.00,UTILITY_PAYMENT,Utility Bill Payment,FTS,AE070330000220000000108,0.00,[]
LOC-OUT-0001078,QUOTE-LOC-OUT-0001078,COMPLETED,REF-LOC-OUT-0001078,ACC-R3107-001,OUTWARD,R3107,2026-04-20 17:48:00,RET-BEN-000108,770200000001,92.00,92.00,UTILITY_PAYMENT,Utility Bill Payment,FTS,AE070330000220000000108,0.00,[]
LOC-OUT-0001080,QUOTE-LOC-OUT-0001080,COMPLETED,REF-LOC-OUT-0001080,ACC-R3107-001,OUTWARD,R3107,2026-05-23 17:48:00,RET-BEN-000108,770200000001,103.00,103.00,UTILITY_PAYMENT,Utility Bill Payment,FTS,AE070330000220000000108,0.00,[]
LOC-OUT-0001082,QUOTE-LOC-OUT-0001082,COMPLETED,REF-LOC-OUT-0001082,ACC-R3108-001,OUTWARD,R3108,2026-01-18 18:49:00,RET-BEN-000109,770200000001,342.00,342.00,UTILITY_PAYMENT,Utility Bill Payment,FTS,AE070330000220000000109,0.00,[]
LOC-OUT-0001084,QUOTE-LOC-OUT-0001084,COMPLETED,REF-LOC-OUT-0001084,ACC-R3108-001,OUTWARD,R3108,2026-02-21 18:49:00,RET-BEN-000109,770200000001,87.00,87.00,UTILITY_PAYMENT,Utility Bill Payment,FTS,AE070330000220000000109,0.00,[]
LOC-OUT-0001086,QUOTE-LOC-OUT-0001086,COMPLETED,REF-LOC-OUT-0001086,ACC-R3108-001,OUTWARD,R3108,2026-03-24 18:49:00,RET-BEN-000109,770200000001,98.00,98.00,UTILITY_PAYMENT,Utility Bill Payment,FTS,AE070330000220000000109,0.00,[]
LOC-OUT-0001088,QUOTE-LOC-OUT-0001088,COMPLETED,REF-LOC-OUT-0001088,ACC-R3108-001,OUTWARD,R3108,2026-04-05 18:49:00,RET-BEN-000109,770200000001,109.00,109.00,UTILITY_PAYMENT,Utility Bill Payment,FTS,AE070330000220000000109,0.00,[]
LOC-OUT-0001090,QUOTE-LOC-OUT-0001090,COMPLETED,REF-LOC-OUT-0001090,ACC-R3108-001,OUTWARD,R3108,2026-05-08 18:49:00,RET-BEN-000109,770200000001,120.00,120.00,UTILITY_PAYMENT,Utility Bill Payment,FTS,AE070330000220000000109,0.00,[]
LOC-OUT-0001092,QUOTE-LOC-OUT-0001092,COMPLETED,REF-LOC-OUT-0001092,ACC-R3109-001,OUTWARD,R3109,2026-01-03 08:50:00,RET-BEN-000110,770200000001,93.00,93.00,UTILITY_PAYMENT,Utility Bill Payment,FTS,AE070330000220000000110,0.00,[]
LOC-OUT-0001094,QUOTE-LOC-OUT-0001094,COMPLETED,REF-LOC-OUT-0001094,ACC-R3109-001,OUTWARD,R3109,2026-02-06 08:50:00,RET-BEN-000110,770200000001,104.00,104.00,UTILITY_PAYMENT,Utility Bill Payment,FTS,AE070330000220000000110,0.00,[]
LOC-OUT-0001096,QUOTE-LOC-OUT-0001096,COMPLETED,REF-LOC-OUT-0001096,ACC-R3109-001,OUTWARD,R3109,2026-03-09 08:50:00,RET-BEN-000110,770200000001,115.00,115.00,UTILITY_PAYMENT,Utility Bill Payment,FTS,AE070330000220000000110,0.00,[]
LOC-OUT-0001098,QUOTE-LOC-OUT-0001098,COMPLETED,REF-LOC-OUT-0001098,ACC-R3109-001,OUTWARD,R3109,2026-04-12 08:50:00,RET-BEN-000110,770200000001,126.00,126.00,UTILITY_PAYMENT,Utility Bill Payment,FTS,AE070330000220000000110,0.00,[]
LOC-OUT-0001100,QUOTE-LOC-OUT-0001100,COMPLETED,REF-LOC-OUT-0001100,ACC-R3109-001,OUTWARD,R3109,2026-05-15 08:50:00,RET-BEN-000110,770200000001,137.00,137.00,UTILITY_PAYMENT,Utility Bill Payment,FTS,AE070330000220000000110,0.00,[]
LOC-OUT-0001102,QUOTE-LOC-OUT-0001102,COMPLETED,REF-LOC-OUT-0001102,ACC-R3110-001,OUTWARD,R3110,2026-01-10 09:51:00,RET-BEN-000111,770200000001,110.00,110.00,UTILITY_PAYMENT,Utility Bill Payment,FTS,AE070330000220000000111,0.00,[]
LOC-OUT-0001104,QUOTE-LOC-OUT-0001104,COMPLETED,REF-LOC-OUT-0001104,ACC-R3110-001,OUTWARD,R3110,2026-02-13 09:51:00,RET-BEN-000111,770200000001,121.00,121.00,UTILITY_PAYMENT,Utility Bill Payment,FTS,AE070330000220000000111,0.00,[]
LOC-OUT-0001106,QUOTE-LOC-OUT-0001106,COMPLETED,REF-LOC-OUT-0001106,ACC-R3110-001,OUTWARD,R3110,2026-03-16 09:51:00,RET-BEN-000111,770200000001,132.00,132.00,UTILITY_PAYMENT,Utility Bill Payment,FTS,AE070330000220000000111,0.00,[]
LOC-OUT-0001108,QUOTE-LOC-OUT-0001108,COMPLETED,REF-LOC-OUT-0001108,ACC-R3110-001,OUTWARD,R3110,2026-04-19 09:51:00,RET-BEN-000111,770200000001,143.00,143.00,UTILITY_PAYMENT,Utility Bill Payment,FTS,AE070330000220000000111,0.00,[]
LOC-OUT-0001110,QUOTE-LOC-OUT-0001110,COMPLETED,REF-LOC-OUT-0001110,ACC-R3110-001,OUTWARD,R3110,2026-05-22 09:51:00,RET-BEN-000111,770200000001,154.00,154.00,UTILITY_PAYMENT,Utility Bill Payment,FTS,AE070330000220000000111,0.00,[]
LOC-OUT-0001112,QUOTE-LOC-OUT-0001112,COMPLETED,REF-LOC-OUT-0001112,ACC-R3111-001,OUTWARD,R3111,2026-01-17 10:52:00,RET-BEN-000112,770200000001,127.00,127.00,UTILITY_PAYMENT,Utility Bill Payment,FTS,AE070330000220000000112,0.00,[]
LOC-OUT-0001114,QUOTE-LOC-OUT-0001114,COMPLETED,REF-LOC-OUT-0001114,ACC-R3111-001,OUTWARD,R3111,2026-02-20 10:52:00,RET-BEN-000112,770200000001,138.00,138.00,UTILITY_PAYMENT,Utility Bill Payment,FTS,AE070330000220000000112,0.00,[]
LOC-OUT-0001116,QUOTE-LOC-OUT-0001116,COMPLETED,REF-LOC-OUT-0001116,ACC-R3111-001,OUTWARD,R3111,2026-03-23 10:52:00,RET-BEN-000112,770200000001,149.00,149.00,UTILITY_PAYMENT,Utility Bill Payment,FTS,AE070330000220000000112,0.00,[]
LOC-OUT-0001118,QUOTE-LOC-OUT-0001118,COMPLETED,REF-LOC-OUT-0001118,ACC-R3111-001,OUTWARD,R3111,2026-04-04 10:52:00,RET-BEN-000112,770200000001,160.00,160.00,UTILITY_PAYMENT,Utility Bill Payment,FTS,AE070330000220000000112,0.00,[]
LOC-OUT-0001120,QUOTE-LOC-OUT-0001120,COMPLETED,REF-LOC-OUT-0001120,ACC-R3111-001,OUTWARD,R3111,2026-05-07 10:52:00,RET-BEN-000112,770200000001,171.00,171.00,UTILITY_PAYMENT,Utility Bill Payment,FTS,AE070330000220000000112,0.00,[]
LOC-OUT-0001122,QUOTE-LOC-OUT-0001122,COMPLETED,REF-LOC-OUT-0001122,ACC-R3112-001,OUTWARD,R3112,2026-01-24 11:53:00,RET-BEN-000113,770200000001,144.00,144.00,UTILITY_PAYMENT,Utility Bill Payment,FTS,AE070330000220000000113,0.00,[]
LOC-OUT-0001124,QUOTE-LOC-OUT-0001124,COMPLETED,REF-LOC-OUT-0001124,ACC-R3112-001,OUTWARD,R3112,2026-02-05 11:53:00,RET-BEN-000113,770200000001,155.00,155.00,UTILITY_PAYMENT,Utility Bill Payment,FTS,AE070330000220000000113,0.00,[]
LOC-OUT-0001126,QUOTE-LOC-OUT-0001126,COMPLETED,REF-LOC-OUT-0001126,ACC-R3112-001,OUTWARD,R3112,2026-03-08 11:53:00,RET-BEN-000113,770200000001,166.00,166.00,UTILITY_PAYMENT,Utility Bill Payment,FTS,AE070330000220000000113,0.00,[]
LOC-OUT-0001128,QUOTE-LOC-OUT-0001128,COMPLETED,REF-LOC-OUT-0001128,ACC-R3112-001,OUTWARD,R3112,2026-04-11 11:53:00,RET-BEN-000113,770200000001,177.00,177.00,UTILITY_PAYMENT,Utility Bill Payment,FTS,AE070330000220000000113,0.00,[]
LOC-OUT-0001130,QUOTE-LOC-OUT-0001130,COMPLETED,REF-LOC-OUT-0001130,ACC-R3112-001,OUTWARD,R3112,2026-05-14 11:53:00,RET-BEN-000113,770200000001,188.00,188.00,UTILITY_PAYMENT,Utility Bill Payment,FTS,AE070330000220000000113,0.00,[]
LOC-OUT-0001132,QUOTE-LOC-OUT-0001132,COMPLETED,REF-LOC-OUT-0001132,ACC-R3113-001,OUTWARD,R3113,2026-01-09 12:54:00,RET-BEN-000114,770200000001,161.00,161.00,UTILITY_PAYMENT,Utility Bill Payment,FTS,AE070330000220000000114,0.00,[]
LOC-OUT-0001134,QUOTE-LOC-OUT-0001134,COMPLETED,REF-LOC-OUT-0001134,ACC-R3113-001,OUTWARD,R3113,2026-02-12 12:54:00,RET-BEN-000114,770200000001,172.00,172.00,UTILITY_PAYMENT,Utility Bill Payment,FTS,AE070330000220000000114,0.00,[]
LOC-OUT-0001136,QUOTE-LOC-OUT-0001136,COMPLETED,REF-LOC-OUT-0001136,ACC-R3113-001,OUTWARD,R3113,2026-03-15 12:54:00,RET-BEN-000114,770200000001,183.00,183.00,UTILITY_PAYMENT,Utility Bill Payment,FTS,AE070330000220000000114,0.00,[]
LOC-OUT-0001138,QUOTE-LOC-OUT-0001138,COMPLETED,REF-LOC-OUT-0001138,ACC-R3113-001,OUTWARD,R3113,2026-04-18 12:54:00,RET-BEN-000114,770200000001,194.00,194.00,UTILITY_PAYMENT,Utility Bill Payment,FTS,AE070330000220000000114,0.00,[]
LOC-OUT-0001140,QUOTE-LOC-OUT-0001140,COMPLETED,REF-LOC-OUT-0001140,ACC-R3113-001,OUTWARD,R3113,2026-05-21 12:54:00,RET-BEN-000114,770200000001,205.00,205.00,UTILITY_PAYMENT,Utility Bill Payment,FTS,AE070330000220000000114,0.00,[]
LOC-OUT-0001142,QUOTE-LOC-OUT-0001142,COMPLETED,REF-LOC-OUT-0001142,ACC-R3114-001,OUTWARD,R3114,2026-01-16 13:55:00,RET-BEN-000115,770200000001,178.00,178.00,UTILITY_PAYMENT,Utility Bill Payment,FTS,AE070330000220000000115,0.00,[]
LOC-OUT-0001144,QUOTE-LOC-OUT-0001144,COMPLETED,REF-LOC-OUT-0001144,ACC-R3114-001,OUTWARD,R3114,2026-02-19 13:55:00,RET-BEN-000115,770200000001,189.00,189.00,UTILITY_PAYMENT,Utility Bill Payment,FTS,AE070330000220000000115,0.00,[]
LOC-OUT-0001146,QUOTE-LOC-OUT-0001146,COMPLETED,REF-LOC-OUT-0001146,ACC-R3114-001,OUTWARD,R3114,2026-03-22 13:55:00,RET-BEN-000115,770200000001,200.00,200.00,UTILITY_PAYMENT,Utility Bill Payment,FTS,AE070330000220000000115,0.00,[]
LOC-OUT-0001148,QUOTE-LOC-OUT-0001148,COMPLETED,REF-LOC-OUT-0001148,ACC-R3114-001,OUTWARD,R3114,2026-04-03 13:55:00,RET-BEN-000115,770200000001,211.00,211.00,UTILITY_PAYMENT,Utility Bill Payment,FTS,AE070330000220000000115,0.00,[]
LOC-OUT-0001150,QUOTE-LOC-OUT-0001150,COMPLETED,REF-LOC-OUT-0001150,ACC-R3114-001,OUTWARD,R3114,2026-05-06 13:55:00,RET-BEN-000115,770200000001,222.00,222.00,UTILITY_PAYMENT,Utility Bill Payment,FTS,AE070330000220000000115,0.00,[]
LOC-OUT-0001152,QUOTE-LOC-OUT-0001152,COMPLETED,REF-LOC-OUT-0001152,ACC-R3115-001,OUTWARD,R3115,2026-01-23 14:56:00,RET-BEN-000116,770200000001,195.00,195.00,UTILITY_PAYMENT,Utility Bill Payment,FTS,AE070330000220000000116,0.00,[]
LOC-OUT-0001154,QUOTE-LOC-OUT-0001154,COMPLETED,REF-LOC-OUT-0001154,ACC-R3115-001,OUTWARD,R3115,2026-02-04 14:56:00,RET-BEN-000116,770200000001,206.00,206.00,UTILITY_PAYMENT,Utility Bill Payment,FTS,AE070330000220000000116,0.00,[]
LOC-OUT-0001156,QUOTE-LOC-OUT-0001156,COMPLETED,REF-LOC-OUT-0001156,ACC-R3115-001,OUTWARD,R3115,2026-03-07 14:56:00,RET-BEN-000116,770200000001,217.00,217.00,UTILITY_PAYMENT,Utility Bill Payment,FTS,AE070330000220000000116,0.00,[]
LOC-OUT-0001158,QUOTE-LOC-OUT-0001158,COMPLETED,REF-LOC-OUT-0001158,ACC-R3115-001,OUTWARD,R3115,2026-04-10 14:56:00,RET-BEN-000116,770200000001,228.00,228.00,UTILITY_PAYMENT,Utility Bill Payment,FTS,AE070330000220000000116,0.00,[]
LOC-OUT-0001160,QUOTE-LOC-OUT-0001160,COMPLETED,REF-LOC-OUT-0001160,ACC-R3115-001,OUTWARD,R3115,2026-05-13 14:56:00,RET-BEN-000116,770200000001,239.00,239.00,UTILITY_PAYMENT,Utility Bill Payment,FTS,AE070330000220000000116,0.00,[]
LOC-OUT-0001162,QUOTE-LOC-OUT-0001162,COMPLETED,REF-LOC-OUT-0001162,ACC-R3116-001,OUTWARD,R3116,2026-01-08 15:57:00,RET-BEN-000117,770200000001,212.00,212.00,UTILITY_PAYMENT,Utility Bill Payment,FTS,AE070330000220000000117,0.00,[]
LOC-OUT-0001164,QUOTE-LOC-OUT-0001164,COMPLETED,REF-LOC-OUT-0001164,ACC-R3116-001,OUTWARD,R3116,2026-02-11 15:57:00,RET-BEN-000117,770200000001,223.00,223.00,UTILITY_PAYMENT,Utility Bill Payment,FTS,AE070330000220000000117,0.00,[]
LOC-OUT-0001166,QUOTE-LOC-OUT-0001166,COMPLETED,REF-LOC-OUT-0001166,ACC-R3116-001,OUTWARD,R3116,2026-03-14 15:57:00,RET-BEN-000117,770200000001,234.00,234.00,UTILITY_PAYMENT,Utility Bill Payment,FTS,AE070330000220000000117,0.00,[]
LOC-OUT-0001168,QUOTE-LOC-OUT-0001168,COMPLETED,REF-LOC-OUT-0001168,ACC-R3116-001,OUTWARD,R3116,2026-04-17 15:57:00,RET-BEN-000117,770200000001,245.00,245.00,UTILITY_PAYMENT,Utility Bill Payment,FTS,AE070330000220000000117,0.00,[]
LOC-OUT-0001170,QUOTE-LOC-OUT-0001170,COMPLETED,REF-LOC-OUT-0001170,ACC-R3116-001,OUTWARD,R3116,2026-05-20 15:57:00,RET-BEN-000117,770200000001,256.00,256.00,UTILITY_PAYMENT,Utility Bill Payment,FTS,AE070330000220000000117,0.00,[]
LOC-OUT-0001172,QUOTE-LOC-OUT-0001172,COMPLETED,REF-LOC-OUT-0001172,ACC-R3117-001,OUTWARD,R3117,2026-01-15 16:58:00,RET-BEN-000118,770200000001,229.00,229.00,UTILITY_PAYMENT,Utility Bill Payment,FTS,AE070330000220000000118,0.00,[]
LOC-OUT-0001174,QUOTE-LOC-OUT-0001174,COMPLETED,REF-LOC-OUT-0001174,ACC-R3117-001,OUTWARD,R3117,2026-02-18 16:58:00,RET-BEN-000118,770200000001,240.00,240.00,UTILITY_PAYMENT,Utility Bill Payment,FTS,AE070330000220000000118,0.00,[]
LOC-OUT-0001176,QUOTE-LOC-OUT-0001176,COMPLETED,REF-LOC-OUT-0001176,ACC-R3117-001,OUTWARD,R3117,2026-03-21 16:58:00,RET-BEN-000118,770200000001,251.00,251.00,UTILITY_PAYMENT,Utility Bill Payment,FTS,AE070330000220000000118,0.00,[]
LOC-OUT-0001178,QUOTE-LOC-OUT-0001178,COMPLETED,REF-LOC-OUT-0001178,ACC-R3117-001,OUTWARD,R3117,2026-04-24 16:58:00,RET-BEN-000118,770200000001,262.00,262.00,UTILITY_PAYMENT,Utility Bill Payment,FTS,AE070330000220000000118,0.00,[]
LOC-OUT-0001180,QUOTE-LOC-OUT-0001180,COMPLETED,REF-LOC-OUT-0001180,ACC-R3117-001,OUTWARD,R3117,2026-05-05 16:58:00,RET-BEN-000118,770200000001,273.00,273.00,UTILITY_PAYMENT,Utility Bill Payment,FTS,AE070330000220000000118,0.00,[]
LOC-OUT-0001182,QUOTE-LOC-OUT-0001182,COMPLETED,REF-LOC-OUT-0001182,ACC-R3118-001,OUTWARD,R3118,2026-01-22 17:59:00,RET-BEN-000119,770200000001,246.00,246.00,UTILITY_PAYMENT,Utility Bill Payment,FTS,AE070330000220000000119,0.00,[]
LOC-OUT-0001184,QUOTE-LOC-OUT-0001184,COMPLETED,REF-LOC-OUT-0001184,ACC-R3118-001,OUTWARD,R3118,2026-02-03 17:59:00,RET-BEN-000119,770200000001,257.00,257.00,UTILITY_PAYMENT,Utility Bill Payment,FTS,AE070330000220000000119,0.00,[]
LOC-OUT-0001186,QUOTE-LOC-OUT-0001186,COMPLETED,REF-LOC-OUT-0001186,ACC-R3118-001,OUTWARD,R3118,2026-03-06 17:59:00,RET-BEN-000119,770200000001,268.00,268.00,UTILITY_PAYMENT,Utility Bill Payment,FTS,AE070330000220000000119,0.00,[]
LOC-OUT-0001188,QUOTE-LOC-OUT-0001188,COMPLETED,REF-LOC-OUT-0001188,ACC-R3118-001,OUTWARD,R3118,2026-04-09 17:59:00,RET-BEN-000119,770200000001,279.00,279.00,UTILITY_PAYMENT,Utility Bill Payment,FTS,AE070330000220000000119,0.00,[]
LOC-OUT-0001190,QUOTE-LOC-OUT-0001190,COMPLETED,REF-LOC-OUT-0001190,ACC-R3118-001,OUTWARD,R3118,2026-05-12 17:59:00,RET-BEN-000119,770200000001,290.00,290.00,UTILITY_PAYMENT,Utility Bill Payment,FTS,AE070330000220000000119,0.00,[]
LOC-OUT-0001192,QUOTE-LOC-OUT-0001192,COMPLETED,REF-LOC-OUT-0001192,ACC-R3119-001,OUTWARD,R3119,2026-01-07 18:00:00,RET-BEN-000120,770200000001,263.00,263.00,UTILITY_PAYMENT,Utility Bill Payment,FTS,AE070330000220000000120,0.00,[]
LOC-OUT-0001194,QUOTE-LOC-OUT-0001194,COMPLETED,REF-LOC-OUT-0001194,ACC-R3119-001,OUTWARD,R3119,2026-02-10 18:00:00,RET-BEN-000120,770200000001,274.00,274.00,UTILITY_PAYMENT,Utility Bill Payment,FTS,AE070330000220000000120,0.00,[]
LOC-OUT-0001196,QUOTE-LOC-OUT-0001196,COMPLETED,REF-LOC-OUT-0001196,ACC-R3119-001,OUTWARD,R3119,2026-03-13 18:00:00,RET-BEN-000120,770200000001,285.00,285.00,UTILITY_PAYMENT,Utility Bill Payment,FTS,AE070330000220000000120,0.00,[]
LOC-OUT-0001198,QUOTE-LOC-OUT-0001198,COMPLETED,REF-LOC-OUT-0001198,ACC-R3119-001,OUTWARD,R3119,2026-04-16 18:00:00,RET-BEN-000120,770200000001,296.00,296.00,UTILITY_PAYMENT,Utility Bill Payment,FTS,AE070330000220000000120,0.00,[]
LOC-OUT-0001200,QUOTE-LOC-OUT-0001200,COMPLETED,REF-LOC-OUT-0001200,ACC-R3119-001,OUTWARD,R3119,2026-05-19 18:00:00,RET-BEN-000120,770200000001,307.00,307.00,UTILITY_PAYMENT,Utility Bill Payment,FTS,AE070330000220000000120,0.00,[]
LOC-OUT-0001202,QUOTE-LOC-OUT-0001202,COMPLETED,REF-LOC-OUT-0001202,ACC-R3120-001,OUTWARD,R3120,2026-01-14 08:01:00,RET-BEN-000121,770200000001,280.00,280.00,UTILITY_PAYMENT,Utility Bill Payment,FTS,AE070330000220000000121,0.00,[]
LOC-OUT-0001204,QUOTE-LOC-OUT-0001204,COMPLETED,REF-LOC-OUT-0001204,ACC-R3120-001,OUTWARD,R3120,2026-02-17 08:01:00,RET-BEN-000121,770200000001,291.00,291.00,UTILITY_PAYMENT,Utility Bill Payment,FTS,AE070330000220000000121,0.00,[]
LOC-OUT-0001206,QUOTE-LOC-OUT-0001206,COMPLETED,REF-LOC-OUT-0001206,ACC-R3120-001,OUTWARD,R3120,2026-03-20 08:01:00,RET-BEN-000121,770200000001,302.00,302.00,UTILITY_PAYMENT,Utility Bill Payment,FTS,AE070330000220000000121,0.00,[]
LOC-OUT-0001208,QUOTE-LOC-OUT-0001208,COMPLETED,REF-LOC-OUT-0001208,ACC-R3120-001,OUTWARD,R3120,2026-04-23 08:01:00,RET-BEN-000121,770200000001,313.00,313.00,UTILITY_PAYMENT,Utility Bill Payment,FTS,AE070330000220000000121,0.00,[]
LOC-OUT-0001210,QUOTE-LOC-OUT-0001210,COMPLETED,REF-LOC-OUT-0001210,ACC-R3120-001,OUTWARD,R3120,2026-05-04 08:01:00,RET-BEN-000121,770200000001,324.00,324.00,UTILITY_PAYMENT,Utility Bill Payment,FTS,AE070330000220000000121,0.00,[]
LOC-OUT-0001212,QUOTE-LOC-OUT-0001212,COMPLETED,REF-LOC-OUT-0001212,ACC-R3121-001,OUTWARD,R3121,2026-01-21 09:02:00,RET-BEN-000122,770200000001,297.00,297.00,UTILITY_PAYMENT,Utility Bill Payment,FTS,AE070330000220000000122,0.00,[]
LOC-OUT-0001214,QUOTE-LOC-OUT-0001214,COMPLETED,REF-LOC-OUT-0001214,ACC-R3121-001,OUTWARD,R3121,2026-02-24 09:02:00,RET-BEN-000122,770200000001,308.00,308.00,UTILITY_PAYMENT,Utility Bill Payment,FTS,AE070330000220000000122,0.00,[]
LOC-OUT-0001216,QUOTE-LOC-OUT-0001216,COMPLETED,REF-LOC-OUT-0001216,ACC-R3121-001,OUTWARD,R3121,2026-03-05 09:02:00,RET-BEN-000122,770200000001,319.00,319.00,UTILITY_PAYMENT,Utility Bill Payment,FTS,AE070330000220000000122,0.00,[]
LOC-OUT-0001218,QUOTE-LOC-OUT-0001218,COMPLETED,REF-LOC-OUT-0001218,ACC-R3121-001,OUTWARD,R3121,2026-04-08 09:02:00,RET-BEN-000122,770200000001,330.00,330.00,UTILITY_PAYMENT,Utility Bill Payment,FTS,AE070330000220000000122,0.00,[]
LOC-OUT-0001220,QUOTE-LOC-OUT-0001220,COMPLETED,REF-LOC-OUT-0001220,ACC-R3121-001,OUTWARD,R3121,2026-05-11 09:02:00,RET-BEN-000122,770200000001,341.00,341.00,UTILITY_PAYMENT,Utility Bill Payment,FTS,AE070330000220000000122,0.00,[]
LOC-OUT-0001222,QUOTE-LOC-OUT-0001222,COMPLETED,REF-LOC-OUT-0001222,ACC-R3122-001,OUTWARD,R3122,2026-01-06 10:03:00,RET-BEN-000123,770200000001,314.00,314.00,UTILITY_PAYMENT,Utility Bill Payment,FTS,AE070330000220000000123,0.00,[]
LOC-OUT-0001224,QUOTE-LOC-OUT-0001224,COMPLETED,REF-LOC-OUT-0001224,ACC-R3122-001,OUTWARD,R3122,2026-02-09 10:03:00,RET-BEN-000123,770200000001,325.00,325.00,UTILITY_PAYMENT,Utility Bill Payment,FTS,AE070330000220000000123,0.00,[]
LOC-OUT-0001226,QUOTE-LOC-OUT-0001226,COMPLETED,REF-LOC-OUT-0001226,ACC-R3122-001,OUTWARD,R3122,2026-03-12 10:03:00,RET-BEN-000123,770200000001,336.00,336.00,UTILITY_PAYMENT,Utility Bill Payment,FTS,AE070330000220000000123,0.00,[]
LOC-OUT-0001228,QUOTE-LOC-OUT-0001228,COMPLETED,REF-LOC-OUT-0001228,ACC-R3122-001,OUTWARD,R3122,2026-04-15 10:03:00,RET-BEN-000123,770200000001,347.00,347.00,UTILITY_PAYMENT,Utility Bill Payment,FTS,AE070330000220000000123,0.00,[]
LOC-OUT-0001230,QUOTE-LOC-OUT-0001230,COMPLETED,REF-LOC-OUT-0001230,ACC-R3122-001,OUTWARD,R3122,2026-05-18 10:03:00,RET-BEN-000123,770200000001,92.00,92.00,UTILITY_PAYMENT,Utility Bill Payment,FTS,AE070330000220000000123,0.00,[]
LOC-OUT-0001232,QUOTE-LOC-OUT-0001232,COMPLETED,REF-LOC-OUT-0001232,ACC-R3123-001,OUTWARD,R3123,2026-01-13 11:04:00,RET-BEN-000124,770200000001,331.00,331.00,UTILITY_PAYMENT,Utility Bill Payment,FTS,AE070330000220000000124,0.00,[]
LOC-OUT-0001234,QUOTE-LOC-OUT-0001234,COMPLETED,REF-LOC-OUT-0001234,ACC-R3123-001,OUTWARD,R3123,2026-02-16 11:04:00,RET-BEN-000124,770200000001,342.00,342.00,UTILITY_PAYMENT,Utility Bill Payment,FTS,AE070330000220000000124,0.00,[]
LOC-OUT-0001236,QUOTE-LOC-OUT-0001236,COMPLETED,REF-LOC-OUT-0001236,ACC-R3123-001,OUTWARD,R3123,2026-03-19 11:04:00,RET-BEN-000124,770200000001,87.00,87.00,UTILITY_PAYMENT,Utility Bill Payment,FTS,AE070330000220000000124,0.00,[]
LOC-OUT-0001238,QUOTE-LOC-OUT-0001238,COMPLETED,REF-LOC-OUT-0001238,ACC-R3123-001,OUTWARD,R3123,2026-04-22 11:04:00,RET-BEN-000124,770200000001,98.00,98.00,UTILITY_PAYMENT,Utility Bill Payment,FTS,AE070330000220000000124,0.00,[]
LOC-OUT-0001240,QUOTE-LOC-OUT-0001240,COMPLETED,REF-LOC-OUT-0001240,ACC-R3123-001,OUTWARD,R3123,2026-05-03 11:04:00,RET-BEN-000124,770200000001,109.00,109.00,UTILITY_PAYMENT,Utility Bill Payment,FTS,AE070330000220000000124,0.00,[]
LOC-OUT-0001242,QUOTE-LOC-OUT-0001242,COMPLETED,REF-LOC-OUT-0001242,ACC-R3124-001,OUTWARD,R3124,2026-01-20 12:05:00,RET-BEN-000125,770200000001,348.00,348.00,UTILITY_PAYMENT,Utility Bill Payment,FTS,AE070330000220000000125,0.00,[]
LOC-OUT-0001244,QUOTE-LOC-OUT-0001244,COMPLETED,REF-LOC-OUT-0001244,ACC-R3124-001,OUTWARD,R3124,2026-02-23 12:05:00,RET-BEN-000125,770200000001,93.00,93.00,UTILITY_PAYMENT,Utility Bill Payment,FTS,AE070330000220000000125,0.00,[]
LOC-OUT-0001246,QUOTE-LOC-OUT-0001246,COMPLETED,REF-LOC-OUT-0001246,ACC-R3124-001,OUTWARD,R3124,2026-03-04 12:05:00,RET-BEN-000125,770200000001,104.00,104.00,UTILITY_PAYMENT,Utility Bill Payment,FTS,AE070330000220000000125,0.00,[]
LOC-OUT-0001248,QUOTE-LOC-OUT-0001248,COMPLETED,REF-LOC-OUT-0001248,ACC-R3124-001,OUTWARD,R3124,2026-04-07 12:05:00,RET-BEN-000125,770200000001,115.00,115.00,UTILITY_PAYMENT,Utility Bill Payment,FTS,AE070330000220000000125,0.00,[]
LOC-OUT-0001250,QUOTE-LOC-OUT-0001250,COMPLETED,REF-LOC-OUT-0001250,ACC-R3124-001,OUTWARD,R3124,2026-05-10 12:05:00,RET-BEN-000125,770200000001,126.00,126.00,UTILITY_PAYMENT,Utility Bill Payment,FTS,AE070330000220000000125,0.00,[]
LOC-OUT-0001252,QUOTE-LOC-OUT-0001252,COMPLETED,REF-LOC-OUT-0001252,ACC-R3125-001,OUTWARD,R3125,2026-01-05 13:06:00,RET-BEN-000126,770200000001,99.00,99.00,UTILITY_PAYMENT,Utility Bill Payment,FTS,AE070330000220000000126,0.00,[]
LOC-OUT-0001254,QUOTE-LOC-OUT-0001254,COMPLETED,REF-LOC-OUT-0001254,ACC-R3125-001,OUTWARD,R3125,2026-02-08 13:06:00,RET-BEN-000126,770200000001,110.00,110.00,UTILITY_PAYMENT,Utility Bill Payment,FTS,AE070330000220000000126,0.00,[]
LOC-OUT-0001256,QUOTE-LOC-OUT-0001256,COMPLETED,REF-LOC-OUT-0001256,ACC-R3125-001,OUTWARD,R3125,2026-03-11 13:06:00,RET-BEN-000126,770200000001,121.00,121.00,UTILITY_PAYMENT,Utility Bill Payment,FTS,AE070330000220000000126,0.00,[]
LOC-OUT-0001258,QUOTE-LOC-OUT-0001258,COMPLETED,REF-LOC-OUT-0001258,ACC-R3125-001,OUTWARD,R3125,2026-04-14 13:06:00,RET-BEN-000126,770200000001,132.00,132.00,UTILITY_PAYMENT,Utility Bill Payment,FTS,AE070330000220000000126,0.00,[]
LOC-OUT-0001260,QUOTE-LOC-OUT-0001260,COMPLETED,REF-LOC-OUT-0001260,ACC-R3125-001,OUTWARD,R3125,2026-05-17 13:06:00,RET-BEN-000126,770200000001,143.00,143.00,UTILITY_PAYMENT,Utility Bill Payment,FTS,AE070330000220000000126,0.00,[]
LOC-OUT-0001262,QUOTE-LOC-OUT-0001262,COMPLETED,REF-LOC-OUT-0001262,ACC-R3126-001,OUTWARD,R3126,2026-01-12 14:07:00,RET-BEN-000127,770200000001,116.00,116.00,UTILITY_PAYMENT,Utility Bill Payment,FTS,AE070330000220000000127,0.00,[]
LOC-OUT-0001264,QUOTE-LOC-OUT-0001264,COMPLETED,REF-LOC-OUT-0001264,ACC-R3126-001,OUTWARD,R3126,2026-02-15 14:07:00,RET-BEN-000127,770200000001,127.00,127.00,UTILITY_PAYMENT,Utility Bill Payment,FTS,AE070330000220000000127,0.00,[]
LOC-OUT-0001266,QUOTE-LOC-OUT-0001266,COMPLETED,REF-LOC-OUT-0001266,ACC-R3126-001,OUTWARD,R3126,2026-03-18 14:07:00,RET-BEN-000127,770200000001,138.00,138.00,UTILITY_PAYMENT,Utility Bill Payment,FTS,AE070330000220000000127,0.00,[]
LOC-OUT-0001268,QUOTE-LOC-OUT-0001268,COMPLETED,REF-LOC-OUT-0001268,ACC-R3126-001,OUTWARD,R3126,2026-04-21 14:07:00,RET-BEN-000127,770200000001,149.00,149.00,UTILITY_PAYMENT,Utility Bill Payment,FTS,AE070330000220000000127,0.00,[]
LOC-OUT-0001270,QUOTE-LOC-OUT-0001270,COMPLETED,REF-LOC-OUT-0001270,ACC-R3126-001,OUTWARD,R3126,2026-05-24 14:07:00,RET-BEN-000127,770200000001,160.00,160.00,UTILITY_PAYMENT,Utility Bill Payment,FTS,AE070330000220000000127,0.00,[]
LOC-OUT-0001272,QUOTE-LOC-OUT-0001272,COMPLETED,REF-LOC-OUT-0001272,ACC-R3127-001,OUTWARD,R3127,2026-01-19 15:08:00,RET-BEN-000128,770200000001,133.00,133.00,UTILITY_PAYMENT,Utility Bill Payment,FTS,AE070330000220000000128,0.00,[]
LOC-OUT-0001274,QUOTE-LOC-OUT-0001274,COMPLETED,REF-LOC-OUT-0001274,ACC-R3127-001,OUTWARD,R3127,2026-02-22 15:08:00,RET-BEN-000128,770200000001,144.00,144.00,UTILITY_PAYMENT,Utility Bill Payment,FTS,AE070330000220000000128,0.00,[]
LOC-OUT-0001276,QUOTE-LOC-OUT-0001276,COMPLETED,REF-LOC-OUT-0001276,ACC-R3127-001,OUTWARD,R3127,2026-03-03 15:08:00,RET-BEN-000128,770200000001,155.00,155.00,UTILITY_PAYMENT,Utility Bill Payment,FTS,AE070330000220000000128,0.00,[]
LOC-OUT-0001278,QUOTE-LOC-OUT-0001278,COMPLETED,REF-LOC-OUT-0001278,ACC-R3127-001,OUTWARD,R3127,2026-04-06 15:08:00,RET-BEN-000128,770200000001,166.00,166.00,UTILITY_PAYMENT,Utility Bill Payment,FTS,AE070330000220000000128,0.00,[]
LOC-OUT-0001280,QUOTE-LOC-OUT-0001280,COMPLETED,REF-LOC-OUT-0001280,ACC-R3127-001,OUTWARD,R3127,2026-05-09 15:08:00,RET-BEN-000128,770200000001,177.00,177.00,UTILITY_PAYMENT,Utility Bill Payment,FTS,AE070330000220000000128,0.00,[]
LOC-OUT-0001282,QUOTE-LOC-OUT-0001282,COMPLETED,REF-LOC-OUT-0001282,ACC-R3128-001,OUTWARD,R3128,2026-01-04 16:09:00,RET-BEN-000129,770200000001,150.00,150.00,UTILITY_PAYMENT,Utility Bill Payment,FTS,AE070330000220000000129,0.00,[]
LOC-OUT-0001284,QUOTE-LOC-OUT-0001284,COMPLETED,REF-LOC-OUT-0001284,ACC-R3128-001,OUTWARD,R3128,2026-02-07 16:09:00,RET-BEN-000129,770200000001,161.00,161.00,UTILITY_PAYMENT,Utility Bill Payment,FTS,AE070330000220000000129,0.00,[]
LOC-OUT-0001286,QUOTE-LOC-OUT-0001286,COMPLETED,REF-LOC-OUT-0001286,ACC-R3128-001,OUTWARD,R3128,2026-03-10 16:09:00,RET-BEN-000129,770200000001,172.00,172.00,UTILITY_PAYMENT,Utility Bill Payment,FTS,AE070330000220000000129,0.00,[]
LOC-OUT-0001288,QUOTE-LOC-OUT-0001288,COMPLETED,REF-LOC-OUT-0001288,ACC-R3128-001,OUTWARD,R3128,2026-04-13 16:09:00,RET-BEN-000129,770200000001,183.00,183.00,UTILITY_PAYMENT,Utility Bill Payment,FTS,AE070330000220000000129,0.00,[]
LOC-OUT-0001290,QUOTE-LOC-OUT-0001290,COMPLETED,REF-LOC-OUT-0001290,ACC-R3128-001,OUTWARD,R3128,2026-05-16 16:09:00,RET-BEN-000129,770200000001,194.00,194.00,UTILITY_PAYMENT,Utility Bill Payment,FTS,AE070330000220000000129,0.00,[]
LOC-OUT-0001292,QUOTE-LOC-OUT-0001292,COMPLETED,REF-LOC-OUT-0001292,ACC-R3129-001,OUTWARD,R3129,2026-01-11 17:10:00,RET-BEN-000130,770200000001,167.00,167.00,UTILITY_PAYMENT,Utility Bill Payment,FTS,AE070330000220000000130,0.00,[]
LOC-OUT-0001294,QUOTE-LOC-OUT-0001294,COMPLETED,REF-LOC-OUT-0001294,ACC-R3129-001,OUTWARD,R3129,2026-02-14 17:10:00,RET-BEN-000130,770200000001,178.00,178.00,UTILITY_PAYMENT,Utility Bill Payment,FTS,AE070330000220000000130,0.00,[]
LOC-OUT-0001296,QUOTE-LOC-OUT-0001296,COMPLETED,REF-LOC-OUT-0001296,ACC-R3129-001,OUTWARD,R3129,2026-03-17 17:10:00,RET-BEN-000130,770200000001,189.00,189.00,UTILITY_PAYMENT,Utility Bill Payment,FTS,AE070330000220000000130,0.00,[]
LOC-OUT-0001298,QUOTE-LOC-OUT-0001298,COMPLETED,REF-LOC-OUT-0001298,ACC-R3129-001,OUTWARD,R3129,2026-04-20 17:10:00,RET-BEN-000130,770200000001,200.00,200.00,UTILITY_PAYMENT,Utility Bill Payment,FTS,AE070330000220000000130,0.00,[]
LOC-OUT-0001300,QUOTE-LOC-OUT-0001300,COMPLETED,REF-LOC-OUT-0001300,ACC-R3129-001,OUTWARD,R3129,2026-05-23 17:10:00,RET-BEN-000130,770200000001,211.00,211.00,UTILITY_PAYMENT,Utility Bill Payment,FTS,AE070330000220000000130,0.00,[]
LOC-OUT-0001302,QUOTE-LOC-OUT-0001302,COMPLETED,REF-LOC-OUT-0001302,ACC-R3130-001,OUTWARD,R3130,2026-01-18 18:11:00,RET-BEN-000131,770200000001,184.00,184.00,UTILITY_PAYMENT,Utility Bill Payment,FTS,AE070330000220000000131,0.00,[]
LOC-OUT-0001304,QUOTE-LOC-OUT-0001304,COMPLETED,REF-LOC-OUT-0001304,ACC-R3130-001,OUTWARD,R3130,2026-02-21 18:11:00,RET-BEN-000131,770200000001,195.00,195.00,UTILITY_PAYMENT,Utility Bill Payment,FTS,AE070330000220000000131,0.00,[]
LOC-OUT-0001306,QUOTE-LOC-OUT-0001306,COMPLETED,REF-LOC-OUT-0001306,ACC-R3130-001,OUTWARD,R3130,2026-03-24 18:11:00,RET-BEN-000131,770200000001,206.00,206.00,UTILITY_PAYMENT,Utility Bill Payment,FTS,AE070330000220000000131,0.00,[]
LOC-OUT-0001308,QUOTE-LOC-OUT-0001308,COMPLETED,REF-LOC-OUT-0001308,ACC-R3130-001,OUTWARD,R3130,2026-04-05 18:11:00,RET-BEN-000131,770200000001,217.00,217.00,UTILITY_PAYMENT,Utility Bill Payment,FTS,AE070330000220000000131,0.00,[]
LOC-OUT-0001310,QUOTE-LOC-OUT-0001310,COMPLETED,REF-LOC-OUT-0001310,ACC-R3130-001,OUTWARD,R3130,2026-05-08 18:11:00,RET-BEN-000131,770200000001,228.00,228.00,UTILITY_PAYMENT,Utility Bill Payment,FTS,AE070330000220000000131,0.00,[]
LOC-OUT-0001312,QUOTE-LOC-OUT-0001312,COMPLETED,REF-LOC-OUT-0001312,ACC-R3131-001,OUTWARD,R3131,2026-01-03 08:12:00,RET-BEN-000132,770200000001,201.00,201.00,UTILITY_PAYMENT,Utility Bill Payment,FTS,AE070330000220000000132,0.00,[]
LOC-OUT-0001314,QUOTE-LOC-OUT-0001314,COMPLETED,REF-LOC-OUT-0001314,ACC-R3131-001,OUTWARD,R3131,2026-02-06 08:12:00,RET-BEN-000132,770200000001,212.00,212.00,UTILITY_PAYMENT,Utility Bill Payment,FTS,AE070330000220000000132,0.00,[]
LOC-OUT-0001316,QUOTE-LOC-OUT-0001316,COMPLETED,REF-LOC-OUT-0001316,ACC-R3131-001,OUTWARD,R3131,2026-03-09 08:12:00,RET-BEN-000132,770200000001,223.00,223.00,UTILITY_PAYMENT,Utility Bill Payment,FTS,AE070330000220000000132,0.00,[]
LOC-OUT-0001318,QUOTE-LOC-OUT-0001318,COMPLETED,REF-LOC-OUT-0001318,ACC-R3131-001,OUTWARD,R3131,2026-04-12 08:12:00,RET-BEN-000132,770200000001,234.00,234.00,UTILITY_PAYMENT,Utility Bill Payment,FTS,AE070330000220000000132,0.00,[]
LOC-OUT-0001320,QUOTE-LOC-OUT-0001320,COMPLETED,REF-LOC-OUT-0001320,ACC-R3131-001,OUTWARD,R3131,2026-05-15 08:12:00,RET-BEN-000132,770200000001,245.00,245.00,UTILITY_PAYMENT,Utility Bill Payment,FTS,AE070330000220000000132,0.00,[]
LOC-OUT-0001322,QUOTE-LOC-OUT-0001322,COMPLETED,REF-LOC-OUT-0001322,ACC-R3132-001,OUTWARD,R3132,2026-01-10 09:13:00,RET-BEN-000133,770200000001,218.00,218.00,UTILITY_PAYMENT,Utility Bill Payment,FTS,AE070330000220000000133,0.00,[]
LOC-OUT-0001324,QUOTE-LOC-OUT-0001324,COMPLETED,REF-LOC-OUT-0001324,ACC-R3132-001,OUTWARD,R3132,2026-02-13 09:13:00,RET-BEN-000133,770200000001,229.00,229.00,UTILITY_PAYMENT,Utility Bill Payment,FTS,AE070330000220000000133,0.00,[]
LOC-OUT-0001326,QUOTE-LOC-OUT-0001326,COMPLETED,REF-LOC-OUT-0001326,ACC-R3132-001,OUTWARD,R3132,2026-03-16 09:13:00,RET-BEN-000133,770200000001,240.00,240.00,UTILITY_PAYMENT,Utility Bill Payment,FTS,AE070330000220000000133,0.00,[]
LOC-OUT-0001328,QUOTE-LOC-OUT-0001328,COMPLETED,REF-LOC-OUT-0001328,ACC-R3132-001,OUTWARD,R3132,2026-04-19 09:13:00,RET-BEN-000133,770200000001,251.00,251.00,UTILITY_PAYMENT,Utility Bill Payment,FTS,AE070330000220000000133,0.00,[]
LOC-OUT-0001330,QUOTE-LOC-OUT-0001330,COMPLETED,REF-LOC-OUT-0001330,ACC-R3132-001,OUTWARD,R3132,2026-05-22 09:13:00,RET-BEN-000133,770200000001,262.00,262.00,UTILITY_PAYMENT,Utility Bill Payment,FTS,AE070330000220000000133,0.00,[]
LOC-OUT-0001332,QUOTE-LOC-OUT-0001332,COMPLETED,REF-LOC-OUT-0001332,ACC-R3133-001,OUTWARD,R3133,2026-01-17 10:14:00,RET-BEN-000134,770200000001,235.00,235.00,UTILITY_PAYMENT,Utility Bill Payment,FTS,AE070330000220000000134,0.00,[]
LOC-OUT-0001334,QUOTE-LOC-OUT-0001334,COMPLETED,REF-LOC-OUT-0001334,ACC-R3133-001,OUTWARD,R3133,2026-02-20 10:14:00,RET-BEN-000134,770200000001,246.00,246.00,UTILITY_PAYMENT,Utility Bill Payment,FTS,AE070330000220000000134,0.00,[]
LOC-OUT-0001336,QUOTE-LOC-OUT-0001336,COMPLETED,REF-LOC-OUT-0001336,ACC-R3133-001,OUTWARD,R3133,2026-03-23 10:14:00,RET-BEN-000134,770200000001,257.00,257.00,UTILITY_PAYMENT,Utility Bill Payment,FTS,AE070330000220000000134,0.00,[]
LOC-OUT-0001338,QUOTE-LOC-OUT-0001338,COMPLETED,REF-LOC-OUT-0001338,ACC-R3133-001,OUTWARD,R3133,2026-04-04 10:14:00,RET-BEN-000134,770200000001,268.00,268.00,UTILITY_PAYMENT,Utility Bill Payment,FTS,AE070330000220000000134,0.00,[]
LOC-OUT-0001340,QUOTE-LOC-OUT-0001340,COMPLETED,REF-LOC-OUT-0001340,ACC-R3133-001,OUTWARD,R3133,2026-05-07 10:14:00,RET-BEN-000134,770200000001,279.00,279.00,UTILITY_PAYMENT,Utility Bill Payment,FTS,AE070330000220000000134,0.00,[]
LOC-OUT-0001342,QUOTE-LOC-OUT-0001342,COMPLETED,REF-LOC-OUT-0001342,ACC-R3134-001,OUTWARD,R3134,2026-01-24 11:15:00,RET-BEN-000135,770200000001,252.00,252.00,UTILITY_PAYMENT,Utility Bill Payment,FTS,AE070330000220000000135,0.00,[]
LOC-OUT-0001344,QUOTE-LOC-OUT-0001344,COMPLETED,REF-LOC-OUT-0001344,ACC-R3134-001,OUTWARD,R3134,2026-02-05 11:15:00,RET-BEN-000135,770200000001,263.00,263.00,UTILITY_PAYMENT,Utility Bill Payment,FTS,AE070330000220000000135,0.00,[]
LOC-OUT-0001346,QUOTE-LOC-OUT-0001346,COMPLETED,REF-LOC-OUT-0001346,ACC-R3134-001,OUTWARD,R3134,2026-03-08 11:15:00,RET-BEN-000135,770200000001,274.00,274.00,UTILITY_PAYMENT,Utility Bill Payment,FTS,AE070330000220000000135,0.00,[]
LOC-OUT-0001348,QUOTE-LOC-OUT-0001348,COMPLETED,REF-LOC-OUT-0001348,ACC-R3134-001,OUTWARD,R3134,2026-04-11 11:15:00,RET-BEN-000135,770200000001,285.00,285.00,UTILITY_PAYMENT,Utility Bill Payment,FTS,AE070330000220000000135,0.00,[]
LOC-OUT-0001350,QUOTE-LOC-OUT-0001350,COMPLETED,REF-LOC-OUT-0001350,ACC-R3134-001,OUTWARD,R3134,2026-05-14 11:15:00,RET-BEN-000135,770200000001,296.00,296.00,UTILITY_PAYMENT,Utility Bill Payment,FTS,AE070330000220000000135,0.00,[]
LOC-OUT-0001352,QUOTE-LOC-OUT-0001352,COMPLETED,REF-LOC-OUT-0001352,ACC-R3135-001,OUTWARD,R3135,2026-01-09 12:16:00,RET-BEN-000136,770200000001,269.00,269.00,UTILITY_PAYMENT,Utility Bill Payment,FTS,AE070330000220000000136,0.00,[]
LOC-OUT-0001354,QUOTE-LOC-OUT-0001354,COMPLETED,REF-LOC-OUT-0001354,ACC-R3135-001,OUTWARD,R3135,2026-02-12 12:16:00,RET-BEN-000136,770200000001,280.00,280.00,UTILITY_PAYMENT,Utility Bill Payment,FTS,AE070330000220000000136,0.00,[]
LOC-OUT-0001356,QUOTE-LOC-OUT-0001356,COMPLETED,REF-LOC-OUT-0001356,ACC-R3135-001,OUTWARD,R3135,2026-03-15 12:16:00,RET-BEN-000136,770200000001,291.00,291.00,UTILITY_PAYMENT,Utility Bill Payment,FTS,AE070330000220000000136,0.00,[]
LOC-OUT-0001358,QUOTE-LOC-OUT-0001358,COMPLETED,REF-LOC-OUT-0001358,ACC-R3135-001,OUTWARD,R3135,2026-04-18 12:16:00,RET-BEN-000136,770200000001,302.00,302.00,UTILITY_PAYMENT,Utility Bill Payment,FTS,AE070330000220000000136,0.00,[]
LOC-OUT-0001360,QUOTE-LOC-OUT-0001360,COMPLETED,REF-LOC-OUT-0001360,ACC-R3135-001,OUTWARD,R3135,2026-05-21 12:16:00,RET-BEN-000136,770200000001,313.00,313.00,UTILITY_PAYMENT,Utility Bill Payment,FTS,AE070330000220000000136,0.00,[]
LOC-OUT-0001362,QUOTE-LOC-OUT-0001362,COMPLETED,REF-LOC-OUT-0001362,ACC-R3136-001,OUTWARD,R3136,2026-01-16 13:17:00,RET-BEN-000137,770200000001,286.00,286.00,UTILITY_PAYMENT,Utility Bill Payment,FTS,AE070330000220000000137,0.00,[]
LOC-OUT-0001364,QUOTE-LOC-OUT-0001364,COMPLETED,REF-LOC-OUT-0001364,ACC-R3136-001,OUTWARD,R3136,2026-02-19 13:17:00,RET-BEN-000137,770200000001,297.00,297.00,UTILITY_PAYMENT,Utility Bill Payment,FTS,AE070330000220000000137,0.00,[]
LOC-OUT-0001366,QUOTE-LOC-OUT-0001366,COMPLETED,REF-LOC-OUT-0001366,ACC-R3136-001,OUTWARD,R3136,2026-03-22 13:17:00,RET-BEN-000137,770200000001,308.00,308.00,UTILITY_PAYMENT,Utility Bill Payment,FTS,AE070330000220000000137,0.00,[]
LOC-OUT-0001368,QUOTE-LOC-OUT-0001368,COMPLETED,REF-LOC-OUT-0001368,ACC-R3136-001,OUTWARD,R3136,2026-04-03 13:17:00,RET-BEN-000137,770200000001,319.00,319.00,UTILITY_PAYMENT,Utility Bill Payment,FTS,AE070330000220000000137,0.00,[]
LOC-OUT-0001370,QUOTE-LOC-OUT-0001370,COMPLETED,REF-LOC-OUT-0001370,ACC-R3136-001,OUTWARD,R3136,2026-05-06 13:17:00,RET-BEN-000137,770200000001,330.00,330.00,UTILITY_PAYMENT,Utility Bill Payment,FTS,AE070330000220000000137,0.00,[]
LOC-OUT-0001372,QUOTE-LOC-OUT-0001372,COMPLETED,REF-LOC-OUT-0001372,ACC-R3137-001,OUTWARD,R3137,2026-01-23 14:18:00,RET-BEN-000138,770200000001,303.00,303.00,UTILITY_PAYMENT,Utility Bill Payment,FTS,AE070330000220000000138,0.00,[]
LOC-OUT-0001374,QUOTE-LOC-OUT-0001374,COMPLETED,REF-LOC-OUT-0001374,ACC-R3137-001,OUTWARD,R3137,2026-02-04 14:18:00,RET-BEN-000138,770200000001,314.00,314.00,UTILITY_PAYMENT,Utility Bill Payment,FTS,AE070330000220000000138,0.00,[]
LOC-OUT-0001376,QUOTE-LOC-OUT-0001376,COMPLETED,REF-LOC-OUT-0001376,ACC-R3137-001,OUTWARD,R3137,2026-03-07 14:18:00,RET-BEN-000138,770200000001,325.00,325.00,UTILITY_PAYMENT,Utility Bill Payment,FTS,AE070330000220000000138,0.00,[]
LOC-OUT-0001378,QUOTE-LOC-OUT-0001378,COMPLETED,REF-LOC-OUT-0001378,ACC-R3137-001,OUTWARD,R3137,2026-04-10 14:18:00,RET-BEN-000138,770200000001,336.00,336.00,UTILITY_PAYMENT,Utility Bill Payment,FTS,AE070330000220000000138,0.00,[]
LOC-OUT-0001380,QUOTE-LOC-OUT-0001380,COMPLETED,REF-LOC-OUT-0001380,ACC-R3137-001,OUTWARD,R3137,2026-05-13 14:18:00,RET-BEN-000138,770200000001,347.00,347.00,UTILITY_PAYMENT,Utility Bill Payment,FTS,AE070330000220000000138,0.00,[]
LOC-OUT-0001382,QUOTE-LOC-OUT-0001382,COMPLETED,REF-LOC-OUT-0001382,ACC-R3138-001,OUTWARD,R3138,2026-01-08 15:19:00,RET-BEN-000139,770200000001,320.00,320.00,UTILITY_PAYMENT,Utility Bill Payment,FTS,AE070330000220000000139,0.00,[]
LOC-OUT-0001384,QUOTE-LOC-OUT-0001384,COMPLETED,REF-LOC-OUT-0001384,ACC-R3138-001,OUTWARD,R3138,2026-02-11 15:19:00,RET-BEN-000139,770200000001,331.00,331.00,UTILITY_PAYMENT,Utility Bill Payment,FTS,AE070330000220000000139,0.00,[]
LOC-OUT-0001386,QUOTE-LOC-OUT-0001386,COMPLETED,REF-LOC-OUT-0001386,ACC-R3138-001,OUTWARD,R3138,2026-03-14 15:19:00,RET-BEN-000139,770200000001,342.00,342.00,UTILITY_PAYMENT,Utility Bill Payment,FTS,AE070330000220000000139,0.00,[]
LOC-OUT-0001388,QUOTE-LOC-OUT-0001388,COMPLETED,REF-LOC-OUT-0001388,ACC-R3138-001,OUTWARD,R3138,2026-04-17 15:19:00,RET-BEN-000139,770200000001,87.00,87.00,UTILITY_PAYMENT,Utility Bill Payment,FTS,AE070330000220000000139,0.00,[]
LOC-OUT-0001390,QUOTE-LOC-OUT-0001390,COMPLETED,REF-LOC-OUT-0001390,ACC-R3138-001,OUTWARD,R3138,2026-05-20 15:19:00,RET-BEN-000139,770200000001,98.00,98.00,UTILITY_PAYMENT,Utility Bill Payment,FTS,AE070330000220000000139,0.00,[]
LOC-OUT-0001392,QUOTE-LOC-OUT-0001392,COMPLETED,REF-LOC-OUT-0001392,ACC-R3139-001,OUTWARD,R3139,2026-01-15 16:20:00,RET-BEN-000140,770200000001,337.00,337.00,UTILITY_PAYMENT,Utility Bill Payment,FTS,AE070330000220000000140,0.00,[]
LOC-OUT-0001394,QUOTE-LOC-OUT-0001394,COMPLETED,REF-LOC-OUT-0001394,ACC-R3139-001,OUTWARD,R3139,2026-02-18 16:20:00,RET-BEN-000140,770200000001,348.00,348.00,UTILITY_PAYMENT,Utility Bill Payment,FTS,AE070330000220000000140,0.00,[]
LOC-OUT-0001396,QUOTE-LOC-OUT-0001396,COMPLETED,REF-LOC-OUT-0001396,ACC-R3139-001,OUTWARD,R3139,2026-03-21 16:20:00,RET-BEN-000140,770200000001,93.00,93.00,UTILITY_PAYMENT,Utility Bill Payment,FTS,AE070330000220000000140,0.00,[]
LOC-OUT-0001398,QUOTE-LOC-OUT-0001398,COMPLETED,REF-LOC-OUT-0001398,ACC-R3139-001,OUTWARD,R3139,2026-04-24 16:20:00,RET-BEN-000140,770200000001,104.00,104.00,UTILITY_PAYMENT,Utility Bill Payment,FTS,AE070330000220000000140,0.00,[]
LOC-OUT-0001400,QUOTE-LOC-OUT-0001400,COMPLETED,REF-LOC-OUT-0001400,ACC-R3139-001,OUTWARD,R3139,2026-05-05 16:20:00,RET-BEN-000140,770200000001,115.00,115.00,UTILITY_PAYMENT,Utility Bill Payment,FTS,AE070330000220000000140,0.00,[]
LOC-OUT-0001402,QUOTE-LOC-OUT-0001402,COMPLETED,REF-LOC-OUT-0001402,ACC-R3140-001,OUTWARD,R3140,2026-01-22 17:21:00,RET-BEN-000141,770200000001,88.00,88.00,UTILITY_PAYMENT,Utility Bill Payment,FTS,AE070330000220000000141,0.00,[]
LOC-OUT-0001404,QUOTE-LOC-OUT-0001404,COMPLETED,REF-LOC-OUT-0001404,ACC-R3140-001,OUTWARD,R3140,2026-02-03 17:21:00,RET-BEN-000141,770200000001,99.00,99.00,UTILITY_PAYMENT,Utility Bill Payment,FTS,AE070330000220000000141,0.00,[]
LOC-OUT-0001406,QUOTE-LOC-OUT-0001406,COMPLETED,REF-LOC-OUT-0001406,ACC-R3140-001,OUTWARD,R3140,2026-03-06 17:21:00,RET-BEN-000141,770200000001,110.00,110.00,UTILITY_PAYMENT,Utility Bill Payment,FTS,AE070330000220000000141,0.00,[]
LOC-OUT-0001408,QUOTE-LOC-OUT-0001408,COMPLETED,REF-LOC-OUT-0001408,ACC-R3140-001,OUTWARD,R3140,2026-04-09 17:21:00,RET-BEN-000141,770200000001,121.00,121.00,UTILITY_PAYMENT,Utility Bill Payment,FTS,AE070330000220000000141,0.00,[]
LOC-OUT-0001410,QUOTE-LOC-OUT-0001410,COMPLETED,REF-LOC-OUT-0001410,ACC-R3140-001,OUTWARD,R3140,2026-05-12 17:21:00,RET-BEN-000141,770200000001,132.00,132.00,UTILITY_PAYMENT,Utility Bill Payment,FTS,AE070330000220000000141,0.00,[]
LOC-OUT-0001412,QUOTE-LOC-OUT-0001412,COMPLETED,REF-LOC-OUT-0001412,ACC-R3141-001,OUTWARD,R3141,2026-01-07 18:22:00,RET-BEN-000142,770200000001,105.00,105.00,UTILITY_PAYMENT,Utility Bill Payment,FTS,AE070330000220000000142,0.00,[]
LOC-OUT-0001414,QUOTE-LOC-OUT-0001414,COMPLETED,REF-LOC-OUT-0001414,ACC-R3141-001,OUTWARD,R3141,2026-02-10 18:22:00,RET-BEN-000142,770200000001,116.00,116.00,UTILITY_PAYMENT,Utility Bill Payment,FTS,AE070330000220000000142,0.00,[]
LOC-OUT-0001416,QUOTE-LOC-OUT-0001416,COMPLETED,REF-LOC-OUT-0001416,ACC-R3141-001,OUTWARD,R3141,2026-03-13 18:22:00,RET-BEN-000142,770200000001,127.00,127.00,UTILITY_PAYMENT,Utility Bill Payment,FTS,AE070330000220000000142,0.00,[]
LOC-OUT-0001418,QUOTE-LOC-OUT-0001418,COMPLETED,REF-LOC-OUT-0001418,ACC-R3141-001,OUTWARD,R3141,2026-04-16 18:22:00,RET-BEN-000142,770200000001,138.00,138.00,UTILITY_PAYMENT,Utility Bill Payment,FTS,AE070330000220000000142,0.00,[]
LOC-OUT-0001420,QUOTE-LOC-OUT-0001420,COMPLETED,REF-LOC-OUT-0001420,ACC-R3141-001,OUTWARD,R3141,2026-05-19 18:22:00,RET-BEN-000142,770200000001,149.00,149.00,UTILITY_PAYMENT,Utility Bill Payment,FTS,AE070330000220000000142,0.00,[]
LOC-OUT-0001422,QUOTE-LOC-OUT-0001422,COMPLETED,REF-LOC-OUT-0001422,ACC-R3142-001,OUTWARD,R3142,2026-01-14 08:23:00,RET-BEN-000143,770200000001,122.00,122.00,UTILITY_PAYMENT,Utility Bill Payment,FTS,AE070330000220000000143,0.00,[]
LOC-OUT-0001424,QUOTE-LOC-OUT-0001424,COMPLETED,REF-LOC-OUT-0001424,ACC-R3142-001,OUTWARD,R3142,2026-02-17 08:23:00,RET-BEN-000143,770200000001,133.00,133.00,UTILITY_PAYMENT,Utility Bill Payment,FTS,AE070330000220000000143,0.00,[]
LOC-OUT-0001426,QUOTE-LOC-OUT-0001426,COMPLETED,REF-LOC-OUT-0001426,ACC-R3142-001,OUTWARD,R3142,2026-03-20 08:23:00,RET-BEN-000143,770200000001,144.00,144.00,UTILITY_PAYMENT,Utility Bill Payment,FTS,AE070330000220000000143,0.00,[]
LOC-OUT-0001428,QUOTE-LOC-OUT-0001428,COMPLETED,REF-LOC-OUT-0001428,ACC-R3142-001,OUTWARD,R3142,2026-04-23 08:23:00,RET-BEN-000143,770200000001,155.00,155.00,UTILITY_PAYMENT,Utility Bill Payment,FTS,AE070330000220000000143,0.00,[]
LOC-OUT-0001430,QUOTE-LOC-OUT-0001430,COMPLETED,REF-LOC-OUT-0001430,ACC-R3142-001,OUTWARD,R3142,2026-05-04 08:23:00,RET-BEN-000143,770200000001,166.00,166.00,UTILITY_PAYMENT,Utility Bill Payment,FTS,AE070330000220000000143,0.00,[]
LOC-OUT-0001432,QUOTE-LOC-OUT-0001432,COMPLETED,REF-LOC-OUT-0001432,ACC-R3143-001,OUTWARD,R3143,2026-01-21 09:24:00,RET-BEN-000144,770200000001,139.00,139.00,UTILITY_PAYMENT,Utility Bill Payment,FTS,AE070330000220000000144,0.00,[]
LOC-OUT-0001434,QUOTE-LOC-OUT-0001434,COMPLETED,REF-LOC-OUT-0001434,ACC-R3143-001,OUTWARD,R3143,2026-02-24 09:24:00,RET-BEN-000144,770200000001,150.00,150.00,UTILITY_PAYMENT,Utility Bill Payment,FTS,AE070330000220000000144,0.00,[]
LOC-OUT-0001436,QUOTE-LOC-OUT-0001436,COMPLETED,REF-LOC-OUT-0001436,ACC-R3143-001,OUTWARD,R3143,2026-03-05 09:24:00,RET-BEN-000144,770200000001,161.00,161.00,UTILITY_PAYMENT,Utility Bill Payment,FTS,AE070330000220000000144,0.00,[]
LOC-OUT-0001438,QUOTE-LOC-OUT-0001438,COMPLETED,REF-LOC-OUT-0001438,ACC-R3143-001,OUTWARD,R3143,2026-04-08 09:24:00,RET-BEN-000144,770200000001,172.00,172.00,UTILITY_PAYMENT,Utility Bill Payment,FTS,AE070330000220000000144,0.00,[]
LOC-OUT-0001440,QUOTE-LOC-OUT-0001440,COMPLETED,REF-LOC-OUT-0001440,ACC-R3143-001,OUTWARD,R3143,2026-05-11 09:24:00,RET-BEN-000144,770200000001,183.00,183.00,UTILITY_PAYMENT,Utility Bill Payment,FTS,AE070330000220000000144,0.00,[]
LOC-OUT-0001442,QUOTE-LOC-OUT-0001442,COMPLETED,REF-LOC-OUT-0001442,ACC-R3144-001,OUTWARD,R3144,2026-01-06 10:25:00,RET-BEN-000145,770200000001,156.00,156.00,UTILITY_PAYMENT,Utility Bill Payment,FTS,AE070330000220000000145,0.00,[]
LOC-OUT-0001444,QUOTE-LOC-OUT-0001444,COMPLETED,REF-LOC-OUT-0001444,ACC-R3144-001,OUTWARD,R3144,2026-02-09 10:25:00,RET-BEN-000145,770200000001,167.00,167.00,UTILITY_PAYMENT,Utility Bill Payment,FTS,AE070330000220000000145,0.00,[]
LOC-OUT-0001446,QUOTE-LOC-OUT-0001446,COMPLETED,REF-LOC-OUT-0001446,ACC-R3144-001,OUTWARD,R3144,2026-03-12 10:25:00,RET-BEN-000145,770200000001,178.00,178.00,UTILITY_PAYMENT,Utility Bill Payment,FTS,AE070330000220000000145,0.00,[]
LOC-OUT-0001448,QUOTE-LOC-OUT-0001448,COMPLETED,REF-LOC-OUT-0001448,ACC-R3144-001,OUTWARD,R3144,2026-04-15 10:25:00,RET-BEN-000145,770200000001,189.00,189.00,UTILITY_PAYMENT,Utility Bill Payment,FTS,AE070330000220000000145,0.00,[]
LOC-OUT-0001450,QUOTE-LOC-OUT-0001450,COMPLETED,REF-LOC-OUT-0001450,ACC-R3144-001,OUTWARD,R3144,2026-05-18 10:25:00,RET-BEN-000145,770200000001,200.00,200.00,UTILITY_PAYMENT,Utility Bill Payment,FTS,AE070330000220000000145,0.00,[]
LOC-OUT-0001452,QUOTE-LOC-OUT-0001452,COMPLETED,REF-LOC-OUT-0001452,ACC-R3145-001,OUTWARD,R3145,2026-01-13 11:26:00,RET-BEN-000146,770200000001,173.00,173.00,UTILITY_PAYMENT,Utility Bill Payment,FTS,AE070330000220000000146,0.00,[]
LOC-OUT-0001454,QUOTE-LOC-OUT-0001454,COMPLETED,REF-LOC-OUT-0001454,ACC-R3145-001,OUTWARD,R3145,2026-02-16 11:26:00,RET-BEN-000146,770200000001,184.00,184.00,UTILITY_PAYMENT,Utility Bill Payment,FTS,AE070330000220000000146,0.00,[]
LOC-OUT-0001456,QUOTE-LOC-OUT-0001456,COMPLETED,REF-LOC-OUT-0001456,ACC-R3145-001,OUTWARD,R3145,2026-03-19 11:26:00,RET-BEN-000146,770200000001,195.00,195.00,UTILITY_PAYMENT,Utility Bill Payment,FTS,AE070330000220000000146,0.00,[]
LOC-OUT-0001458,QUOTE-LOC-OUT-0001458,COMPLETED,REF-LOC-OUT-0001458,ACC-R3145-001,OUTWARD,R3145,2026-04-22 11:26:00,RET-BEN-000146,770200000001,206.00,206.00,UTILITY_PAYMENT,Utility Bill Payment,FTS,AE070330000220000000146,0.00,[]
LOC-OUT-0001460,QUOTE-LOC-OUT-0001460,COMPLETED,REF-LOC-OUT-0001460,ACC-R3145-001,OUTWARD,R3145,2026-05-03 11:26:00,RET-BEN-000146,770200000001,217.00,217.00,UTILITY_PAYMENT,Utility Bill Payment,FTS,AE070330000220000000146,0.00,[]
LOC-OUT-0001462,QUOTE-LOC-OUT-0001462,COMPLETED,REF-LOC-OUT-0001462,ACC-R3146-001,OUTWARD,R3146,2026-01-20 12:27:00,RET-BEN-000147,770200000001,190.00,190.00,UTILITY_PAYMENT,Utility Bill Payment,FTS,AE070330000220000000147,0.00,[]
LOC-OUT-0001464,QUOTE-LOC-OUT-0001464,COMPLETED,REF-LOC-OUT-0001464,ACC-R3146-001,OUTWARD,R3146,2026-02-23 12:27:00,RET-BEN-000147,770200000001,201.00,201.00,UTILITY_PAYMENT,Utility Bill Payment,FTS,AE070330000220000000147,0.00,[]
LOC-OUT-0001466,QUOTE-LOC-OUT-0001466,COMPLETED,REF-LOC-OUT-0001466,ACC-R3146-001,OUTWARD,R3146,2026-03-04 12:27:00,RET-BEN-000147,770200000001,212.00,212.00,UTILITY_PAYMENT,Utility Bill Payment,FTS,AE070330000220000000147,0.00,[]
LOC-OUT-0001468,QUOTE-LOC-OUT-0001468,COMPLETED,REF-LOC-OUT-0001468,ACC-R3146-001,OUTWARD,R3146,2026-04-07 12:27:00,RET-BEN-000147,770200000001,223.00,223.00,UTILITY_PAYMENT,Utility Bill Payment,FTS,AE070330000220000000147,0.00,[]
LOC-OUT-0001470,QUOTE-LOC-OUT-0001470,COMPLETED,REF-LOC-OUT-0001470,ACC-R3146-001,OUTWARD,R3146,2026-05-10 12:27:00,RET-BEN-000147,770200000001,234.00,234.00,UTILITY_PAYMENT,Utility Bill Payment,FTS,AE070330000220000000147,0.00,[]
LOC-OUT-0001472,QUOTE-LOC-OUT-0001472,COMPLETED,REF-LOC-OUT-0001472,ACC-R3147-001,OUTWARD,R3147,2026-01-05 13:28:00,RET-BEN-000148,770200000001,207.00,207.00,UTILITY_PAYMENT,Utility Bill Payment,FTS,AE070330000220000000148,0.00,[]
LOC-OUT-0001474,QUOTE-LOC-OUT-0001474,COMPLETED,REF-LOC-OUT-0001474,ACC-R3147-001,OUTWARD,R3147,2026-02-08 13:28:00,RET-BEN-000148,770200000001,218.00,218.00,UTILITY_PAYMENT,Utility Bill Payment,FTS,AE070330000220000000148,0.00,[]
LOC-OUT-0001476,QUOTE-LOC-OUT-0001476,COMPLETED,REF-LOC-OUT-0001476,ACC-R3147-001,OUTWARD,R3147,2026-03-11 13:28:00,RET-BEN-000148,770200000001,229.00,229.00,UTILITY_PAYMENT,Utility Bill Payment,FTS,AE070330000220000000148,0.00,[]
LOC-OUT-0001478,QUOTE-LOC-OUT-0001478,COMPLETED,REF-LOC-OUT-0001478,ACC-R3147-001,OUTWARD,R3147,2026-04-14 13:28:00,RET-BEN-000148,770200000001,240.00,240.00,UTILITY_PAYMENT,Utility Bill Payment,FTS,AE070330000220000000148,0.00,[]
LOC-OUT-0001480,QUOTE-LOC-OUT-0001480,COMPLETED,REF-LOC-OUT-0001480,ACC-R3147-001,OUTWARD,R3147,2026-05-17 13:28:00,RET-BEN-000148,770200000001,251.00,251.00,UTILITY_PAYMENT,Utility Bill Payment,FTS,AE070330000220000000148,0.00,[]
LOC-OUT-0001482,QUOTE-LOC-OUT-0001482,COMPLETED,REF-LOC-OUT-0001482,ACC-R3148-001,OUTWARD,R3148,2026-01-12 14:29:00,RET-BEN-000149,770200000001,224.00,224.00,UTILITY_PAYMENT,Utility Bill Payment,FTS,AE070330000220000000149,0.00,[]
LOC-OUT-0001484,QUOTE-LOC-OUT-0001484,COMPLETED,REF-LOC-OUT-0001484,ACC-R3148-001,OUTWARD,R3148,2026-02-15 14:29:00,RET-BEN-000149,770200000001,235.00,235.00,UTILITY_PAYMENT,Utility Bill Payment,FTS,AE070330000220000000149,0.00,[]
LOC-OUT-0001486,QUOTE-LOC-OUT-0001486,COMPLETED,REF-LOC-OUT-0001486,ACC-R3148-001,OUTWARD,R3148,2026-03-18 14:29:00,RET-BEN-000149,770200000001,246.00,246.00,UTILITY_PAYMENT,Utility Bill Payment,FTS,AE070330000220000000149,0.00,[]
LOC-OUT-0001488,QUOTE-LOC-OUT-0001488,COMPLETED,REF-LOC-OUT-0001488,ACC-R3148-001,OUTWARD,R3148,2026-04-21 14:29:00,RET-BEN-000149,770200000001,257.00,257.00,UTILITY_PAYMENT,Utility Bill Payment,FTS,AE070330000220000000149,0.00,[]
LOC-OUT-0001490,QUOTE-LOC-OUT-0001490,COMPLETED,REF-LOC-OUT-0001490,ACC-R3148-001,OUTWARD,R3148,2026-05-24 14:29:00,RET-BEN-000149,770200000001,268.00,268.00,UTILITY_PAYMENT,Utility Bill Payment,FTS,AE070330000220000000149,0.00,[]
LOC-OUT-0001492,QUOTE-LOC-OUT-0001492,COMPLETED,REF-LOC-OUT-0001492,ACC-R3149-001,OUTWARD,R3149,2026-01-19 15:30:00,RET-BEN-000150,770200000001,241.00,241.00,UTILITY_PAYMENT,Utility Bill Payment,FTS,AE070330000220000000150,0.00,[]
LOC-OUT-0001494,QUOTE-LOC-OUT-0001494,COMPLETED,REF-LOC-OUT-0001494,ACC-R3149-001,OUTWARD,R3149,2026-02-22 15:30:00,RET-BEN-000150,770200000001,252.00,252.00,UTILITY_PAYMENT,Utility Bill Payment,FTS,AE070330000220000000150,0.00,[]
LOC-OUT-0001496,QUOTE-LOC-OUT-0001496,COMPLETED,REF-LOC-OUT-0001496,ACC-R3149-001,OUTWARD,R3149,2026-03-03 15:30:00,RET-BEN-000150,770200000001,263.00,263.00,UTILITY_PAYMENT,Utility Bill Payment,FTS,AE070330000220000000150,0.00,[]
LOC-OUT-0001498,QUOTE-LOC-OUT-0001498,COMPLETED,REF-LOC-OUT-0001498,ACC-R3149-001,OUTWARD,R3149,2026-04-06 15:30:00,RET-BEN-000150,770200000001,274.00,274.00,UTILITY_PAYMENT,Utility Bill Payment,FTS,AE070330000220000000150,0.00,[]
LOC-OUT-0001500,QUOTE-LOC-OUT-0001500,COMPLETED,REF-LOC-OUT-0001500,ACC-R3149-001,OUTWARD,R3149,2026-05-09 15:30:00,RET-BEN-000150,770200000001,285.00,285.00,UTILITY_PAYMENT,Utility Bill Payment,FTS,AE070330000220000000150,0.00,[]
LOC-OUT-0001502,QUOTE-LOC-OUT-0001502,COMPLETED,REF-LOC-OUT-0001502,ACC-R3150-001,OUTWARD,R3150,2026-01-04 16:31:00,RET-BEN-000151,770200000001,258.00,258.00,UTILITY_PAYMENT,Utility Bill Payment,FTS,AE070330000220000000151,0.00,[]
LOC-OUT-0001504,QUOTE-LOC-OUT-0001504,COMPLETED,REF-LOC-OUT-0001504,ACC-R3150-001,OUTWARD,R3150,2026-02-07 16:31:00,RET-BEN-000151,770200000001,269.00,269.00,UTILITY_PAYMENT,Utility Bill Payment,FTS,AE070330000220000000151,0.00,[]
LOC-OUT-0001506,QUOTE-LOC-OUT-0001506,COMPLETED,REF-LOC-OUT-0001506,ACC-R3150-001,OUTWARD,R3150,2026-03-10 16:31:00,RET-BEN-000151,770200000001,280.00,280.00,UTILITY_PAYMENT,Utility Bill Payment,FTS,AE070330000220000000151,0.00,[]
LOC-OUT-0001508,QUOTE-LOC-OUT-0001508,COMPLETED,REF-LOC-OUT-0001508,ACC-R3150-001,OUTWARD,R3150,2026-04-13 16:31:00,RET-BEN-000151,770200000001,291.00,291.00,UTILITY_PAYMENT,Utility Bill Payment,FTS,AE070330000220000000151,0.00,[]
LOC-OUT-0001510,QUOTE-LOC-OUT-0001510,COMPLETED,REF-LOC-OUT-0001510,ACC-R3150-001,OUTWARD,R3150,2026-05-16 16:31:00,RET-BEN-000151,770200000001,302.00,302.00,UTILITY_PAYMENT,Utility Bill Payment,FTS,AE070330000220000000151,0.00,[]
LOC-OUT-0001512,QUOTE-LOC-OUT-0001512,COMPLETED,REF-LOC-OUT-0001512,ACC-R3151-001,OUTWARD,R3151,2026-01-11 17:32:00,RET-BEN-000152,770200000001,275.00,275.00,UTILITY_PAYMENT,Utility Bill Payment,FTS,AE070330000220000000152,0.00,[]
LOC-OUT-0001514,QUOTE-LOC-OUT-0001514,COMPLETED,REF-LOC-OUT-0001514,ACC-R3151-001,OUTWARD,R3151,2026-02-14 17:32:00,RET-BEN-000152,770200000001,286.00,286.00,UTILITY_PAYMENT,Utility Bill Payment,FTS,AE070330000220000000152,0.00,[]
LOC-OUT-0001516,QUOTE-LOC-OUT-0001516,COMPLETED,REF-LOC-OUT-0001516,ACC-R3151-001,OUTWARD,R3151,2026-03-17 17:32:00,RET-BEN-000152,770200000001,297.00,297.00,UTILITY_PAYMENT,Utility Bill Payment,FTS,AE070330000220000000152,0.00,[]
LOC-OUT-0001518,QUOTE-LOC-OUT-0001518,COMPLETED,REF-LOC-OUT-0001518,ACC-R3151-001,OUTWARD,R3151,2026-04-20 17:32:00,RET-BEN-000152,770200000001,308.00,308.00,UTILITY_PAYMENT,Utility Bill Payment,FTS,AE070330000220000000152,0.00,[]
LOC-OUT-0001520,QUOTE-LOC-OUT-0001520,COMPLETED,REF-LOC-OUT-0001520,ACC-R3151-001,OUTWARD,R3151,2026-05-23 17:32:00,RET-BEN-000152,770200000001,319.00,319.00,UTILITY_PAYMENT,Utility Bill Payment,FTS,AE070330000220000000152,0.00,[]
LOC-OUT-0001522,QUOTE-LOC-OUT-0001522,COMPLETED,REF-LOC-OUT-0001522,ACC-R3152-001,OUTWARD,R3152,2026-01-18 18:33:00,RET-BEN-000153,770200000001,292.00,292.00,UTILITY_PAYMENT,Utility Bill Payment,FTS,AE070330000220000000153,0.00,[]
LOC-OUT-0001524,QUOTE-LOC-OUT-0001524,COMPLETED,REF-LOC-OUT-0001524,ACC-R3152-001,OUTWARD,R3152,2026-02-21 18:33:00,RET-BEN-000153,770200000001,303.00,303.00,UTILITY_PAYMENT,Utility Bill Payment,FTS,AE070330000220000000153,0.00,[]
LOC-OUT-0001526,QUOTE-LOC-OUT-0001526,COMPLETED,REF-LOC-OUT-0001526,ACC-R3152-001,OUTWARD,R3152,2026-03-24 18:33:00,RET-BEN-000153,770200000001,314.00,314.00,UTILITY_PAYMENT,Utility Bill Payment,FTS,AE070330000220000000153,0.00,[]
LOC-OUT-0001528,QUOTE-LOC-OUT-0001528,COMPLETED,REF-LOC-OUT-0001528,ACC-R3152-001,OUTWARD,R3152,2026-04-05 18:33:00,RET-BEN-000153,770200000001,325.00,325.00,UTILITY_PAYMENT,Utility Bill Payment,FTS,AE070330000220000000153,0.00,[]
LOC-OUT-0001530,QUOTE-LOC-OUT-0001530,COMPLETED,REF-LOC-OUT-0001530,ACC-R3152-001,OUTWARD,R3152,2026-05-08 18:33:00,RET-BEN-000153,770200000001,336.00,336.00,UTILITY_PAYMENT,Utility Bill Payment,FTS,AE070330000220000000153,0.00,[]
LOC-OUT-0001532,QUOTE-LOC-OUT-0001532,COMPLETED,REF-LOC-OUT-0001532,ACC-R3153-001,OUTWARD,R3153,2026-01-03 08:34:00,RET-BEN-000154,770200000001,309.00,309.00,UTILITY_PAYMENT,Utility Bill Payment,FTS,AE070330000220000000154,0.00,[]
LOC-OUT-0001534,QUOTE-LOC-OUT-0001534,COMPLETED,REF-LOC-OUT-0001534,ACC-R3153-001,OUTWARD,R3153,2026-02-06 08:34:00,RET-BEN-000154,770200000001,320.00,320.00,UTILITY_PAYMENT,Utility Bill Payment,FTS,AE070330000220000000154,0.00,[]
LOC-OUT-0001536,QUOTE-LOC-OUT-0001536,COMPLETED,REF-LOC-OUT-0001536,ACC-R3153-001,OUTWARD,R3153,2026-03-09 08:34:00,RET-BEN-000154,770200000001,331.00,331.00,UTILITY_PAYMENT,Utility Bill Payment,FTS,AE070330000220000000154,0.00,[]
LOC-OUT-0001538,QUOTE-LOC-OUT-0001538,COMPLETED,REF-LOC-OUT-0001538,ACC-R3153-001,OUTWARD,R3153,2026-04-12 08:34:00,RET-BEN-000154,770200000001,342.00,342.00,UTILITY_PAYMENT,Utility Bill Payment,FTS,AE070330000220000000154,0.00,[]
LOC-OUT-0001540,QUOTE-LOC-OUT-0001540,COMPLETED,REF-LOC-OUT-0001540,ACC-R3153-001,OUTWARD,R3153,2026-05-15 08:34:00,RET-BEN-000154,770200000001,87.00,87.00,UTILITY_PAYMENT,Utility Bill Payment,FTS,AE070330000220000000154,0.00,[]
LOC-OUT-0001542,QUOTE-LOC-OUT-0001542,COMPLETED,REF-LOC-OUT-0001542,ACC-R3154-001,OUTWARD,R3154,2026-01-10 09:35:00,RET-BEN-000155,770200000001,326.00,326.00,UTILITY_PAYMENT,Utility Bill Payment,FTS,AE070330000220000000155,0.00,[]
LOC-OUT-0001544,QUOTE-LOC-OUT-0001544,COMPLETED,REF-LOC-OUT-0001544,ACC-R3154-001,OUTWARD,R3154,2026-02-13 09:35:00,RET-BEN-000155,770200000001,337.00,337.00,UTILITY_PAYMENT,Utility Bill Payment,FTS,AE070330000220000000155,0.00,[]
LOC-OUT-0001546,QUOTE-LOC-OUT-0001546,COMPLETED,REF-LOC-OUT-0001546,ACC-R3154-001,OUTWARD,R3154,2026-03-16 09:35:00,RET-BEN-000155,770200000001,348.00,348.00,UTILITY_PAYMENT,Utility Bill Payment,FTS,AE070330000220000000155,0.00,[]
LOC-OUT-0001548,QUOTE-LOC-OUT-0001548,COMPLETED,REF-LOC-OUT-0001548,ACC-R3154-001,OUTWARD,R3154,2026-04-19 09:35:00,RET-BEN-000155,770200000001,93.00,93.00,UTILITY_PAYMENT,Utility Bill Payment,FTS,AE070330000220000000155,0.00,[]
LOC-OUT-0001550,QUOTE-LOC-OUT-0001550,COMPLETED,REF-LOC-OUT-0001550,ACC-R3154-001,OUTWARD,R3154,2026-05-22 09:35:00,RET-BEN-000155,770200000001,104.00,104.00,UTILITY_PAYMENT,Utility Bill Payment,FTS,AE070330000220000000155,0.00,[]
LOC-OUT-0001552,QUOTE-LOC-OUT-0001552,COMPLETED,REF-LOC-OUT-0001552,ACC-R3155-001,OUTWARD,R3155,2026-01-17 10:36:00,RET-BEN-000156,770200000001,343.00,343.00,UTILITY_PAYMENT,Utility Bill Payment,FTS,AE070330000220000000156,0.00,[]
LOC-OUT-0001554,QUOTE-LOC-OUT-0001554,COMPLETED,REF-LOC-OUT-0001554,ACC-R3155-001,OUTWARD,R3155,2026-02-20 10:36:00,RET-BEN-000156,770200000001,88.00,88.00,UTILITY_PAYMENT,Utility Bill Payment,FTS,AE070330000220000000156,0.00,[]
LOC-OUT-0001556,QUOTE-LOC-OUT-0001556,COMPLETED,REF-LOC-OUT-0001556,ACC-R3155-001,OUTWARD,R3155,2026-03-23 10:36:00,RET-BEN-000156,770200000001,99.00,99.00,UTILITY_PAYMENT,Utility Bill Payment,FTS,AE070330000220000000156,0.00,[]
LOC-OUT-0001558,QUOTE-LOC-OUT-0001558,COMPLETED,REF-LOC-OUT-0001558,ACC-R3155-001,OUTWARD,R3155,2026-04-04 10:36:00,RET-BEN-000156,770200000001,110.00,110.00,UTILITY_PAYMENT,Utility Bill Payment,FTS,AE070330000220000000156,0.00,[]
LOC-OUT-0001560,QUOTE-LOC-OUT-0001560,COMPLETED,REF-LOC-OUT-0001560,ACC-R3155-001,OUTWARD,R3155,2026-05-07 10:36:00,RET-BEN-000156,770200000001,121.00,121.00,UTILITY_PAYMENT,Utility Bill Payment,FTS,AE070330000220000000156,0.00,[]
LOC-OUT-0001562,QUOTE-LOC-OUT-0001562,COMPLETED,REF-LOC-OUT-0001562,ACC-R3156-001,OUTWARD,R3156,2026-01-24 11:37:00,RET-BEN-000157,770200000001,94.00,94.00,UTILITY_PAYMENT,Utility Bill Payment,FTS,AE070330000220000000157,0.00,[]
LOC-OUT-0001564,QUOTE-LOC-OUT-0001564,COMPLETED,REF-LOC-OUT-0001564,ACC-R3156-001,OUTWARD,R3156,2026-02-05 11:37:00,RET-BEN-000157,770200000001,105.00,105.00,UTILITY_PAYMENT,Utility Bill Payment,FTS,AE070330000220000000157,0.00,[]
LOC-OUT-0001566,QUOTE-LOC-OUT-0001566,COMPLETED,REF-LOC-OUT-0001566,ACC-R3156-001,OUTWARD,R3156,2026-03-08 11:37:00,RET-BEN-000157,770200000001,116.00,116.00,UTILITY_PAYMENT,Utility Bill Payment,FTS,AE070330000220000000157,0.00,[]
LOC-OUT-0001568,QUOTE-LOC-OUT-0001568,COMPLETED,REF-LOC-OUT-0001568,ACC-R3156-001,OUTWARD,R3156,2026-04-11 11:37:00,RET-BEN-000157,770200000001,127.00,127.00,UTILITY_PAYMENT,Utility Bill Payment,FTS,AE070330000220000000157,0.00,[]
LOC-OUT-0001570,QUOTE-LOC-OUT-0001570,COMPLETED,REF-LOC-OUT-0001570,ACC-R3156-001,OUTWARD,R3156,2026-05-14 11:37:00,RET-BEN-000157,770200000001,138.00,138.00,UTILITY_PAYMENT,Utility Bill Payment,FTS,AE070330000220000000157,0.00,[]
LOC-OUT-0001572,QUOTE-LOC-OUT-0001572,COMPLETED,REF-LOC-OUT-0001572,ACC-R3157-001,OUTWARD,R3157,2026-01-09 12:38:00,RET-BEN-000158,770200000001,111.00,111.00,UTILITY_PAYMENT,Utility Bill Payment,FTS,AE070330000220000000158,0.00,[]
LOC-OUT-0001574,QUOTE-LOC-OUT-0001574,COMPLETED,REF-LOC-OUT-0001574,ACC-R3157-001,OUTWARD,R3157,2026-02-12 12:38:00,RET-BEN-000158,770200000001,122.00,122.00,UTILITY_PAYMENT,Utility Bill Payment,FTS,AE070330000220000000158,0.00,[]
LOC-OUT-0001576,QUOTE-LOC-OUT-0001576,COMPLETED,REF-LOC-OUT-0001576,ACC-R3157-001,OUTWARD,R3157,2026-03-15 12:38:00,RET-BEN-000158,770200000001,133.00,133.00,UTILITY_PAYMENT,Utility Bill Payment,FTS,AE070330000220000000158,0.00,[]
LOC-OUT-0001578,QUOTE-LOC-OUT-0001578,COMPLETED,REF-LOC-OUT-0001578,ACC-R3157-001,OUTWARD,R3157,2026-04-18 12:38:00,RET-BEN-000158,770200000001,144.00,144.00,UTILITY_PAYMENT,Utility Bill Payment,FTS,AE070330000220000000158,0.00,[]
LOC-OUT-0001580,QUOTE-LOC-OUT-0001580,COMPLETED,REF-LOC-OUT-0001580,ACC-R3157-001,OUTWARD,R3157,2026-05-21 12:38:00,RET-BEN-000158,770200000001,155.00,155.00,UTILITY_PAYMENT,Utility Bill Payment,FTS,AE070330000220000000158,0.00,[]
LOC-OUT-0001582,QUOTE-LOC-OUT-0001582,COMPLETED,REF-LOC-OUT-0001582,ACC-R3158-001,OUTWARD,R3158,2026-01-16 13:39:00,RET-BEN-000159,770200000001,128.00,128.00,UTILITY_PAYMENT,Utility Bill Payment,FTS,AE070330000220000000159,0.00,[]
LOC-OUT-0001584,QUOTE-LOC-OUT-0001584,COMPLETED,REF-LOC-OUT-0001584,ACC-R3158-001,OUTWARD,R3158,2026-02-19 13:39:00,RET-BEN-000159,770200000001,139.00,139.00,UTILITY_PAYMENT,Utility Bill Payment,FTS,AE070330000220000000159,0.00,[]
LOC-OUT-0001586,QUOTE-LOC-OUT-0001586,COMPLETED,REF-LOC-OUT-0001586,ACC-R3158-001,OUTWARD,R3158,2026-03-22 13:39:00,RET-BEN-000159,770200000001,150.00,150.00,UTILITY_PAYMENT,Utility Bill Payment,FTS,AE070330000220000000159,0.00,[]
LOC-OUT-0001588,QUOTE-LOC-OUT-0001588,COMPLETED,REF-LOC-OUT-0001588,ACC-R3158-001,OUTWARD,R3158,2026-04-03 13:39:00,RET-BEN-000159,770200000001,161.00,161.00,UTILITY_PAYMENT,Utility Bill Payment,FTS,AE070330000220000000159,0.00,[]
LOC-OUT-0001590,QUOTE-LOC-OUT-0001590,COMPLETED,REF-LOC-OUT-0001590,ACC-R3158-001,OUTWARD,R3158,2026-05-06 13:39:00,RET-BEN-000159,770200000001,172.00,172.00,UTILITY_PAYMENT,Utility Bill Payment,FTS,AE070330000220000000159,0.00,[]
LOC-OUT-0001592,QUOTE-LOC-OUT-0001592,COMPLETED,REF-LOC-OUT-0001592,ACC-R3159-001,OUTWARD,R3159,2026-01-23 14:40:00,RET-BEN-000160,770200000001,145.00,145.00,UTILITY_PAYMENT,Utility Bill Payment,FTS,AE070330000220000000160,0.00,[]
LOC-OUT-0001594,QUOTE-LOC-OUT-0001594,COMPLETED,REF-LOC-OUT-0001594,ACC-R3159-001,OUTWARD,R3159,2026-02-04 14:40:00,RET-BEN-000160,770200000001,156.00,156.00,UTILITY_PAYMENT,Utility Bill Payment,FTS,AE070330000220000000160,0.00,[]
LOC-OUT-0001596,QUOTE-LOC-OUT-0001596,COMPLETED,REF-LOC-OUT-0001596,ACC-R3159-001,OUTWARD,R3159,2026-03-07 14:40:00,RET-BEN-000160,770200000001,167.00,167.00,UTILITY_PAYMENT,Utility Bill Payment,FTS,AE070330000220000000160,0.00,[]
LOC-OUT-0001598,QUOTE-LOC-OUT-0001598,COMPLETED,REF-LOC-OUT-0001598,ACC-R3159-001,OUTWARD,R3159,2026-04-10 14:40:00,RET-BEN-000160,770200000001,178.00,178.00,UTILITY_PAYMENT,Utility Bill Payment,FTS,AE070330000220000000160,0.00,[]
LOC-OUT-0001600,QUOTE-LOC-OUT-0001600,COMPLETED,REF-LOC-OUT-0001600,ACC-R3159-001,OUTWARD,R3159,2026-05-13 14:40:00,RET-BEN-000160,770200000001,189.00,189.00,UTILITY_PAYMENT,Utility Bill Payment,FTS,AE070330000220000000160,0.00,[]
LOC-OUT-0001602,QUOTE-LOC-OUT-0001602,COMPLETED,REF-LOC-OUT-0001602,ACC-R3160-001,OUTWARD,R3160,2026-01-08 15:41:00,RET-BEN-000161,770200000001,162.00,162.00,UTILITY_PAYMENT,Utility Bill Payment,FTS,AE070330000220000000161,0.00,[]
LOC-OUT-0001604,QUOTE-LOC-OUT-0001604,COMPLETED,REF-LOC-OUT-0001604,ACC-R3160-001,OUTWARD,R3160,2026-02-11 15:41:00,RET-BEN-000161,770200000001,173.00,173.00,UTILITY_PAYMENT,Utility Bill Payment,FTS,AE070330000220000000161,0.00,[]
LOC-OUT-0001606,QUOTE-LOC-OUT-0001606,COMPLETED,REF-LOC-OUT-0001606,ACC-R3160-001,OUTWARD,R3160,2026-03-14 15:41:00,RET-BEN-000161,770200000001,184.00,184.00,UTILITY_PAYMENT,Utility Bill Payment,FTS,AE070330000220000000161,0.00,[]
LOC-OUT-0001608,QUOTE-LOC-OUT-0001608,COMPLETED,REF-LOC-OUT-0001608,ACC-R3160-001,OUTWARD,R3160,2026-04-17 15:41:00,RET-BEN-000161,770200000001,195.00,195.00,UTILITY_PAYMENT,Utility Bill Payment,FTS,AE070330000220000000161,0.00,[]
LOC-OUT-0001610,QUOTE-LOC-OUT-0001610,COMPLETED,REF-LOC-OUT-0001610,ACC-R3160-001,OUTWARD,R3160,2026-05-20 15:41:00,RET-BEN-000161,770200000001,206.00,206.00,UTILITY_PAYMENT,Utility Bill Payment,FTS,AE070330000220000000161,0.00,[]
LOC-OUT-0001612,QUOTE-LOC-OUT-0001612,COMPLETED,REF-LOC-OUT-0001612,ACC-R3161-001,OUTWARD,R3161,2026-01-15 16:42:00,RET-BEN-000162,770200000001,179.00,179.00,UTILITY_PAYMENT,Utility Bill Payment,FTS,AE070330000220000000162,0.00,[]
LOC-OUT-0001614,QUOTE-LOC-OUT-0001614,COMPLETED,REF-LOC-OUT-0001614,ACC-R3161-001,OUTWARD,R3161,2026-02-18 16:42:00,RET-BEN-000162,770200000001,190.00,190.00,UTILITY_PAYMENT,Utility Bill Payment,FTS,AE070330000220000000162,0.00,[]
LOC-OUT-0001616,QUOTE-LOC-OUT-0001616,COMPLETED,REF-LOC-OUT-0001616,ACC-R3161-001,OUTWARD,R3161,2026-03-21 16:42:00,RET-BEN-000162,770200000001,201.00,201.00,UTILITY_PAYMENT,Utility Bill Payment,FTS,AE070330000220000000162,0.00,[]
LOC-OUT-0001618,QUOTE-LOC-OUT-0001618,COMPLETED,REF-LOC-OUT-0001618,ACC-R3161-001,OUTWARD,R3161,2026-04-24 16:42:00,RET-BEN-000162,770200000001,212.00,212.00,UTILITY_PAYMENT,Utility Bill Payment,FTS,AE070330000220000000162,0.00,[]
LOC-OUT-0001620,QUOTE-LOC-OUT-0001620,COMPLETED,REF-LOC-OUT-0001620,ACC-R3161-001,OUTWARD,R3161,2026-05-05 16:42:00,RET-BEN-000162,770200000001,223.00,223.00,UTILITY_PAYMENT,Utility Bill Payment,FTS,AE070330000220000000162,0.00,[]
LOC-OUT-0001622,QUOTE-LOC-OUT-0001622,COMPLETED,REF-LOC-OUT-0001622,ACC-R3162-001,OUTWARD,R3162,2026-01-22 17:43:00,RET-BEN-000163,770200000001,196.00,196.00,UTILITY_PAYMENT,Utility Bill Payment,FTS,AE070330000220000000163,0.00,[]
LOC-OUT-0001624,QUOTE-LOC-OUT-0001624,COMPLETED,REF-LOC-OUT-0001624,ACC-R3162-001,OUTWARD,R3162,2026-02-03 17:43:00,RET-BEN-000163,770200000001,207.00,207.00,UTILITY_PAYMENT,Utility Bill Payment,FTS,AE070330000220000000163,0.00,[]
LOC-OUT-0001626,QUOTE-LOC-OUT-0001626,COMPLETED,REF-LOC-OUT-0001626,ACC-R3162-001,OUTWARD,R3162,2026-03-06 17:43:00,RET-BEN-000163,770200000001,218.00,218.00,UTILITY_PAYMENT,Utility Bill Payment,FTS,AE070330000220000000163,0.00,[]
LOC-OUT-0001628,QUOTE-LOC-OUT-0001628,COMPLETED,REF-LOC-OUT-0001628,ACC-R3162-001,OUTWARD,R3162,2026-04-09 17:43:00,RET-BEN-000163,770200000001,229.00,229.00,UTILITY_PAYMENT,Utility Bill Payment,FTS,AE070330000220000000163,0.00,[]
LOC-OUT-0001630,QUOTE-LOC-OUT-0001630,COMPLETED,REF-LOC-OUT-0001630,ACC-R3162-001,OUTWARD,R3162,2026-05-12 17:43:00,RET-BEN-000163,770200000001,240.00,240.00,UTILITY_PAYMENT,Utility Bill Payment,FTS,AE070330000220000000163,0.00,[]
LOC-OUT-0001632,QUOTE-LOC-OUT-0001632,COMPLETED,REF-LOC-OUT-0001632,ACC-R3163-001,OUTWARD,R3163,2026-01-07 18:44:00,RET-BEN-000164,770200000001,213.00,213.00,UTILITY_PAYMENT,Utility Bill Payment,FTS,AE070330000220000000164,0.00,[]
LOC-OUT-0001634,QUOTE-LOC-OUT-0001634,COMPLETED,REF-LOC-OUT-0001634,ACC-R3163-001,OUTWARD,R3163,2026-02-10 18:44:00,RET-BEN-000164,770200000001,224.00,224.00,UTILITY_PAYMENT,Utility Bill Payment,FTS,AE070330000220000000164,0.00,[]
LOC-OUT-0001636,QUOTE-LOC-OUT-0001636,COMPLETED,REF-LOC-OUT-0001636,ACC-R3163-001,OUTWARD,R3163,2026-03-13 18:44:00,RET-BEN-000164,770200000001,235.00,235.00,UTILITY_PAYMENT,Utility Bill Payment,FTS,AE070330000220000000164,0.00,[]
LOC-OUT-0001638,QUOTE-LOC-OUT-0001638,COMPLETED,REF-LOC-OUT-0001638,ACC-R3163-001,OUTWARD,R3163,2026-04-16 18:44:00,RET-BEN-000164,770200000001,246.00,246.00,UTILITY_PAYMENT,Utility Bill Payment,FTS,AE070330000220000000164,0.00,[]
LOC-OUT-0001640,QUOTE-LOC-OUT-0001640,COMPLETED,REF-LOC-OUT-0001640,ACC-R3163-001,OUTWARD,R3163,2026-05-19 18:44:00,RET-BEN-000164,770200000001,257.00,257.00,UTILITY_PAYMENT,Utility Bill Payment,FTS,AE070330000220000000164,0.00,[]
LOC-OUT-0001642,QUOTE-LOC-OUT-0001642,COMPLETED,REF-LOC-OUT-0001642,ACC-R3164-001,OUTWARD,R3164,2026-01-14 08:45:00,RET-BEN-000165,770200000001,230.00,230.00,UTILITY_PAYMENT,Utility Bill Payment,FTS,AE070330000220000000165,0.00,[]
LOC-OUT-0001644,QUOTE-LOC-OUT-0001644,COMPLETED,REF-LOC-OUT-0001644,ACC-R3164-001,OUTWARD,R3164,2026-02-17 08:45:00,RET-BEN-000165,770200000001,241.00,241.00,UTILITY_PAYMENT,Utility Bill Payment,FTS,AE070330000220000000165,0.00,[]
LOC-OUT-0001646,QUOTE-LOC-OUT-0001646,COMPLETED,REF-LOC-OUT-0001646,ACC-R3164-001,OUTWARD,R3164,2026-03-20 08:45:00,RET-BEN-000165,770200000001,252.00,252.00,UTILITY_PAYMENT,Utility Bill Payment,FTS,AE070330000220000000165,0.00,[]
LOC-OUT-0001648,QUOTE-LOC-OUT-0001648,COMPLETED,REF-LOC-OUT-0001648,ACC-R3164-001,OUTWARD,R3164,2026-04-23 08:45:00,RET-BEN-000165,770200000001,263.00,263.00,UTILITY_PAYMENT,Utility Bill Payment,FTS,AE070330000220000000165,0.00,[]
LOC-OUT-0001650,QUOTE-LOC-OUT-0001650,COMPLETED,REF-LOC-OUT-0001650,ACC-R3164-001,OUTWARD,R3164,2026-05-04 08:45:00,RET-BEN-000165,770200000001,274.00,274.00,UTILITY_PAYMENT,Utility Bill Payment,FTS,AE070330000220000000165,0.00,[]
LOC-OUT-0001652,QUOTE-LOC-OUT-0001652,COMPLETED,REF-LOC-OUT-0001652,ACC-R3165-001,OUTWARD,R3165,2026-01-21 09:46:00,RET-BEN-000166,770200000001,247.00,247.00,UTILITY_PAYMENT,Utility Bill Payment,FTS,AE070330000220000000166,0.00,[]
LOC-OUT-0001654,QUOTE-LOC-OUT-0001654,COMPLETED,REF-LOC-OUT-0001654,ACC-R3165-001,OUTWARD,R3165,2026-02-24 09:46:00,RET-BEN-000166,770200000001,258.00,258.00,UTILITY_PAYMENT,Utility Bill Payment,FTS,AE070330000220000000166,0.00,[]
LOC-OUT-0001656,QUOTE-LOC-OUT-0001656,COMPLETED,REF-LOC-OUT-0001656,ACC-R3165-001,OUTWARD,R3165,2026-03-05 09:46:00,RET-BEN-000166,770200000001,269.00,269.00,UTILITY_PAYMENT,Utility Bill Payment,FTS,AE070330000220000000166,0.00,[]
LOC-OUT-0001658,QUOTE-LOC-OUT-0001658,COMPLETED,REF-LOC-OUT-0001658,ACC-R3165-001,OUTWARD,R3165,2026-04-08 09:46:00,RET-BEN-000166,770200000001,280.00,280.00,UTILITY_PAYMENT,Utility Bill Payment,FTS,AE070330000220000000166,0.00,[]
LOC-OUT-0001660,QUOTE-LOC-OUT-0001660,COMPLETED,REF-LOC-OUT-0001660,ACC-R3165-001,OUTWARD,R3165,2026-05-11 09:46:00,RET-BEN-000166,770200000001,291.00,291.00,UTILITY_PAYMENT,Utility Bill Payment,FTS,AE070330000220000000166,0.00,[]
LOC-OUT-0001662,QUOTE-LOC-OUT-0001662,COMPLETED,REF-LOC-OUT-0001662,ACC-R3166-001,OUTWARD,R3166,2026-01-06 10:47:00,RET-BEN-000167,770200000001,264.00,264.00,UTILITY_PAYMENT,Utility Bill Payment,FTS,AE070330000220000000167,0.00,[]
LOC-OUT-0001664,QUOTE-LOC-OUT-0001664,COMPLETED,REF-LOC-OUT-0001664,ACC-R3166-001,OUTWARD,R3166,2026-02-09 10:47:00,RET-BEN-000167,770200000001,275.00,275.00,UTILITY_PAYMENT,Utility Bill Payment,FTS,AE070330000220000000167,0.00,[]
LOC-OUT-0001666,QUOTE-LOC-OUT-0001666,COMPLETED,REF-LOC-OUT-0001666,ACC-R3166-001,OUTWARD,R3166,2026-03-12 10:47:00,RET-BEN-000167,770200000001,286.00,286.00,UTILITY_PAYMENT,Utility Bill Payment,FTS,AE070330000220000000167,0.00,[]
LOC-OUT-0001668,QUOTE-LOC-OUT-0001668,COMPLETED,REF-LOC-OUT-0001668,ACC-R3166-001,OUTWARD,R3166,2026-04-15 10:47:00,RET-BEN-000167,770200000001,297.00,297.00,UTILITY_PAYMENT,Utility Bill Payment,FTS,AE070330000220000000167,0.00,[]
LOC-OUT-0001670,QUOTE-LOC-OUT-0001670,COMPLETED,REF-LOC-OUT-0001670,ACC-R3166-001,OUTWARD,R3166,2026-05-18 10:47:00,RET-BEN-000167,770200000001,308.00,308.00,UTILITY_PAYMENT,Utility Bill Payment,FTS,AE070330000220000000167,0.00,[]
LOC-OUT-0001672,QUOTE-LOC-OUT-0001672,COMPLETED,REF-LOC-OUT-0001672,ACC-R3167-001,OUTWARD,R3167,2026-01-13 11:48:00,RET-BEN-000168,770200000001,281.00,281.00,UTILITY_PAYMENT,Utility Bill Payment,FTS,AE070330000220000000168,0.00,[]
LOC-OUT-0001674,QUOTE-LOC-OUT-0001674,COMPLETED,REF-LOC-OUT-0001674,ACC-R3167-001,OUTWARD,R3167,2026-02-16 11:48:00,RET-BEN-000168,770200000001,292.00,292.00,UTILITY_PAYMENT,Utility Bill Payment,FTS,AE070330000220000000168,0.00,[]
LOC-OUT-0001676,QUOTE-LOC-OUT-0001676,COMPLETED,REF-LOC-OUT-0001676,ACC-R3167-001,OUTWARD,R3167,2026-03-19 11:48:00,RET-BEN-000168,770200000001,303.00,303.00,UTILITY_PAYMENT,Utility Bill Payment,FTS,AE070330000220000000168,0.00,[]
LOC-OUT-0001678,QUOTE-LOC-OUT-0001678,COMPLETED,REF-LOC-OUT-0001678,ACC-R3167-001,OUTWARD,R3167,2026-04-22 11:48:00,RET-BEN-000168,770200000001,314.00,314.00,UTILITY_PAYMENT,Utility Bill Payment,FTS,AE070330000220000000168,0.00,[]
LOC-OUT-0001680,QUOTE-LOC-OUT-0001680,COMPLETED,REF-LOC-OUT-0001680,ACC-R3167-001,OUTWARD,R3167,2026-05-03 11:48:00,RET-BEN-000168,770200000001,325.00,325.00,UTILITY_PAYMENT,Utility Bill Payment,FTS,AE070330000220000000168,0.00,[]
LOC-OUT-0001682,QUOTE-LOC-OUT-0001682,COMPLETED,REF-LOC-OUT-0001682,ACC-R3168-001,OUTWARD,R3168,2026-01-20 12:49:00,RET-BEN-000169,770200000001,298.00,298.00,UTILITY_PAYMENT,Utility Bill Payment,FTS,AE070330000220000000169,0.00,[]
LOC-OUT-0001684,QUOTE-LOC-OUT-0001684,COMPLETED,REF-LOC-OUT-0001684,ACC-R3168-001,OUTWARD,R3168,2026-02-23 12:49:00,RET-BEN-000169,770200000001,309.00,309.00,UTILITY_PAYMENT,Utility Bill Payment,FTS,AE070330000220000000169,0.00,[]
LOC-OUT-0001686,QUOTE-LOC-OUT-0001686,COMPLETED,REF-LOC-OUT-0001686,ACC-R3168-001,OUTWARD,R3168,2026-03-04 12:49:00,RET-BEN-000169,770200000001,320.00,320.00,UTILITY_PAYMENT,Utility Bill Payment,FTS,AE070330000220000000169,0.00,[]
LOC-OUT-0001688,QUOTE-LOC-OUT-0001688,COMPLETED,REF-LOC-OUT-0001688,ACC-R3168-001,OUTWARD,R3168,2026-04-07 12:49:00,RET-BEN-000169,770200000001,331.00,331.00,UTILITY_PAYMENT,Utility Bill Payment,FTS,AE070330000220000000169,0.00,[]
LOC-OUT-0001690,QUOTE-LOC-OUT-0001690,COMPLETED,REF-LOC-OUT-0001690,ACC-R3168-001,OUTWARD,R3168,2026-05-10 12:49:00,RET-BEN-000169,770200000001,342.00,342.00,UTILITY_PAYMENT,Utility Bill Payment,FTS,AE070330000220000000169,0.00,[]
LOC-OUT-0001692,QUOTE-LOC-OUT-0001692,COMPLETED,REF-LOC-OUT-0001692,ACC-R3169-001,OUTWARD,R3169,2026-01-05 13:50:00,RET-BEN-000170,770200000001,315.00,315.00,UTILITY_PAYMENT,Utility Bill Payment,FTS,AE070330000220000000170,0.00,[]
LOC-OUT-0001694,QUOTE-LOC-OUT-0001694,COMPLETED,REF-LOC-OUT-0001694,ACC-R3169-001,OUTWARD,R3169,2026-02-08 13:50:00,RET-BEN-000170,770200000001,326.00,326.00,UTILITY_PAYMENT,Utility Bill Payment,FTS,AE070330000220000000170,0.00,[]
LOC-OUT-0001696,QUOTE-LOC-OUT-0001696,COMPLETED,REF-LOC-OUT-0001696,ACC-R3169-001,OUTWARD,R3169,2026-03-11 13:50:00,RET-BEN-000170,770200000001,337.00,337.00,UTILITY_PAYMENT,Utility Bill Payment,FTS,AE070330000220000000170,0.00,[]
LOC-OUT-0001698,QUOTE-LOC-OUT-0001698,COMPLETED,REF-LOC-OUT-0001698,ACC-R3169-001,OUTWARD,R3169,2026-04-14 13:50:00,RET-BEN-000170,770200000001,348.00,348.00,UTILITY_PAYMENT,Utility Bill Payment,FTS,AE070330000220000000170,0.00,[]
LOC-OUT-0001700,QUOTE-LOC-OUT-0001700,COMPLETED,REF-LOC-OUT-0001700,ACC-R3169-001,OUTWARD,R3169,2026-05-17 13:50:00,RET-BEN-000170,770200000001,93.00,93.00,UTILITY_PAYMENT,Utility Bill Payment,FTS,AE070330000220000000170,0.00,[]
LOC-OUT-0001702,QUOTE-LOC-OUT-0001702,COMPLETED,REF-LOC-OUT-0001702,ACC-R3170-001,OUTWARD,R3170,2026-01-12 14:51:00,RET-BEN-000171,770200000001,332.00,332.00,UTILITY_PAYMENT,Utility Bill Payment,FTS,AE070330000220000000171,0.00,[]
LOC-OUT-0001704,QUOTE-LOC-OUT-0001704,COMPLETED,REF-LOC-OUT-0001704,ACC-R3170-001,OUTWARD,R3170,2026-02-15 14:51:00,RET-BEN-000171,770200000001,343.00,343.00,UTILITY_PAYMENT,Utility Bill Payment,FTS,AE070330000220000000171,0.00,[]
LOC-OUT-0001706,QUOTE-LOC-OUT-0001706,COMPLETED,REF-LOC-OUT-0001706,ACC-R3170-001,OUTWARD,R3170,2026-03-18 14:51:00,RET-BEN-000171,770200000001,88.00,88.00,UTILITY_PAYMENT,Utility Bill Payment,FTS,AE070330000220000000171,0.00,[]
LOC-OUT-0001708,QUOTE-LOC-OUT-0001708,COMPLETED,REF-LOC-OUT-0001708,ACC-R3170-001,OUTWARD,R3170,2026-04-21 14:51:00,RET-BEN-000171,770200000001,99.00,99.00,UTILITY_PAYMENT,Utility Bill Payment,FTS,AE070330000220000000171,0.00,[]
LOC-OUT-0001710,QUOTE-LOC-OUT-0001710,COMPLETED,REF-LOC-OUT-0001710,ACC-R3170-001,OUTWARD,R3170,2026-05-24 14:51:00,RET-BEN-000171,770200000001,110.00,110.00,UTILITY_PAYMENT,Utility Bill Payment,FTS,AE070330000220000000171,0.00,[]
LOC-OUT-0001712,QUOTE-LOC-OUT-0001712,COMPLETED,REF-LOC-OUT-0001712,ACC-R3171-001,OUTWARD,R3171,2026-01-19 15:52:00,RET-BEN-000172,770200000001,349.00,349.00,UTILITY_PAYMENT,Utility Bill Payment,FTS,AE070330000220000000172,0.00,[]
LOC-OUT-0001714,QUOTE-LOC-OUT-0001714,COMPLETED,REF-LOC-OUT-0001714,ACC-R3171-001,OUTWARD,R3171,2026-02-22 15:52:00,RET-BEN-000172,770200000001,94.00,94.00,UTILITY_PAYMENT,Utility Bill Payment,FTS,AE070330000220000000172,0.00,[]
LOC-OUT-0001716,QUOTE-LOC-OUT-0001716,COMPLETED,REF-LOC-OUT-0001716,ACC-R3171-001,OUTWARD,R3171,2026-03-03 15:52:00,RET-BEN-000172,770200000001,105.00,105.00,UTILITY_PAYMENT,Utility Bill Payment,FTS,AE070330000220000000172,0.00,[]
LOC-OUT-0001718,QUOTE-LOC-OUT-0001718,COMPLETED,REF-LOC-OUT-0001718,ACC-R3171-001,OUTWARD,R3171,2026-04-06 15:52:00,RET-BEN-000172,770200000001,116.00,116.00,UTILITY_PAYMENT,Utility Bill Payment,FTS,AE070330000220000000172,0.00,[]
LOC-OUT-0001720,QUOTE-LOC-OUT-0001720,COMPLETED,REF-LOC-OUT-0001720,ACC-R3171-001,OUTWARD,R3171,2026-05-09 15:52:00,RET-BEN-000172,770200000001,127.00,127.00,UTILITY_PAYMENT,Utility Bill Payment,FTS,AE070330000220000000172,0.00,[]
LOC-OUT-0001722,QUOTE-LOC-OUT-0001722,COMPLETED,REF-LOC-OUT-0001722,ACC-R3172-001,OUTWARD,R3172,2026-01-04 16:53:00,RET-BEN-000173,770200000001,100.00,100.00,UTILITY_PAYMENT,Utility Bill Payment,FTS,AE070330000220000000173,0.00,[]
LOC-OUT-0001724,QUOTE-LOC-OUT-0001724,COMPLETED,REF-LOC-OUT-0001724,ACC-R3172-001,OUTWARD,R3172,2026-02-07 16:53:00,RET-BEN-000173,770200000001,111.00,111.00,UTILITY_PAYMENT,Utility Bill Payment,FTS,AE070330000220000000173,0.00,[]
LOC-OUT-0001726,QUOTE-LOC-OUT-0001726,COMPLETED,REF-LOC-OUT-0001726,ACC-R3172-001,OUTWARD,R3172,2026-03-10 16:53:00,RET-BEN-000173,770200000001,122.00,122.00,UTILITY_PAYMENT,Utility Bill Payment,FTS,AE070330000220000000173,0.00,[]
LOC-OUT-0001728,QUOTE-LOC-OUT-0001728,COMPLETED,REF-LOC-OUT-0001728,ACC-R3172-001,OUTWARD,R3172,2026-04-13 16:53:00,RET-BEN-000173,770200000001,133.00,133.00,UTILITY_PAYMENT,Utility Bill Payment,FTS,AE070330000220000000173,0.00,[]
LOC-OUT-0001730,QUOTE-LOC-OUT-0001730,COMPLETED,REF-LOC-OUT-0001730,ACC-R3172-001,OUTWARD,R3172,2026-05-16 16:53:00,RET-BEN-000173,770200000001,144.00,144.00,UTILITY_PAYMENT,Utility Bill Payment,FTS,AE070330000220000000173,0.00,[]
LOC-OUT-0001732,QUOTE-LOC-OUT-0001732,COMPLETED,REF-LOC-OUT-0001732,ACC-R3173-001,OUTWARD,R3173,2026-01-11 17:54:00,RET-BEN-000174,770200000001,117.00,117.00,UTILITY_PAYMENT,Utility Bill Payment,FTS,AE070330000220000000174,0.00,[]
LOC-OUT-0001734,QUOTE-LOC-OUT-0001734,COMPLETED,REF-LOC-OUT-0001734,ACC-R3173-001,OUTWARD,R3173,2026-02-14 17:54:00,RET-BEN-000174,770200000001,128.00,128.00,UTILITY_PAYMENT,Utility Bill Payment,FTS,AE070330000220000000174,0.00,[]
LOC-OUT-0001736,QUOTE-LOC-OUT-0001736,COMPLETED,REF-LOC-OUT-0001736,ACC-R3173-001,OUTWARD,R3173,2026-03-17 17:54:00,RET-BEN-000174,770200000001,139.00,139.00,UTILITY_PAYMENT,Utility Bill Payment,FTS,AE070330000220000000174,0.00,[]
LOC-OUT-0001738,QUOTE-LOC-OUT-0001738,COMPLETED,REF-LOC-OUT-0001738,ACC-R3173-001,OUTWARD,R3173,2026-04-20 17:54:00,RET-BEN-000174,770200000001,150.00,150.00,UTILITY_PAYMENT,Utility Bill Payment,FTS,AE070330000220000000174,0.00,[]
LOC-OUT-0001740,QUOTE-LOC-OUT-0001740,COMPLETED,REF-LOC-OUT-0001740,ACC-R3173-001,OUTWARD,R3173,2026-05-23 17:54:00,RET-BEN-000174,770200000001,161.00,161.00,UTILITY_PAYMENT,Utility Bill Payment,FTS,AE070330000220000000174,0.00,[]
LOC-OUT-0001742,QUOTE-LOC-OUT-0001742,COMPLETED,REF-LOC-OUT-0001742,ACC-R3174-001,OUTWARD,R3174,2026-01-18 18:55:00,RET-BEN-000175,770200000001,134.00,134.00,UTILITY_PAYMENT,Utility Bill Payment,FTS,AE070330000220000000175,0.00,[]
LOC-OUT-0001744,QUOTE-LOC-OUT-0001744,COMPLETED,REF-LOC-OUT-0001744,ACC-R3174-001,OUTWARD,R3174,2026-02-21 18:55:00,RET-BEN-000175,770200000001,145.00,145.00,UTILITY_PAYMENT,Utility Bill Payment,FTS,AE070330000220000000175,0.00,[]
LOC-OUT-0001746,QUOTE-LOC-OUT-0001746,COMPLETED,REF-LOC-OUT-0001746,ACC-R3174-001,OUTWARD,R3174,2026-03-24 18:55:00,RET-BEN-000175,770200000001,156.00,156.00,UTILITY_PAYMENT,Utility Bill Payment,FTS,AE070330000220000000175,0.00,[]
LOC-OUT-0001748,QUOTE-LOC-OUT-0001748,COMPLETED,REF-LOC-OUT-0001748,ACC-R3174-001,OUTWARD,R3174,2026-04-05 18:55:00,RET-BEN-000175,770200000001,167.00,167.00,UTILITY_PAYMENT,Utility Bill Payment,FTS,AE070330000220000000175,0.00,[]
LOC-OUT-0001750,QUOTE-LOC-OUT-0001750,COMPLETED,REF-LOC-OUT-0001750,ACC-R3174-001,OUTWARD,R3174,2026-05-08 18:55:00,RET-BEN-000175,770200000001,178.00,178.00,UTILITY_PAYMENT,Utility Bill Payment,FTS,AE070330000220000000175,0.00,[]
LOC-OUT-0001752,QUOTE-LOC-OUT-0001752,COMPLETED,REF-LOC-OUT-0001752,ACC-R3175-001,OUTWARD,R3175,2026-01-03 08:56:00,RET-BEN-000176,770200000001,151.00,151.00,UTILITY_PAYMENT,Utility Bill Payment,FTS,AE070330000220000000176,0.00,[]
LOC-OUT-0001754,QUOTE-LOC-OUT-0001754,COMPLETED,REF-LOC-OUT-0001754,ACC-R3175-001,OUTWARD,R3175,2026-02-06 08:56:00,RET-BEN-000176,770200000001,162.00,162.00,UTILITY_PAYMENT,Utility Bill Payment,FTS,AE070330000220000000176,0.00,[]
LOC-OUT-0001756,QUOTE-LOC-OUT-0001756,COMPLETED,REF-LOC-OUT-0001756,ACC-R3175-001,OUTWARD,R3175,2026-03-09 08:56:00,RET-BEN-000176,770200000001,173.00,173.00,UTILITY_PAYMENT,Utility Bill Payment,FTS,AE070330000220000000176,0.00,[]
LOC-OUT-0001758,QUOTE-LOC-OUT-0001758,COMPLETED,REF-LOC-OUT-0001758,ACC-R3175-001,OUTWARD,R3175,2026-04-12 08:56:00,RET-BEN-000176,770200000001,184.00,184.00,UTILITY_PAYMENT,Utility Bill Payment,FTS,AE070330000220000000176,0.00,[]
LOC-OUT-0001760,QUOTE-LOC-OUT-0001760,COMPLETED,REF-LOC-OUT-0001760,ACC-R3175-001,OUTWARD,R3175,2026-05-15 08:56:00,RET-BEN-000176,770200000001,195.00,195.00,UTILITY_PAYMENT,Utility Bill Payment,FTS,AE070330000220000000176,0.00,[]
LOC-OUT-0001762,QUOTE-LOC-OUT-0001762,COMPLETED,REF-LOC-OUT-0001762,ACC-R3176-001,OUTWARD,R3176,2026-01-10 09:57:00,RET-BEN-000177,770200000001,168.00,168.00,UTILITY_PAYMENT,Utility Bill Payment,FTS,AE070330000220000000177,0.00,[]
LOC-OUT-0001764,QUOTE-LOC-OUT-0001764,COMPLETED,REF-LOC-OUT-0001764,ACC-R3176-001,OUTWARD,R3176,2026-02-13 09:57:00,RET-BEN-000177,770200000001,179.00,179.00,UTILITY_PAYMENT,Utility Bill Payment,FTS,AE070330000220000000177,0.00,[]
LOC-OUT-0001766,QUOTE-LOC-OUT-0001766,COMPLETED,REF-LOC-OUT-0001766,ACC-R3176-001,OUTWARD,R3176,2026-03-16 09:57:00,RET-BEN-000177,770200000001,190.00,190.00,UTILITY_PAYMENT,Utility Bill Payment,FTS,AE070330000220000000177,0.00,[]
LOC-OUT-0001768,QUOTE-LOC-OUT-0001768,COMPLETED,REF-LOC-OUT-0001768,ACC-R3176-001,OUTWARD,R3176,2026-04-19 09:57:00,RET-BEN-000177,770200000001,201.00,201.00,UTILITY_PAYMENT,Utility Bill Payment,FTS,AE070330000220000000177,0.00,[]
LOC-OUT-0001770,QUOTE-LOC-OUT-0001770,COMPLETED,REF-LOC-OUT-0001770,ACC-R3176-001,OUTWARD,R3176,2026-05-22 09:57:00,RET-BEN-000177,770200000001,212.00,212.00,UTILITY_PAYMENT,Utility Bill Payment,FTS,AE070330000220000000177,0.00,[]
LOC-OUT-0001772,QUOTE-LOC-OUT-0001772,COMPLETED,REF-LOC-OUT-0001772,ACC-R3177-001,OUTWARD,R3177,2026-01-17 10:58:00,RET-BEN-000178,770200000001,185.00,185.00,UTILITY_PAYMENT,Utility Bill Payment,FTS,AE070330000220000000178,0.00,[]
LOC-OUT-0001774,QUOTE-LOC-OUT-0001774,COMPLETED,REF-LOC-OUT-0001774,ACC-R3177-001,OUTWARD,R3177,2026-02-20 10:58:00,RET-BEN-000178,770200000001,196.00,196.00,UTILITY_PAYMENT,Utility Bill Payment,FTS,AE070330000220000000178,0.00,[]
LOC-OUT-0001776,QUOTE-LOC-OUT-0001776,COMPLETED,REF-LOC-OUT-0001776,ACC-R3177-001,OUTWARD,R3177,2026-03-23 10:58:00,RET-BEN-000178,770200000001,207.00,207.00,UTILITY_PAYMENT,Utility Bill Payment,FTS,AE070330000220000000178,0.00,[]
LOC-OUT-0001778,QUOTE-LOC-OUT-0001778,COMPLETED,REF-LOC-OUT-0001778,ACC-R3177-001,OUTWARD,R3177,2026-04-04 10:58:00,RET-BEN-000178,770200000001,218.00,218.00,UTILITY_PAYMENT,Utility Bill Payment,FTS,AE070330000220000000178,0.00,[]
LOC-OUT-0001780,QUOTE-LOC-OUT-0001780,COMPLETED,REF-LOC-OUT-0001780,ACC-R3177-001,OUTWARD,R3177,2026-05-07 10:58:00,RET-BEN-000178,770200000001,229.00,229.00,UTILITY_PAYMENT,Utility Bill Payment,FTS,AE070330000220000000178,0.00,[]
LOC-OUT-0001782,QUOTE-LOC-OUT-0001782,COMPLETED,REF-LOC-OUT-0001782,ACC-R3178-001,OUTWARD,R3178,2026-01-24 11:59:00,RET-BEN-000179,770200000001,202.00,202.00,UTILITY_PAYMENT,Utility Bill Payment,FTS,AE070330000220000000179,0.00,[]
LOC-OUT-0001784,QUOTE-LOC-OUT-0001784,COMPLETED,REF-LOC-OUT-0001784,ACC-R3178-001,OUTWARD,R3178,2026-02-05 11:59:00,RET-BEN-000179,770200000001,213.00,213.00,UTILITY_PAYMENT,Utility Bill Payment,FTS,AE070330000220000000179,0.00,[]
LOC-OUT-0001786,QUOTE-LOC-OUT-0001786,COMPLETED,REF-LOC-OUT-0001786,ACC-R3178-001,OUTWARD,R3178,2026-03-08 11:59:00,RET-BEN-000179,770200000001,224.00,224.00,UTILITY_PAYMENT,Utility Bill Payment,FTS,AE070330000220000000179,0.00,[]
LOC-OUT-0001788,QUOTE-LOC-OUT-0001788,COMPLETED,REF-LOC-OUT-0001788,ACC-R3178-001,OUTWARD,R3178,2026-04-11 11:59:00,RET-BEN-000179,770200000001,235.00,235.00,UTILITY_PAYMENT,Utility Bill Payment,FTS,AE070330000220000000179,0.00,[]
LOC-OUT-0001790,QUOTE-LOC-OUT-0001790,COMPLETED,REF-LOC-OUT-0001790,ACC-R3178-001,OUTWARD,R3178,2026-05-14 11:59:00,RET-BEN-000179,770200000001,246.00,246.00,UTILITY_PAYMENT,Utility Bill Payment,FTS,AE070330000220000000179,0.00,[]
LOC-OUT-0001792,QUOTE-LOC-OUT-0001792,COMPLETED,REF-LOC-OUT-0001792,ACC-R3179-001,OUTWARD,R3179,2026-01-09 12:00:00,RET-BEN-000180,770200000001,219.00,219.00,UTILITY_PAYMENT,Utility Bill Payment,FTS,AE070330000220000000180,0.00,[]
LOC-OUT-0001794,QUOTE-LOC-OUT-0001794,COMPLETED,REF-LOC-OUT-0001794,ACC-R3179-001,OUTWARD,R3179,2026-02-12 12:00:00,RET-BEN-000180,770200000001,230.00,230.00,UTILITY_PAYMENT,Utility Bill Payment,FTS,AE070330000220000000180,0.00,[]
LOC-OUT-0001796,QUOTE-LOC-OUT-0001796,COMPLETED,REF-LOC-OUT-0001796,ACC-R3179-001,OUTWARD,R3179,2026-03-15 12:00:00,RET-BEN-000180,770200000001,241.00,241.00,UTILITY_PAYMENT,Utility Bill Payment,FTS,AE070330000220000000180,0.00,[]
LOC-OUT-0001798,QUOTE-LOC-OUT-0001798,COMPLETED,REF-LOC-OUT-0001798,ACC-R3179-001,OUTWARD,R3179,2026-04-18 12:00:00,RET-BEN-000180,770200000001,252.00,252.00,UTILITY_PAYMENT,Utility Bill Payment,FTS,AE070330000220000000180,0.00,[]
LOC-OUT-0001800,QUOTE-LOC-OUT-0001800,COMPLETED,REF-LOC-OUT-0001800,ACC-R3179-001,OUTWARD,R3179,2026-05-21 12:00:00,RET-BEN-000180,770200000001,263.00,263.00,UTILITY_PAYMENT,Utility Bill Payment,FTS,AE070330000220000000180,0.00,[]
LOC-OUT-0001802,QUOTE-LOC-OUT-0001802,COMPLETED,REF-LOC-OUT-0001802,ACC-R3180-001,OUTWARD,R3180,2026-01-16 13:01:00,RET-BEN-000181,770200000001,236.00,236.00,UTILITY_PAYMENT,Utility Bill Payment,FTS,AE070330000220000000181,0.00,[]
LOC-OUT-0001804,QUOTE-LOC-OUT-0001804,COMPLETED,REF-LOC-OUT-0001804,ACC-R3180-001,OUTWARD,R3180,2026-02-19 13:01:00,RET-BEN-000181,770200000001,247.00,247.00,UTILITY_PAYMENT,Utility Bill Payment,FTS,AE070330000220000000181,0.00,[]
LOC-OUT-0001806,QUOTE-LOC-OUT-0001806,COMPLETED,REF-LOC-OUT-0001806,ACC-R3180-001,OUTWARD,R3180,2026-03-22 13:01:00,RET-BEN-000181,770200000001,258.00,258.00,UTILITY_PAYMENT,Utility Bill Payment,FTS,AE070330000220000000181,0.00,[]
LOC-OUT-0001808,QUOTE-LOC-OUT-0001808,COMPLETED,REF-LOC-OUT-0001808,ACC-R3180-001,OUTWARD,R3180,2026-04-03 13:01:00,RET-BEN-000181,770200000001,269.00,269.00,UTILITY_PAYMENT,Utility Bill Payment,FTS,AE070330000220000000181,0.00,[]
LOC-OUT-0001810,QUOTE-LOC-OUT-0001810,COMPLETED,REF-LOC-OUT-0001810,ACC-R3180-001,OUTWARD,R3180,2026-05-06 13:01:00,RET-BEN-000181,770200000001,280.00,280.00,UTILITY_PAYMENT,Utility Bill Payment,FTS,AE070330000220000000181,0.00,[]
LOC-OUT-0001812,QUOTE-LOC-OUT-0001812,COMPLETED,REF-LOC-OUT-0001812,ACC-R3181-001,OUTWARD,R3181,2026-01-23 14:02:00,RET-BEN-000182,770200000001,253.00,253.00,UTILITY_PAYMENT,Utility Bill Payment,FTS,AE070330000220000000182,0.00,[]
LOC-OUT-0001814,QUOTE-LOC-OUT-0001814,COMPLETED,REF-LOC-OUT-0001814,ACC-R3181-001,OUTWARD,R3181,2026-02-04 14:02:00,RET-BEN-000182,770200000001,264.00,264.00,UTILITY_PAYMENT,Utility Bill Payment,FTS,AE070330000220000000182,0.00,[]
LOC-OUT-0001816,QUOTE-LOC-OUT-0001816,COMPLETED,REF-LOC-OUT-0001816,ACC-R3181-001,OUTWARD,R3181,2026-03-07 14:02:00,RET-BEN-000182,770200000001,275.00,275.00,UTILITY_PAYMENT,Utility Bill Payment,FTS,AE070330000220000000182,0.00,[]
LOC-OUT-0001818,QUOTE-LOC-OUT-0001818,COMPLETED,REF-LOC-OUT-0001818,ACC-R3181-001,OUTWARD,R3181,2026-04-10 14:02:00,RET-BEN-000182,770200000001,286.00,286.00,UTILITY_PAYMENT,Utility Bill Payment,FTS,AE070330000220000000182,0.00,[]
LOC-OUT-0001820,QUOTE-LOC-OUT-0001820,COMPLETED,REF-LOC-OUT-0001820,ACC-R3181-001,OUTWARD,R3181,2026-05-13 14:02:00,RET-BEN-000182,770200000001,297.00,297.00,UTILITY_PAYMENT,Utility Bill Payment,FTS,AE070330000220000000182,0.00,[]
LOC-OUT-0001822,QUOTE-LOC-OUT-0001822,COMPLETED,REF-LOC-OUT-0001822,ACC-R3182-001,OUTWARD,R3182,2026-01-08 15:03:00,RET-BEN-000183,770200000001,270.00,270.00,UTILITY_PAYMENT,Utility Bill Payment,FTS,AE070330000220000000183,0.00,[]
LOC-OUT-0001824,QUOTE-LOC-OUT-0001824,COMPLETED,REF-LOC-OUT-0001824,ACC-R3182-001,OUTWARD,R3182,2026-02-11 15:03:00,RET-BEN-000183,770200000001,281.00,281.00,UTILITY_PAYMENT,Utility Bill Payment,FTS,AE070330000220000000183,0.00,[]
LOC-OUT-0001826,QUOTE-LOC-OUT-0001826,COMPLETED,REF-LOC-OUT-0001826,ACC-R3182-001,OUTWARD,R3182,2026-03-14 15:03:00,RET-BEN-000183,770200000001,292.00,292.00,UTILITY_PAYMENT,Utility Bill Payment,FTS,AE070330000220000000183,0.00,[]
LOC-OUT-0001828,QUOTE-LOC-OUT-0001828,COMPLETED,REF-LOC-OUT-0001828,ACC-R3182-001,OUTWARD,R3182,2026-04-17 15:03:00,RET-BEN-000183,770200000001,303.00,303.00,UTILITY_PAYMENT,Utility Bill Payment,FTS,AE070330000220000000183,0.00,[]
LOC-OUT-0001830,QUOTE-LOC-OUT-0001830,COMPLETED,REF-LOC-OUT-0001830,ACC-R3182-001,OUTWARD,R3182,2026-05-20 15:03:00,RET-BEN-000183,770200000001,314.00,314.00,UTILITY_PAYMENT,Utility Bill Payment,FTS,AE070330000220000000183,0.00,[]
LOC-OUT-0001832,QUOTE-LOC-OUT-0001832,COMPLETED,REF-LOC-OUT-0001832,ACC-R3183-001,OUTWARD,R3183,2026-01-15 16:04:00,RET-BEN-000184,770200000001,287.00,287.00,UTILITY_PAYMENT,Utility Bill Payment,FTS,AE070330000220000000184,0.00,[]
LOC-OUT-0001834,QUOTE-LOC-OUT-0001834,COMPLETED,REF-LOC-OUT-0001834,ACC-R3183-001,OUTWARD,R3183,2026-02-18 16:04:00,RET-BEN-000184,770200000001,298.00,298.00,UTILITY_PAYMENT,Utility Bill Payment,FTS,AE070330000220000000184,0.00,[]
LOC-OUT-0001836,QUOTE-LOC-OUT-0001836,COMPLETED,REF-LOC-OUT-0001836,ACC-R3183-001,OUTWARD,R3183,2026-03-21 16:04:00,RET-BEN-000184,770200000001,309.00,309.00,UTILITY_PAYMENT,Utility Bill Payment,FTS,AE070330000220000000184,0.00,[]
LOC-OUT-0001838,QUOTE-LOC-OUT-0001838,COMPLETED,REF-LOC-OUT-0001838,ACC-R3183-001,OUTWARD,R3183,2026-04-24 16:04:00,RET-BEN-000184,770200000001,320.00,320.00,UTILITY_PAYMENT,Utility Bill Payment,FTS,AE070330000220000000184,0.00,[]
LOC-OUT-0001840,QUOTE-LOC-OUT-0001840,COMPLETED,REF-LOC-OUT-0001840,ACC-R3183-001,OUTWARD,R3183,2026-05-05 16:04:00,RET-BEN-000184,770200000001,331.00,331.00,UTILITY_PAYMENT,Utility Bill Payment,FTS,AE070330000220000000184,0.00,[]
LOC-OUT-0001842,QUOTE-LOC-OUT-0001842,COMPLETED,REF-LOC-OUT-0001842,ACC-R3184-001,OUTWARD,R3184,2026-01-22 17:05:00,RET-BEN-000185,770200000001,304.00,304.00,UTILITY_PAYMENT,Utility Bill Payment,FTS,AE070330000220000000185,0.00,[]
LOC-OUT-0001844,QUOTE-LOC-OUT-0001844,COMPLETED,REF-LOC-OUT-0001844,ACC-R3184-001,OUTWARD,R3184,2026-02-03 17:05:00,RET-BEN-000185,770200000001,315.00,315.00,UTILITY_PAYMENT,Utility Bill Payment,FTS,AE070330000220000000185,0.00,[]
LOC-OUT-0001846,QUOTE-LOC-OUT-0001846,COMPLETED,REF-LOC-OUT-0001846,ACC-R3184-001,OUTWARD,R3184,2026-03-06 17:05:00,RET-BEN-000185,770200000001,326.00,326.00,UTILITY_PAYMENT,Utility Bill Payment,FTS,AE070330000220000000185,0.00,[]
LOC-OUT-0001848,QUOTE-LOC-OUT-0001848,COMPLETED,REF-LOC-OUT-0001848,ACC-R3184-001,OUTWARD,R3184,2026-04-09 17:05:00,RET-BEN-000185,770200000001,337.00,337.00,UTILITY_PAYMENT,Utility Bill Payment,FTS,AE070330000220000000185,0.00,[]
LOC-OUT-0001850,QUOTE-LOC-OUT-0001850,COMPLETED,REF-LOC-OUT-0001850,ACC-R3184-001,OUTWARD,R3184,2026-05-12 17:05:00,RET-BEN-000185,770200000001,348.00,348.00,UTILITY_PAYMENT,Utility Bill Payment,FTS,AE070330000220000000185,0.00,[]
LOC-OUT-0001852,QUOTE-LOC-OUT-0001852,COMPLETED,REF-LOC-OUT-0001852,ACC-R3185-001,OUTWARD,R3185,2026-01-07 18:06:00,RET-BEN-000186,770200000001,321.00,321.00,UTILITY_PAYMENT,Utility Bill Payment,FTS,AE070330000220000000186,0.00,[]
LOC-OUT-0001854,QUOTE-LOC-OUT-0001854,COMPLETED,REF-LOC-OUT-0001854,ACC-R3185-001,OUTWARD,R3185,2026-02-10 18:06:00,RET-BEN-000186,770200000001,332.00,332.00,UTILITY_PAYMENT,Utility Bill Payment,FTS,AE070330000220000000186,0.00,[]
LOC-OUT-0001856,QUOTE-LOC-OUT-0001856,COMPLETED,REF-LOC-OUT-0001856,ACC-R3185-001,OUTWARD,R3185,2026-03-13 18:06:00,RET-BEN-000186,770200000001,343.00,343.00,UTILITY_PAYMENT,Utility Bill Payment,FTS,AE070330000220000000186,0.00,[]
LOC-OUT-0001858,QUOTE-LOC-OUT-0001858,COMPLETED,REF-LOC-OUT-0001858,ACC-R3185-001,OUTWARD,R3185,2026-04-16 18:06:00,RET-BEN-000186,770200000001,88.00,88.00,UTILITY_PAYMENT,Utility Bill Payment,FTS,AE070330000220000000186,0.00,[]
LOC-OUT-0001860,QUOTE-LOC-OUT-0001860,COMPLETED,REF-LOC-OUT-0001860,ACC-R3185-001,OUTWARD,R3185,2026-05-19 18:06:00,RET-BEN-000186,770200000001,99.00,99.00,UTILITY_PAYMENT,Utility Bill Payment,FTS,AE070330000220000000186,0.00,[]
LOC-OUT-0001862,QUOTE-LOC-OUT-0001862,COMPLETED,REF-LOC-OUT-0001862,ACC-R3186-001,OUTWARD,R3186,2026-01-14 08:07:00,RET-BEN-000187,770200000001,338.00,338.00,UTILITY_PAYMENT,Utility Bill Payment,FTS,AE070330000220000000187,0.00,[]
LOC-OUT-0001864,QUOTE-LOC-OUT-0001864,COMPLETED,REF-LOC-OUT-0001864,ACC-R3186-001,OUTWARD,R3186,2026-02-17 08:07:00,RET-BEN-000187,770200000001,349.00,349.00,UTILITY_PAYMENT,Utility Bill Payment,FTS,AE070330000220000000187,0.00,[]
LOC-OUT-0001866,QUOTE-LOC-OUT-0001866,COMPLETED,REF-LOC-OUT-0001866,ACC-R3186-001,OUTWARD,R3186,2026-03-20 08:07:00,RET-BEN-000187,770200000001,94.00,94.00,UTILITY_PAYMENT,Utility Bill Payment,FTS,AE070330000220000000187,0.00,[]
LOC-OUT-0001868,QUOTE-LOC-OUT-0001868,COMPLETED,REF-LOC-OUT-0001868,ACC-R3186-001,OUTWARD,R3186,2026-04-23 08:07:00,RET-BEN-000187,770200000001,105.00,105.00,UTILITY_PAYMENT,Utility Bill Payment,FTS,AE070330000220000000187,0.00,[]
LOC-OUT-0001870,QUOTE-LOC-OUT-0001870,COMPLETED,REF-LOC-OUT-0001870,ACC-R3186-001,OUTWARD,R3186,2026-05-04 08:07:00,RET-BEN-000187,770200000001,116.00,116.00,UTILITY_PAYMENT,Utility Bill Payment,FTS,AE070330000220000000187,0.00,[]
LOC-OUT-0001872,QUOTE-LOC-OUT-0001872,COMPLETED,REF-LOC-OUT-0001872,ACC-R3187-001,OUTWARD,R3187,2026-01-21 09:08:00,RET-BEN-000188,770200000001,89.00,89.00,UTILITY_PAYMENT,Utility Bill Payment,FTS,AE070330000220000000188,0.00,[]
LOC-OUT-0001874,QUOTE-LOC-OUT-0001874,COMPLETED,REF-LOC-OUT-0001874,ACC-R3187-001,OUTWARD,R3187,2026-02-24 09:08:00,RET-BEN-000188,770200000001,100.00,100.00,UTILITY_PAYMENT,Utility Bill Payment,FTS,AE070330000220000000188,0.00,[]
LOC-OUT-0001876,QUOTE-LOC-OUT-0001876,COMPLETED,REF-LOC-OUT-0001876,ACC-R3187-001,OUTWARD,R3187,2026-03-05 09:08:00,RET-BEN-000188,770200000001,111.00,111.00,UTILITY_PAYMENT,Utility Bill Payment,FTS,AE070330000220000000188,0.00,[]
LOC-OUT-0001878,QUOTE-LOC-OUT-0001878,COMPLETED,REF-LOC-OUT-0001878,ACC-R3187-001,OUTWARD,R3187,2026-04-08 09:08:00,RET-BEN-000188,770200000001,122.00,122.00,UTILITY_PAYMENT,Utility Bill Payment,FTS,AE070330000220000000188,0.00,[]
LOC-OUT-0001880,QUOTE-LOC-OUT-0001880,COMPLETED,REF-LOC-OUT-0001880,ACC-R3187-001,OUTWARD,R3187,2026-05-11 09:08:00,RET-BEN-000188,770200000001,133.00,133.00,UTILITY_PAYMENT,Utility Bill Payment,FTS,AE070330000220000000188,0.00,[]
LOC-OUT-0001882,QUOTE-LOC-OUT-0001882,COMPLETED,REF-LOC-OUT-0001882,ACC-R3188-001,OUTWARD,R3188,2026-01-06 10:09:00,RET-BEN-000189,770200000001,106.00,106.00,UTILITY_PAYMENT,Utility Bill Payment,FTS,AE070330000220000000189,0.00,[]
LOC-OUT-0001884,QUOTE-LOC-OUT-0001884,COMPLETED,REF-LOC-OUT-0001884,ACC-R3188-001,OUTWARD,R3188,2026-02-09 10:09:00,RET-BEN-000189,770200000001,117.00,117.00,UTILITY_PAYMENT,Utility Bill Payment,FTS,AE070330000220000000189,0.00,[]
LOC-OUT-0001886,QUOTE-LOC-OUT-0001886,COMPLETED,REF-LOC-OUT-0001886,ACC-R3188-001,OUTWARD,R3188,2026-03-12 10:09:00,RET-BEN-000189,770200000001,128.00,128.00,UTILITY_PAYMENT,Utility Bill Payment,FTS,AE070330000220000000189,0.00,[]
LOC-OUT-0001888,QUOTE-LOC-OUT-0001888,COMPLETED,REF-LOC-OUT-0001888,ACC-R3188-001,OUTWARD,R3188,2026-04-15 10:09:00,RET-BEN-000189,770200000001,139.00,139.00,UTILITY_PAYMENT,Utility Bill Payment,FTS,AE070330000220000000189,0.00,[]
LOC-OUT-0001890,QUOTE-LOC-OUT-0001890,COMPLETED,REF-LOC-OUT-0001890,ACC-R3188-001,OUTWARD,R3188,2026-05-18 10:09:00,RET-BEN-000189,770200000001,150.00,150.00,UTILITY_PAYMENT,Utility Bill Payment,FTS,AE070330000220000000189,0.00,[]
LOC-OUT-0001892,QUOTE-LOC-OUT-0001892,COMPLETED,REF-LOC-OUT-0001892,ACC-R3189-001,OUTWARD,R3189,2026-01-13 11:10:00,RET-BEN-000190,770200000001,123.00,123.00,UTILITY_PAYMENT,Utility Bill Payment,FTS,AE070330000220000000190,0.00,[]
LOC-OUT-0001894,QUOTE-LOC-OUT-0001894,COMPLETED,REF-LOC-OUT-0001894,ACC-R3189-001,OUTWARD,R3189,2026-02-16 11:10:00,RET-BEN-000190,770200000001,134.00,134.00,UTILITY_PAYMENT,Utility Bill Payment,FTS,AE070330000220000000190,0.00,[]
LOC-OUT-0001896,QUOTE-LOC-OUT-0001896,COMPLETED,REF-LOC-OUT-0001896,ACC-R3189-001,OUTWARD,R3189,2026-03-19 11:10:00,RET-BEN-000190,770200000001,145.00,145.00,UTILITY_PAYMENT,Utility Bill Payment,FTS,AE070330000220000000190,0.00,[]
LOC-OUT-0001898,QUOTE-LOC-OUT-0001898,COMPLETED,REF-LOC-OUT-0001898,ACC-R3189-001,OUTWARD,R3189,2026-04-22 11:10:00,RET-BEN-000190,770200000001,156.00,156.00,UTILITY_PAYMENT,Utility Bill Payment,FTS,AE070330000220000000190,0.00,[]
LOC-OUT-0001900,QUOTE-LOC-OUT-0001900,COMPLETED,REF-LOC-OUT-0001900,ACC-R3189-001,OUTWARD,R3189,2026-05-03 11:10:00,RET-BEN-000190,770200000001,167.00,167.00,UTILITY_PAYMENT,Utility Bill Payment,FTS,AE070330000220000000190,0.00,[]
LOC-OUT-0001902,QUOTE-LOC-OUT-0001902,COMPLETED,REF-LOC-OUT-0001902,ACC-R3190-001,OUTWARD,R3190,2026-01-20 12:11:00,RET-BEN-000191,770200000001,140.00,140.00,UTILITY_PAYMENT,Utility Bill Payment,FTS,AE070330000220000000191,0.00,[]
LOC-OUT-0001904,QUOTE-LOC-OUT-0001904,COMPLETED,REF-LOC-OUT-0001904,ACC-R3190-001,OUTWARD,R3190,2026-02-23 12:11:00,RET-BEN-000191,770200000001,151.00,151.00,UTILITY_PAYMENT,Utility Bill Payment,FTS,AE070330000220000000191,0.00,[]
LOC-OUT-0001906,QUOTE-LOC-OUT-0001906,COMPLETED,REF-LOC-OUT-0001906,ACC-R3190-001,OUTWARD,R3190,2026-03-04 12:11:00,RET-BEN-000191,770200000001,162.00,162.00,UTILITY_PAYMENT,Utility Bill Payment,FTS,AE070330000220000000191,0.00,[]
LOC-OUT-0001908,QUOTE-LOC-OUT-0001908,COMPLETED,REF-LOC-OUT-0001908,ACC-R3190-001,OUTWARD,R3190,2026-04-07 12:11:00,RET-BEN-000191,770200000001,173.00,173.00,UTILITY_PAYMENT,Utility Bill Payment,FTS,AE070330000220000000191,0.00,[]
LOC-OUT-0001910,QUOTE-LOC-OUT-0001910,COMPLETED,REF-LOC-OUT-0001910,ACC-R3190-001,OUTWARD,R3190,2026-05-10 12:11:00,RET-BEN-000191,770200000001,184.00,184.00,UTILITY_PAYMENT,Utility Bill Payment,FTS,AE070330000220000000191,0.00,[]
LOC-OUT-0001912,QUOTE-LOC-OUT-0001912,COMPLETED,REF-LOC-OUT-0001912,ACC-R3191-001,OUTWARD,R3191,2026-01-05 13:12:00,RET-BEN-000192,770200000001,157.00,157.00,UTILITY_PAYMENT,Utility Bill Payment,FTS,AE070330000220000000192,0.00,[]
LOC-OUT-0001914,QUOTE-LOC-OUT-0001914,COMPLETED,REF-LOC-OUT-0001914,ACC-R3191-001,OUTWARD,R3191,2026-02-08 13:12:00,RET-BEN-000192,770200000001,168.00,168.00,UTILITY_PAYMENT,Utility Bill Payment,FTS,AE070330000220000000192,0.00,[]
LOC-OUT-0001916,QUOTE-LOC-OUT-0001916,COMPLETED,REF-LOC-OUT-0001916,ACC-R3191-001,OUTWARD,R3191,2026-03-11 13:12:00,RET-BEN-000192,770200000001,179.00,179.00,UTILITY_PAYMENT,Utility Bill Payment,FTS,AE070330000220000000192,0.00,[]
LOC-OUT-0001918,QUOTE-LOC-OUT-0001918,COMPLETED,REF-LOC-OUT-0001918,ACC-R3191-001,OUTWARD,R3191,2026-04-14 13:12:00,RET-BEN-000192,770200000001,190.00,190.00,UTILITY_PAYMENT,Utility Bill Payment,FTS,AE070330000220000000192,0.00,[]
LOC-OUT-0001920,QUOTE-LOC-OUT-0001920,COMPLETED,REF-LOC-OUT-0001920,ACC-R3191-001,OUTWARD,R3191,2026-05-17 13:12:00,RET-BEN-000192,770200000001,201.00,201.00,UTILITY_PAYMENT,Utility Bill Payment,FTS,AE070330000220000000192,0.00,[]
LOC-OUT-0001922,QUOTE-LOC-OUT-0001922,COMPLETED,REF-LOC-OUT-0001922,ACC-R3192-001,OUTWARD,R3192,2026-01-12 14:13:00,RET-BEN-000193,770200000001,174.00,174.00,UTILITY_PAYMENT,Utility Bill Payment,FTS,AE070330000220000000193,0.00,[]
LOC-OUT-0001924,QUOTE-LOC-OUT-0001924,COMPLETED,REF-LOC-OUT-0001924,ACC-R3192-001,OUTWARD,R3192,2026-02-15 14:13:00,RET-BEN-000193,770200000001,185.00,185.00,UTILITY_PAYMENT,Utility Bill Payment,FTS,AE070330000220000000193,0.00,[]
LOC-OUT-0001926,QUOTE-LOC-OUT-0001926,COMPLETED,REF-LOC-OUT-0001926,ACC-R3192-001,OUTWARD,R3192,2026-03-18 14:13:00,RET-BEN-000193,770200000001,196.00,196.00,UTILITY_PAYMENT,Utility Bill Payment,FTS,AE070330000220000000193,0.00,[]
LOC-OUT-0001928,QUOTE-LOC-OUT-0001928,COMPLETED,REF-LOC-OUT-0001928,ACC-R3192-001,OUTWARD,R3192,2026-04-21 14:13:00,RET-BEN-000193,770200000001,207.00,207.00,UTILITY_PAYMENT,Utility Bill Payment,FTS,AE070330000220000000193,0.00,[]
LOC-OUT-0001930,QUOTE-LOC-OUT-0001930,COMPLETED,REF-LOC-OUT-0001930,ACC-R3192-001,OUTWARD,R3192,2026-05-24 14:13:00,RET-BEN-000193,770200000001,218.00,218.00,UTILITY_PAYMENT,Utility Bill Payment,FTS,AE070330000220000000193,0.00,[]
LOC-OUT-0001932,QUOTE-LOC-OUT-0001932,COMPLETED,REF-LOC-OUT-0001932,ACC-R3193-001,OUTWARD,R3193,2026-01-19 15:14:00,RET-BEN-000194,770200000001,191.00,191.00,UTILITY_PAYMENT,Utility Bill Payment,FTS,AE070330000220000000194,0.00,[]
LOC-OUT-0001934,QUOTE-LOC-OUT-0001934,COMPLETED,REF-LOC-OUT-0001934,ACC-R3193-001,OUTWARD,R3193,2026-02-22 15:14:00,RET-BEN-000194,770200000001,202.00,202.00,UTILITY_PAYMENT,Utility Bill Payment,FTS,AE070330000220000000194,0.00,[]
LOC-OUT-0001936,QUOTE-LOC-OUT-0001936,COMPLETED,REF-LOC-OUT-0001936,ACC-R3193-001,OUTWARD,R3193,2026-03-03 15:14:00,RET-BEN-000194,770200000001,213.00,213.00,UTILITY_PAYMENT,Utility Bill Payment,FTS,AE070330000220000000194,0.00,[]
LOC-OUT-0001938,QUOTE-LOC-OUT-0001938,COMPLETED,REF-LOC-OUT-0001938,ACC-R3193-001,OUTWARD,R3193,2026-04-06 15:14:00,RET-BEN-000194,770200000001,224.00,224.00,UTILITY_PAYMENT,Utility Bill Payment,FTS,AE070330000220000000194,0.00,[]
LOC-OUT-0001940,QUOTE-LOC-OUT-0001940,COMPLETED,REF-LOC-OUT-0001940,ACC-R3193-001,OUTWARD,R3193,2026-05-09 15:14:00,RET-BEN-000194,770200000001,235.00,235.00,UTILITY_PAYMENT,Utility Bill Payment,FTS,AE070330000220000000194,0.00,[]
LOC-OUT-0001942,QUOTE-LOC-OUT-0001942,COMPLETED,REF-LOC-OUT-0001942,ACC-R3194-001,OUTWARD,R3194,2026-01-04 16:15:00,RET-BEN-000195,770200000001,208.00,208.00,UTILITY_PAYMENT,Utility Bill Payment,FTS,AE070330000220000000195,0.00,[]
LOC-OUT-0001944,QUOTE-LOC-OUT-0001944,COMPLETED,REF-LOC-OUT-0001944,ACC-R3194-001,OUTWARD,R3194,2026-02-07 16:15:00,RET-BEN-000195,770200000001,219.00,219.00,UTILITY_PAYMENT,Utility Bill Payment,FTS,AE070330000220000000195,0.00,[]
LOC-OUT-0001946,QUOTE-LOC-OUT-0001946,COMPLETED,REF-LOC-OUT-0001946,ACC-R3194-001,OUTWARD,R3194,2026-03-10 16:15:00,RET-BEN-000195,770200000001,230.00,230.00,UTILITY_PAYMENT,Utility Bill Payment,FTS,AE070330000220000000195,0.00,[]
LOC-OUT-0001948,QUOTE-LOC-OUT-0001948,COMPLETED,REF-LOC-OUT-0001948,ACC-R3194-001,OUTWARD,R3194,2026-04-13 16:15:00,RET-BEN-000195,770200000001,241.00,241.00,UTILITY_PAYMENT,Utility Bill Payment,FTS,AE070330000220000000195,0.00,[]
LOC-OUT-0001950,QUOTE-LOC-OUT-0001950,COMPLETED,REF-LOC-OUT-0001950,ACC-R3194-001,OUTWARD,R3194,2026-05-16 16:15:00,RET-BEN-000195,770200000001,252.00,252.00,UTILITY_PAYMENT,Utility Bill Payment,FTS,AE070330000220000000195,0.00,[]
LOC-OUT-0001952,QUOTE-LOC-OUT-0001952,COMPLETED,REF-LOC-OUT-0001952,ACC-R3195-001,OUTWARD,R3195,2026-01-11 17:16:00,RET-BEN-000196,770200000001,225.00,225.00,UTILITY_PAYMENT,Utility Bill Payment,FTS,AE070330000220000000196,0.00,[]
LOC-OUT-0001954,QUOTE-LOC-OUT-0001954,COMPLETED,REF-LOC-OUT-0001954,ACC-R3195-001,OUTWARD,R3195,2026-02-14 17:16:00,RET-BEN-000196,770200000001,236.00,236.00,UTILITY_PAYMENT,Utility Bill Payment,FTS,AE070330000220000000196,0.00,[]
LOC-OUT-0001956,QUOTE-LOC-OUT-0001956,COMPLETED,REF-LOC-OUT-0001956,ACC-R3195-001,OUTWARD,R3195,2026-03-17 17:16:00,RET-BEN-000196,770200000001,247.00,247.00,UTILITY_PAYMENT,Utility Bill Payment,FTS,AE070330000220000000196,0.00,[]
LOC-OUT-0001958,QUOTE-LOC-OUT-0001958,COMPLETED,REF-LOC-OUT-0001958,ACC-R3195-001,OUTWARD,R3195,2026-04-20 17:16:00,RET-BEN-000196,770200000001,258.00,258.00,UTILITY_PAYMENT,Utility Bill Payment,FTS,AE070330000220000000196,0.00,[]
LOC-OUT-0001960,QUOTE-LOC-OUT-0001960,COMPLETED,REF-LOC-OUT-0001960,ACC-R3195-001,OUTWARD,R3195,2026-05-23 17:16:00,RET-BEN-000196,770200000001,269.00,269.00,UTILITY_PAYMENT,Utility Bill Payment,FTS,AE070330000220000000196,0.00,[]
LOC-OUT-0001962,QUOTE-LOC-OUT-0001962,COMPLETED,REF-LOC-OUT-0001962,ACC-R3196-001,OUTWARD,R3196,2026-01-18 18:17:00,RET-BEN-000197,770200000001,242.00,242.00,UTILITY_PAYMENT,Utility Bill Payment,FTS,AE070330000220000000197,0.00,[]
LOC-OUT-0001964,QUOTE-LOC-OUT-0001964,COMPLETED,REF-LOC-OUT-0001964,ACC-R3196-001,OUTWARD,R3196,2026-02-21 18:17:00,RET-BEN-000197,770200000001,253.00,253.00,UTILITY_PAYMENT,Utility Bill Payment,FTS,AE070330000220000000197,0.00,[]
LOC-OUT-0001966,QUOTE-LOC-OUT-0001966,COMPLETED,REF-LOC-OUT-0001966,ACC-R3196-001,OUTWARD,R3196,2026-03-24 18:17:00,RET-BEN-000197,770200000001,264.00,264.00,UTILITY_PAYMENT,Utility Bill Payment,FTS,AE070330000220000000197,0.00,[]
LOC-OUT-0001968,QUOTE-LOC-OUT-0001968,COMPLETED,REF-LOC-OUT-0001968,ACC-R3196-001,OUTWARD,R3196,2026-04-05 18:17:00,RET-BEN-000197,770200000001,275.00,275.00,UTILITY_PAYMENT,Utility Bill Payment,FTS,AE070330000220000000197,0.00,[]
LOC-OUT-0001970,QUOTE-LOC-OUT-0001970,COMPLETED,REF-LOC-OUT-0001970,ACC-R3196-001,OUTWARD,R3196,2026-05-08 18:17:00,RET-BEN-000197,770200000001,286.00,286.00,UTILITY_PAYMENT,Utility Bill Payment,FTS,AE070330000220000000197,0.00,[]
LOC-OUT-0001972,QUOTE-LOC-OUT-0001972,COMPLETED,REF-LOC-OUT-0001972,ACC-R3197-001,OUTWARD,R3197,2026-01-03 08:18:00,RET-BEN-000198,770200000001,259.00,259.00,UTILITY_PAYMENT,Utility Bill Payment,FTS,AE070330000220000000198,0.00,[]
LOC-OUT-0001974,QUOTE-LOC-OUT-0001974,COMPLETED,REF-LOC-OUT-0001974,ACC-R3197-001,OUTWARD,R3197,2026-02-06 08:18:00,RET-BEN-000198,770200000001,270.00,270.00,UTILITY_PAYMENT,Utility Bill Payment,FTS,AE070330000220000000198,0.00,[]
LOC-OUT-0001976,QUOTE-LOC-OUT-0001976,COMPLETED,REF-LOC-OUT-0001976,ACC-R3197-001,OUTWARD,R3197,2026-03-09 08:18:00,RET-BEN-000198,770200000001,281.00,281.00,UTILITY_PAYMENT,Utility Bill Payment,FTS,AE070330000220000000198,0.00,[]
LOC-OUT-0001978,QUOTE-LOC-OUT-0001978,COMPLETED,REF-LOC-OUT-0001978,ACC-R3197-001,OUTWARD,R3197,2026-04-12 08:18:00,RET-BEN-000198,770200000001,292.00,292.00,UTILITY_PAYMENT,Utility Bill Payment,FTS,AE070330000220000000198,0.00,[]
LOC-OUT-0001980,QUOTE-LOC-OUT-0001980,COMPLETED,REF-LOC-OUT-0001980,ACC-R3197-001,OUTWARD,R3197,2026-05-15 08:18:00,RET-BEN-000198,770200000001,303.00,303.00,UTILITY_PAYMENT,Utility Bill Payment,FTS,AE070330000220000000198,0.00,[]
LOC-OUT-0001982,QUOTE-LOC-OUT-0001982,COMPLETED,REF-LOC-OUT-0001982,ACC-R3198-001,OUTWARD,R3198,2026-01-10 09:19:00,RET-BEN-000199,770200000001,276.00,276.00,UTILITY_PAYMENT,Utility Bill Payment,FTS,AE070330000220000000199,0.00,[]
LOC-OUT-0001984,QUOTE-LOC-OUT-0001984,COMPLETED,REF-LOC-OUT-0001984,ACC-R3198-001,OUTWARD,R3198,2026-02-13 09:19:00,RET-BEN-000199,770200000001,287.00,287.00,UTILITY_PAYMENT,Utility Bill Payment,FTS,AE070330000220000000199,0.00,[]
LOC-OUT-0001986,QUOTE-LOC-OUT-0001986,COMPLETED,REF-LOC-OUT-0001986,ACC-R3198-001,OUTWARD,R3198,2026-03-16 09:19:00,RET-BEN-000199,770200000001,298.00,298.00,UTILITY_PAYMENT,Utility Bill Payment,FTS,AE070330000220000000199,0.00,[]
LOC-OUT-0001988,QUOTE-LOC-OUT-0001988,COMPLETED,REF-LOC-OUT-0001988,ACC-R3198-001,OUTWARD,R3198,2026-04-19 09:19:00,RET-BEN-000199,770200000001,309.00,309.00,UTILITY_PAYMENT,Utility Bill Payment,FTS,AE070330000220000000199,0.00,[]
LOC-OUT-0001990,QUOTE-LOC-OUT-0001990,COMPLETED,REF-LOC-OUT-0001990,ACC-R3198-001,OUTWARD,R3198,2026-05-22 09:19:00,RET-BEN-000199,770200000001,320.00,320.00,UTILITY_PAYMENT,Utility Bill Payment,FTS,AE070330000220000000199,0.00,[]
LOC-OUT-0001992,QUOTE-LOC-OUT-0001992,COMPLETED,REF-LOC-OUT-0001992,ACC-R3199-001,OUTWARD,R3199,2026-01-17 10:20:00,RET-BEN-000200,770200000001,293.00,293.00,UTILITY_PAYMENT,Utility Bill Payment,FTS,AE070330000220000000200,0.00,[]
LOC-OUT-0001994,QUOTE-LOC-OUT-0001994,COMPLETED,REF-LOC-OUT-0001994,ACC-R3199-001,OUTWARD,R3199,2026-02-20 10:20:00,RET-BEN-000200,770200000001,304.00,304.00,UTILITY_PAYMENT,Utility Bill Payment,FTS,AE070330000220000000200,0.00,[]
LOC-OUT-0001996,QUOTE-LOC-OUT-0001996,COMPLETED,REF-LOC-OUT-0001996,ACC-R3199-001,OUTWARD,R3199,2026-03-23 10:20:00,RET-BEN-000200,770200000001,315.00,315.00,UTILITY_PAYMENT,Utility Bill Payment,FTS,AE070330000220000000200,0.00,[]
LOC-OUT-0001998,QUOTE-LOC-OUT-0001998,COMPLETED,REF-LOC-OUT-0001998,ACC-R3199-001,OUTWARD,R3199,2026-04-04 10:20:00,RET-BEN-000200,770200000001,326.00,326.00,UTILITY_PAYMENT,Utility Bill Payment,FTS,AE070330000220000000200,0.00,[]
LOC-OUT-0002000,QUOTE-LOC-OUT-0002000,COMPLETED,REF-LOC-OUT-0002000,ACC-R3199-001,OUTWARD,R3199,2026-05-07 10:20:00,RET-BEN-000200,770200000001,337.00,337.00,UTILITY_PAYMENT,Utility Bill Payment,FTS,AE070330000220000000200,0.00,[]
LOC-OUT-0002002,QUOTE-LOC-OUT-0002002,COMPLETED,REF-LOC-OUT-0002002,ACC-R3200-001,OUTWARD,R3200,2026-01-24 11:21:00,RET-BEN-000201,770200000001,310.00,310.00,UTILITY_PAYMENT,Utility Bill Payment,FTS,AE070330000220000000201,0.00,[]
LOC-OUT-0002004,QUOTE-LOC-OUT-0002004,COMPLETED,REF-LOC-OUT-0002004,ACC-R3200-001,OUTWARD,R3200,2026-02-05 11:21:00,RET-BEN-000201,770200000001,321.00,321.00,UTILITY_PAYMENT,Utility Bill Payment,FTS,AE070330000220000000201,0.00,[]
LOC-OUT-0002006,QUOTE-LOC-OUT-0002006,COMPLETED,REF-LOC-OUT-0002006,ACC-R3200-001,OUTWARD,R3200,2026-03-08 11:21:00,RET-BEN-000201,770200000001,332.00,332.00,UTILITY_PAYMENT,Utility Bill Payment,FTS,AE070330000220000000201,0.00,[]
LOC-OUT-0002008,QUOTE-LOC-OUT-0002008,COMPLETED,REF-LOC-OUT-0002008,ACC-R3200-001,OUTWARD,R3200,2026-04-11 11:21:00,RET-BEN-000201,770200000001,343.00,343.00,UTILITY_PAYMENT,Utility Bill Payment,FTS,AE070330000220000000201,0.00,[]
LOC-OUT-0002010,QUOTE-LOC-OUT-0002010,COMPLETED,REF-LOC-OUT-0002010,ACC-R3200-001,OUTWARD,R3200,2026-05-14 11:21:00,RET-BEN-000201,770200000001,88.00,88.00,UTILITY_PAYMENT,Utility Bill Payment,FTS,AE070330000220000000201,0.00,[]
LOC-OUT-0002012,QUOTE-LOC-OUT-0002012,COMPLETED,REF-LOC-OUT-0002012,ACC-R3201-001,OUTWARD,R3201,2026-01-09 12:22:00,RET-BEN-000202,770200000001,327.00,327.00,UTILITY_PAYMENT,Utility Bill Payment,FTS,AE070330000220000000202,0.00,[]
LOC-OUT-0002014,QUOTE-LOC-OUT-0002014,COMPLETED,REF-LOC-OUT-0002014,ACC-R3201-001,OUTWARD,R3201,2026-02-12 12:22:00,RET-BEN-000202,770200000001,338.00,338.00,UTILITY_PAYMENT,Utility Bill Payment,FTS,AE070330000220000000202,0.00,[]
LOC-OUT-0002016,QUOTE-LOC-OUT-0002016,COMPLETED,REF-LOC-OUT-0002016,ACC-R3201-001,OUTWARD,R3201,2026-03-15 12:22:00,RET-BEN-000202,770200000001,349.00,349.00,UTILITY_PAYMENT,Utility Bill Payment,FTS,AE070330000220000000202,0.00,[]
LOC-OUT-0002018,QUOTE-LOC-OUT-0002018,COMPLETED,REF-LOC-OUT-0002018,ACC-R3201-001,OUTWARD,R3201,2026-04-18 12:22:00,RET-BEN-000202,770200000001,94.00,94.00,UTILITY_PAYMENT,Utility Bill Payment,FTS,AE070330000220000000202,0.00,[]
LOC-OUT-0002020,QUOTE-LOC-OUT-0002020,COMPLETED,REF-LOC-OUT-0002020,ACC-R3201-001,OUTWARD,R3201,2026-05-21 12:22:00,RET-BEN-000202,770200000001,105.00,105.00,UTILITY_PAYMENT,Utility Bill Payment,FTS,AE070330000220000000202,0.00,[]
LOC-OUT-0002022,QUOTE-LOC-OUT-0002022,COMPLETED,REF-LOC-OUT-0002022,ACC-R3202-001,OUTWARD,R3202,2026-01-16 13:23:00,RET-BEN-000203,770200000001,344.00,344.00,UTILITY_PAYMENT,Utility Bill Payment,FTS,AE070330000220000000203,0.00,[]
LOC-OUT-0002024,QUOTE-LOC-OUT-0002024,COMPLETED,REF-LOC-OUT-0002024,ACC-R3202-001,OUTWARD,R3202,2026-02-19 13:23:00,RET-BEN-000203,770200000001,89.00,89.00,UTILITY_PAYMENT,Utility Bill Payment,FTS,AE070330000220000000203,0.00,[]
LOC-OUT-0002026,QUOTE-LOC-OUT-0002026,COMPLETED,REF-LOC-OUT-0002026,ACC-R3202-001,OUTWARD,R3202,2026-03-22 13:23:00,RET-BEN-000203,770200000001,100.00,100.00,UTILITY_PAYMENT,Utility Bill Payment,FTS,AE070330000220000000203,0.00,[]
LOC-OUT-0002028,QUOTE-LOC-OUT-0002028,COMPLETED,REF-LOC-OUT-0002028,ACC-R3202-001,OUTWARD,R3202,2026-04-03 13:23:00,RET-BEN-000203,770200000001,111.00,111.00,UTILITY_PAYMENT,Utility Bill Payment,FTS,AE070330000220000000203,0.00,[]
LOC-OUT-0002030,QUOTE-LOC-OUT-0002030,COMPLETED,REF-LOC-OUT-0002030,ACC-R3202-001,OUTWARD,R3202,2026-05-06 13:23:00,RET-BEN-000203,770200000001,122.00,122.00,UTILITY_PAYMENT,Utility Bill Payment,FTS,AE070330000220000000203,0.00,[]
LOC-OUT-0002032,QUOTE-LOC-OUT-0002032,COMPLETED,REF-LOC-OUT-0002032,ACC-R3203-001,OUTWARD,R3203,2026-01-23 14:24:00,RET-BEN-000204,770200000001,95.00,95.00,UTILITY_PAYMENT,Utility Bill Payment,FTS,AE070330000220000000204,0.00,[]
LOC-OUT-0002034,QUOTE-LOC-OUT-0002034,COMPLETED,REF-LOC-OUT-0002034,ACC-R3203-001,OUTWARD,R3203,2026-02-04 14:24:00,RET-BEN-000204,770200000001,106.00,106.00,UTILITY_PAYMENT,Utility Bill Payment,FTS,AE070330000220000000204,0.00,[]
LOC-OUT-0002036,QUOTE-LOC-OUT-0002036,COMPLETED,REF-LOC-OUT-0002036,ACC-R3203-001,OUTWARD,R3203,2026-03-07 14:24:00,RET-BEN-000204,770200000001,117.00,117.00,UTILITY_PAYMENT,Utility Bill Payment,FTS,AE070330000220000000204,0.00,[]
LOC-OUT-0002038,QUOTE-LOC-OUT-0002038,COMPLETED,REF-LOC-OUT-0002038,ACC-R3203-001,OUTWARD,R3203,2026-04-10 14:24:00,RET-BEN-000204,770200000001,128.00,128.00,UTILITY_PAYMENT,Utility Bill Payment,FTS,AE070330000220000000204,0.00,[]
LOC-OUT-0002040,QUOTE-LOC-OUT-0002040,COMPLETED,REF-LOC-OUT-0002040,ACC-R3203-001,OUTWARD,R3203,2026-05-13 14:24:00,RET-BEN-000204,770200000001,139.00,139.00,UTILITY_PAYMENT,Utility Bill Payment,FTS,AE070330000220000000204,0.00,[]
LOC-OUT-0002042,QUOTE-LOC-OUT-0002042,COMPLETED,REF-LOC-OUT-0002042,ACC-R3204-001,OUTWARD,R3204,2026-01-08 15:25:00,RET-BEN-000205,770200000001,112.00,112.00,UTILITY_PAYMENT,Utility Bill Payment,FTS,AE070330000220000000205,0.00,[]
LOC-OUT-0002044,QUOTE-LOC-OUT-0002044,COMPLETED,REF-LOC-OUT-0002044,ACC-R3204-001,OUTWARD,R3204,2026-02-11 15:25:00,RET-BEN-000205,770200000001,123.00,123.00,UTILITY_PAYMENT,Utility Bill Payment,FTS,AE070330000220000000205,0.00,[]
LOC-OUT-0002046,QUOTE-LOC-OUT-0002046,COMPLETED,REF-LOC-OUT-0002046,ACC-R3204-001,OUTWARD,R3204,2026-03-14 15:25:00,RET-BEN-000205,770200000001,134.00,134.00,UTILITY_PAYMENT,Utility Bill Payment,FTS,AE070330000220000000205,0.00,[]
LOC-OUT-0002048,QUOTE-LOC-OUT-0002048,COMPLETED,REF-LOC-OUT-0002048,ACC-R3204-001,OUTWARD,R3204,2026-04-17 15:25:00,RET-BEN-000205,770200000001,145.00,145.00,UTILITY_PAYMENT,Utility Bill Payment,FTS,AE070330000220000000205,0.00,[]
LOC-OUT-0002050,QUOTE-LOC-OUT-0002050,COMPLETED,REF-LOC-OUT-0002050,ACC-R3204-001,OUTWARD,R3204,2026-05-20 15:25:00,RET-BEN-000205,770200000001,156.00,156.00,UTILITY_PAYMENT,Utility Bill Payment,FTS,AE070330000220000000205,0.00,[]
LOC-OUT-0002052,QUOTE-LOC-OUT-0002052,COMPLETED,REF-LOC-OUT-0002052,ACC-R3205-001,OUTWARD,R3205,2026-01-15 16:26:00,RET-BEN-000206,770200000001,129.00,129.00,UTILITY_PAYMENT,Utility Bill Payment,FTS,AE070330000220000000206,0.00,[]
LOC-OUT-0002054,QUOTE-LOC-OUT-0002054,COMPLETED,REF-LOC-OUT-0002054,ACC-R3205-001,OUTWARD,R3205,2026-02-18 16:26:00,RET-BEN-000206,770200000001,140.00,140.00,UTILITY_PAYMENT,Utility Bill Payment,FTS,AE070330000220000000206,0.00,[]
LOC-OUT-0002056,QUOTE-LOC-OUT-0002056,COMPLETED,REF-LOC-OUT-0002056,ACC-R3205-001,OUTWARD,R3205,2026-03-21 16:26:00,RET-BEN-000206,770200000001,151.00,151.00,UTILITY_PAYMENT,Utility Bill Payment,FTS,AE070330000220000000206,0.00,[]
LOC-OUT-0002058,QUOTE-LOC-OUT-0002058,COMPLETED,REF-LOC-OUT-0002058,ACC-R3205-001,OUTWARD,R3205,2026-04-24 16:26:00,RET-BEN-000206,770200000001,162.00,162.00,UTILITY_PAYMENT,Utility Bill Payment,FTS,AE070330000220000000206,0.00,[]
LOC-OUT-0002060,QUOTE-LOC-OUT-0002060,COMPLETED,REF-LOC-OUT-0002060,ACC-R3205-001,OUTWARD,R3205,2026-05-05 16:26:00,RET-BEN-000206,770200000001,173.00,173.00,UTILITY_PAYMENT,Utility Bill Payment,FTS,AE070330000220000000206,0.00,[]
LOC-OUT-0002062,QUOTE-LOC-OUT-0002062,COMPLETED,REF-LOC-OUT-0002062,ACC-R3206-001,OUTWARD,R3206,2026-01-22 17:27:00,RET-BEN-000207,770200000001,146.00,146.00,UTILITY_PAYMENT,Utility Bill Payment,FTS,AE070330000220000000207,0.00,[]
LOC-OUT-0002064,QUOTE-LOC-OUT-0002064,COMPLETED,REF-LOC-OUT-0002064,ACC-R3206-001,OUTWARD,R3206,2026-02-03 17:27:00,RET-BEN-000207,770200000001,157.00,157.00,UTILITY_PAYMENT,Utility Bill Payment,FTS,AE070330000220000000207,0.00,[]
LOC-OUT-0002066,QUOTE-LOC-OUT-0002066,COMPLETED,REF-LOC-OUT-0002066,ACC-R3206-001,OUTWARD,R3206,2026-03-06 17:27:00,RET-BEN-000207,770200000001,168.00,168.00,UTILITY_PAYMENT,Utility Bill Payment,FTS,AE070330000220000000207,0.00,[]
LOC-OUT-0002068,QUOTE-LOC-OUT-0002068,COMPLETED,REF-LOC-OUT-0002068,ACC-R3206-001,OUTWARD,R3206,2026-04-09 17:27:00,RET-BEN-000207,770200000001,179.00,179.00,UTILITY_PAYMENT,Utility Bill Payment,FTS,AE070330000220000000207,0.00,[]
LOC-OUT-0002070,QUOTE-LOC-OUT-0002070,COMPLETED,REF-LOC-OUT-0002070,ACC-R3206-001,OUTWARD,R3206,2026-05-12 17:27:00,RET-BEN-000207,770200000001,190.00,190.00,UTILITY_PAYMENT,Utility Bill Payment,FTS,AE070330000220000000207,0.00,[]
LOC-OUT-0002072,QUOTE-LOC-OUT-0002072,COMPLETED,REF-LOC-OUT-0002072,ACC-R3207-001,OUTWARD,R3207,2026-01-07 18:28:00,RET-BEN-000208,770200000001,163.00,163.00,UTILITY_PAYMENT,Utility Bill Payment,FTS,AE070330000220000000208,0.00,[]
LOC-OUT-0002074,QUOTE-LOC-OUT-0002074,COMPLETED,REF-LOC-OUT-0002074,ACC-R3207-001,OUTWARD,R3207,2026-02-10 18:28:00,RET-BEN-000208,770200000001,174.00,174.00,UTILITY_PAYMENT,Utility Bill Payment,FTS,AE070330000220000000208,0.00,[]
LOC-OUT-0002076,QUOTE-LOC-OUT-0002076,COMPLETED,REF-LOC-OUT-0002076,ACC-R3207-001,OUTWARD,R3207,2026-03-13 18:28:00,RET-BEN-000208,770200000001,185.00,185.00,UTILITY_PAYMENT,Utility Bill Payment,FTS,AE070330000220000000208,0.00,[]
LOC-OUT-0002078,QUOTE-LOC-OUT-0002078,COMPLETED,REF-LOC-OUT-0002078,ACC-R3207-001,OUTWARD,R3207,2026-04-16 18:28:00,RET-BEN-000208,770200000001,196.00,196.00,UTILITY_PAYMENT,Utility Bill Payment,FTS,AE070330000220000000208,0.00,[]
LOC-OUT-0002080,QUOTE-LOC-OUT-0002080,COMPLETED,REF-LOC-OUT-0002080,ACC-R3207-001,OUTWARD,R3207,2026-05-19 18:28:00,RET-BEN-000208,770200000001,207.00,207.00,UTILITY_PAYMENT,Utility Bill Payment,FTS,AE070330000220000000208,0.00,[]
LOC-OUT-0002082,QUOTE-LOC-OUT-0002082,COMPLETED,REF-LOC-OUT-0002082,ACC-R3208-001,OUTWARD,R3208,2026-01-14 08:29:00,RET-BEN-000209,770200000001,180.00,180.00,UTILITY_PAYMENT,Utility Bill Payment,FTS,AE070330000220000000209,0.00,[]
LOC-OUT-0002084,QUOTE-LOC-OUT-0002084,COMPLETED,REF-LOC-OUT-0002084,ACC-R3208-001,OUTWARD,R3208,2026-02-17 08:29:00,RET-BEN-000209,770200000001,191.00,191.00,UTILITY_PAYMENT,Utility Bill Payment,FTS,AE070330000220000000209,0.00,[]
LOC-OUT-0002086,QUOTE-LOC-OUT-0002086,COMPLETED,REF-LOC-OUT-0002086,ACC-R3208-001,OUTWARD,R3208,2026-03-20 08:29:00,RET-BEN-000209,770200000001,202.00,202.00,UTILITY_PAYMENT,Utility Bill Payment,FTS,AE070330000220000000209,0.00,[]
LOC-OUT-0002088,QUOTE-LOC-OUT-0002088,COMPLETED,REF-LOC-OUT-0002088,ACC-R3208-001,OUTWARD,R3208,2026-04-23 08:29:00,RET-BEN-000209,770200000001,213.00,213.00,UTILITY_PAYMENT,Utility Bill Payment,FTS,AE070330000220000000209,0.00,[]
LOC-OUT-0002090,QUOTE-LOC-OUT-0002090,COMPLETED,REF-LOC-OUT-0002090,ACC-R3208-001,OUTWARD,R3208,2026-05-04 08:29:00,RET-BEN-000209,770200000001,224.00,224.00,UTILITY_PAYMENT,Utility Bill Payment,FTS,AE070330000220000000209,0.00,[]
LOC-OUT-0002092,QUOTE-LOC-OUT-0002092,COMPLETED,REF-LOC-OUT-0002092,ACC-R3209-001,OUTWARD,R3209,2026-01-21 09:30:00,RET-BEN-000210,770200000001,197.00,197.00,UTILITY_PAYMENT,Utility Bill Payment,FTS,AE070330000220000000210,0.00,[]
LOC-OUT-0002094,QUOTE-LOC-OUT-0002094,COMPLETED,REF-LOC-OUT-0002094,ACC-R3209-001,OUTWARD,R3209,2026-02-24 09:30:00,RET-BEN-000210,770200000001,208.00,208.00,UTILITY_PAYMENT,Utility Bill Payment,FTS,AE070330000220000000210,0.00,[]
LOC-OUT-0002096,QUOTE-LOC-OUT-0002096,COMPLETED,REF-LOC-OUT-0002096,ACC-R3209-001,OUTWARD,R3209,2026-03-05 09:30:00,RET-BEN-000210,770200000001,219.00,219.00,UTILITY_PAYMENT,Utility Bill Payment,FTS,AE070330000220000000210,0.00,[]
LOC-OUT-0002098,QUOTE-LOC-OUT-0002098,COMPLETED,REF-LOC-OUT-0002098,ACC-R3209-001,OUTWARD,R3209,2026-04-08 09:30:00,RET-BEN-000210,770200000001,230.00,230.00,UTILITY_PAYMENT,Utility Bill Payment,FTS,AE070330000220000000210,0.00,[]
LOC-OUT-0002100,QUOTE-LOC-OUT-0002100,COMPLETED,REF-LOC-OUT-0002100,ACC-R3209-001,OUTWARD,R3209,2026-05-11 09:30:00,RET-BEN-000210,770200000001,241.00,241.00,UTILITY_PAYMENT,Utility Bill Payment,FTS,AE070330000220000000210,0.00,[]
LOC-OUT-0002102,QUOTE-LOC-OUT-0002102,COMPLETED,REF-LOC-OUT-0002102,ACC-R3210-001,OUTWARD,R3210,2026-01-06 10:31:00,RET-BEN-000211,770200000001,214.00,214.00,UTILITY_PAYMENT,Utility Bill Payment,FTS,AE070330000220000000211,0.00,[]
LOC-OUT-0002104,QUOTE-LOC-OUT-0002104,COMPLETED,REF-LOC-OUT-0002104,ACC-R3210-001,OUTWARD,R3210,2026-02-09 10:31:00,RET-BEN-000211,770200000001,225.00,225.00,UTILITY_PAYMENT,Utility Bill Payment,FTS,AE070330000220000000211,0.00,[]
LOC-OUT-0002106,QUOTE-LOC-OUT-0002106,COMPLETED,REF-LOC-OUT-0002106,ACC-R3210-001,OUTWARD,R3210,2026-03-12 10:31:00,RET-BEN-000211,770200000001,236.00,236.00,UTILITY_PAYMENT,Utility Bill Payment,FTS,AE070330000220000000211,0.00,[]
LOC-OUT-0002108,QUOTE-LOC-OUT-0002108,COMPLETED,REF-LOC-OUT-0002108,ACC-R3210-001,OUTWARD,R3210,2026-04-15 10:31:00,RET-BEN-000211,770200000001,247.00,247.00,UTILITY_PAYMENT,Utility Bill Payment,FTS,AE070330000220000000211,0.00,[]
LOC-OUT-0002110,QUOTE-LOC-OUT-0002110,COMPLETED,REF-LOC-OUT-0002110,ACC-R3210-001,OUTWARD,R3210,2026-05-18 10:31:00,RET-BEN-000211,770200000001,258.00,258.00,UTILITY_PAYMENT,Utility Bill Payment,FTS,AE070330000220000000211,0.00,[]
LOC-OUT-0002112,QUOTE-LOC-OUT-0002112,COMPLETED,REF-LOC-OUT-0002112,ACC-R3211-001,OUTWARD,R3211,2026-01-13 11:32:00,RET-BEN-000212,770200000001,231.00,231.00,UTILITY_PAYMENT,Utility Bill Payment,FTS,AE070330000220000000212,0.00,[]
LOC-OUT-0002114,QUOTE-LOC-OUT-0002114,COMPLETED,REF-LOC-OUT-0002114,ACC-R3211-001,OUTWARD,R3211,2026-02-16 11:32:00,RET-BEN-000212,770200000001,242.00,242.00,UTILITY_PAYMENT,Utility Bill Payment,FTS,AE070330000220000000212,0.00,[]
LOC-OUT-0002116,QUOTE-LOC-OUT-0002116,COMPLETED,REF-LOC-OUT-0002116,ACC-R3211-001,OUTWARD,R3211,2026-03-19 11:32:00,RET-BEN-000212,770200000001,253.00,253.00,UTILITY_PAYMENT,Utility Bill Payment,FTS,AE070330000220000000212,0.00,[]
LOC-OUT-0002118,QUOTE-LOC-OUT-0002118,COMPLETED,REF-LOC-OUT-0002118,ACC-R3211-001,OUTWARD,R3211,2026-04-22 11:32:00,RET-BEN-000212,770200000001,264.00,264.00,UTILITY_PAYMENT,Utility Bill Payment,FTS,AE070330000220000000212,0.00,[]
LOC-OUT-0002120,QUOTE-LOC-OUT-0002120,COMPLETED,REF-LOC-OUT-0002120,ACC-R3211-001,OUTWARD,R3211,2026-05-03 11:32:00,RET-BEN-000212,770200000001,275.00,275.00,UTILITY_PAYMENT,Utility Bill Payment,FTS,AE070330000220000000212,0.00,[]
LOC-OUT-0002122,QUOTE-LOC-OUT-0002122,COMPLETED,REF-LOC-OUT-0002122,ACC-R3212-001,OUTWARD,R3212,2026-01-20 12:33:00,RET-BEN-000213,770200000001,248.00,248.00,UTILITY_PAYMENT,Utility Bill Payment,FTS,AE070330000220000000213,0.00,[]
LOC-OUT-0002124,QUOTE-LOC-OUT-0002124,COMPLETED,REF-LOC-OUT-0002124,ACC-R3212-001,OUTWARD,R3212,2026-02-23 12:33:00,RET-BEN-000213,770200000001,259.00,259.00,UTILITY_PAYMENT,Utility Bill Payment,FTS,AE070330000220000000213,0.00,[]
LOC-OUT-0002126,QUOTE-LOC-OUT-0002126,COMPLETED,REF-LOC-OUT-0002126,ACC-R3212-001,OUTWARD,R3212,2026-03-04 12:33:00,RET-BEN-000213,770200000001,270.00,270.00,UTILITY_PAYMENT,Utility Bill Payment,FTS,AE070330000220000000213,0.00,[]
LOC-OUT-0002128,QUOTE-LOC-OUT-0002128,COMPLETED,REF-LOC-OUT-0002128,ACC-R3212-001,OUTWARD,R3212,2026-04-07 12:33:00,RET-BEN-000213,770200000001,281.00,281.00,UTILITY_PAYMENT,Utility Bill Payment,FTS,AE070330000220000000213,0.00,[]
LOC-OUT-0002130,QUOTE-LOC-OUT-0002130,COMPLETED,REF-LOC-OUT-0002130,ACC-R3212-001,OUTWARD,R3212,2026-05-10 12:33:00,RET-BEN-000213,770200000001,292.00,292.00,UTILITY_PAYMENT,Utility Bill Payment,FTS,AE070330000220000000213,0.00,[]
LOC-OUT-0002132,QUOTE-LOC-OUT-0002132,COMPLETED,REF-LOC-OUT-0002132,ACC-R3213-001,OUTWARD,R3213,2026-01-05 13:34:00,RET-BEN-000214,770200000001,265.00,265.00,UTILITY_PAYMENT,Utility Bill Payment,FTS,AE070330000220000000214,0.00,[]
LOC-OUT-0002134,QUOTE-LOC-OUT-0002134,COMPLETED,REF-LOC-OUT-0002134,ACC-R3213-001,OUTWARD,R3213,2026-02-08 13:34:00,RET-BEN-000214,770200000001,276.00,276.00,UTILITY_PAYMENT,Utility Bill Payment,FTS,AE070330000220000000214,0.00,[]
LOC-OUT-0002136,QUOTE-LOC-OUT-0002136,COMPLETED,REF-LOC-OUT-0002136,ACC-R3213-001,OUTWARD,R3213,2026-03-11 13:34:00,RET-BEN-000214,770200000001,287.00,287.00,UTILITY_PAYMENT,Utility Bill Payment,FTS,AE070330000220000000214,0.00,[]
LOC-OUT-0002138,QUOTE-LOC-OUT-0002138,COMPLETED,REF-LOC-OUT-0002138,ACC-R3213-001,OUTWARD,R3213,2026-04-14 13:34:00,RET-BEN-000214,770200000001,298.00,298.00,UTILITY_PAYMENT,Utility Bill Payment,FTS,AE070330000220000000214,0.00,[]
LOC-OUT-0002140,QUOTE-LOC-OUT-0002140,COMPLETED,REF-LOC-OUT-0002140,ACC-R3213-001,OUTWARD,R3213,2026-05-17 13:34:00,RET-BEN-000214,770200000001,309.00,309.00,UTILITY_PAYMENT,Utility Bill Payment,FTS,AE070330000220000000214,0.00,[]
LOC-OUT-0002142,QUOTE-LOC-OUT-0002142,COMPLETED,REF-LOC-OUT-0002142,ACC-R3214-001,OUTWARD,R3214,2026-01-12 14:35:00,RET-BEN-000215,770200000001,282.00,282.00,UTILITY_PAYMENT,Utility Bill Payment,FTS,AE070330000220000000215,0.00,[]
LOC-OUT-0002144,QUOTE-LOC-OUT-0002144,COMPLETED,REF-LOC-OUT-0002144,ACC-R3214-001,OUTWARD,R3214,2026-02-15 14:35:00,RET-BEN-000215,770200000001,293.00,293.00,UTILITY_PAYMENT,Utility Bill Payment,FTS,AE070330000220000000215,0.00,[]
LOC-OUT-0002146,QUOTE-LOC-OUT-0002146,COMPLETED,REF-LOC-OUT-0002146,ACC-R3214-001,OUTWARD,R3214,2026-03-18 14:35:00,RET-BEN-000215,770200000001,304.00,304.00,UTILITY_PAYMENT,Utility Bill Payment,FTS,AE070330000220000000215,0.00,[]
LOC-OUT-0002148,QUOTE-LOC-OUT-0002148,COMPLETED,REF-LOC-OUT-0002148,ACC-R3214-001,OUTWARD,R3214,2026-04-21 14:35:00,RET-BEN-000215,770200000001,315.00,315.00,UTILITY_PAYMENT,Utility Bill Payment,FTS,AE070330000220000000215,0.00,[]
LOC-OUT-0002150,QUOTE-LOC-OUT-0002150,COMPLETED,REF-LOC-OUT-0002150,ACC-R3214-001,OUTWARD,R3214,2026-05-24 14:35:00,RET-BEN-000215,770200000001,326.00,326.00,UTILITY_PAYMENT,Utility Bill Payment,FTS,AE070330000220000000215,0.00,[]
LOC-OUT-0002152,QUOTE-LOC-OUT-0002152,COMPLETED,REF-LOC-OUT-0002152,ACC-R3215-001,OUTWARD,R3215,2026-01-19 15:36:00,RET-BEN-000216,770200000001,299.00,299.00,UTILITY_PAYMENT,Utility Bill Payment,FTS,AE070330000220000000216,0.00,[]
LOC-OUT-0002154,QUOTE-LOC-OUT-0002154,COMPLETED,REF-LOC-OUT-0002154,ACC-R3215-001,OUTWARD,R3215,2026-02-22 15:36:00,RET-BEN-000216,770200000001,310.00,310.00,UTILITY_PAYMENT,Utility Bill Payment,FTS,AE070330000220000000216,0.00,[]
LOC-OUT-0002156,QUOTE-LOC-OUT-0002156,COMPLETED,REF-LOC-OUT-0002156,ACC-R3215-001,OUTWARD,R3215,2026-03-03 15:36:00,RET-BEN-000216,770200000001,321.00,321.00,UTILITY_PAYMENT,Utility Bill Payment,FTS,AE070330000220000000216,0.00,[]
LOC-OUT-0002158,QUOTE-LOC-OUT-0002158,COMPLETED,REF-LOC-OUT-0002158,ACC-R3215-001,OUTWARD,R3215,2026-04-06 15:36:00,RET-BEN-000216,770200000001,332.00,332.00,UTILITY_PAYMENT,Utility Bill Payment,FTS,AE070330000220000000216,0.00,[]
LOC-OUT-0002160,QUOTE-LOC-OUT-0002160,COMPLETED,REF-LOC-OUT-0002160,ACC-R3215-001,OUTWARD,R3215,2026-05-09 15:36:00,RET-BEN-000216,770200000001,343.00,343.00,UTILITY_PAYMENT,Utility Bill Payment,FTS,AE070330000220000000216,0.00,[]
LOC-OUT-0002162,QUOTE-LOC-OUT-0002162,COMPLETED,REF-LOC-OUT-0002162,ACC-R3216-001,OUTWARD,R3216,2026-01-04 16:37:00,RET-BEN-000217,770200000001,316.00,316.00,UTILITY_PAYMENT,Utility Bill Payment,FTS,AE070330000220000000217,0.00,[]
LOC-OUT-0002164,QUOTE-LOC-OUT-0002164,COMPLETED,REF-LOC-OUT-0002164,ACC-R3216-001,OUTWARD,R3216,2026-02-07 16:37:00,RET-BEN-000217,770200000001,327.00,327.00,UTILITY_PAYMENT,Utility Bill Payment,FTS,AE070330000220000000217,0.00,[]
LOC-OUT-0002166,QUOTE-LOC-OUT-0002166,COMPLETED,REF-LOC-OUT-0002166,ACC-R3216-001,OUTWARD,R3216,2026-03-10 16:37:00,RET-BEN-000217,770200000001,338.00,338.00,UTILITY_PAYMENT,Utility Bill Payment,FTS,AE070330000220000000217,0.00,[]
LOC-OUT-0002168,QUOTE-LOC-OUT-0002168,COMPLETED,REF-LOC-OUT-0002168,ACC-R3216-001,OUTWARD,R3216,2026-04-13 16:37:00,RET-BEN-000217,770200000001,349.00,349.00,UTILITY_PAYMENT,Utility Bill Payment,FTS,AE070330000220000000217,0.00,[]
LOC-OUT-0002170,QUOTE-LOC-OUT-0002170,COMPLETED,REF-LOC-OUT-0002170,ACC-R3216-001,OUTWARD,R3216,2026-05-16 16:37:00,RET-BEN-000217,770200000001,94.00,94.00,UTILITY_PAYMENT,Utility Bill Payment,FTS,AE070330000220000000217,0.00,[]
LOC-OUT-0002172,QUOTE-LOC-OUT-0002172,COMPLETED,REF-LOC-OUT-0002172,ACC-R3217-001,OUTWARD,R3217,2026-01-11 17:38:00,RET-BEN-000218,770200000001,333.00,333.00,UTILITY_PAYMENT,Utility Bill Payment,FTS,AE070330000220000000218,0.00,[]
LOC-OUT-0002174,QUOTE-LOC-OUT-0002174,COMPLETED,REF-LOC-OUT-0002174,ACC-R3217-001,OUTWARD,R3217,2026-02-14 17:38:00,RET-BEN-000218,770200000001,344.00,344.00,UTILITY_PAYMENT,Utility Bill Payment,FTS,AE070330000220000000218,0.00,[]
LOC-OUT-0002176,QUOTE-LOC-OUT-0002176,COMPLETED,REF-LOC-OUT-0002176,ACC-R3217-001,OUTWARD,R3217,2026-03-17 17:38:00,RET-BEN-000218,770200000001,89.00,89.00,UTILITY_PAYMENT,Utility Bill Payment,FTS,AE070330000220000000218,0.00,[]
LOC-OUT-0002178,QUOTE-LOC-OUT-0002178,COMPLETED,REF-LOC-OUT-0002178,ACC-R3217-001,OUTWARD,R3217,2026-04-20 17:38:00,RET-BEN-000218,770200000001,100.00,100.00,UTILITY_PAYMENT,Utility Bill Payment,FTS,AE070330000220000000218,0.00,[]
LOC-OUT-0002180,QUOTE-LOC-OUT-0002180,COMPLETED,REF-LOC-OUT-0002180,ACC-R3217-001,OUTWARD,R3217,2026-05-23 17:38:00,RET-BEN-000218,770200000001,111.00,111.00,UTILITY_PAYMENT,Utility Bill Payment,FTS,AE070330000220000000218,0.00,[]
LOC-OUT-0002182,QUOTE-LOC-OUT-0002182,COMPLETED,REF-LOC-OUT-0002182,ACC-R3218-001,OUTWARD,R3218,2026-01-18 18:39:00,RET-BEN-000219,770200000001,350.00,350.00,UTILITY_PAYMENT,Utility Bill Payment,FTS,AE070330000220000000219,0.00,[]
LOC-OUT-0002184,QUOTE-LOC-OUT-0002184,COMPLETED,REF-LOC-OUT-0002184,ACC-R3218-001,OUTWARD,R3218,2026-02-21 18:39:00,RET-BEN-000219,770200000001,95.00,95.00,UTILITY_PAYMENT,Utility Bill Payment,FTS,AE070330000220000000219,0.00,[]
LOC-OUT-0002186,QUOTE-LOC-OUT-0002186,COMPLETED,REF-LOC-OUT-0002186,ACC-R3218-001,OUTWARD,R3218,2026-03-24 18:39:00,RET-BEN-000219,770200000001,106.00,106.00,UTILITY_PAYMENT,Utility Bill Payment,FTS,AE070330000220000000219,0.00,[]
LOC-OUT-0002188,QUOTE-LOC-OUT-0002188,COMPLETED,REF-LOC-OUT-0002188,ACC-R3218-001,OUTWARD,R3218,2026-04-05 18:39:00,RET-BEN-000219,770200000001,117.00,117.00,UTILITY_PAYMENT,Utility Bill Payment,FTS,AE070330000220000000219,0.00,[]
LOC-OUT-0002190,QUOTE-LOC-OUT-0002190,COMPLETED,REF-LOC-OUT-0002190,ACC-R3218-001,OUTWARD,R3218,2026-05-08 18:39:00,RET-BEN-000219,770200000001,128.00,128.00,UTILITY_PAYMENT,Utility Bill Payment,FTS,AE070330000220000000219,0.00,[]
LOC-OUT-0002192,QUOTE-LOC-OUT-0002192,COMPLETED,REF-LOC-OUT-0002192,ACC-R3219-001,OUTWARD,R3219,2026-01-03 08:40:00,RET-BEN-000220,770200000001,101.00,101.00,UTILITY_PAYMENT,Utility Bill Payment,FTS,AE070330000220000000220,0.00,[]
LOC-OUT-0002194,QUOTE-LOC-OUT-0002194,COMPLETED,REF-LOC-OUT-0002194,ACC-R3219-001,OUTWARD,R3219,2026-02-06 08:40:00,RET-BEN-000220,770200000001,112.00,112.00,UTILITY_PAYMENT,Utility Bill Payment,FTS,AE070330000220000000220,0.00,[]
LOC-OUT-0002196,QUOTE-LOC-OUT-0002196,COMPLETED,REF-LOC-OUT-0002196,ACC-R3219-001,OUTWARD,R3219,2026-03-09 08:40:00,RET-BEN-000220,770200000001,123.00,123.00,UTILITY_PAYMENT,Utility Bill Payment,FTS,AE070330000220000000220,0.00,[]
LOC-OUT-0002198,QUOTE-LOC-OUT-0002198,COMPLETED,REF-LOC-OUT-0002198,ACC-R3219-001,OUTWARD,R3219,2026-04-12 08:40:00,RET-BEN-000220,770200000001,134.00,134.00,UTILITY_PAYMENT,Utility Bill Payment,FTS,AE070330000220000000220,0.00,[]
LOC-OUT-0002200,QUOTE-LOC-OUT-0002200,COMPLETED,REF-LOC-OUT-0002200,ACC-R3219-001,OUTWARD,R3219,2026-05-15 08:40:00,RET-BEN-000220,770200000001,145.00,145.00,UTILITY_PAYMENT,Utility Bill Payment,FTS,AE070330000220000000220,0.00,[]
LOC-OUT-0002202,QUOTE-LOC-OUT-0002202,COMPLETED,REF-LOC-OUT-0002202,ACC-R3220-001,OUTWARD,R3220,2026-01-10 09:41:00,RET-BEN-000221,770200000001,118.00,118.00,UTILITY_PAYMENT,Utility Bill Payment,FTS,AE070330000220000000221,0.00,[]
LOC-OUT-0002204,QUOTE-LOC-OUT-0002204,COMPLETED,REF-LOC-OUT-0002204,ACC-R3220-001,OUTWARD,R3220,2026-02-13 09:41:00,RET-BEN-000221,770200000001,129.00,129.00,UTILITY_PAYMENT,Utility Bill Payment,FTS,AE070330000220000000221,0.00,[]
LOC-OUT-0002206,QUOTE-LOC-OUT-0002206,COMPLETED,REF-LOC-OUT-0002206,ACC-R3220-001,OUTWARD,R3220,2026-03-16 09:41:00,RET-BEN-000221,770200000001,140.00,140.00,UTILITY_PAYMENT,Utility Bill Payment,FTS,AE070330000220000000221,0.00,[]
LOC-OUT-0002208,QUOTE-LOC-OUT-0002208,COMPLETED,REF-LOC-OUT-0002208,ACC-R3220-001,OUTWARD,R3220,2026-04-19 09:41:00,RET-BEN-000221,770200000001,151.00,151.00,UTILITY_PAYMENT,Utility Bill Payment,FTS,AE070330000220000000221,0.00,[]
LOC-OUT-0002210,QUOTE-LOC-OUT-0002210,COMPLETED,REF-LOC-OUT-0002210,ACC-R3220-001,OUTWARD,R3220,2026-05-22 09:41:00,RET-BEN-000221,770200000001,162.00,162.00,UTILITY_PAYMENT,Utility Bill Payment,FTS,AE070330000220000000221,0.00,[]
LOC-OUT-0002212,QUOTE-LOC-OUT-0002212,COMPLETED,REF-LOC-OUT-0002212,ACC-R3221-001,OUTWARD,R3221,2026-01-17 10:42:00,RET-BEN-000222,770200000001,135.00,135.00,UTILITY_PAYMENT,Utility Bill Payment,FTS,AE070330000220000000222,0.00,[]
LOC-OUT-0002214,QUOTE-LOC-OUT-0002214,COMPLETED,REF-LOC-OUT-0002214,ACC-R3221-001,OUTWARD,R3221,2026-02-20 10:42:00,RET-BEN-000222,770200000001,146.00,146.00,UTILITY_PAYMENT,Utility Bill Payment,FTS,AE070330000220000000222,0.00,[]
LOC-OUT-0002216,QUOTE-LOC-OUT-0002216,COMPLETED,REF-LOC-OUT-0002216,ACC-R3221-001,OUTWARD,R3221,2026-03-23 10:42:00,RET-BEN-000222,770200000001,157.00,157.00,UTILITY_PAYMENT,Utility Bill Payment,FTS,AE070330000220000000222,0.00,[]
LOC-OUT-0002218,QUOTE-LOC-OUT-0002218,COMPLETED,REF-LOC-OUT-0002218,ACC-R3221-001,OUTWARD,R3221,2026-04-04 10:42:00,RET-BEN-000222,770200000001,168.00,168.00,UTILITY_PAYMENT,Utility Bill Payment,FTS,AE070330000220000000222,0.00,[]
LOC-OUT-0002220,QUOTE-LOC-OUT-0002220,COMPLETED,REF-LOC-OUT-0002220,ACC-R3221-001,OUTWARD,R3221,2026-05-07 10:42:00,RET-BEN-000222,770200000001,179.00,179.00,UTILITY_PAYMENT,Utility Bill Payment,FTS,AE070330000220000000222,0.00,[]
LOC-OUT-0002222,QUOTE-LOC-OUT-0002222,COMPLETED,REF-LOC-OUT-0002222,ACC-R3222-001,OUTWARD,R3222,2026-01-24 11:43:00,RET-BEN-000223,770200000001,152.00,152.00,UTILITY_PAYMENT,Utility Bill Payment,FTS,AE070330000220000000223,0.00,[]
LOC-OUT-0002224,QUOTE-LOC-OUT-0002224,COMPLETED,REF-LOC-OUT-0002224,ACC-R3222-001,OUTWARD,R3222,2026-02-05 11:43:00,RET-BEN-000223,770200000001,163.00,163.00,UTILITY_PAYMENT,Utility Bill Payment,FTS,AE070330000220000000223,0.00,[]
LOC-OUT-0002226,QUOTE-LOC-OUT-0002226,COMPLETED,REF-LOC-OUT-0002226,ACC-R3222-001,OUTWARD,R3222,2026-03-08 11:43:00,RET-BEN-000223,770200000001,174.00,174.00,UTILITY_PAYMENT,Utility Bill Payment,FTS,AE070330000220000000223,0.00,[]
LOC-OUT-0002228,QUOTE-LOC-OUT-0002228,COMPLETED,REF-LOC-OUT-0002228,ACC-R3222-001,OUTWARD,R3222,2026-04-11 11:43:00,RET-BEN-000223,770200000001,185.00,185.00,UTILITY_PAYMENT,Utility Bill Payment,FTS,AE070330000220000000223,0.00,[]
LOC-OUT-0002230,QUOTE-LOC-OUT-0002230,COMPLETED,REF-LOC-OUT-0002230,ACC-R3222-001,OUTWARD,R3222,2026-05-14 11:43:00,RET-BEN-000223,770200000001,196.00,196.00,UTILITY_PAYMENT,Utility Bill Payment,FTS,AE070330000220000000223,0.00,[]
LOC-OUT-0002232,QUOTE-LOC-OUT-0002232,COMPLETED,REF-LOC-OUT-0002232,ACC-R3223-001,OUTWARD,R3223,2026-01-09 12:44:00,RET-BEN-000224,770200000001,169.00,169.00,UTILITY_PAYMENT,Utility Bill Payment,FTS,AE070330000220000000224,0.00,[]
LOC-OUT-0002234,QUOTE-LOC-OUT-0002234,COMPLETED,REF-LOC-OUT-0002234,ACC-R3223-001,OUTWARD,R3223,2026-02-12 12:44:00,RET-BEN-000224,770200000001,180.00,180.00,UTILITY_PAYMENT,Utility Bill Payment,FTS,AE070330000220000000224,0.00,[]
LOC-OUT-0002236,QUOTE-LOC-OUT-0002236,COMPLETED,REF-LOC-OUT-0002236,ACC-R3223-001,OUTWARD,R3223,2026-03-15 12:44:00,RET-BEN-000224,770200000001,191.00,191.00,UTILITY_PAYMENT,Utility Bill Payment,FTS,AE070330000220000000224,0.00,[]
LOC-OUT-0002238,QUOTE-LOC-OUT-0002238,COMPLETED,REF-LOC-OUT-0002238,ACC-R3223-001,OUTWARD,R3223,2026-04-18 12:44:00,RET-BEN-000224,770200000001,202.00,202.00,UTILITY_PAYMENT,Utility Bill Payment,FTS,AE070330000220000000224,0.00,[]
LOC-OUT-0002240,QUOTE-LOC-OUT-0002240,COMPLETED,REF-LOC-OUT-0002240,ACC-R3223-001,OUTWARD,R3223,2026-05-21 12:44:00,RET-BEN-000224,770200000001,213.00,213.00,UTILITY_PAYMENT,Utility Bill Payment,FTS,AE070330000220000000224,0.00,[]
LOC-OUT-0002242,QUOTE-LOC-OUT-0002242,COMPLETED,REF-LOC-OUT-0002242,ACC-R3224-001,OUTWARD,R3224,2026-01-16 13:45:00,RET-BEN-000225,770200000001,186.00,186.00,UTILITY_PAYMENT,Utility Bill Payment,FTS,AE070330000220000000225,0.00,[]
LOC-OUT-0002244,QUOTE-LOC-OUT-0002244,COMPLETED,REF-LOC-OUT-0002244,ACC-R3224-001,OUTWARD,R3224,2026-02-19 13:45:00,RET-BEN-000225,770200000001,197.00,197.00,UTILITY_PAYMENT,Utility Bill Payment,FTS,AE070330000220000000225,0.00,[]
LOC-OUT-0002246,QUOTE-LOC-OUT-0002246,COMPLETED,REF-LOC-OUT-0002246,ACC-R3224-001,OUTWARD,R3224,2026-03-22 13:45:00,RET-BEN-000225,770200000001,208.00,208.00,UTILITY_PAYMENT,Utility Bill Payment,FTS,AE070330000220000000225,0.00,[]
LOC-OUT-0002248,QUOTE-LOC-OUT-0002248,COMPLETED,REF-LOC-OUT-0002248,ACC-R3224-001,OUTWARD,R3224,2026-04-03 13:45:00,RET-BEN-000225,770200000001,219.00,219.00,UTILITY_PAYMENT,Utility Bill Payment,FTS,AE070330000220000000225,0.00,[]
LOC-OUT-0002250,QUOTE-LOC-OUT-0002250,COMPLETED,REF-LOC-OUT-0002250,ACC-R3224-001,OUTWARD,R3224,2026-05-06 13:45:00,RET-BEN-000225,770200000001,230.00,230.00,UTILITY_PAYMENT,Utility Bill Payment,FTS,AE070330000220000000225,0.00,[]
LOC-OUT-0002252,QUOTE-LOC-OUT-0002252,COMPLETED,REF-LOC-OUT-0002252,ACC-R3225-001,OUTWARD,R3225,2026-01-23 14:46:00,RET-BEN-000226,770200000001,203.00,203.00,UTILITY_PAYMENT,Utility Bill Payment,FTS,AE070330000220000000226,0.00,[]
LOC-OUT-0002254,QUOTE-LOC-OUT-0002254,COMPLETED,REF-LOC-OUT-0002254,ACC-R3225-001,OUTWARD,R3225,2026-02-04 14:46:00,RET-BEN-000226,770200000001,214.00,214.00,UTILITY_PAYMENT,Utility Bill Payment,FTS,AE070330000220000000226,0.00,[]
LOC-OUT-0002256,QUOTE-LOC-OUT-0002256,COMPLETED,REF-LOC-OUT-0002256,ACC-R3225-001,OUTWARD,R3225,2026-03-07 14:46:00,RET-BEN-000226,770200000001,225.00,225.00,UTILITY_PAYMENT,Utility Bill Payment,FTS,AE070330000220000000226,0.00,[]
LOC-OUT-0002258,QUOTE-LOC-OUT-0002258,COMPLETED,REF-LOC-OUT-0002258,ACC-R3225-001,OUTWARD,R3225,2026-04-10 14:46:00,RET-BEN-000226,770200000001,236.00,236.00,UTILITY_PAYMENT,Utility Bill Payment,FTS,AE070330000220000000226,0.00,[]
LOC-OUT-0002260,QUOTE-LOC-OUT-0002260,COMPLETED,REF-LOC-OUT-0002260,ACC-R3225-001,OUTWARD,R3225,2026-05-13 14:46:00,RET-BEN-000226,770200000001,247.00,247.00,UTILITY_PAYMENT,Utility Bill Payment,FTS,AE070330000220000000226,0.00,[]
LOC-OUT-0002262,QUOTE-LOC-OUT-0002262,COMPLETED,REF-LOC-OUT-0002262,ACC-R3226-001,OUTWARD,R3226,2026-01-08 15:47:00,RET-BEN-000227,770200000001,220.00,220.00,UTILITY_PAYMENT,Utility Bill Payment,FTS,AE070330000220000000227,0.00,[]
LOC-OUT-0002264,QUOTE-LOC-OUT-0002264,COMPLETED,REF-LOC-OUT-0002264,ACC-R3226-001,OUTWARD,R3226,2026-02-11 15:47:00,RET-BEN-000227,770200000001,231.00,231.00,UTILITY_PAYMENT,Utility Bill Payment,FTS,AE070330000220000000227,0.00,[]
LOC-OUT-0002266,QUOTE-LOC-OUT-0002266,COMPLETED,REF-LOC-OUT-0002266,ACC-R3226-001,OUTWARD,R3226,2026-03-14 15:47:00,RET-BEN-000227,770200000001,242.00,242.00,UTILITY_PAYMENT,Utility Bill Payment,FTS,AE070330000220000000227,0.00,[]
LOC-OUT-0002268,QUOTE-LOC-OUT-0002268,COMPLETED,REF-LOC-OUT-0002268,ACC-R3226-001,OUTWARD,R3226,2026-04-17 15:47:00,RET-BEN-000227,770200000001,253.00,253.00,UTILITY_PAYMENT,Utility Bill Payment,FTS,AE070330000220000000227,0.00,[]
LOC-OUT-0002270,QUOTE-LOC-OUT-0002270,COMPLETED,REF-LOC-OUT-0002270,ACC-R3226-001,OUTWARD,R3226,2026-05-20 15:47:00,RET-BEN-000227,770200000001,264.00,264.00,UTILITY_PAYMENT,Utility Bill Payment,FTS,AE070330000220000000227,0.00,[]
LOC-OUT-0002272,QUOTE-LOC-OUT-0002272,COMPLETED,REF-LOC-OUT-0002272,ACC-R3227-001,OUTWARD,R3227,2026-01-15 16:48:00,RET-BEN-000228,770200000001,237.00,237.00,UTILITY_PAYMENT,Utility Bill Payment,FTS,AE070330000220000000228,0.00,[]
LOC-OUT-0002274,QUOTE-LOC-OUT-0002274,COMPLETED,REF-LOC-OUT-0002274,ACC-R3227-001,OUTWARD,R3227,2026-02-18 16:48:00,RET-BEN-000228,770200000001,248.00,248.00,UTILITY_PAYMENT,Utility Bill Payment,FTS,AE070330000220000000228,0.00,[]
LOC-OUT-0002276,QUOTE-LOC-OUT-0002276,COMPLETED,REF-LOC-OUT-0002276,ACC-R3227-001,OUTWARD,R3227,2026-03-21 16:48:00,RET-BEN-000228,770200000001,259.00,259.00,UTILITY_PAYMENT,Utility Bill Payment,FTS,AE070330000220000000228,0.00,[]
LOC-OUT-0002278,QUOTE-LOC-OUT-0002278,COMPLETED,REF-LOC-OUT-0002278,ACC-R3227-001,OUTWARD,R3227,2026-04-24 16:48:00,RET-BEN-000228,770200000001,270.00,270.00,UTILITY_PAYMENT,Utility Bill Payment,FTS,AE070330000220000000228,0.00,[]
LOC-OUT-0002280,QUOTE-LOC-OUT-0002280,COMPLETED,REF-LOC-OUT-0002280,ACC-R3227-001,OUTWARD,R3227,2026-05-05 16:48:00,RET-BEN-000228,770200000001,281.00,281.00,UTILITY_PAYMENT,Utility Bill Payment,FTS,AE070330000220000000228,0.00,[]
LOC-OUT-0002282,QUOTE-LOC-OUT-0002282,COMPLETED,REF-LOC-OUT-0002282,ACC-R3228-001,OUTWARD,R3228,2026-01-22 17:49:00,RET-BEN-000229,770200000001,254.00,254.00,UTILITY_PAYMENT,Utility Bill Payment,FTS,AE070330000220000000229,0.00,[]
LOC-OUT-0002284,QUOTE-LOC-OUT-0002284,COMPLETED,REF-LOC-OUT-0002284,ACC-R3228-001,OUTWARD,R3228,2026-02-03 17:49:00,RET-BEN-000229,770200000001,265.00,265.00,UTILITY_PAYMENT,Utility Bill Payment,FTS,AE070330000220000000229,0.00,[]
LOC-OUT-0002286,QUOTE-LOC-OUT-0002286,COMPLETED,REF-LOC-OUT-0002286,ACC-R3228-001,OUTWARD,R3228,2026-03-06 17:49:00,RET-BEN-000229,770200000001,276.00,276.00,UTILITY_PAYMENT,Utility Bill Payment,FTS,AE070330000220000000229,0.00,[]
LOC-OUT-0002288,QUOTE-LOC-OUT-0002288,COMPLETED,REF-LOC-OUT-0002288,ACC-R3228-001,OUTWARD,R3228,2026-04-09 17:49:00,RET-BEN-000229,770200000001,287.00,287.00,UTILITY_PAYMENT,Utility Bill Payment,FTS,AE070330000220000000229,0.00,[]
LOC-OUT-0002290,QUOTE-LOC-OUT-0002290,COMPLETED,REF-LOC-OUT-0002290,ACC-R3228-001,OUTWARD,R3228,2026-05-12 17:49:00,RET-BEN-000229,770200000001,298.00,298.00,UTILITY_PAYMENT,Utility Bill Payment,FTS,AE070330000220000000229,0.00,[]
LOC-OUT-0002292,QUOTE-LOC-OUT-0002292,COMPLETED,REF-LOC-OUT-0002292,ACC-R3229-001,OUTWARD,R3229,2026-01-07 18:50:00,RET-BEN-000230,770200000001,271.00,271.00,UTILITY_PAYMENT,Utility Bill Payment,FTS,AE070330000220000000230,0.00,[]
LOC-OUT-0002294,QUOTE-LOC-OUT-0002294,COMPLETED,REF-LOC-OUT-0002294,ACC-R3229-001,OUTWARD,R3229,2026-02-10 18:50:00,RET-BEN-000230,770200000001,282.00,282.00,UTILITY_PAYMENT,Utility Bill Payment,FTS,AE070330000220000000230,0.00,[]
LOC-OUT-0002296,QUOTE-LOC-OUT-0002296,COMPLETED,REF-LOC-OUT-0002296,ACC-R3229-001,OUTWARD,R3229,2026-03-13 18:50:00,RET-BEN-000230,770200000001,293.00,293.00,UTILITY_PAYMENT,Utility Bill Payment,FTS,AE070330000220000000230,0.00,[]
LOC-OUT-0002298,QUOTE-LOC-OUT-0002298,COMPLETED,REF-LOC-OUT-0002298,ACC-R3229-001,OUTWARD,R3229,2026-04-16 18:50:00,RET-BEN-000230,770200000001,304.00,304.00,UTILITY_PAYMENT,Utility Bill Payment,FTS,AE070330000220000000230,0.00,[]
LOC-OUT-0002300,QUOTE-LOC-OUT-0002300,COMPLETED,REF-LOC-OUT-0002300,ACC-R3229-001,OUTWARD,R3229,2026-05-19 18:50:00,RET-BEN-000230,770200000001,315.00,315.00,UTILITY_PAYMENT,Utility Bill Payment,FTS,AE070330000220000000230,0.00,[]
LOC-OUT-0002302,QUOTE-LOC-OUT-0002302,COMPLETED,REF-LOC-OUT-0002302,ACC-R3230-001,OUTWARD,R3230,2026-01-14 08:51:00,RET-BEN-000231,770200000001,288.00,288.00,UTILITY_PAYMENT,Utility Bill Payment,FTS,AE070330000220000000231,0.00,[]
LOC-OUT-0002304,QUOTE-LOC-OUT-0002304,COMPLETED,REF-LOC-OUT-0002304,ACC-R3230-001,OUTWARD,R3230,2026-02-17 08:51:00,RET-BEN-000231,770200000001,299.00,299.00,UTILITY_PAYMENT,Utility Bill Payment,FTS,AE070330000220000000231,0.00,[]
LOC-OUT-0002306,QUOTE-LOC-OUT-0002306,COMPLETED,REF-LOC-OUT-0002306,ACC-R3230-001,OUTWARD,R3230,2026-03-20 08:51:00,RET-BEN-000231,770200000001,310.00,310.00,UTILITY_PAYMENT,Utility Bill Payment,FTS,AE070330000220000000231,0.00,[]
LOC-OUT-0002308,QUOTE-LOC-OUT-0002308,COMPLETED,REF-LOC-OUT-0002308,ACC-R3230-001,OUTWARD,R3230,2026-04-23 08:51:00,RET-BEN-000231,770200000001,321.00,321.00,UTILITY_PAYMENT,Utility Bill Payment,FTS,AE070330000220000000231,0.00,[]
LOC-OUT-0002310,QUOTE-LOC-OUT-0002310,COMPLETED,REF-LOC-OUT-0002310,ACC-R3230-001,OUTWARD,R3230,2026-05-04 08:51:00,RET-BEN-000231,770200000001,332.00,332.00,UTILITY_PAYMENT,Utility Bill Payment,FTS,AE070330000220000000231,0.00,[]
LOC-OUT-0002312,QUOTE-LOC-OUT-0002312,COMPLETED,REF-LOC-OUT-0002312,ACC-R3231-001,OUTWARD,R3231,2026-01-21 09:52:00,RET-BEN-000232,770200000001,305.00,305.00,UTILITY_PAYMENT,Utility Bill Payment,FTS,AE070330000220000000232,0.00,[]
LOC-OUT-0002314,QUOTE-LOC-OUT-0002314,COMPLETED,REF-LOC-OUT-0002314,ACC-R3231-001,OUTWARD,R3231,2026-02-24 09:52:00,RET-BEN-000232,770200000001,316.00,316.00,UTILITY_PAYMENT,Utility Bill Payment,FTS,AE070330000220000000232,0.00,[]
LOC-OUT-0002316,QUOTE-LOC-OUT-0002316,COMPLETED,REF-LOC-OUT-0002316,ACC-R3231-001,OUTWARD,R3231,2026-03-05 09:52:00,RET-BEN-000232,770200000001,327.00,327.00,UTILITY_PAYMENT,Utility Bill Payment,FTS,AE070330000220000000232,0.00,[]
LOC-OUT-0002318,QUOTE-LOC-OUT-0002318,COMPLETED,REF-LOC-OUT-0002318,ACC-R3231-001,OUTWARD,R3231,2026-04-08 09:52:00,RET-BEN-000232,770200000001,338.00,338.00,UTILITY_PAYMENT,Utility Bill Payment,FTS,AE070330000220000000232,0.00,[]
LOC-OUT-0002320,QUOTE-LOC-OUT-0002320,COMPLETED,REF-LOC-OUT-0002320,ACC-R3231-001,OUTWARD,R3231,2026-05-11 09:52:00,RET-BEN-000232,770200000001,349.00,349.00,UTILITY_PAYMENT,Utility Bill Payment,FTS,AE070330000220000000232,0.00,[]
LOC-OUT-0002322,QUOTE-LOC-OUT-0002322,COMPLETED,REF-LOC-OUT-0002322,ACC-R3232-001,OUTWARD,R3232,2026-01-06 10:53:00,RET-BEN-000233,770200000001,322.00,322.00,UTILITY_PAYMENT,Utility Bill Payment,FTS,AE070330000220000000233,0.00,[]
LOC-OUT-0002324,QUOTE-LOC-OUT-0002324,COMPLETED,REF-LOC-OUT-0002324,ACC-R3232-001,OUTWARD,R3232,2026-02-09 10:53:00,RET-BEN-000233,770200000001,333.00,333.00,UTILITY_PAYMENT,Utility Bill Payment,FTS,AE070330000220000000233,0.00,[]
LOC-OUT-0002326,QUOTE-LOC-OUT-0002326,COMPLETED,REF-LOC-OUT-0002326,ACC-R3232-001,OUTWARD,R3232,2026-03-12 10:53:00,RET-BEN-000233,770200000001,344.00,344.00,UTILITY_PAYMENT,Utility Bill Payment,FTS,AE070330000220000000233,0.00,[]
LOC-OUT-0002328,QUOTE-LOC-OUT-0002328,COMPLETED,REF-LOC-OUT-0002328,ACC-R3232-001,OUTWARD,R3232,2026-04-15 10:53:00,RET-BEN-000233,770200000001,89.00,89.00,UTILITY_PAYMENT,Utility Bill Payment,FTS,AE070330000220000000233,0.00,[]
LOC-OUT-0002330,QUOTE-LOC-OUT-0002330,COMPLETED,REF-LOC-OUT-0002330,ACC-R3232-001,OUTWARD,R3232,2026-05-18 10:53:00,RET-BEN-000233,770200000001,100.00,100.00,UTILITY_PAYMENT,Utility Bill Payment,FTS,AE070330000220000000233,0.00,[]
LOC-OUT-0002332,QUOTE-LOC-OUT-0002332,COMPLETED,REF-LOC-OUT-0002332,ACC-R3233-001,OUTWARD,R3233,2026-01-13 11:54:00,RET-BEN-000234,770200000001,339.00,339.00,UTILITY_PAYMENT,Utility Bill Payment,FTS,AE070330000220000000234,0.00,[]
LOC-OUT-0002334,QUOTE-LOC-OUT-0002334,COMPLETED,REF-LOC-OUT-0002334,ACC-R3233-001,OUTWARD,R3233,2026-02-16 11:54:00,RET-BEN-000234,770200000001,350.00,350.00,UTILITY_PAYMENT,Utility Bill Payment,FTS,AE070330000220000000234,0.00,[]
LOC-OUT-0002336,QUOTE-LOC-OUT-0002336,COMPLETED,REF-LOC-OUT-0002336,ACC-R3233-001,OUTWARD,R3233,2026-03-19 11:54:00,RET-BEN-000234,770200000001,95.00,95.00,UTILITY_PAYMENT,Utility Bill Payment,FTS,AE070330000220000000234,0.00,[]
LOC-OUT-0002338,QUOTE-LOC-OUT-0002338,COMPLETED,REF-LOC-OUT-0002338,ACC-R3233-001,OUTWARD,R3233,2026-04-22 11:54:00,RET-BEN-000234,770200000001,106.00,106.00,UTILITY_PAYMENT,Utility Bill Payment,FTS,AE070330000220000000234,0.00,[]
LOC-OUT-0002340,QUOTE-LOC-OUT-0002340,COMPLETED,REF-LOC-OUT-0002340,ACC-R3233-001,OUTWARD,R3233,2026-05-03 11:54:00,RET-BEN-000234,770200000001,117.00,117.00,UTILITY_PAYMENT,Utility Bill Payment,FTS,AE070330000220000000234,0.00,[]
LOC-OUT-0002342,QUOTE-LOC-OUT-0002342,COMPLETED,REF-LOC-OUT-0002342,ACC-R3234-001,OUTWARD,R3234,2026-01-20 12:55:00,RET-BEN-000235,770200000001,90.00,90.00,UTILITY_PAYMENT,Utility Bill Payment,FTS,AE070330000220000000235,0.00,[]
LOC-OUT-0002344,QUOTE-LOC-OUT-0002344,COMPLETED,REF-LOC-OUT-0002344,ACC-R3234-001,OUTWARD,R3234,2026-02-23 12:55:00,RET-BEN-000235,770200000001,101.00,101.00,UTILITY_PAYMENT,Utility Bill Payment,FTS,AE070330000220000000235,0.00,[]
LOC-OUT-0002346,QUOTE-LOC-OUT-0002346,COMPLETED,REF-LOC-OUT-0002346,ACC-R3234-001,OUTWARD,R3234,2026-03-04 12:55:00,RET-BEN-000235,770200000001,112.00,112.00,UTILITY_PAYMENT,Utility Bill Payment,FTS,AE070330000220000000235,0.00,[]
LOC-OUT-0002348,QUOTE-LOC-OUT-0002348,COMPLETED,REF-LOC-OUT-0002348,ACC-R3234-001,OUTWARD,R3234,2026-04-07 12:55:00,RET-BEN-000235,770200000001,123.00,123.00,UTILITY_PAYMENT,Utility Bill Payment,FTS,AE070330000220000000235,0.00,[]
LOC-OUT-0002350,QUOTE-LOC-OUT-0002350,COMPLETED,REF-LOC-OUT-0002350,ACC-R3234-001,OUTWARD,R3234,2026-05-10 12:55:00,RET-BEN-000235,770200000001,134.00,134.00,UTILITY_PAYMENT,Utility Bill Payment,FTS,AE070330000220000000235,0.00,[]
LOC-OUT-0002352,QUOTE-LOC-OUT-0002352,COMPLETED,REF-LOC-OUT-0002352,ACC-R3235-001,OUTWARD,R3235,2026-01-05 13:56:00,RET-BEN-000236,770200000001,107.00,107.00,UTILITY_PAYMENT,Utility Bill Payment,FTS,AE070330000220000000236,0.00,[]
LOC-OUT-0002354,QUOTE-LOC-OUT-0002354,COMPLETED,REF-LOC-OUT-0002354,ACC-R3235-001,OUTWARD,R3235,2026-02-08 13:56:00,RET-BEN-000236,770200000001,118.00,118.00,UTILITY_PAYMENT,Utility Bill Payment,FTS,AE070330000220000000236,0.00,[]
LOC-OUT-0002356,QUOTE-LOC-OUT-0002356,COMPLETED,REF-LOC-OUT-0002356,ACC-R3235-001,OUTWARD,R3235,2026-03-11 13:56:00,RET-BEN-000236,770200000001,129.00,129.00,UTILITY_PAYMENT,Utility Bill Payment,FTS,AE070330000220000000236,0.00,[]
LOC-OUT-0002358,QUOTE-LOC-OUT-0002358,COMPLETED,REF-LOC-OUT-0002358,ACC-R3235-001,OUTWARD,R3235,2026-04-14 13:56:00,RET-BEN-000236,770200000001,140.00,140.00,UTILITY_PAYMENT,Utility Bill Payment,FTS,AE070330000220000000236,0.00,[]
LOC-OUT-0002360,QUOTE-LOC-OUT-0002360,COMPLETED,REF-LOC-OUT-0002360,ACC-R3235-001,OUTWARD,R3235,2026-05-17 13:56:00,RET-BEN-000236,770200000001,151.00,151.00,UTILITY_PAYMENT,Utility Bill Payment,FTS,AE070330000220000000236,0.00,[]
LOC-OUT-0002362,QUOTE-LOC-OUT-0002362,COMPLETED,REF-LOC-OUT-0002362,ACC-R3236-001,OUTWARD,R3236,2026-01-12 14:57:00,RET-BEN-000237,770200000001,124.00,124.00,UTILITY_PAYMENT,Utility Bill Payment,FTS,AE070330000220000000237,0.00,[]
LOC-OUT-0002364,QUOTE-LOC-OUT-0002364,COMPLETED,REF-LOC-OUT-0002364,ACC-R3236-001,OUTWARD,R3236,2026-02-15 14:57:00,RET-BEN-000237,770200000001,135.00,135.00,UTILITY_PAYMENT,Utility Bill Payment,FTS,AE070330000220000000237,0.00,[]
LOC-OUT-0002366,QUOTE-LOC-OUT-0002366,COMPLETED,REF-LOC-OUT-0002366,ACC-R3236-001,OUTWARD,R3236,2026-03-18 14:57:00,RET-BEN-000237,770200000001,146.00,146.00,UTILITY_PAYMENT,Utility Bill Payment,FTS,AE070330000220000000237,0.00,[]
LOC-OUT-0002368,QUOTE-LOC-OUT-0002368,COMPLETED,REF-LOC-OUT-0002368,ACC-R3236-001,OUTWARD,R3236,2026-04-21 14:57:00,RET-BEN-000237,770200000001,157.00,157.00,UTILITY_PAYMENT,Utility Bill Payment,FTS,AE070330000220000000237,0.00,[]
LOC-OUT-0002370,QUOTE-LOC-OUT-0002370,COMPLETED,REF-LOC-OUT-0002370,ACC-R3236-001,OUTWARD,R3236,2026-05-24 14:57:00,RET-BEN-000237,770200000001,168.00,168.00,UTILITY_PAYMENT,Utility Bill Payment,FTS,AE070330000220000000237,0.00,[]
LOC-OUT-0002372,QUOTE-LOC-OUT-0002372,COMPLETED,REF-LOC-OUT-0002372,ACC-R3237-001,OUTWARD,R3237,2026-01-19 15:58:00,RET-BEN-000238,770200000001,141.00,141.00,UTILITY_PAYMENT,Utility Bill Payment,FTS,AE070330000220000000238,0.00,[]
LOC-OUT-0002374,QUOTE-LOC-OUT-0002374,COMPLETED,REF-LOC-OUT-0002374,ACC-R3237-001,OUTWARD,R3237,2026-02-22 15:58:00,RET-BEN-000238,770200000001,152.00,152.00,UTILITY_PAYMENT,Utility Bill Payment,FTS,AE070330000220000000238,0.00,[]
LOC-OUT-0002376,QUOTE-LOC-OUT-0002376,COMPLETED,REF-LOC-OUT-0002376,ACC-R3237-001,OUTWARD,R3237,2026-03-03 15:58:00,RET-BEN-000238,770200000001,163.00,163.00,UTILITY_PAYMENT,Utility Bill Payment,FTS,AE070330000220000000238,0.00,[]
LOC-OUT-0002378,QUOTE-LOC-OUT-0002378,COMPLETED,REF-LOC-OUT-0002378,ACC-R3237-001,OUTWARD,R3237,2026-04-06 15:58:00,RET-BEN-000238,770200000001,174.00,174.00,UTILITY_PAYMENT,Utility Bill Payment,FTS,AE070330000220000000238,0.00,[]
LOC-OUT-0002380,QUOTE-LOC-OUT-0002380,COMPLETED,REF-LOC-OUT-0002380,ACC-R3237-001,OUTWARD,R3237,2026-05-09 15:58:00,RET-BEN-000238,770200000001,185.00,185.00,UTILITY_PAYMENT,Utility Bill Payment,FTS,AE070330000220000000238,0.00,[]
LOC-OUT-0002382,QUOTE-LOC-OUT-0002382,COMPLETED,REF-LOC-OUT-0002382,ACC-R3238-001,OUTWARD,R3238,2026-01-04 16:59:00,RET-BEN-000239,770200000001,158.00,158.00,UTILITY_PAYMENT,Utility Bill Payment,FTS,AE070330000220000000239,0.00,[]
LOC-OUT-0002384,QUOTE-LOC-OUT-0002384,COMPLETED,REF-LOC-OUT-0002384,ACC-R3238-001,OUTWARD,R3238,2026-02-07 16:59:00,RET-BEN-000239,770200000001,169.00,169.00,UTILITY_PAYMENT,Utility Bill Payment,FTS,AE070330000220000000239,0.00,[]
LOC-OUT-0002386,QUOTE-LOC-OUT-0002386,COMPLETED,REF-LOC-OUT-0002386,ACC-R3238-001,OUTWARD,R3238,2026-03-10 16:59:00,RET-BEN-000239,770200000001,180.00,180.00,UTILITY_PAYMENT,Utility Bill Payment,FTS,AE070330000220000000239,0.00,[]
LOC-OUT-0002388,QUOTE-LOC-OUT-0002388,COMPLETED,REF-LOC-OUT-0002388,ACC-R3238-001,OUTWARD,R3238,2026-04-13 16:59:00,RET-BEN-000239,770200000001,191.00,191.00,UTILITY_PAYMENT,Utility Bill Payment,FTS,AE070330000220000000239,0.00,[]
LOC-OUT-0002390,QUOTE-LOC-OUT-0002390,COMPLETED,REF-LOC-OUT-0002390,ACC-R3238-001,OUTWARD,R3238,2026-05-16 16:59:00,RET-BEN-000239,770200000001,202.00,202.00,UTILITY_PAYMENT,Utility Bill Payment,FTS,AE070330000220000000239,0.00,[]
LOC-OUT-0002392,QUOTE-LOC-OUT-0002392,COMPLETED,REF-LOC-OUT-0002392,ACC-R3239-001,OUTWARD,R3239,2026-01-11 17:00:00,RET-BEN-000240,770200000001,175.00,175.00,UTILITY_PAYMENT,Utility Bill Payment,FTS,AE070330000220000000240,0.00,[]
LOC-OUT-0002394,QUOTE-LOC-OUT-0002394,COMPLETED,REF-LOC-OUT-0002394,ACC-R3239-001,OUTWARD,R3239,2026-02-14 17:00:00,RET-BEN-000240,770200000001,186.00,186.00,UTILITY_PAYMENT,Utility Bill Payment,FTS,AE070330000220000000240,0.00,[]
LOC-OUT-0002396,QUOTE-LOC-OUT-0002396,COMPLETED,REF-LOC-OUT-0002396,ACC-R3239-001,OUTWARD,R3239,2026-03-17 17:00:00,RET-BEN-000240,770200000001,197.00,197.00,UTILITY_PAYMENT,Utility Bill Payment,FTS,AE070330000220000000240,0.00,[]
LOC-OUT-0002398,QUOTE-LOC-OUT-0002398,COMPLETED,REF-LOC-OUT-0002398,ACC-R3239-001,OUTWARD,R3239,2026-04-20 17:00:00,RET-BEN-000240,770200000001,208.00,208.00,UTILITY_PAYMENT,Utility Bill Payment,FTS,AE070330000220000000240,0.00,[]
LOC-OUT-0002400,QUOTE-LOC-OUT-0002400,COMPLETED,REF-LOC-OUT-0002400,ACC-R3239-001,OUTWARD,R3239,2026-05-23 17:00:00,RET-BEN-000240,770200000001,219.00,219.00,UTILITY_PAYMENT,Utility Bill Payment,FTS,AE070330000220000000240,0.00,[]
LOC-OUT-0002402,QUOTE-LOC-OUT-0002402,COMPLETED,REF-LOC-OUT-0002402,ACC-R3240-001,OUTWARD,R3240,2026-01-18 18:01:00,RET-BEN-000241,770200000001,192.00,192.00,UTILITY_PAYMENT,Utility Bill Payment,FTS,AE070330000220000000241,0.00,[]
LOC-OUT-0002404,QUOTE-LOC-OUT-0002404,COMPLETED,REF-LOC-OUT-0002404,ACC-R3240-001,OUTWARD,R3240,2026-02-21 18:01:00,RET-BEN-000241,770200000001,203.00,203.00,UTILITY_PAYMENT,Utility Bill Payment,FTS,AE070330000220000000241,0.00,[]
LOC-OUT-0002406,QUOTE-LOC-OUT-0002406,COMPLETED,REF-LOC-OUT-0002406,ACC-R3240-001,OUTWARD,R3240,2026-03-24 18:01:00,RET-BEN-000241,770200000001,214.00,214.00,UTILITY_PAYMENT,Utility Bill Payment,FTS,AE070330000220000000241,0.00,[]
LOC-OUT-0002408,QUOTE-LOC-OUT-0002408,COMPLETED,REF-LOC-OUT-0002408,ACC-R3240-001,OUTWARD,R3240,2026-04-05 18:01:00,RET-BEN-000241,770200000001,225.00,225.00,UTILITY_PAYMENT,Utility Bill Payment,FTS,AE070330000220000000241,0.00,[]
LOC-OUT-0002410,QUOTE-LOC-OUT-0002410,COMPLETED,REF-LOC-OUT-0002410,ACC-R3240-001,OUTWARD,R3240,2026-05-08 18:01:00,RET-BEN-000241,770200000001,236.00,236.00,UTILITY_PAYMENT,Utility Bill Payment,FTS,AE070330000220000000241,0.00,[]
LOC-OUT-0002412,QUOTE-LOC-OUT-0002412,COMPLETED,REF-LOC-OUT-0002412,ACC-R3241-001,OUTWARD,R3241,2026-01-03 08:02:00,RET-BEN-000242,770200000001,209.00,209.00,UTILITY_PAYMENT,Utility Bill Payment,FTS,AE070330000220000000242,0.00,[]
LOC-OUT-0002414,QUOTE-LOC-OUT-0002414,COMPLETED,REF-LOC-OUT-0002414,ACC-R3241-001,OUTWARD,R3241,2026-02-06 08:02:00,RET-BEN-000242,770200000001,220.00,220.00,UTILITY_PAYMENT,Utility Bill Payment,FTS,AE070330000220000000242,0.00,[]
LOC-OUT-0002416,QUOTE-LOC-OUT-0002416,COMPLETED,REF-LOC-OUT-0002416,ACC-R3241-001,OUTWARD,R3241,2026-03-09 08:02:00,RET-BEN-000242,770200000001,231.00,231.00,UTILITY_PAYMENT,Utility Bill Payment,FTS,AE070330000220000000242,0.00,[]
LOC-OUT-0002418,QUOTE-LOC-OUT-0002418,COMPLETED,REF-LOC-OUT-0002418,ACC-R3241-001,OUTWARD,R3241,2026-04-12 08:02:00,RET-BEN-000242,770200000001,242.00,242.00,UTILITY_PAYMENT,Utility Bill Payment,FTS,AE070330000220000000242,0.00,[]
LOC-OUT-0002420,QUOTE-LOC-OUT-0002420,COMPLETED,REF-LOC-OUT-0002420,ACC-R3241-001,OUTWARD,R3241,2026-05-15 08:02:00,RET-BEN-000242,770200000001,253.00,253.00,UTILITY_PAYMENT,Utility Bill Payment,FTS,AE070330000220000000242,0.00,[]
LOC-OUT-0002422,QUOTE-LOC-OUT-0002422,COMPLETED,REF-LOC-OUT-0002422,ACC-R3242-001,OUTWARD,R3242,2026-01-10 09:03:00,RET-BEN-000243,770200000001,226.00,226.00,UTILITY_PAYMENT,Utility Bill Payment,FTS,AE070330000220000000243,0.00,[]
LOC-OUT-0002424,QUOTE-LOC-OUT-0002424,COMPLETED,REF-LOC-OUT-0002424,ACC-R3242-001,OUTWARD,R3242,2026-02-13 09:03:00,RET-BEN-000243,770200000001,237.00,237.00,UTILITY_PAYMENT,Utility Bill Payment,FTS,AE070330000220000000243,0.00,[]
LOC-OUT-0002426,QUOTE-LOC-OUT-0002426,COMPLETED,REF-LOC-OUT-0002426,ACC-R3242-001,OUTWARD,R3242,2026-03-16 09:03:00,RET-BEN-000243,770200000001,248.00,248.00,UTILITY_PAYMENT,Utility Bill Payment,FTS,AE070330000220000000243,0.00,[]
LOC-OUT-0002428,QUOTE-LOC-OUT-0002428,COMPLETED,REF-LOC-OUT-0002428,ACC-R3242-001,OUTWARD,R3242,2026-04-19 09:03:00,RET-BEN-000243,770200000001,259.00,259.00,UTILITY_PAYMENT,Utility Bill Payment,FTS,AE070330000220000000243,0.00,[]
LOC-OUT-0002430,QUOTE-LOC-OUT-0002430,COMPLETED,REF-LOC-OUT-0002430,ACC-R3242-001,OUTWARD,R3242,2026-05-22 09:03:00,RET-BEN-000243,770200000001,270.00,270.00,UTILITY_PAYMENT,Utility Bill Payment,FTS,AE070330000220000000243,0.00,[]
LOC-OUT-0002432,QUOTE-LOC-OUT-0002432,COMPLETED,REF-LOC-OUT-0002432,ACC-R3243-001,OUTWARD,R3243,2026-01-17 10:04:00,RET-BEN-000244,770200000001,243.00,243.00,UTILITY_PAYMENT,Utility Bill Payment,FTS,AE070330000220000000244,0.00,[]
LOC-OUT-0002434,QUOTE-LOC-OUT-0002434,COMPLETED,REF-LOC-OUT-0002434,ACC-R3243-001,OUTWARD,R3243,2026-02-20 10:04:00,RET-BEN-000244,770200000001,254.00,254.00,UTILITY_PAYMENT,Utility Bill Payment,FTS,AE070330000220000000244,0.00,[]
LOC-OUT-0002436,QUOTE-LOC-OUT-0002436,COMPLETED,REF-LOC-OUT-0002436,ACC-R3243-001,OUTWARD,R3243,2026-03-23 10:04:00,RET-BEN-000244,770200000001,265.00,265.00,UTILITY_PAYMENT,Utility Bill Payment,FTS,AE070330000220000000244,0.00,[]
LOC-OUT-0002438,QUOTE-LOC-OUT-0002438,COMPLETED,REF-LOC-OUT-0002438,ACC-R3243-001,OUTWARD,R3243,2026-04-04 10:04:00,RET-BEN-000244,770200000001,276.00,276.00,UTILITY_PAYMENT,Utility Bill Payment,FTS,AE070330000220000000244,0.00,[]
LOC-OUT-0002440,QUOTE-LOC-OUT-0002440,COMPLETED,REF-LOC-OUT-0002440,ACC-R3243-001,OUTWARD,R3243,2026-05-07 10:04:00,RET-BEN-000244,770200000001,287.00,287.00,UTILITY_PAYMENT,Utility Bill Payment,FTS,AE070330000220000000244,0.00,[]
LOC-OUT-0002442,QUOTE-LOC-OUT-0002442,COMPLETED,REF-LOC-OUT-0002442,ACC-R3244-001,OUTWARD,R3244,2026-01-24 11:05:00,RET-BEN-000245,770200000001,260.00,260.00,UTILITY_PAYMENT,Utility Bill Payment,FTS,AE070330000220000000245,0.00,[]
LOC-OUT-0002444,QUOTE-LOC-OUT-0002444,COMPLETED,REF-LOC-OUT-0002444,ACC-R3244-001,OUTWARD,R3244,2026-02-05 11:05:00,RET-BEN-000245,770200000001,271.00,271.00,UTILITY_PAYMENT,Utility Bill Payment,FTS,AE070330000220000000245,0.00,[]
LOC-OUT-0002446,QUOTE-LOC-OUT-0002446,COMPLETED,REF-LOC-OUT-0002446,ACC-R3244-001,OUTWARD,R3244,2026-03-08 11:05:00,RET-BEN-000245,770200000001,282.00,282.00,UTILITY_PAYMENT,Utility Bill Payment,FTS,AE070330000220000000245,0.00,[]
LOC-OUT-0002448,QUOTE-LOC-OUT-0002448,COMPLETED,REF-LOC-OUT-0002448,ACC-R3244-001,OUTWARD,R3244,2026-04-11 11:05:00,RET-BEN-000245,770200000001,293.00,293.00,UTILITY_PAYMENT,Utility Bill Payment,FTS,AE070330000220000000245,0.00,[]
LOC-OUT-0002450,QUOTE-LOC-OUT-0002450,COMPLETED,REF-LOC-OUT-0002450,ACC-R3244-001,OUTWARD,R3244,2026-05-14 11:05:00,RET-BEN-000245,770200000001,304.00,304.00,UTILITY_PAYMENT,Utility Bill Payment,FTS,AE070330000220000000245,0.00,[]
LOC-OUT-0002452,QUOTE-LOC-OUT-0002452,COMPLETED,REF-LOC-OUT-0002452,ACC-R3245-001,OUTWARD,R3245,2026-01-09 12:06:00,RET-BEN-000246,770200000001,277.00,277.00,UTILITY_PAYMENT,Utility Bill Payment,FTS,AE070330000220000000246,0.00,[]
LOC-OUT-0002454,QUOTE-LOC-OUT-0002454,COMPLETED,REF-LOC-OUT-0002454,ACC-R3245-001,OUTWARD,R3245,2026-02-12 12:06:00,RET-BEN-000246,770200000001,288.00,288.00,UTILITY_PAYMENT,Utility Bill Payment,FTS,AE070330000220000000246,0.00,[]
LOC-OUT-0002456,QUOTE-LOC-OUT-0002456,COMPLETED,REF-LOC-OUT-0002456,ACC-R3245-001,OUTWARD,R3245,2026-03-15 12:06:00,RET-BEN-000246,770200000001,299.00,299.00,UTILITY_PAYMENT,Utility Bill Payment,FTS,AE070330000220000000246,0.00,[]
LOC-OUT-0002458,QUOTE-LOC-OUT-0002458,COMPLETED,REF-LOC-OUT-0002458,ACC-R3245-001,OUTWARD,R3245,2026-04-18 12:06:00,RET-BEN-000246,770200000001,310.00,310.00,UTILITY_PAYMENT,Utility Bill Payment,FTS,AE070330000220000000246,0.00,[]
LOC-OUT-0002460,QUOTE-LOC-OUT-0002460,COMPLETED,REF-LOC-OUT-0002460,ACC-R3245-001,OUTWARD,R3245,2026-05-21 12:06:00,RET-BEN-000246,770200000001,321.00,321.00,UTILITY_PAYMENT,Utility Bill Payment,FTS,AE070330000220000000246,0.00,[]
LOC-OUT-0002462,QUOTE-LOC-OUT-0002462,COMPLETED,REF-LOC-OUT-0002462,ACC-R3246-001,OUTWARD,R3246,2026-01-16 13:07:00,RET-BEN-000247,770200000001,294.00,294.00,UTILITY_PAYMENT,Utility Bill Payment,FTS,AE070330000220000000247,0.00,[]
LOC-OUT-0002464,QUOTE-LOC-OUT-0002464,COMPLETED,REF-LOC-OUT-0002464,ACC-R3246-001,OUTWARD,R3246,2026-02-19 13:07:00,RET-BEN-000247,770200000001,305.00,305.00,UTILITY_PAYMENT,Utility Bill Payment,FTS,AE070330000220000000247,0.00,[]
LOC-OUT-0002466,QUOTE-LOC-OUT-0002466,COMPLETED,REF-LOC-OUT-0002466,ACC-R3246-001,OUTWARD,R3246,2026-03-22 13:07:00,RET-BEN-000247,770200000001,316.00,316.00,UTILITY_PAYMENT,Utility Bill Payment,FTS,AE070330000220000000247,0.00,[]
LOC-OUT-0002468,QUOTE-LOC-OUT-0002468,COMPLETED,REF-LOC-OUT-0002468,ACC-R3246-001,OUTWARD,R3246,2026-04-03 13:07:00,RET-BEN-000247,770200000001,327.00,327.00,UTILITY_PAYMENT,Utility Bill Payment,FTS,AE070330000220000000247,0.00,[]
LOC-OUT-0002470,QUOTE-LOC-OUT-0002470,COMPLETED,REF-LOC-OUT-0002470,ACC-R3246-001,OUTWARD,R3246,2026-05-06 13:07:00,RET-BEN-000247,770200000001,338.00,338.00,UTILITY_PAYMENT,Utility Bill Payment,FTS,AE070330000220000000247,0.00,[]
LOC-OUT-0002472,QUOTE-LOC-OUT-0002472,COMPLETED,REF-LOC-OUT-0002472,ACC-R3247-001,OUTWARD,R3247,2026-01-23 14:08:00,RET-BEN-000248,770200000001,311.00,311.00,UTILITY_PAYMENT,Utility Bill Payment,FTS,AE070330000220000000248,0.00,[]
LOC-OUT-0002474,QUOTE-LOC-OUT-0002474,COMPLETED,REF-LOC-OUT-0002474,ACC-R3247-001,OUTWARD,R3247,2026-02-04 14:08:00,RET-BEN-000248,770200000001,322.00,322.00,UTILITY_PAYMENT,Utility Bill Payment,FTS,AE070330000220000000248,0.00,[]
LOC-OUT-0002476,QUOTE-LOC-OUT-0002476,COMPLETED,REF-LOC-OUT-0002476,ACC-R3247-001,OUTWARD,R3247,2026-03-07 14:08:00,RET-BEN-000248,770200000001,333.00,333.00,UTILITY_PAYMENT,Utility Bill Payment,FTS,AE070330000220000000248,0.00,[]
LOC-OUT-0002478,QUOTE-LOC-OUT-0002478,COMPLETED,REF-LOC-OUT-0002478,ACC-R3247-001,OUTWARD,R3247,2026-04-10 14:08:00,RET-BEN-000248,770200000001,344.00,344.00,UTILITY_PAYMENT,Utility Bill Payment,FTS,AE070330000220000000248,0.00,[]
LOC-OUT-0002480,QUOTE-LOC-OUT-0002480,COMPLETED,REF-LOC-OUT-0002480,ACC-R3247-001,OUTWARD,R3247,2026-05-13 14:08:00,RET-BEN-000248,770200000001,89.00,89.00,UTILITY_PAYMENT,Utility Bill Payment,FTS,AE070330000220000000248,0.00,[]
LOC-OUT-0002482,QUOTE-LOC-OUT-0002482,COMPLETED,REF-LOC-OUT-0002482,ACC-R3248-001,OUTWARD,R3248,2026-01-08 15:09:00,RET-BEN-000249,770200000001,328.00,328.00,UTILITY_PAYMENT,Utility Bill Payment,FTS,AE070330000220000000249,0.00,[]
LOC-OUT-0002484,QUOTE-LOC-OUT-0002484,COMPLETED,REF-LOC-OUT-0002484,ACC-R3248-001,OUTWARD,R3248,2026-02-11 15:09:00,RET-BEN-000249,770200000001,339.00,339.00,UTILITY_PAYMENT,Utility Bill Payment,FTS,AE070330000220000000249,0.00,[]
LOC-OUT-0002486,QUOTE-LOC-OUT-0002486,COMPLETED,REF-LOC-OUT-0002486,ACC-R3248-001,OUTWARD,R3248,2026-03-14 15:09:00,RET-BEN-000249,770200000001,350.00,350.00,UTILITY_PAYMENT,Utility Bill Payment,FTS,AE070330000220000000249,0.00,[]
LOC-OUT-0002488,QUOTE-LOC-OUT-0002488,COMPLETED,REF-LOC-OUT-0002488,ACC-R3248-001,OUTWARD,R3248,2026-04-17 15:09:00,RET-BEN-000249,770200000001,95.00,95.00,UTILITY_PAYMENT,Utility Bill Payment,FTS,AE070330000220000000249,0.00,[]
LOC-OUT-0002490,QUOTE-LOC-OUT-0002490,COMPLETED,REF-LOC-OUT-0002490,ACC-R3248-001,OUTWARD,R3248,2026-05-20 15:09:00,RET-BEN-000249,770200000001,106.00,106.00,UTILITY_PAYMENT,Utility Bill Payment,FTS,AE070330000220000000249,0.00,[]
LOC-OUT-0002492,QUOTE-LOC-OUT-0002492,COMPLETED,REF-LOC-OUT-0002492,ACC-R3249-001,OUTWARD,R3249,2026-01-15 16:10:00,RET-BEN-000250,770200000001,345.00,345.00,UTILITY_PAYMENT,Utility Bill Payment,FTS,AE070330000220000000250,0.00,[]
LOC-OUT-0002494,QUOTE-LOC-OUT-0002494,COMPLETED,REF-LOC-OUT-0002494,ACC-R3249-001,OUTWARD,R3249,2026-02-18 16:10:00,RET-BEN-000250,770200000001,90.00,90.00,UTILITY_PAYMENT,Utility Bill Payment,FTS,AE070330000220000000250,0.00,[]
LOC-OUT-0002496,QUOTE-LOC-OUT-0002496,COMPLETED,REF-LOC-OUT-0002496,ACC-R3249-001,OUTWARD,R3249,2026-03-21 16:10:00,RET-BEN-000250,770200000001,101.00,101.00,UTILITY_PAYMENT,Utility Bill Payment,FTS,AE070330000220000000250,0.00,[]
LOC-OUT-0002498,QUOTE-LOC-OUT-0002498,COMPLETED,REF-LOC-OUT-0002498,ACC-R3249-001,OUTWARD,R3249,2026-04-24 16:10:00,RET-BEN-000250,770200000001,112.00,112.00,UTILITY_PAYMENT,Utility Bill Payment,FTS,AE070330000220000000250,0.00,[]
LOC-OUT-0002500,QUOTE-LOC-OUT-0002500,COMPLETED,REF-LOC-OUT-0002500,ACC-R3249-001,OUTWARD,R3249,2026-05-05 16:10:00,RET-BEN-000250,770200000001,123.00,123.00,UTILITY_PAYMENT,Utility Bill Payment,FTS,AE070330000220000000250,0.00,[]
LOC-OUT-0002502,QUOTE-LOC-OUT-0002502,COMPLETED,REF-LOC-OUT-0002502,ACC-R3250-001,OUTWARD,R3250,2026-01-22 17:11:00,RET-BEN-000251,770200000001,96.00,96.00,UTILITY_PAYMENT,Utility Bill Payment,FTS,AE070330000220000000251,0.00,[]
LOC-OUT-0002504,QUOTE-LOC-OUT-0002504,COMPLETED,REF-LOC-OUT-0002504,ACC-R3250-001,OUTWARD,R3250,2026-02-03 17:11:00,RET-BEN-000251,770200000001,107.00,107.00,UTILITY_PAYMENT,Utility Bill Payment,FTS,AE070330000220000000251,0.00,[]
LOC-OUT-0002506,QUOTE-LOC-OUT-0002506,COMPLETED,REF-LOC-OUT-0002506,ACC-R3250-001,OUTWARD,R3250,2026-03-06 17:11:00,RET-BEN-000251,770200000001,118.00,118.00,UTILITY_PAYMENT,Utility Bill Payment,FTS,AE070330000220000000251,0.00,[]
LOC-OUT-0002508,QUOTE-LOC-OUT-0002508,COMPLETED,REF-LOC-OUT-0002508,ACC-R3250-001,OUTWARD,R3250,2026-04-09 17:11:00,RET-BEN-000251,770200000001,129.00,129.00,UTILITY_PAYMENT,Utility Bill Payment,FTS,AE070330000220000000251,0.00,[]
LOC-OUT-0002510,QUOTE-LOC-OUT-0002510,COMPLETED,REF-LOC-OUT-0002510,ACC-R3250-001,OUTWARD,R3250,2026-05-12 17:11:00,RET-BEN-000251,770200000001,140.00,140.00,UTILITY_PAYMENT,Utility Bill Payment,FTS,AE070330000220000000251,0.00,[]
LOC-OUT-0002512,QUOTE-LOC-OUT-0002512,COMPLETED,REF-LOC-OUT-0002512,ACC-R3251-001,OUTWARD,R3251,2026-01-07 18:12:00,RET-BEN-000252,770200000001,113.00,113.00,UTILITY_PAYMENT,Utility Bill Payment,FTS,AE070330000220000000252,0.00,[]
LOC-OUT-0002514,QUOTE-LOC-OUT-0002514,COMPLETED,REF-LOC-OUT-0002514,ACC-R3251-001,OUTWARD,R3251,2026-02-10 18:12:00,RET-BEN-000252,770200000001,124.00,124.00,UTILITY_PAYMENT,Utility Bill Payment,FTS,AE070330000220000000252,0.00,[]
LOC-OUT-0002516,QUOTE-LOC-OUT-0002516,COMPLETED,REF-LOC-OUT-0002516,ACC-R3251-001,OUTWARD,R3251,2026-03-13 18:12:00,RET-BEN-000252,770200000001,135.00,135.00,UTILITY_PAYMENT,Utility Bill Payment,FTS,AE070330000220000000252,0.00,[]
LOC-OUT-0002518,QUOTE-LOC-OUT-0002518,COMPLETED,REF-LOC-OUT-0002518,ACC-R3251-001,OUTWARD,R3251,2026-04-16 18:12:00,RET-BEN-000252,770200000001,146.00,146.00,UTILITY_PAYMENT,Utility Bill Payment,FTS,AE070330000220000000252,0.00,[]
LOC-OUT-0002520,QUOTE-LOC-OUT-0002520,COMPLETED,REF-LOC-OUT-0002520,ACC-R3251-001,OUTWARD,R3251,2026-05-19 18:12:00,RET-BEN-000252,770200000001,157.00,157.00,UTILITY_PAYMENT,Utility Bill Payment,FTS,AE070330000220000000252,0.00,[]
LOC-OUT-0002522,QUOTE-LOC-OUT-0002522,COMPLETED,REF-LOC-OUT-0002522,ACC-R3252-001,OUTWARD,R3252,2026-01-14 08:13:00,RET-BEN-000253,770200000001,130.00,130.00,UTILITY_PAYMENT,Utility Bill Payment,FTS,AE070330000220000000253,0.00,[]
LOC-OUT-0002524,QUOTE-LOC-OUT-0002524,COMPLETED,REF-LOC-OUT-0002524,ACC-R3252-001,OUTWARD,R3252,2026-02-17 08:13:00,RET-BEN-000253,770200000001,141.00,141.00,UTILITY_PAYMENT,Utility Bill Payment,FTS,AE070330000220000000253,0.00,[]
LOC-OUT-0002526,QUOTE-LOC-OUT-0002526,COMPLETED,REF-LOC-OUT-0002526,ACC-R3252-001,OUTWARD,R3252,2026-03-20 08:13:00,RET-BEN-000253,770200000001,152.00,152.00,UTILITY_PAYMENT,Utility Bill Payment,FTS,AE070330000220000000253,0.00,[]
LOC-OUT-0002528,QUOTE-LOC-OUT-0002528,COMPLETED,REF-LOC-OUT-0002528,ACC-R3252-001,OUTWARD,R3252,2026-04-23 08:13:00,RET-BEN-000253,770200000001,163.00,163.00,UTILITY_PAYMENT,Utility Bill Payment,FTS,AE070330000220000000253,0.00,[]
LOC-OUT-0002530,QUOTE-LOC-OUT-0002530,COMPLETED,REF-LOC-OUT-0002530,ACC-R3252-001,OUTWARD,R3252,2026-05-04 08:13:00,RET-BEN-000253,770200000001,174.00,174.00,UTILITY_PAYMENT,Utility Bill Payment,FTS,AE070330000220000000253,0.00,[]
LOC-OUT-0002532,QUOTE-LOC-OUT-0002532,COMPLETED,REF-LOC-OUT-0002532,ACC-R3253-001,OUTWARD,R3253,2026-01-21 09:14:00,RET-BEN-000254,770200000001,147.00,147.00,UTILITY_PAYMENT,Utility Bill Payment,FTS,AE070330000220000000254,0.00,[]
LOC-OUT-0002534,QUOTE-LOC-OUT-0002534,COMPLETED,REF-LOC-OUT-0002534,ACC-R3253-001,OUTWARD,R3253,2026-02-24 09:14:00,RET-BEN-000254,770200000001,158.00,158.00,UTILITY_PAYMENT,Utility Bill Payment,FTS,AE070330000220000000254,0.00,[]
LOC-OUT-0002536,QUOTE-LOC-OUT-0002536,COMPLETED,REF-LOC-OUT-0002536,ACC-R3253-001,OUTWARD,R3253,2026-03-05 09:14:00,RET-BEN-000254,770200000001,169.00,169.00,UTILITY_PAYMENT,Utility Bill Payment,FTS,AE070330000220000000254,0.00,[]
LOC-OUT-0002538,QUOTE-LOC-OUT-0002538,COMPLETED,REF-LOC-OUT-0002538,ACC-R3253-001,OUTWARD,R3253,2026-04-08 09:14:00,RET-BEN-000254,770200000001,180.00,180.00,UTILITY_PAYMENT,Utility Bill Payment,FTS,AE070330000220000000254,0.00,[]
LOC-OUT-0002540,QUOTE-LOC-OUT-0002540,COMPLETED,REF-LOC-OUT-0002540,ACC-R3253-001,OUTWARD,R3253,2026-05-11 09:14:00,RET-BEN-000254,770200000001,191.00,191.00,UTILITY_PAYMENT,Utility Bill Payment,FTS,AE070330000220000000254,0.00,[]
LOC-OUT-0002542,QUOTE-LOC-OUT-0002542,COMPLETED,REF-LOC-OUT-0002542,ACC-R3254-001,OUTWARD,R3254,2026-01-06 10:15:00,RET-BEN-000255,770200000001,164.00,164.00,UTILITY_PAYMENT,Utility Bill Payment,FTS,AE070330000220000000255,0.00,[]
LOC-OUT-0002544,QUOTE-LOC-OUT-0002544,COMPLETED,REF-LOC-OUT-0002544,ACC-R3254-001,OUTWARD,R3254,2026-02-09 10:15:00,RET-BEN-000255,770200000001,175.00,175.00,UTILITY_PAYMENT,Utility Bill Payment,FTS,AE070330000220000000255,0.00,[]
LOC-OUT-0002546,QUOTE-LOC-OUT-0002546,COMPLETED,REF-LOC-OUT-0002546,ACC-R3254-001,OUTWARD,R3254,2026-03-12 10:15:00,RET-BEN-000255,770200000001,186.00,186.00,UTILITY_PAYMENT,Utility Bill Payment,FTS,AE070330000220000000255,0.00,[]
LOC-OUT-0002548,QUOTE-LOC-OUT-0002548,COMPLETED,REF-LOC-OUT-0002548,ACC-R3254-001,OUTWARD,R3254,2026-04-15 10:15:00,RET-BEN-000255,770200000001,197.00,197.00,UTILITY_PAYMENT,Utility Bill Payment,FTS,AE070330000220000000255,0.00,[]
LOC-OUT-0002550,QUOTE-LOC-OUT-0002550,COMPLETED,REF-LOC-OUT-0002550,ACC-R3254-001,OUTWARD,R3254,2026-05-18 10:15:00,RET-BEN-000255,770200000001,208.00,208.00,UTILITY_PAYMENT,Utility Bill Payment,FTS,AE070330000220000000255,0.00,[]
LOC-OUT-0002552,QUOTE-LOC-OUT-0002552,COMPLETED,REF-LOC-OUT-0002552,ACC-R3255-001,OUTWARD,R3255,2026-01-13 11:16:00,RET-BEN-000256,770200000001,181.00,181.00,UTILITY_PAYMENT,Utility Bill Payment,FTS,AE070330000220000000256,0.00,[]
LOC-OUT-0002554,QUOTE-LOC-OUT-0002554,COMPLETED,REF-LOC-OUT-0002554,ACC-R3255-001,OUTWARD,R3255,2026-02-16 11:16:00,RET-BEN-000256,770200000001,192.00,192.00,UTILITY_PAYMENT,Utility Bill Payment,FTS,AE070330000220000000256,0.00,[]
LOC-OUT-0002556,QUOTE-LOC-OUT-0002556,COMPLETED,REF-LOC-OUT-0002556,ACC-R3255-001,OUTWARD,R3255,2026-03-19 11:16:00,RET-BEN-000256,770200000001,203.00,203.00,UTILITY_PAYMENT,Utility Bill Payment,FTS,AE070330000220000000256,0.00,[]
LOC-OUT-0002558,QUOTE-LOC-OUT-0002558,COMPLETED,REF-LOC-OUT-0002558,ACC-R3255-001,OUTWARD,R3255,2026-04-22 11:16:00,RET-BEN-000256,770200000001,214.00,214.00,UTILITY_PAYMENT,Utility Bill Payment,FTS,AE070330000220000000256,0.00,[]
LOC-OUT-0002560,QUOTE-LOC-OUT-0002560,COMPLETED,REF-LOC-OUT-0002560,ACC-R3255-001,OUTWARD,R3255,2026-05-03 11:16:00,RET-BEN-000256,770200000001,225.00,225.00,UTILITY_PAYMENT,Utility Bill Payment,FTS,AE070330000220000000256,0.00,[]
LOC-OUT-0002562,QUOTE-LOC-OUT-0002562,COMPLETED,REF-LOC-OUT-0002562,ACC-R3256-001,OUTWARD,R3256,2026-01-20 12:17:00,RET-BEN-000257,770200000001,198.00,198.00,UTILITY_PAYMENT,Utility Bill Payment,FTS,AE070330000220000000257,0.00,[]
LOC-OUT-0002564,QUOTE-LOC-OUT-0002564,COMPLETED,REF-LOC-OUT-0002564,ACC-R3256-001,OUTWARD,R3256,2026-02-23 12:17:00,RET-BEN-000257,770200000001,209.00,209.00,UTILITY_PAYMENT,Utility Bill Payment,FTS,AE070330000220000000257,0.00,[]
LOC-OUT-0002566,QUOTE-LOC-OUT-0002566,COMPLETED,REF-LOC-OUT-0002566,ACC-R3256-001,OUTWARD,R3256,2026-03-04 12:17:00,RET-BEN-000257,770200000001,220.00,220.00,UTILITY_PAYMENT,Utility Bill Payment,FTS,AE070330000220000000257,0.00,[]
LOC-OUT-0002568,QUOTE-LOC-OUT-0002568,COMPLETED,REF-LOC-OUT-0002568,ACC-R3256-001,OUTWARD,R3256,2026-04-07 12:17:00,RET-BEN-000257,770200000001,231.00,231.00,UTILITY_PAYMENT,Utility Bill Payment,FTS,AE070330000220000000257,0.00,[]
LOC-OUT-0002570,QUOTE-LOC-OUT-0002570,COMPLETED,REF-LOC-OUT-0002570,ACC-R3256-001,OUTWARD,R3256,2026-05-10 12:17:00,RET-BEN-000257,770200000001,242.00,242.00,UTILITY_PAYMENT,Utility Bill Payment,FTS,AE070330000220000000257,0.00,[]
LOC-OUT-0002572,QUOTE-LOC-OUT-0002572,COMPLETED,REF-LOC-OUT-0002572,ACC-R3257-001,OUTWARD,R3257,2026-01-05 13:18:00,RET-BEN-000258,770200000001,215.00,215.00,UTILITY_PAYMENT,Utility Bill Payment,FTS,AE070330000220000000258,0.00,[]
LOC-OUT-0002574,QUOTE-LOC-OUT-0002574,COMPLETED,REF-LOC-OUT-0002574,ACC-R3257-001,OUTWARD,R3257,2026-02-08 13:18:00,RET-BEN-000258,770200000001,226.00,226.00,UTILITY_PAYMENT,Utility Bill Payment,FTS,AE070330000220000000258,0.00,[]
LOC-OUT-0002576,QUOTE-LOC-OUT-0002576,COMPLETED,REF-LOC-OUT-0002576,ACC-R3257-001,OUTWARD,R3257,2026-03-11 13:18:00,RET-BEN-000258,770200000001,237.00,237.00,UTILITY_PAYMENT,Utility Bill Payment,FTS,AE070330000220000000258,0.00,[]
LOC-OUT-0002578,QUOTE-LOC-OUT-0002578,COMPLETED,REF-LOC-OUT-0002578,ACC-R3257-001,OUTWARD,R3257,2026-04-14 13:18:00,RET-BEN-000258,770200000001,248.00,248.00,UTILITY_PAYMENT,Utility Bill Payment,FTS,AE070330000220000000258,0.00,[]
LOC-OUT-0002580,QUOTE-LOC-OUT-0002580,COMPLETED,REF-LOC-OUT-0002580,ACC-R3257-001,OUTWARD,R3257,2026-05-17 13:18:00,RET-BEN-000258,770200000001,259.00,259.00,UTILITY_PAYMENT,Utility Bill Payment,FTS,AE070330000220000000258,0.00,[]
LOC-OUT-0002582,QUOTE-LOC-OUT-0002582,COMPLETED,REF-LOC-OUT-0002582,ACC-R3258-001,OUTWARD,R3258,2026-01-12 14:19:00,RET-BEN-000259,770200000001,232.00,232.00,UTILITY_PAYMENT,Utility Bill Payment,FTS,AE070330000220000000259,0.00,[]
LOC-OUT-0002584,QUOTE-LOC-OUT-0002584,COMPLETED,REF-LOC-OUT-0002584,ACC-R3258-001,OUTWARD,R3258,2026-02-15 14:19:00,RET-BEN-000259,770200000001,243.00,243.00,UTILITY_PAYMENT,Utility Bill Payment,FTS,AE070330000220000000259,0.00,[]
LOC-OUT-0002586,QUOTE-LOC-OUT-0002586,COMPLETED,REF-LOC-OUT-0002586,ACC-R3258-001,OUTWARD,R3258,2026-03-18 14:19:00,RET-BEN-000259,770200000001,254.00,254.00,UTILITY_PAYMENT,Utility Bill Payment,FTS,AE070330000220000000259,0.00,[]
LOC-OUT-0002588,QUOTE-LOC-OUT-0002588,COMPLETED,REF-LOC-OUT-0002588,ACC-R3258-001,OUTWARD,R3258,2026-04-21 14:19:00,RET-BEN-000259,770200000001,265.00,265.00,UTILITY_PAYMENT,Utility Bill Payment,FTS,AE070330000220000000259,0.00,[]
LOC-OUT-0002590,QUOTE-LOC-OUT-0002590,COMPLETED,REF-LOC-OUT-0002590,ACC-R3258-001,OUTWARD,R3258,2026-05-24 14:19:00,RET-BEN-000259,770200000001,276.00,276.00,UTILITY_PAYMENT,Utility Bill Payment,FTS,AE070330000220000000259,0.00,[]
LOC-OUT-0002592,QUOTE-LOC-OUT-0002592,COMPLETED,REF-LOC-OUT-0002592,ACC-R3259-001,OUTWARD,R3259,2026-01-19 15:20:00,RET-BEN-000260,770200000001,249.00,249.00,UTILITY_PAYMENT,Utility Bill Payment,FTS,AE070330000220000000260,0.00,[]
LOC-OUT-0002594,QUOTE-LOC-OUT-0002594,COMPLETED,REF-LOC-OUT-0002594,ACC-R3259-001,OUTWARD,R3259,2026-02-22 15:20:00,RET-BEN-000260,770200000001,260.00,260.00,UTILITY_PAYMENT,Utility Bill Payment,FTS,AE070330000220000000260,0.00,[]
LOC-OUT-0002596,QUOTE-LOC-OUT-0002596,COMPLETED,REF-LOC-OUT-0002596,ACC-R3259-001,OUTWARD,R3259,2026-03-03 15:20:00,RET-BEN-000260,770200000001,271.00,271.00,UTILITY_PAYMENT,Utility Bill Payment,FTS,AE070330000220000000260,0.00,[]
LOC-OUT-0002598,QUOTE-LOC-OUT-0002598,COMPLETED,REF-LOC-OUT-0002598,ACC-R3259-001,OUTWARD,R3259,2026-04-06 15:20:00,RET-BEN-000260,770200000001,282.00,282.00,UTILITY_PAYMENT,Utility Bill Payment,FTS,AE070330000220000000260,0.00,[]
LOC-OUT-0002600,QUOTE-LOC-OUT-0002600,COMPLETED,REF-LOC-OUT-0002600,ACC-R3259-001,OUTWARD,R3259,2026-05-09 15:20:00,RET-BEN-000260,770200000001,293.00,293.00,UTILITY_PAYMENT,Utility Bill Payment,FTS,AE070330000220000000260,0.00,[]
LOC-OUT-0002602,QUOTE-LOC-OUT-0002602,COMPLETED,REF-LOC-OUT-0002602,ACC-R3260-001,OUTWARD,R3260,2026-01-04 16:21:00,RET-BEN-000261,770200000001,266.00,266.00,UTILITY_PAYMENT,Utility Bill Payment,FTS,AE070330000220000000261,0.00,[]
LOC-OUT-0002604,QUOTE-LOC-OUT-0002604,COMPLETED,REF-LOC-OUT-0002604,ACC-R3260-001,OUTWARD,R3260,2026-02-07 16:21:00,RET-BEN-000261,770200000001,277.00,277.00,UTILITY_PAYMENT,Utility Bill Payment,FTS,AE070330000220000000261,0.00,[]
LOC-OUT-0002606,QUOTE-LOC-OUT-0002606,COMPLETED,REF-LOC-OUT-0002606,ACC-R3260-001,OUTWARD,R3260,2026-03-10 16:21:00,RET-BEN-000261,770200000001,288.00,288.00,UTILITY_PAYMENT,Utility Bill Payment,FTS,AE070330000220000000261,0.00,[]
LOC-OUT-0002608,QUOTE-LOC-OUT-0002608,COMPLETED,REF-LOC-OUT-0002608,ACC-R3260-001,OUTWARD,R3260,2026-04-13 16:21:00,RET-BEN-000261,770200000001,299.00,299.00,UTILITY_PAYMENT,Utility Bill Payment,FTS,AE070330000220000000261,0.00,[]
LOC-OUT-0002610,QUOTE-LOC-OUT-0002610,COMPLETED,REF-LOC-OUT-0002610,ACC-R3260-001,OUTWARD,R3260,2026-05-16 16:21:00,RET-BEN-000261,770200000001,310.00,310.00,UTILITY_PAYMENT,Utility Bill Payment,FTS,AE070330000220000000261,0.00,[]
LOC-OUT-0002612,QUOTE-LOC-OUT-0002612,COMPLETED,REF-LOC-OUT-0002612,ACC-R3261-001,OUTWARD,R3261,2026-01-11 17:22:00,RET-BEN-000262,770200000001,283.00,283.00,UTILITY_PAYMENT,Utility Bill Payment,FTS,AE070330000220000000262,0.00,[]
LOC-OUT-0002614,QUOTE-LOC-OUT-0002614,COMPLETED,REF-LOC-OUT-0002614,ACC-R3261-001,OUTWARD,R3261,2026-02-14 17:22:00,RET-BEN-000262,770200000001,294.00,294.00,UTILITY_PAYMENT,Utility Bill Payment,FTS,AE070330000220000000262,0.00,[]
LOC-OUT-0002616,QUOTE-LOC-OUT-0002616,COMPLETED,REF-LOC-OUT-0002616,ACC-R3261-001,OUTWARD,R3261,2026-03-17 17:22:00,RET-BEN-000262,770200000001,305.00,305.00,UTILITY_PAYMENT,Utility Bill Payment,FTS,AE070330000220000000262,0.00,[]
LOC-OUT-0002618,QUOTE-LOC-OUT-0002618,COMPLETED,REF-LOC-OUT-0002618,ACC-R3261-001,OUTWARD,R3261,2026-04-20 17:22:00,RET-BEN-000262,770200000001,316.00,316.00,UTILITY_PAYMENT,Utility Bill Payment,FTS,AE070330000220000000262,0.00,[]
LOC-OUT-0002620,QUOTE-LOC-OUT-0002620,COMPLETED,REF-LOC-OUT-0002620,ACC-R3261-001,OUTWARD,R3261,2026-05-23 17:22:00,RET-BEN-000262,770200000001,327.00,327.00,UTILITY_PAYMENT,Utility Bill Payment,FTS,AE070330000220000000262,0.00,[]
LOC-OUT-0002622,QUOTE-LOC-OUT-0002622,COMPLETED,REF-LOC-OUT-0002622,ACC-R3262-001,OUTWARD,R3262,2026-01-18 18:23:00,RET-BEN-000263,770200000001,300.00,300.00,UTILITY_PAYMENT,Utility Bill Payment,FTS,AE070330000220000000263,0.00,[]
LOC-OUT-0002624,QUOTE-LOC-OUT-0002624,COMPLETED,REF-LOC-OUT-0002624,ACC-R3262-001,OUTWARD,R3262,2026-02-21 18:23:00,RET-BEN-000263,770200000001,311.00,311.00,UTILITY_PAYMENT,Utility Bill Payment,FTS,AE070330000220000000263,0.00,[]
LOC-OUT-0002626,QUOTE-LOC-OUT-0002626,COMPLETED,REF-LOC-OUT-0002626,ACC-R3262-001,OUTWARD,R3262,2026-03-24 18:23:00,RET-BEN-000263,770200000001,322.00,322.00,UTILITY_PAYMENT,Utility Bill Payment,FTS,AE070330000220000000263,0.00,[]
LOC-OUT-0002628,QUOTE-LOC-OUT-0002628,COMPLETED,REF-LOC-OUT-0002628,ACC-R3262-001,OUTWARD,R3262,2026-04-05 18:23:00,RET-BEN-000263,770200000001,333.00,333.00,UTILITY_PAYMENT,Utility Bill Payment,FTS,AE070330000220000000263,0.00,[]
LOC-OUT-0002630,QUOTE-LOC-OUT-0002630,COMPLETED,REF-LOC-OUT-0002630,ACC-R3262-001,OUTWARD,R3262,2026-05-08 18:23:00,RET-BEN-000263,770200000001,344.00,344.00,UTILITY_PAYMENT,Utility Bill Payment,FTS,AE070330000220000000263,0.00,[]
LOC-OUT-0002632,QUOTE-LOC-OUT-0002632,COMPLETED,REF-LOC-OUT-0002632,ACC-R3263-001,OUTWARD,R3263,2026-01-03 08:24:00,RET-BEN-000264,770200000001,317.00,317.00,UTILITY_PAYMENT,Utility Bill Payment,FTS,AE070330000220000000264,0.00,[]
LOC-OUT-0002634,QUOTE-LOC-OUT-0002634,COMPLETED,REF-LOC-OUT-0002634,ACC-R3263-001,OUTWARD,R3263,2026-02-06 08:24:00,RET-BEN-000264,770200000001,328.00,328.00,UTILITY_PAYMENT,Utility Bill Payment,FTS,AE070330000220000000264,0.00,[]
LOC-OUT-0002636,QUOTE-LOC-OUT-0002636,COMPLETED,REF-LOC-OUT-0002636,ACC-R3263-001,OUTWARD,R3263,2026-03-09 08:24:00,RET-BEN-000264,770200000001,339.00,339.00,UTILITY_PAYMENT,Utility Bill Payment,FTS,AE070330000220000000264,0.00,[]
LOC-OUT-0002638,QUOTE-LOC-OUT-0002638,COMPLETED,REF-LOC-OUT-0002638,ACC-R3263-001,OUTWARD,R3263,2026-04-12 08:24:00,RET-BEN-000264,770200000001,350.00,350.00,UTILITY_PAYMENT,Utility Bill Payment,FTS,AE070330000220000000264,0.00,[]
LOC-OUT-0002640,QUOTE-LOC-OUT-0002640,COMPLETED,REF-LOC-OUT-0002640,ACC-R3263-001,OUTWARD,R3263,2026-05-15 08:24:00,RET-BEN-000264,770200000001,95.00,95.00,UTILITY_PAYMENT,Utility Bill Payment,FTS,AE070330000220000000264,0.00,[]
LOC-OUT-0002642,QUOTE-LOC-OUT-0002642,COMPLETED,REF-LOC-OUT-0002642,ACC-R3264-001,OUTWARD,R3264,2026-01-10 09:25:00,RET-BEN-000265,770200000001,334.00,334.00,UTILITY_PAYMENT,Utility Bill Payment,FTS,AE070330000220000000265,0.00,[]
LOC-OUT-0002644,QUOTE-LOC-OUT-0002644,COMPLETED,REF-LOC-OUT-0002644,ACC-R3264-001,OUTWARD,R3264,2026-02-13 09:25:00,RET-BEN-000265,770200000001,345.00,345.00,UTILITY_PAYMENT,Utility Bill Payment,FTS,AE070330000220000000265,0.00,[]
LOC-OUT-0002646,QUOTE-LOC-OUT-0002646,COMPLETED,REF-LOC-OUT-0002646,ACC-R3264-001,OUTWARD,R3264,2026-03-16 09:25:00,RET-BEN-000265,770200000001,90.00,90.00,UTILITY_PAYMENT,Utility Bill Payment,FTS,AE070330000220000000265,0.00,[]
LOC-OUT-0002648,QUOTE-LOC-OUT-0002648,COMPLETED,REF-LOC-OUT-0002648,ACC-R3264-001,OUTWARD,R3264,2026-04-19 09:25:00,RET-BEN-000265,770200000001,101.00,101.00,UTILITY_PAYMENT,Utility Bill Payment,FTS,AE070330000220000000265,0.00,[]
LOC-OUT-0002650,QUOTE-LOC-OUT-0002650,COMPLETED,REF-LOC-OUT-0002650,ACC-R3264-001,OUTWARD,R3264,2026-05-22 09:25:00,RET-BEN-000265,770200000001,112.00,112.00,UTILITY_PAYMENT,Utility Bill Payment,FTS,AE070330000220000000265,0.00,[]
LOC-OUT-0002652,QUOTE-LOC-OUT-0002652,COMPLETED,REF-LOC-OUT-0002652,ACC-R3265-001,OUTWARD,R3265,2026-01-17 10:26:00,RET-BEN-000266,770200000001,85.00,85.00,UTILITY_PAYMENT,Utility Bill Payment,FTS,AE070330000220000000266,0.00,[]
LOC-OUT-0002654,QUOTE-LOC-OUT-0002654,COMPLETED,REF-LOC-OUT-0002654,ACC-R3265-001,OUTWARD,R3265,2026-02-20 10:26:00,RET-BEN-000266,770200000001,96.00,96.00,UTILITY_PAYMENT,Utility Bill Payment,FTS,AE070330000220000000266,0.00,[]
LOC-OUT-0002656,QUOTE-LOC-OUT-0002656,COMPLETED,REF-LOC-OUT-0002656,ACC-R3265-001,OUTWARD,R3265,2026-03-23 10:26:00,RET-BEN-000266,770200000001,107.00,107.00,UTILITY_PAYMENT,Utility Bill Payment,FTS,AE070330000220000000266,0.00,[]
LOC-OUT-0002658,QUOTE-LOC-OUT-0002658,COMPLETED,REF-LOC-OUT-0002658,ACC-R3265-001,OUTWARD,R3265,2026-04-04 10:26:00,RET-BEN-000266,770200000001,118.00,118.00,UTILITY_PAYMENT,Utility Bill Payment,FTS,AE070330000220000000266,0.00,[]
LOC-OUT-0002660,QUOTE-LOC-OUT-0002660,COMPLETED,REF-LOC-OUT-0002660,ACC-R3265-001,OUTWARD,R3265,2026-05-07 10:26:00,RET-BEN-000266,770200000001,129.00,129.00,UTILITY_PAYMENT,Utility Bill Payment,FTS,AE070330000220000000266,0.00,[]
LOC-OUT-0002662,QUOTE-LOC-OUT-0002662,COMPLETED,REF-LOC-OUT-0002662,ACC-R3266-001,OUTWARD,R3266,2026-01-24 11:27:00,RET-BEN-000267,770200000001,102.00,102.00,UTILITY_PAYMENT,Utility Bill Payment,FTS,AE070330000220000000267,0.00,[]
LOC-OUT-0002664,QUOTE-LOC-OUT-0002664,COMPLETED,REF-LOC-OUT-0002664,ACC-R3266-001,OUTWARD,R3266,2026-02-05 11:27:00,RET-BEN-000267,770200000001,113.00,113.00,UTILITY_PAYMENT,Utility Bill Payment,FTS,AE070330000220000000267,0.00,[]
LOC-OUT-0002666,QUOTE-LOC-OUT-0002666,COMPLETED,REF-LOC-OUT-0002666,ACC-R3266-001,OUTWARD,R3266,2026-03-08 11:27:00,RET-BEN-000267,770200000001,124.00,124.00,UTILITY_PAYMENT,Utility Bill Payment,FTS,AE070330000220000000267,0.00,[]
LOC-OUT-0002668,QUOTE-LOC-OUT-0002668,COMPLETED,REF-LOC-OUT-0002668,ACC-R3266-001,OUTWARD,R3266,2026-04-11 11:27:00,RET-BEN-000267,770200000001,135.00,135.00,UTILITY_PAYMENT,Utility Bill Payment,FTS,AE070330000220000000267,0.00,[]
LOC-OUT-0002670,QUOTE-LOC-OUT-0002670,COMPLETED,REF-LOC-OUT-0002670,ACC-R3266-001,OUTWARD,R3266,2026-05-14 11:27:00,RET-BEN-000267,770200000001,146.00,146.00,UTILITY_PAYMENT,Utility Bill Payment,FTS,AE070330000220000000267,0.00,[]
LOC-OUT-0002672,QUOTE-LOC-OUT-0002672,COMPLETED,REF-LOC-OUT-0002672,ACC-R3267-001,OUTWARD,R3267,2026-01-09 12:28:00,RET-BEN-000268,770200000001,119.00,119.00,UTILITY_PAYMENT,Utility Bill Payment,FTS,AE070330000220000000268,0.00,[]
LOC-OUT-0002674,QUOTE-LOC-OUT-0002674,COMPLETED,REF-LOC-OUT-0002674,ACC-R3267-001,OUTWARD,R3267,2026-02-12 12:28:00,RET-BEN-000268,770200000001,130.00,130.00,UTILITY_PAYMENT,Utility Bill Payment,FTS,AE070330000220000000268,0.00,[]
LOC-OUT-0002676,QUOTE-LOC-OUT-0002676,COMPLETED,REF-LOC-OUT-0002676,ACC-R3267-001,OUTWARD,R3267,2026-03-15 12:28:00,RET-BEN-000268,770200000001,141.00,141.00,UTILITY_PAYMENT,Utility Bill Payment,FTS,AE070330000220000000268,0.00,[]
LOC-OUT-0002678,QUOTE-LOC-OUT-0002678,COMPLETED,REF-LOC-OUT-0002678,ACC-R3267-001,OUTWARD,R3267,2026-04-18 12:28:00,RET-BEN-000268,770200000001,152.00,152.00,UTILITY_PAYMENT,Utility Bill Payment,FTS,AE070330000220000000268,0.00,[]
LOC-OUT-0002680,QUOTE-LOC-OUT-0002680,COMPLETED,REF-LOC-OUT-0002680,ACC-R3267-001,OUTWARD,R3267,2026-05-21 12:28:00,RET-BEN-000268,770200000001,163.00,163.00,UTILITY_PAYMENT,Utility Bill Payment,FTS,AE070330000220000000268,0.00,[]
LOC-OUT-0002682,QUOTE-LOC-OUT-0002682,COMPLETED,REF-LOC-OUT-0002682,ACC-R3268-001,OUTWARD,R3268,2026-01-16 13:29:00,RET-BEN-000269,770200000001,136.00,136.00,UTILITY_PAYMENT,Utility Bill Payment,FTS,AE070330000220000000269,0.00,[]
LOC-OUT-0002684,QUOTE-LOC-OUT-0002684,COMPLETED,REF-LOC-OUT-0002684,ACC-R3268-001,OUTWARD,R3268,2026-02-19 13:29:00,RET-BEN-000269,770200000001,147.00,147.00,UTILITY_PAYMENT,Utility Bill Payment,FTS,AE070330000220000000269,0.00,[]
LOC-OUT-0002686,QUOTE-LOC-OUT-0002686,COMPLETED,REF-LOC-OUT-0002686,ACC-R3268-001,OUTWARD,R3268,2026-03-22 13:29:00,RET-BEN-000269,770200000001,158.00,158.00,UTILITY_PAYMENT,Utility Bill Payment,FTS,AE070330000220000000269,0.00,[]
LOC-OUT-0002688,QUOTE-LOC-OUT-0002688,COMPLETED,REF-LOC-OUT-0002688,ACC-R3268-001,OUTWARD,R3268,2026-04-03 13:29:00,RET-BEN-000269,770200000001,169.00,169.00,UTILITY_PAYMENT,Utility Bill Payment,FTS,AE070330000220000000269,0.00,[]
LOC-OUT-0002690,QUOTE-LOC-OUT-0002690,COMPLETED,REF-LOC-OUT-0002690,ACC-R3268-001,OUTWARD,R3268,2026-05-06 13:29:00,RET-BEN-000269,770200000001,180.00,180.00,UTILITY_PAYMENT,Utility Bill Payment,FTS,AE070330000220000000269,0.00,[]
LOC-OUT-0002692,QUOTE-LOC-OUT-0002692,COMPLETED,REF-LOC-OUT-0002692,ACC-R3269-001,OUTWARD,R3269,2026-01-23 14:30:00,RET-BEN-000270,770200000001,153.00,153.00,UTILITY_PAYMENT,Utility Bill Payment,FTS,AE070330000220000000270,0.00,[]
LOC-OUT-0002694,QUOTE-LOC-OUT-0002694,COMPLETED,REF-LOC-OUT-0002694,ACC-R3269-001,OUTWARD,R3269,2026-02-04 14:30:00,RET-BEN-000270,770200000001,164.00,164.00,UTILITY_PAYMENT,Utility Bill Payment,FTS,AE070330000220000000270,0.00,[]
LOC-OUT-0002696,QUOTE-LOC-OUT-0002696,COMPLETED,REF-LOC-OUT-0002696,ACC-R3269-001,OUTWARD,R3269,2026-03-07 14:30:00,RET-BEN-000270,770200000001,175.00,175.00,UTILITY_PAYMENT,Utility Bill Payment,FTS,AE070330000220000000270,0.00,[]
LOC-OUT-0002698,QUOTE-LOC-OUT-0002698,COMPLETED,REF-LOC-OUT-0002698,ACC-R3269-001,OUTWARD,R3269,2026-04-10 14:30:00,RET-BEN-000270,770200000001,186.00,186.00,UTILITY_PAYMENT,Utility Bill Payment,FTS,AE070330000220000000270,0.00,[]
LOC-OUT-0002700,QUOTE-LOC-OUT-0002700,COMPLETED,REF-LOC-OUT-0002700,ACC-R3269-001,OUTWARD,R3269,2026-05-13 14:30:00,RET-BEN-000270,770200000001,197.00,197.00,UTILITY_PAYMENT,Utility Bill Payment,FTS,AE070330000220000000270,0.00,[]
LOC-OUT-0002702,QUOTE-LOC-OUT-0002702,COMPLETED,REF-LOC-OUT-0002702,ACC-R3270-001,OUTWARD,R3270,2026-01-08 15:31:00,RET-BEN-000271,770200000001,170.00,170.00,UTILITY_PAYMENT,Utility Bill Payment,FTS,AE070330000220000000271,0.00,[]
LOC-OUT-0002704,QUOTE-LOC-OUT-0002704,COMPLETED,REF-LOC-OUT-0002704,ACC-R3270-001,OUTWARD,R3270,2026-02-11 15:31:00,RET-BEN-000271,770200000001,181.00,181.00,UTILITY_PAYMENT,Utility Bill Payment,FTS,AE070330000220000000271,0.00,[]
LOC-OUT-0002706,QUOTE-LOC-OUT-0002706,COMPLETED,REF-LOC-OUT-0002706,ACC-R3270-001,OUTWARD,R3270,2026-03-14 15:31:00,RET-BEN-000271,770200000001,192.00,192.00,UTILITY_PAYMENT,Utility Bill Payment,FTS,AE070330000220000000271,0.00,[]
LOC-OUT-0002708,QUOTE-LOC-OUT-0002708,COMPLETED,REF-LOC-OUT-0002708,ACC-R3270-001,OUTWARD,R3270,2026-04-17 15:31:00,RET-BEN-000271,770200000001,203.00,203.00,UTILITY_PAYMENT,Utility Bill Payment,FTS,AE070330000220000000271,0.00,[]
LOC-OUT-0002710,QUOTE-LOC-OUT-0002710,COMPLETED,REF-LOC-OUT-0002710,ACC-R3270-001,OUTWARD,R3270,2026-05-20 15:31:00,RET-BEN-000271,770200000001,214.00,214.00,UTILITY_PAYMENT,Utility Bill Payment,FTS,AE070330000220000000271,0.00,[]
LOC-OUT-0002712,QUOTE-LOC-OUT-0002712,COMPLETED,REF-LOC-OUT-0002712,ACC-R3271-001,OUTWARD,R3271,2026-01-15 16:32:00,RET-BEN-000272,770200000001,187.00,187.00,UTILITY_PAYMENT,Utility Bill Payment,FTS,AE070330000220000000272,0.00,[]
LOC-OUT-0002714,QUOTE-LOC-OUT-0002714,COMPLETED,REF-LOC-OUT-0002714,ACC-R3271-001,OUTWARD,R3271,2026-02-18 16:32:00,RET-BEN-000272,770200000001,198.00,198.00,UTILITY_PAYMENT,Utility Bill Payment,FTS,AE070330000220000000272,0.00,[]
LOC-OUT-0002716,QUOTE-LOC-OUT-0002716,COMPLETED,REF-LOC-OUT-0002716,ACC-R3271-001,OUTWARD,R3271,2026-03-21 16:32:00,RET-BEN-000272,770200000001,209.00,209.00,UTILITY_PAYMENT,Utility Bill Payment,FTS,AE070330000220000000272,0.00,[]
LOC-OUT-0002718,QUOTE-LOC-OUT-0002718,COMPLETED,REF-LOC-OUT-0002718,ACC-R3271-001,OUTWARD,R3271,2026-04-24 16:32:00,RET-BEN-000272,770200000001,220.00,220.00,UTILITY_PAYMENT,Utility Bill Payment,FTS,AE070330000220000000272,0.00,[]
LOC-OUT-0002720,QUOTE-LOC-OUT-0002720,COMPLETED,REF-LOC-OUT-0002720,ACC-R3271-001,OUTWARD,R3271,2026-05-05 16:32:00,RET-BEN-000272,770200000001,231.00,231.00,UTILITY_PAYMENT,Utility Bill Payment,FTS,AE070330000220000000272,0.00,[]
LOC-OUT-0002722,QUOTE-LOC-OUT-0002722,COMPLETED,REF-LOC-OUT-0002722,ACC-R3272-001,OUTWARD,R3272,2026-01-22 17:33:00,RET-BEN-000273,770200000001,204.00,204.00,UTILITY_PAYMENT,Utility Bill Payment,FTS,AE070330000220000000273,0.00,[]
LOC-OUT-0002724,QUOTE-LOC-OUT-0002724,COMPLETED,REF-LOC-OUT-0002724,ACC-R3272-001,OUTWARD,R3272,2026-02-03 17:33:00,RET-BEN-000273,770200000001,215.00,215.00,UTILITY_PAYMENT,Utility Bill Payment,FTS,AE070330000220000000273,0.00,[]
LOC-OUT-0002726,QUOTE-LOC-OUT-0002726,COMPLETED,REF-LOC-OUT-0002726,ACC-R3272-001,OUTWARD,R3272,2026-03-06 17:33:00,RET-BEN-000273,770200000001,226.00,226.00,UTILITY_PAYMENT,Utility Bill Payment,FTS,AE070330000220000000273,0.00,[]
LOC-OUT-0002728,QUOTE-LOC-OUT-0002728,COMPLETED,REF-LOC-OUT-0002728,ACC-R3272-001,OUTWARD,R3272,2026-04-09 17:33:00,RET-BEN-000273,770200000001,237.00,237.00,UTILITY_PAYMENT,Utility Bill Payment,FTS,AE070330000220000000273,0.00,[]
LOC-OUT-0002730,QUOTE-LOC-OUT-0002730,COMPLETED,REF-LOC-OUT-0002730,ACC-R3272-001,OUTWARD,R3272,2026-05-12 17:33:00,RET-BEN-000273,770200000001,248.00,248.00,UTILITY_PAYMENT,Utility Bill Payment,FTS,AE070330000220000000273,0.00,[]
LOC-OUT-0002732,QUOTE-LOC-OUT-0002732,COMPLETED,REF-LOC-OUT-0002732,ACC-R3273-001,OUTWARD,R3273,2026-01-07 18:34:00,RET-BEN-000274,770200000001,221.00,221.00,UTILITY_PAYMENT,Utility Bill Payment,FTS,AE070330000220000000274,0.00,[]
LOC-OUT-0002734,QUOTE-LOC-OUT-0002734,COMPLETED,REF-LOC-OUT-0002734,ACC-R3273-001,OUTWARD,R3273,2026-02-10 18:34:00,RET-BEN-000274,770200000001,232.00,232.00,UTILITY_PAYMENT,Utility Bill Payment,FTS,AE070330000220000000274,0.00,[]
LOC-OUT-0002736,QUOTE-LOC-OUT-0002736,COMPLETED,REF-LOC-OUT-0002736,ACC-R3273-001,OUTWARD,R3273,2026-03-13 18:34:00,RET-BEN-000274,770200000001,243.00,243.00,UTILITY_PAYMENT,Utility Bill Payment,FTS,AE070330000220000000274,0.00,[]
LOC-OUT-0002738,QUOTE-LOC-OUT-0002738,COMPLETED,REF-LOC-OUT-0002738,ACC-R3273-001,OUTWARD,R3273,2026-04-16 18:34:00,RET-BEN-000274,770200000001,254.00,254.00,UTILITY_PAYMENT,Utility Bill Payment,FTS,AE070330000220000000274,0.00,[]
LOC-OUT-0002740,QUOTE-LOC-OUT-0002740,COMPLETED,REF-LOC-OUT-0002740,ACC-R3273-001,OUTWARD,R3273,2026-05-19 18:34:00,RET-BEN-000274,770200000001,265.00,265.00,UTILITY_PAYMENT,Utility Bill Payment,FTS,AE070330000220000000274,0.00,[]
LOC-OUT-0002742,QUOTE-LOC-OUT-0002742,COMPLETED,REF-LOC-OUT-0002742,ACC-R3274-001,OUTWARD,R3274,2026-01-14 08:35:00,RET-BEN-000275,770200000001,238.00,238.00,UTILITY_PAYMENT,Utility Bill Payment,FTS,AE070330000220000000275,0.00,[]
LOC-OUT-0002744,QUOTE-LOC-OUT-0002744,COMPLETED,REF-LOC-OUT-0002744,ACC-R3274-001,OUTWARD,R3274,2026-02-17 08:35:00,RET-BEN-000275,770200000001,249.00,249.00,UTILITY_PAYMENT,Utility Bill Payment,FTS,AE070330000220000000275,0.00,[]
LOC-OUT-0002746,QUOTE-LOC-OUT-0002746,COMPLETED,REF-LOC-OUT-0002746,ACC-R3274-001,OUTWARD,R3274,2026-03-20 08:35:00,RET-BEN-000275,770200000001,260.00,260.00,UTILITY_PAYMENT,Utility Bill Payment,FTS,AE070330000220000000275,0.00,[]
LOC-OUT-0002748,QUOTE-LOC-OUT-0002748,COMPLETED,REF-LOC-OUT-0002748,ACC-R3274-001,OUTWARD,R3274,2026-04-23 08:35:00,RET-BEN-000275,770200000001,271.00,271.00,UTILITY_PAYMENT,Utility Bill Payment,FTS,AE070330000220000000275,0.00,[]
LOC-OUT-0002750,QUOTE-LOC-OUT-0002750,COMPLETED,REF-LOC-OUT-0002750,ACC-R3274-001,OUTWARD,R3274,2026-05-04 08:35:00,RET-BEN-000275,770200000001,282.00,282.00,UTILITY_PAYMENT,Utility Bill Payment,FTS,AE070330000220000000275,0.00,[]
LOC-OUT-0002752,QUOTE-LOC-OUT-0002752,COMPLETED,REF-LOC-OUT-0002752,ACC-R3275-001,OUTWARD,R3275,2026-01-21 09:36:00,RET-BEN-000276,770200000001,255.00,255.00,UTILITY_PAYMENT,Utility Bill Payment,FTS,AE070330000220000000276,0.00,[]
LOC-OUT-0002754,QUOTE-LOC-OUT-0002754,COMPLETED,REF-LOC-OUT-0002754,ACC-R3275-001,OUTWARD,R3275,2026-02-24 09:36:00,RET-BEN-000276,770200000001,266.00,266.00,UTILITY_PAYMENT,Utility Bill Payment,FTS,AE070330000220000000276,0.00,[]
LOC-OUT-0002756,QUOTE-LOC-OUT-0002756,COMPLETED,REF-LOC-OUT-0002756,ACC-R3275-001,OUTWARD,R3275,2026-03-05 09:36:00,RET-BEN-000276,770200000001,277.00,277.00,UTILITY_PAYMENT,Utility Bill Payment,FTS,AE070330000220000000276,0.00,[]
LOC-OUT-0002758,QUOTE-LOC-OUT-0002758,COMPLETED,REF-LOC-OUT-0002758,ACC-R3275-001,OUTWARD,R3275,2026-04-08 09:36:00,RET-BEN-000276,770200000001,288.00,288.00,UTILITY_PAYMENT,Utility Bill Payment,FTS,AE070330000220000000276,0.00,[]
LOC-OUT-0002760,QUOTE-LOC-OUT-0002760,COMPLETED,REF-LOC-OUT-0002760,ACC-R3275-001,OUTWARD,R3275,2026-05-11 09:36:00,RET-BEN-000276,770200000001,299.00,299.00,UTILITY_PAYMENT,Utility Bill Payment,FTS,AE070330000220000000276,0.00,[]
LOC-OUT-0002762,QUOTE-LOC-OUT-0002762,COMPLETED,REF-LOC-OUT-0002762,ACC-R3276-001,OUTWARD,R3276,2026-01-06 10:37:00,RET-BEN-000277,770200000001,272.00,272.00,UTILITY_PAYMENT,Utility Bill Payment,FTS,AE070330000220000000277,0.00,[]
LOC-OUT-0002764,QUOTE-LOC-OUT-0002764,COMPLETED,REF-LOC-OUT-0002764,ACC-R3276-001,OUTWARD,R3276,2026-02-09 10:37:00,RET-BEN-000277,770200000001,283.00,283.00,UTILITY_PAYMENT,Utility Bill Payment,FTS,AE070330000220000000277,0.00,[]
LOC-OUT-0002766,QUOTE-LOC-OUT-0002766,COMPLETED,REF-LOC-OUT-0002766,ACC-R3276-001,OUTWARD,R3276,2026-03-12 10:37:00,RET-BEN-000277,770200000001,294.00,294.00,UTILITY_PAYMENT,Utility Bill Payment,FTS,AE070330000220000000277,0.00,[]
LOC-OUT-0002768,QUOTE-LOC-OUT-0002768,COMPLETED,REF-LOC-OUT-0002768,ACC-R3276-001,OUTWARD,R3276,2026-04-15 10:37:00,RET-BEN-000277,770200000001,305.00,305.00,UTILITY_PAYMENT,Utility Bill Payment,FTS,AE070330000220000000277,0.00,[]
LOC-OUT-0002770,QUOTE-LOC-OUT-0002770,COMPLETED,REF-LOC-OUT-0002770,ACC-R3276-001,OUTWARD,R3276,2026-05-18 10:37:00,RET-BEN-000277,770200000001,316.00,316.00,UTILITY_PAYMENT,Utility Bill Payment,FTS,AE070330000220000000277,0.00,[]
LOC-OUT-0002772,QUOTE-LOC-OUT-0002772,COMPLETED,REF-LOC-OUT-0002772,ACC-R3277-001,OUTWARD,R3277,2026-01-13 11:38:00,RET-BEN-000278,770200000001,289.00,289.00,UTILITY_PAYMENT,Utility Bill Payment,FTS,AE070330000220000000278,0.00,[]
LOC-OUT-0002774,QUOTE-LOC-OUT-0002774,COMPLETED,REF-LOC-OUT-0002774,ACC-R3277-001,OUTWARD,R3277,2026-02-16 11:38:00,RET-BEN-000278,770200000001,300.00,300.00,UTILITY_PAYMENT,Utility Bill Payment,FTS,AE070330000220000000278,0.00,[]
LOC-OUT-0002776,QUOTE-LOC-OUT-0002776,COMPLETED,REF-LOC-OUT-0002776,ACC-R3277-001,OUTWARD,R3277,2026-03-19 11:38:00,RET-BEN-000278,770200000001,311.00,311.00,UTILITY_PAYMENT,Utility Bill Payment,FTS,AE070330000220000000278,0.00,[]
LOC-OUT-0002778,QUOTE-LOC-OUT-0002778,COMPLETED,REF-LOC-OUT-0002778,ACC-R3277-001,OUTWARD,R3277,2026-04-22 11:38:00,RET-BEN-000278,770200000001,322.00,322.00,UTILITY_PAYMENT,Utility Bill Payment,FTS,AE070330000220000000278,0.00,[]
LOC-OUT-0002780,QUOTE-LOC-OUT-0002780,COMPLETED,REF-LOC-OUT-0002780,ACC-R3277-001,OUTWARD,R3277,2026-05-03 11:38:00,RET-BEN-000278,770200000001,333.00,333.00,UTILITY_PAYMENT,Utility Bill Payment,FTS,AE070330000220000000278,0.00,[]
LOC-OUT-0002782,QUOTE-LOC-OUT-0002782,COMPLETED,REF-LOC-OUT-0002782,ACC-R3278-001,OUTWARD,R3278,2026-01-20 12:39:00,RET-BEN-000279,770200000001,306.00,306.00,UTILITY_PAYMENT,Utility Bill Payment,FTS,AE070330000220000000279,0.00,[]
LOC-OUT-0002784,QUOTE-LOC-OUT-0002784,COMPLETED,REF-LOC-OUT-0002784,ACC-R3278-001,OUTWARD,R3278,2026-02-23 12:39:00,RET-BEN-000279,770200000001,317.00,317.00,UTILITY_PAYMENT,Utility Bill Payment,FTS,AE070330000220000000279,0.00,[]
LOC-OUT-0002786,QUOTE-LOC-OUT-0002786,COMPLETED,REF-LOC-OUT-0002786,ACC-R3278-001,OUTWARD,R3278,2026-03-04 12:39:00,RET-BEN-000279,770200000001,328.00,328.00,UTILITY_PAYMENT,Utility Bill Payment,FTS,AE070330000220000000279,0.00,[]
LOC-OUT-0002788,QUOTE-LOC-OUT-0002788,COMPLETED,REF-LOC-OUT-0002788,ACC-R3278-001,OUTWARD,R3278,2026-04-07 12:39:00,RET-BEN-000279,770200000001,339.00,339.00,UTILITY_PAYMENT,Utility Bill Payment,FTS,AE070330000220000000279,0.00,[]
LOC-OUT-0002790,QUOTE-LOC-OUT-0002790,COMPLETED,REF-LOC-OUT-0002790,ACC-R3278-001,OUTWARD,R3278,2026-05-10 12:39:00,RET-BEN-000279,770200000001,350.00,350.00,UTILITY_PAYMENT,Utility Bill Payment,FTS,AE070330000220000000279,0.00,[]
LOC-OUT-0002792,QUOTE-LOC-OUT-0002792,COMPLETED,REF-LOC-OUT-0002792,ACC-R3279-001,OUTWARD,R3279,2026-01-05 13:40:00,RET-BEN-000280,770200000001,323.00,323.00,UTILITY_PAYMENT,Utility Bill Payment,FTS,AE070330000220000000280,0.00,[]
LOC-OUT-0002794,QUOTE-LOC-OUT-0002794,COMPLETED,REF-LOC-OUT-0002794,ACC-R3279-001,OUTWARD,R3279,2026-02-08 13:40:00,RET-BEN-000280,770200000001,334.00,334.00,UTILITY_PAYMENT,Utility Bill Payment,FTS,AE070330000220000000280,0.00,[]
LOC-OUT-0002796,QUOTE-LOC-OUT-0002796,COMPLETED,REF-LOC-OUT-0002796,ACC-R3279-001,OUTWARD,R3279,2026-03-11 13:40:00,RET-BEN-000280,770200000001,345.00,345.00,UTILITY_PAYMENT,Utility Bill Payment,FTS,AE070330000220000000280,0.00,[]
LOC-OUT-0002798,QUOTE-LOC-OUT-0002798,COMPLETED,REF-LOC-OUT-0002798,ACC-R3279-001,OUTWARD,R3279,2026-04-14 13:40:00,RET-BEN-000280,770200000001,90.00,90.00,UTILITY_PAYMENT,Utility Bill Payment,FTS,AE070330000220000000280,0.00,[]
LOC-OUT-0002800,QUOTE-LOC-OUT-0002800,COMPLETED,REF-LOC-OUT-0002800,ACC-R3279-001,OUTWARD,R3279,2026-05-17 13:40:00,RET-BEN-000280,770200000001,101.00,101.00,UTILITY_PAYMENT,Utility Bill Payment,FTS,AE070330000220000000280,0.00,[]
LOC-OUT-0002802,QUOTE-LOC-OUT-0002802,COMPLETED,REF-LOC-OUT-0002802,ACC-R3280-001,OUTWARD,R3280,2026-01-12 14:41:00,RET-BEN-000281,770200000001,340.00,340.00,UTILITY_PAYMENT,Utility Bill Payment,FTS,AE070330000220000000281,0.00,[]
LOC-OUT-0002804,QUOTE-LOC-OUT-0002804,COMPLETED,REF-LOC-OUT-0002804,ACC-R3280-001,OUTWARD,R3280,2026-02-15 14:41:00,RET-BEN-000281,770200000001,85.00,85.00,UTILITY_PAYMENT,Utility Bill Payment,FTS,AE070330000220000000281,0.00,[]
LOC-OUT-0002806,QUOTE-LOC-OUT-0002806,COMPLETED,REF-LOC-OUT-0002806,ACC-R3280-001,OUTWARD,R3280,2026-03-18 14:41:00,RET-BEN-000281,770200000001,96.00,96.00,UTILITY_PAYMENT,Utility Bill Payment,FTS,AE070330000220000000281,0.00,[]
LOC-OUT-0002808,QUOTE-LOC-OUT-0002808,COMPLETED,REF-LOC-OUT-0002808,ACC-R3280-001,OUTWARD,R3280,2026-04-21 14:41:00,RET-BEN-000281,770200000001,107.00,107.00,UTILITY_PAYMENT,Utility Bill Payment,FTS,AE070330000220000000281,0.00,[]
LOC-OUT-0002810,QUOTE-LOC-OUT-0002810,COMPLETED,REF-LOC-OUT-0002810,ACC-R3280-001,OUTWARD,R3280,2026-05-24 14:41:00,RET-BEN-000281,770200000001,118.00,118.00,UTILITY_PAYMENT,Utility Bill Payment,FTS,AE070330000220000000281,0.00,[]
LOC-OUT-0002812,QUOTE-LOC-OUT-0002812,COMPLETED,REF-LOC-OUT-0002812,ACC-R3281-001,OUTWARD,R3281,2026-01-19 15:42:00,RET-BEN-000282,770200000001,91.00,91.00,UTILITY_PAYMENT,Utility Bill Payment,FTS,AE070330000220000000282,0.00,[]
LOC-OUT-0002814,QUOTE-LOC-OUT-0002814,COMPLETED,REF-LOC-OUT-0002814,ACC-R3281-001,OUTWARD,R3281,2026-02-22 15:42:00,RET-BEN-000282,770200000001,102.00,102.00,UTILITY_PAYMENT,Utility Bill Payment,FTS,AE070330000220000000282,0.00,[]
LOC-OUT-0002816,QUOTE-LOC-OUT-0002816,COMPLETED,REF-LOC-OUT-0002816,ACC-R3281-001,OUTWARD,R3281,2026-03-03 15:42:00,RET-BEN-000282,770200000001,113.00,113.00,UTILITY_PAYMENT,Utility Bill Payment,FTS,AE070330000220000000282,0.00,[]
LOC-OUT-0002818,QUOTE-LOC-OUT-0002818,COMPLETED,REF-LOC-OUT-0002818,ACC-R3281-001,OUTWARD,R3281,2026-04-06 15:42:00,RET-BEN-000282,770200000001,124.00,124.00,UTILITY_PAYMENT,Utility Bill Payment,FTS,AE070330000220000000282,0.00,[]
LOC-OUT-0002820,QUOTE-LOC-OUT-0002820,COMPLETED,REF-LOC-OUT-0002820,ACC-R3281-001,OUTWARD,R3281,2026-05-09 15:42:00,RET-BEN-000282,770200000001,135.00,135.00,UTILITY_PAYMENT,Utility Bill Payment,FTS,AE070330000220000000282,0.00,[]
LOC-OUT-0002822,QUOTE-LOC-OUT-0002822,COMPLETED,REF-LOC-OUT-0002822,ACC-R3282-001,OUTWARD,R3282,2026-01-04 16:43:00,RET-BEN-000283,770200000001,108.00,108.00,UTILITY_PAYMENT,Utility Bill Payment,FTS,AE070330000220000000283,0.00,[]
LOC-OUT-0002824,QUOTE-LOC-OUT-0002824,COMPLETED,REF-LOC-OUT-0002824,ACC-R3282-001,OUTWARD,R3282,2026-02-07 16:43:00,RET-BEN-000283,770200000001,119.00,119.00,UTILITY_PAYMENT,Utility Bill Payment,FTS,AE070330000220000000283,0.00,[]
LOC-OUT-0002826,QUOTE-LOC-OUT-0002826,COMPLETED,REF-LOC-OUT-0002826,ACC-R3282-001,OUTWARD,R3282,2026-03-10 16:43:00,RET-BEN-000283,770200000001,130.00,130.00,UTILITY_PAYMENT,Utility Bill Payment,FTS,AE070330000220000000283,0.00,[]
LOC-OUT-0002828,QUOTE-LOC-OUT-0002828,COMPLETED,REF-LOC-OUT-0002828,ACC-R3282-001,OUTWARD,R3282,2026-04-13 16:43:00,RET-BEN-000283,770200000001,141.00,141.00,UTILITY_PAYMENT,Utility Bill Payment,FTS,AE070330000220000000283,0.00,[]
LOC-OUT-0002830,QUOTE-LOC-OUT-0002830,COMPLETED,REF-LOC-OUT-0002830,ACC-R3282-001,OUTWARD,R3282,2026-05-16 16:43:00,RET-BEN-000283,770200000001,152.00,152.00,UTILITY_PAYMENT,Utility Bill Payment,FTS,AE070330000220000000283,0.00,[]
LOC-OUT-0002832,QUOTE-LOC-OUT-0002832,COMPLETED,REF-LOC-OUT-0002832,ACC-R3283-001,OUTWARD,R3283,2026-01-11 17:44:00,RET-BEN-000284,770200000001,125.00,125.00,UTILITY_PAYMENT,Utility Bill Payment,FTS,AE070330000220000000284,0.00,[]
LOC-OUT-0002834,QUOTE-LOC-OUT-0002834,COMPLETED,REF-LOC-OUT-0002834,ACC-R3283-001,OUTWARD,R3283,2026-02-14 17:44:00,RET-BEN-000284,770200000001,136.00,136.00,UTILITY_PAYMENT,Utility Bill Payment,FTS,AE070330000220000000284,0.00,[]
LOC-OUT-0002836,QUOTE-LOC-OUT-0002836,COMPLETED,REF-LOC-OUT-0002836,ACC-R3283-001,OUTWARD,R3283,2026-03-17 17:44:00,RET-BEN-000284,770200000001,147.00,147.00,UTILITY_PAYMENT,Utility Bill Payment,FTS,AE070330000220000000284,0.00,[]
LOC-OUT-0002838,QUOTE-LOC-OUT-0002838,COMPLETED,REF-LOC-OUT-0002838,ACC-R3283-001,OUTWARD,R3283,2026-04-20 17:44:00,RET-BEN-000284,770200000001,158.00,158.00,UTILITY_PAYMENT,Utility Bill Payment,FTS,AE070330000220000000284,0.00,[]
LOC-OUT-0002840,QUOTE-LOC-OUT-0002840,COMPLETED,REF-LOC-OUT-0002840,ACC-R3283-001,OUTWARD,R3283,2026-05-23 17:44:00,RET-BEN-000284,770200000001,169.00,169.00,UTILITY_PAYMENT,Utility Bill Payment,FTS,AE070330000220000000284,0.00,[]
LOC-OUT-0002842,QUOTE-LOC-OUT-0002842,COMPLETED,REF-LOC-OUT-0002842,ACC-R3284-001,OUTWARD,R3284,2026-01-18 18:45:00,RET-BEN-000285,770200000001,142.00,142.00,UTILITY_PAYMENT,Utility Bill Payment,FTS,AE070330000220000000285,0.00,[]
LOC-OUT-0002844,QUOTE-LOC-OUT-0002844,COMPLETED,REF-LOC-OUT-0002844,ACC-R3284-001,OUTWARD,R3284,2026-02-21 18:45:00,RET-BEN-000285,770200000001,153.00,153.00,UTILITY_PAYMENT,Utility Bill Payment,FTS,AE070330000220000000285,0.00,[]
LOC-OUT-0002846,QUOTE-LOC-OUT-0002846,COMPLETED,REF-LOC-OUT-0002846,ACC-R3284-001,OUTWARD,R3284,2026-03-24 18:45:00,RET-BEN-000285,770200000001,164.00,164.00,UTILITY_PAYMENT,Utility Bill Payment,FTS,AE070330000220000000285,0.00,[]
LOC-OUT-0002848,QUOTE-LOC-OUT-0002848,COMPLETED,REF-LOC-OUT-0002848,ACC-R3284-001,OUTWARD,R3284,2026-04-05 18:45:00,RET-BEN-000285,770200000001,175.00,175.00,UTILITY_PAYMENT,Utility Bill Payment,FTS,AE070330000220000000285,0.00,[]
LOC-OUT-0002850,QUOTE-LOC-OUT-0002850,COMPLETED,REF-LOC-OUT-0002850,ACC-R3284-001,OUTWARD,R3284,2026-05-08 18:45:00,RET-BEN-000285,770200000001,186.00,186.00,UTILITY_PAYMENT,Utility Bill Payment,FTS,AE070330000220000000285,0.00,[]
LOC-OUT-0002852,QUOTE-LOC-OUT-0002852,COMPLETED,REF-LOC-OUT-0002852,ACC-R3285-001,OUTWARD,R3285,2026-01-03 08:46:00,RET-BEN-000286,770200000001,159.00,159.00,UTILITY_PAYMENT,Utility Bill Payment,FTS,AE070330000220000000286,0.00,[]
LOC-OUT-0002854,QUOTE-LOC-OUT-0002854,COMPLETED,REF-LOC-OUT-0002854,ACC-R3285-001,OUTWARD,R3285,2026-02-06 08:46:00,RET-BEN-000286,770200000001,170.00,170.00,UTILITY_PAYMENT,Utility Bill Payment,FTS,AE070330000220000000286,0.00,[]
LOC-OUT-0002856,QUOTE-LOC-OUT-0002856,COMPLETED,REF-LOC-OUT-0002856,ACC-R3285-001,OUTWARD,R3285,2026-03-09 08:46:00,RET-BEN-000286,770200000001,181.00,181.00,UTILITY_PAYMENT,Utility Bill Payment,FTS,AE070330000220000000286,0.00,[]
LOC-OUT-0002858,QUOTE-LOC-OUT-0002858,COMPLETED,REF-LOC-OUT-0002858,ACC-R3285-001,OUTWARD,R3285,2026-04-12 08:46:00,RET-BEN-000286,770200000001,192.00,192.00,UTILITY_PAYMENT,Utility Bill Payment,FTS,AE070330000220000000286,0.00,[]
LOC-OUT-0002860,QUOTE-LOC-OUT-0002860,COMPLETED,REF-LOC-OUT-0002860,ACC-R3285-001,OUTWARD,R3285,2026-05-15 08:46:00,RET-BEN-000286,770200000001,203.00,203.00,UTILITY_PAYMENT,Utility Bill Payment,FTS,AE070330000220000000286,0.00,[]
LOC-OUT-0002862,QUOTE-LOC-OUT-0002862,COMPLETED,REF-LOC-OUT-0002862,ACC-R3286-001,OUTWARD,R3286,2026-01-10 09:47:00,RET-BEN-000287,770200000001,176.00,176.00,UTILITY_PAYMENT,Utility Bill Payment,FTS,AE070330000220000000287,0.00,[]
LOC-OUT-0002864,QUOTE-LOC-OUT-0002864,COMPLETED,REF-LOC-OUT-0002864,ACC-R3286-001,OUTWARD,R3286,2026-02-13 09:47:00,RET-BEN-000287,770200000001,187.00,187.00,UTILITY_PAYMENT,Utility Bill Payment,FTS,AE070330000220000000287,0.00,[]
LOC-OUT-0002866,QUOTE-LOC-OUT-0002866,COMPLETED,REF-LOC-OUT-0002866,ACC-R3286-001,OUTWARD,R3286,2026-03-16 09:47:00,RET-BEN-000287,770200000001,198.00,198.00,UTILITY_PAYMENT,Utility Bill Payment,FTS,AE070330000220000000287,0.00,[]
LOC-OUT-0002868,QUOTE-LOC-OUT-0002868,COMPLETED,REF-LOC-OUT-0002868,ACC-R3286-001,OUTWARD,R3286,2026-04-19 09:47:00,RET-BEN-000287,770200000001,209.00,209.00,UTILITY_PAYMENT,Utility Bill Payment,FTS,AE070330000220000000287,0.00,[]
LOC-OUT-0002870,QUOTE-LOC-OUT-0002870,COMPLETED,REF-LOC-OUT-0002870,ACC-R3286-001,OUTWARD,R3286,2026-05-22 09:47:00,RET-BEN-000287,770200000001,220.00,220.00,UTILITY_PAYMENT,Utility Bill Payment,FTS,AE070330000220000000287,0.00,[]
LOC-OUT-0002872,QUOTE-LOC-OUT-0002872,COMPLETED,REF-LOC-OUT-0002872,ACC-R3287-001,OUTWARD,R3287,2026-01-17 10:48:00,RET-BEN-000288,770200000001,193.00,193.00,UTILITY_PAYMENT,Utility Bill Payment,FTS,AE070330000220000000288,0.00,[]
LOC-OUT-0002874,QUOTE-LOC-OUT-0002874,COMPLETED,REF-LOC-OUT-0002874,ACC-R3287-001,OUTWARD,R3287,2026-02-20 10:48:00,RET-BEN-000288,770200000001,204.00,204.00,UTILITY_PAYMENT,Utility Bill Payment,FTS,AE070330000220000000288,0.00,[]
LOC-OUT-0002876,QUOTE-LOC-OUT-0002876,COMPLETED,REF-LOC-OUT-0002876,ACC-R3287-001,OUTWARD,R3287,2026-03-23 10:48:00,RET-BEN-000288,770200000001,215.00,215.00,UTILITY_PAYMENT,Utility Bill Payment,FTS,AE070330000220000000288,0.00,[]
LOC-OUT-0002878,QUOTE-LOC-OUT-0002878,COMPLETED,REF-LOC-OUT-0002878,ACC-R3287-001,OUTWARD,R3287,2026-04-04 10:48:00,RET-BEN-000288,770200000001,226.00,226.00,UTILITY_PAYMENT,Utility Bill Payment,FTS,AE070330000220000000288,0.00,[]
LOC-OUT-0002880,QUOTE-LOC-OUT-0002880,COMPLETED,REF-LOC-OUT-0002880,ACC-R3287-001,OUTWARD,R3287,2026-05-07 10:48:00,RET-BEN-000288,770200000001,237.00,237.00,UTILITY_PAYMENT,Utility Bill Payment,FTS,AE070330000220000000288,0.00,[]
LOC-OUT-0002882,QUOTE-LOC-OUT-0002882,COMPLETED,REF-LOC-OUT-0002882,ACC-R3288-001,OUTWARD,R3288,2026-01-24 11:49:00,RET-BEN-000289,770200000001,210.00,210.00,UTILITY_PAYMENT,Utility Bill Payment,FTS,AE070330000220000000289,0.00,[]
LOC-OUT-0002884,QUOTE-LOC-OUT-0002884,COMPLETED,REF-LOC-OUT-0002884,ACC-R3288-001,OUTWARD,R3288,2026-02-05 11:49:00,RET-BEN-000289,770200000001,221.00,221.00,UTILITY_PAYMENT,Utility Bill Payment,FTS,AE070330000220000000289,0.00,[]
LOC-OUT-0002886,QUOTE-LOC-OUT-0002886,COMPLETED,REF-LOC-OUT-0002886,ACC-R3288-001,OUTWARD,R3288,2026-03-08 11:49:00,RET-BEN-000289,770200000001,232.00,232.00,UTILITY_PAYMENT,Utility Bill Payment,FTS,AE070330000220000000289,0.00,[]
LOC-OUT-0002888,QUOTE-LOC-OUT-0002888,COMPLETED,REF-LOC-OUT-0002888,ACC-R3288-001,OUTWARD,R3288,2026-04-11 11:49:00,RET-BEN-000289,770200000001,243.00,243.00,UTILITY_PAYMENT,Utility Bill Payment,FTS,AE070330000220000000289,0.00,[]
LOC-OUT-0002890,QUOTE-LOC-OUT-0002890,COMPLETED,REF-LOC-OUT-0002890,ACC-R3288-001,OUTWARD,R3288,2026-05-14 11:49:00,RET-BEN-000289,770200000001,254.00,254.00,UTILITY_PAYMENT,Utility Bill Payment,FTS,AE070330000220000000289,0.00,[]
LOC-OUT-0002892,QUOTE-LOC-OUT-0002892,COMPLETED,REF-LOC-OUT-0002892,ACC-R3289-001,OUTWARD,R3289,2026-01-09 12:50:00,RET-BEN-000290,770200000001,227.00,227.00,UTILITY_PAYMENT,Utility Bill Payment,FTS,AE070330000220000000290,0.00,[]
LOC-OUT-0002894,QUOTE-LOC-OUT-0002894,COMPLETED,REF-LOC-OUT-0002894,ACC-R3289-001,OUTWARD,R3289,2026-02-12 12:50:00,RET-BEN-000290,770200000001,238.00,238.00,UTILITY_PAYMENT,Utility Bill Payment,FTS,AE070330000220000000290,0.00,[]
LOC-OUT-0002896,QUOTE-LOC-OUT-0002896,COMPLETED,REF-LOC-OUT-0002896,ACC-R3289-001,OUTWARD,R3289,2026-03-15 12:50:00,RET-BEN-000290,770200000001,249.00,249.00,UTILITY_PAYMENT,Utility Bill Payment,FTS,AE070330000220000000290,0.00,[]
LOC-OUT-0002898,QUOTE-LOC-OUT-0002898,COMPLETED,REF-LOC-OUT-0002898,ACC-R3289-001,OUTWARD,R3289,2026-04-18 12:50:00,RET-BEN-000290,770200000001,260.00,260.00,UTILITY_PAYMENT,Utility Bill Payment,FTS,AE070330000220000000290,0.00,[]
LOC-OUT-0002900,QUOTE-LOC-OUT-0002900,COMPLETED,REF-LOC-OUT-0002900,ACC-R3289-001,OUTWARD,R3289,2026-05-21 12:50:00,RET-BEN-000290,770200000001,271.00,271.00,UTILITY_PAYMENT,Utility Bill Payment,FTS,AE070330000220000000290,0.00,[]
LOC-OUT-0002902,QUOTE-LOC-OUT-0002902,COMPLETED,REF-LOC-OUT-0002902,ACC-R3290-001,OUTWARD,R3290,2026-01-16 13:51:00,RET-BEN-000291,770200000001,244.00,244.00,UTILITY_PAYMENT,Utility Bill Payment,FTS,AE070330000220000000291,0.00,[]
LOC-OUT-0002904,QUOTE-LOC-OUT-0002904,COMPLETED,REF-LOC-OUT-0002904,ACC-R3290-001,OUTWARD,R3290,2026-02-19 13:51:00,RET-BEN-000291,770200000001,255.00,255.00,UTILITY_PAYMENT,Utility Bill Payment,FTS,AE070330000220000000291,0.00,[]
LOC-OUT-0002906,QUOTE-LOC-OUT-0002906,COMPLETED,REF-LOC-OUT-0002906,ACC-R3290-001,OUTWARD,R3290,2026-03-22 13:51:00,RET-BEN-000291,770200000001,266.00,266.00,UTILITY_PAYMENT,Utility Bill Payment,FTS,AE070330000220000000291,0.00,[]
LOC-OUT-0002908,QUOTE-LOC-OUT-0002908,COMPLETED,REF-LOC-OUT-0002908,ACC-R3290-001,OUTWARD,R3290,2026-04-03 13:51:00,RET-BEN-000291,770200000001,277.00,277.00,UTILITY_PAYMENT,Utility Bill Payment,FTS,AE070330000220000000291,0.00,[]
LOC-OUT-0002910,QUOTE-LOC-OUT-0002910,COMPLETED,REF-LOC-OUT-0002910,ACC-R3290-001,OUTWARD,R3290,2026-05-06 13:51:00,RET-BEN-000291,770200000001,288.00,288.00,UTILITY_PAYMENT,Utility Bill Payment,FTS,AE070330000220000000291,0.00,[]
LOC-OUT-0002912,QUOTE-LOC-OUT-0002912,COMPLETED,REF-LOC-OUT-0002912,ACC-R3291-001,OUTWARD,R3291,2026-01-23 14:52:00,RET-BEN-000292,770200000001,261.00,261.00,UTILITY_PAYMENT,Utility Bill Payment,FTS,AE070330000220000000292,0.00,[]
LOC-OUT-0002914,QUOTE-LOC-OUT-0002914,COMPLETED,REF-LOC-OUT-0002914,ACC-R3291-001,OUTWARD,R3291,2026-02-04 14:52:00,RET-BEN-000292,770200000001,272.00,272.00,UTILITY_PAYMENT,Utility Bill Payment,FTS,AE070330000220000000292,0.00,[]
LOC-OUT-0002916,QUOTE-LOC-OUT-0002916,COMPLETED,REF-LOC-OUT-0002916,ACC-R3291-001,OUTWARD,R3291,2026-03-07 14:52:00,RET-BEN-000292,770200000001,283.00,283.00,UTILITY_PAYMENT,Utility Bill Payment,FTS,AE070330000220000000292,0.00,[]
LOC-OUT-0002918,QUOTE-LOC-OUT-0002918,COMPLETED,REF-LOC-OUT-0002918,ACC-R3291-001,OUTWARD,R3291,2026-04-10 14:52:00,RET-BEN-000292,770200000001,294.00,294.00,UTILITY_PAYMENT,Utility Bill Payment,FTS,AE070330000220000000292,0.00,[]
LOC-OUT-0002920,QUOTE-LOC-OUT-0002920,COMPLETED,REF-LOC-OUT-0002920,ACC-R3291-001,OUTWARD,R3291,2026-05-13 14:52:00,RET-BEN-000292,770200000001,305.00,305.00,UTILITY_PAYMENT,Utility Bill Payment,FTS,AE070330000220000000292,0.00,[]
LOC-OUT-0002922,QUOTE-LOC-OUT-0002922,COMPLETED,REF-LOC-OUT-0002922,ACC-R3292-001,OUTWARD,R3292,2026-01-08 15:53:00,RET-BEN-000293,770200000001,278.00,278.00,UTILITY_PAYMENT,Utility Bill Payment,FTS,AE070330000220000000293,0.00,[]
LOC-OUT-0002924,QUOTE-LOC-OUT-0002924,COMPLETED,REF-LOC-OUT-0002924,ACC-R3292-001,OUTWARD,R3292,2026-02-11 15:53:00,RET-BEN-000293,770200000001,289.00,289.00,UTILITY_PAYMENT,Utility Bill Payment,FTS,AE070330000220000000293,0.00,[]
LOC-OUT-0002926,QUOTE-LOC-OUT-0002926,COMPLETED,REF-LOC-OUT-0002926,ACC-R3292-001,OUTWARD,R3292,2026-03-14 15:53:00,RET-BEN-000293,770200000001,300.00,300.00,UTILITY_PAYMENT,Utility Bill Payment,FTS,AE070330000220000000293,0.00,[]
LOC-OUT-0002928,QUOTE-LOC-OUT-0002928,COMPLETED,REF-LOC-OUT-0002928,ACC-R3292-001,OUTWARD,R3292,2026-04-17 15:53:00,RET-BEN-000293,770200000001,311.00,311.00,UTILITY_PAYMENT,Utility Bill Payment,FTS,AE070330000220000000293,0.00,[]
LOC-OUT-0002930,QUOTE-LOC-OUT-0002930,COMPLETED,REF-LOC-OUT-0002930,ACC-R3292-001,OUTWARD,R3292,2026-05-20 15:53:00,RET-BEN-000293,770200000001,322.00,322.00,UTILITY_PAYMENT,Utility Bill Payment,FTS,AE070330000220000000293,0.00,[]
LOC-OUT-0002932,QUOTE-LOC-OUT-0002932,COMPLETED,REF-LOC-OUT-0002932,ACC-R3293-001,OUTWARD,R3293,2026-01-15 16:54:00,RET-BEN-000294,770200000001,295.00,295.00,UTILITY_PAYMENT,Utility Bill Payment,FTS,AE070330000220000000294,0.00,[]
LOC-OUT-0002934,QUOTE-LOC-OUT-0002934,COMPLETED,REF-LOC-OUT-0002934,ACC-R3293-001,OUTWARD,R3293,2026-02-18 16:54:00,RET-BEN-000294,770200000001,306.00,306.00,UTILITY_PAYMENT,Utility Bill Payment,FTS,AE070330000220000000294,0.00,[]
LOC-OUT-0002936,QUOTE-LOC-OUT-0002936,COMPLETED,REF-LOC-OUT-0002936,ACC-R3293-001,OUTWARD,R3293,2026-03-21 16:54:00,RET-BEN-000294,770200000001,317.00,317.00,UTILITY_PAYMENT,Utility Bill Payment,FTS,AE070330000220000000294,0.00,[]
LOC-OUT-0002938,QUOTE-LOC-OUT-0002938,COMPLETED,REF-LOC-OUT-0002938,ACC-R3293-001,OUTWARD,R3293,2026-04-24 16:54:00,RET-BEN-000294,770200000001,328.00,328.00,UTILITY_PAYMENT,Utility Bill Payment,FTS,AE070330000220000000294,0.00,[]
LOC-OUT-0002940,QUOTE-LOC-OUT-0002940,COMPLETED,REF-LOC-OUT-0002940,ACC-R3293-001,OUTWARD,R3293,2026-05-05 16:54:00,RET-BEN-000294,770200000001,339.00,339.00,UTILITY_PAYMENT,Utility Bill Payment,FTS,AE070330000220000000294,0.00,[]
LOC-OUT-0002942,QUOTE-LOC-OUT-0002942,COMPLETED,REF-LOC-OUT-0002942,ACC-R3294-001,OUTWARD,R3294,2026-01-22 17:55:00,RET-BEN-000295,770200000001,312.00,312.00,UTILITY_PAYMENT,Utility Bill Payment,FTS,AE070330000220000000295,0.00,[]
LOC-OUT-0002944,QUOTE-LOC-OUT-0002944,COMPLETED,REF-LOC-OUT-0002944,ACC-R3294-001,OUTWARD,R3294,2026-02-03 17:55:00,RET-BEN-000295,770200000001,323.00,323.00,UTILITY_PAYMENT,Utility Bill Payment,FTS,AE070330000220000000295,0.00,[]
LOC-OUT-0002946,QUOTE-LOC-OUT-0002946,COMPLETED,REF-LOC-OUT-0002946,ACC-R3294-001,OUTWARD,R3294,2026-03-06 17:55:00,RET-BEN-000295,770200000001,334.00,334.00,UTILITY_PAYMENT,Utility Bill Payment,FTS,AE070330000220000000295,0.00,[]
LOC-OUT-0002948,QUOTE-LOC-OUT-0002948,COMPLETED,REF-LOC-OUT-0002948,ACC-R3294-001,OUTWARD,R3294,2026-04-09 17:55:00,RET-BEN-000295,770200000001,345.00,345.00,UTILITY_PAYMENT,Utility Bill Payment,FTS,AE070330000220000000295,0.00,[]
LOC-OUT-0002950,QUOTE-LOC-OUT-0002950,COMPLETED,REF-LOC-OUT-0002950,ACC-R3294-001,OUTWARD,R3294,2026-05-12 17:55:00,RET-BEN-000295,770200000001,90.00,90.00,UTILITY_PAYMENT,Utility Bill Payment,FTS,AE070330000220000000295,0.00,[]
LOC-OUT-0002952,QUOTE-LOC-OUT-0002952,COMPLETED,REF-LOC-OUT-0002952,ACC-R3295-001,OUTWARD,R3295,2026-01-07 18:56:00,RET-BEN-000296,770200000001,329.00,329.00,UTILITY_PAYMENT,Utility Bill Payment,FTS,AE070330000220000000296,0.00,[]
LOC-OUT-0002954,QUOTE-LOC-OUT-0002954,COMPLETED,REF-LOC-OUT-0002954,ACC-R3295-001,OUTWARD,R3295,2026-02-10 18:56:00,RET-BEN-000296,770200000001,340.00,340.00,UTILITY_PAYMENT,Utility Bill Payment,FTS,AE070330000220000000296,0.00,[]
LOC-OUT-0002956,QUOTE-LOC-OUT-0002956,COMPLETED,REF-LOC-OUT-0002956,ACC-R3295-001,OUTWARD,R3295,2026-03-13 18:56:00,RET-BEN-000296,770200000001,85.00,85.00,UTILITY_PAYMENT,Utility Bill Payment,FTS,AE070330000220000000296,0.00,[]
LOC-OUT-0002958,QUOTE-LOC-OUT-0002958,COMPLETED,REF-LOC-OUT-0002958,ACC-R3295-001,OUTWARD,R3295,2026-04-16 18:56:00,RET-BEN-000296,770200000001,96.00,96.00,UTILITY_PAYMENT,Utility Bill Payment,FTS,AE070330000220000000296,0.00,[]
LOC-OUT-0002960,QUOTE-LOC-OUT-0002960,COMPLETED,REF-LOC-OUT-0002960,ACC-R3295-001,OUTWARD,R3295,2026-05-19 18:56:00,RET-BEN-000296,770200000001,107.00,107.00,UTILITY_PAYMENT,Utility Bill Payment,FTS,AE070330000220000000296,0.00,[]
LOC-OUT-0002962,QUOTE-LOC-OUT-0002962,COMPLETED,REF-LOC-OUT-0002962,ACC-R3296-001,OUTWARD,R3296,2026-01-14 08:57:00,RET-BEN-000297,770200000001,346.00,346.00,UTILITY_PAYMENT,Utility Bill Payment,FTS,AE070330000220000000297,0.00,[]
LOC-OUT-0002964,QUOTE-LOC-OUT-0002964,COMPLETED,REF-LOC-OUT-0002964,ACC-R3296-001,OUTWARD,R3296,2026-02-17 08:57:00,RET-BEN-000297,770200000001,91.00,91.00,UTILITY_PAYMENT,Utility Bill Payment,FTS,AE070330000220000000297,0.00,[]
LOC-OUT-0002966,QUOTE-LOC-OUT-0002966,COMPLETED,REF-LOC-OUT-0002966,ACC-R3296-001,OUTWARD,R3296,2026-03-20 08:57:00,RET-BEN-000297,770200000001,102.00,102.00,UTILITY_PAYMENT,Utility Bill Payment,FTS,AE070330000220000000297,0.00,[]
LOC-OUT-0002968,QUOTE-LOC-OUT-0002968,COMPLETED,REF-LOC-OUT-0002968,ACC-R3296-001,OUTWARD,R3296,2026-04-23 08:57:00,RET-BEN-000297,770200000001,113.00,113.00,UTILITY_PAYMENT,Utility Bill Payment,FTS,AE070330000220000000297,0.00,[]
LOC-OUT-0002970,QUOTE-LOC-OUT-0002970,COMPLETED,REF-LOC-OUT-0002970,ACC-R3296-001,OUTWARD,R3296,2026-05-04 08:57:00,RET-BEN-000297,770200000001,124.00,124.00,UTILITY_PAYMENT,Utility Bill Payment,FTS,AE070330000220000000297,0.00,[]
LOC-OUT-0002972,QUOTE-LOC-OUT-0002972,COMPLETED,REF-LOC-OUT-0002972,ACC-R3297-001,OUTWARD,R3297,2026-01-21 09:58:00,RET-BEN-000298,770200000001,97.00,97.00,UTILITY_PAYMENT,Utility Bill Payment,FTS,AE070330000220000000298,0.00,[]
LOC-OUT-0002974,QUOTE-LOC-OUT-0002974,COMPLETED,REF-LOC-OUT-0002974,ACC-R3297-001,OUTWARD,R3297,2026-02-24 09:58:00,RET-BEN-000298,770200000001,108.00,108.00,UTILITY_PAYMENT,Utility Bill Payment,FTS,AE070330000220000000298,0.00,[]
LOC-OUT-0002976,QUOTE-LOC-OUT-0002976,COMPLETED,REF-LOC-OUT-0002976,ACC-R3297-001,OUTWARD,R3297,2026-03-05 09:58:00,RET-BEN-000298,770200000001,119.00,119.00,UTILITY_PAYMENT,Utility Bill Payment,FTS,AE070330000220000000298,0.00,[]
LOC-OUT-0002978,QUOTE-LOC-OUT-0002978,COMPLETED,REF-LOC-OUT-0002978,ACC-R3297-001,OUTWARD,R3297,2026-04-08 09:58:00,RET-BEN-000298,770200000001,130.00,130.00,UTILITY_PAYMENT,Utility Bill Payment,FTS,AE070330000220000000298,0.00,[]
LOC-OUT-0002980,QUOTE-LOC-OUT-0002980,COMPLETED,REF-LOC-OUT-0002980,ACC-R3297-001,OUTWARD,R3297,2026-05-11 09:58:00,RET-BEN-000298,770200000001,141.00,141.00,UTILITY_PAYMENT,Utility Bill Payment,FTS,AE070330000220000000298,0.00,[]
LOC-OUT-0002982,QUOTE-LOC-OUT-0002982,COMPLETED,REF-LOC-OUT-0002982,ACC-R3298-001,OUTWARD,R3298,2026-01-06 10:59:00,RET-BEN-000299,770200000001,114.00,114.00,UTILITY_PAYMENT,Utility Bill Payment,FTS,AE070330000220000000299,0.00,[]
LOC-OUT-0002984,QUOTE-LOC-OUT-0002984,COMPLETED,REF-LOC-OUT-0002984,ACC-R3298-001,OUTWARD,R3298,2026-02-09 10:59:00,RET-BEN-000299,770200000001,125.00,125.00,UTILITY_PAYMENT,Utility Bill Payment,FTS,AE070330000220000000299,0.00,[]
LOC-OUT-0002986,QUOTE-LOC-OUT-0002986,COMPLETED,REF-LOC-OUT-0002986,ACC-R3298-001,OUTWARD,R3298,2026-03-12 10:59:00,RET-BEN-000299,770200000001,136.00,136.00,UTILITY_PAYMENT,Utility Bill Payment,FTS,AE070330000220000000299,0.00,[]
LOC-OUT-0002988,QUOTE-LOC-OUT-0002988,COMPLETED,REF-LOC-OUT-0002988,ACC-R3298-001,OUTWARD,R3298,2026-04-15 10:59:00,RET-BEN-000299,770200000001,147.00,147.00,UTILITY_PAYMENT,Utility Bill Payment,FTS,AE070330000220000000299,0.00,[]
LOC-OUT-0002990,QUOTE-LOC-OUT-0002990,COMPLETED,REF-LOC-OUT-0002990,ACC-R3298-001,OUTWARD,R3298,2026-05-18 10:59:00,RET-BEN-000299,770200000001,158.00,158.00,UTILITY_PAYMENT,Utility Bill Payment,FTS,AE070330000220000000299,0.00,[]
LOC-OUT-0002992,QUOTE-LOC-OUT-0002992,COMPLETED,REF-LOC-OUT-0002992,ACC-R3299-001,OUTWARD,R3299,2026-01-13 11:00:00,RET-BEN-000300,770200000001,131.00,131.00,UTILITY_PAYMENT,Utility Bill Payment,FTS,AE070330000220000000300,0.00,[]
LOC-OUT-0002994,QUOTE-LOC-OUT-0002994,COMPLETED,REF-LOC-OUT-0002994,ACC-R3299-001,OUTWARD,R3299,2026-02-16 11:00:00,RET-BEN-000300,770200000001,142.00,142.00,UTILITY_PAYMENT,Utility Bill Payment,FTS,AE070330000220000000300,0.00,[]
LOC-OUT-0002996,QUOTE-LOC-OUT-0002996,COMPLETED,REF-LOC-OUT-0002996,ACC-R3299-001,OUTWARD,R3299,2026-03-19 11:00:00,RET-BEN-000300,770200000001,153.00,153.00,UTILITY_PAYMENT,Utility Bill Payment,FTS,AE070330000220000000300,0.00,[]
LOC-OUT-0002998,QUOTE-LOC-OUT-0002998,COMPLETED,REF-LOC-OUT-0002998,ACC-R3299-001,OUTWARD,R3299,2026-04-22 11:00:00,RET-BEN-000300,770200000001,164.00,164.00,UTILITY_PAYMENT,Utility Bill Payment,FTS,AE070330000220000000300,0.00,[]
LOC-OUT-0003000,QUOTE-LOC-OUT-0003000,COMPLETED,REF-LOC-OUT-0003000,ACC-R3299-001,OUTWARD,R3299,2026-05-03 11:00:00,RET-BEN-000300,770200000001,175.00,175.00,UTILITY_PAYMENT,Utility Bill Payment,FTS,AE070330000220000000300,0.00,[]
LOC-OUT-0003002,QUOTE-LOC-OUT-0003002,COMPLETED,REF-LOC-OUT-0003002,ACC-R3300-001,OUTWARD,R3300,2026-01-20 12:01:00,RET-BEN-000301,770200000001,148.00,148.00,UTILITY_PAYMENT,Utility Bill Payment,FTS,AE070330000220000000301,0.00,[]
LOC-OUT-0003004,QUOTE-LOC-OUT-0003004,COMPLETED,REF-LOC-OUT-0003004,ACC-R3300-001,OUTWARD,R3300,2026-02-23 12:01:00,RET-BEN-000301,770200000001,159.00,159.00,UTILITY_PAYMENT,Utility Bill Payment,FTS,AE070330000220000000301,0.00,[]
LOC-OUT-0003006,QUOTE-LOC-OUT-0003006,COMPLETED,REF-LOC-OUT-0003006,ACC-R3300-001,OUTWARD,R3300,2026-03-04 12:01:00,RET-BEN-000301,770200000001,170.00,170.00,UTILITY_PAYMENT,Utility Bill Payment,FTS,AE070330000220000000301,0.00,[]
LOC-OUT-0003008,QUOTE-LOC-OUT-0003008,COMPLETED,REF-LOC-OUT-0003008,ACC-R3300-001,OUTWARD,R3300,2026-04-07 12:01:00,RET-BEN-000301,770200000001,181.00,181.00,UTILITY_PAYMENT,Utility Bill Payment,FTS,AE070330000220000000301,0.00,[]
LOC-OUT-0003010,QUOTE-LOC-OUT-0003010,COMPLETED,REF-LOC-OUT-0003010,ACC-R3300-001,OUTWARD,R3300,2026-05-10 12:01:00,RET-BEN-000301,770200000001,192.00,192.00,UTILITY_PAYMENT,Utility Bill Payment,FTS,AE070330000220000000301,0.00,[]
LOC-OUT-0003012,QUOTE-LOC-OUT-0003012,COMPLETED,REF-LOC-OUT-0003012,ACC-R3301-001,OUTWARD,R3301,2026-01-05 13:02:00,RET-BEN-000302,770200000001,165.00,165.00,UTILITY_PAYMENT,Utility Bill Payment,FTS,AE070330000220000000302,0.00,[]
LOC-OUT-0003014,QUOTE-LOC-OUT-0003014,COMPLETED,REF-LOC-OUT-0003014,ACC-R3301-001,OUTWARD,R3301,2026-02-08 13:02:00,RET-BEN-000302,770200000001,176.00,176.00,UTILITY_PAYMENT,Utility Bill Payment,FTS,AE070330000220000000302,0.00,[]
LOC-OUT-0003016,QUOTE-LOC-OUT-0003016,COMPLETED,REF-LOC-OUT-0003016,ACC-R3301-001,OUTWARD,R3301,2026-03-11 13:02:00,RET-BEN-000302,770200000001,187.00,187.00,UTILITY_PAYMENT,Utility Bill Payment,FTS,AE070330000220000000302,0.00,[]
LOC-OUT-0003018,QUOTE-LOC-OUT-0003018,COMPLETED,REF-LOC-OUT-0003018,ACC-R3301-001,OUTWARD,R3301,2026-04-14 13:02:00,RET-BEN-000302,770200000001,198.00,198.00,UTILITY_PAYMENT,Utility Bill Payment,FTS,AE070330000220000000302,0.00,[]
LOC-OUT-0003020,QUOTE-LOC-OUT-0003020,COMPLETED,REF-LOC-OUT-0003020,ACC-R3301-001,OUTWARD,R3301,2026-05-17 13:02:00,RET-BEN-000302,770200000001,209.00,209.00,UTILITY_PAYMENT,Utility Bill Payment,FTS,AE070330000220000000302,0.00,[]
LOC-OUT-0003022,QUOTE-LOC-OUT-0003022,COMPLETED,REF-LOC-OUT-0003022,ACC-R3302-001,OUTWARD,R3302,2026-01-12 14:03:00,RET-BEN-000303,770200000001,182.00,182.00,UTILITY_PAYMENT,Utility Bill Payment,FTS,AE070330000220000000303,0.00,[]
LOC-OUT-0003024,QUOTE-LOC-OUT-0003024,COMPLETED,REF-LOC-OUT-0003024,ACC-R3302-001,OUTWARD,R3302,2026-02-15 14:03:00,RET-BEN-000303,770200000001,193.00,193.00,UTILITY_PAYMENT,Utility Bill Payment,FTS,AE070330000220000000303,0.00,[]
LOC-OUT-0003026,QUOTE-LOC-OUT-0003026,COMPLETED,REF-LOC-OUT-0003026,ACC-R3302-001,OUTWARD,R3302,2026-03-18 14:03:00,RET-BEN-000303,770200000001,204.00,204.00,UTILITY_PAYMENT,Utility Bill Payment,FTS,AE070330000220000000303,0.00,[]
LOC-OUT-0003028,QUOTE-LOC-OUT-0003028,COMPLETED,REF-LOC-OUT-0003028,ACC-R3302-001,OUTWARD,R3302,2026-04-21 14:03:00,RET-BEN-000303,770200000001,215.00,215.00,UTILITY_PAYMENT,Utility Bill Payment,FTS,AE070330000220000000303,0.00,[]
LOC-OUT-0003030,QUOTE-LOC-OUT-0003030,COMPLETED,REF-LOC-OUT-0003030,ACC-R3302-001,OUTWARD,R3302,2026-05-24 14:03:00,RET-BEN-000303,770200000001,226.00,226.00,UTILITY_PAYMENT,Utility Bill Payment,FTS,AE070330000220000000303,0.00,[]
LOC-OUT-0003032,QUOTE-LOC-OUT-0003032,COMPLETED,REF-LOC-OUT-0003032,ACC-R3303-001,OUTWARD,R3303,2026-01-19 15:04:00,RET-BEN-000304,770200000001,199.00,199.00,UTILITY_PAYMENT,Utility Bill Payment,FTS,AE070330000220000000304,0.00,[]
LOC-OUT-0003034,QUOTE-LOC-OUT-0003034,COMPLETED,REF-LOC-OUT-0003034,ACC-R3303-001,OUTWARD,R3303,2026-02-22 15:04:00,RET-BEN-000304,770200000001,210.00,210.00,UTILITY_PAYMENT,Utility Bill Payment,FTS,AE070330000220000000304,0.00,[]
LOC-OUT-0003036,QUOTE-LOC-OUT-0003036,COMPLETED,REF-LOC-OUT-0003036,ACC-R3303-001,OUTWARD,R3303,2026-03-03 15:04:00,RET-BEN-000304,770200000001,221.00,221.00,UTILITY_PAYMENT,Utility Bill Payment,FTS,AE070330000220000000304,0.00,[]
LOC-OUT-0003038,QUOTE-LOC-OUT-0003038,COMPLETED,REF-LOC-OUT-0003038,ACC-R3303-001,OUTWARD,R3303,2026-04-06 15:04:00,RET-BEN-000304,770200000001,232.00,232.00,UTILITY_PAYMENT,Utility Bill Payment,FTS,AE070330000220000000304,0.00,[]
LOC-OUT-0003040,QUOTE-LOC-OUT-0003040,COMPLETED,REF-LOC-OUT-0003040,ACC-R3303-001,OUTWARD,R3303,2026-05-09 15:04:00,RET-BEN-000304,770200000001,243.00,243.00,UTILITY_PAYMENT,Utility Bill Payment,FTS,AE070330000220000000304,0.00,[]
LOC-OUT-0003042,QUOTE-LOC-OUT-0003042,COMPLETED,REF-LOC-OUT-0003042,ACC-R3304-001,OUTWARD,R3304,2026-01-04 16:05:00,RET-BEN-000305,770200000001,216.00,216.00,UTILITY_PAYMENT,Utility Bill Payment,FTS,AE070330000220000000305,0.00,[]
LOC-OUT-0003044,QUOTE-LOC-OUT-0003044,COMPLETED,REF-LOC-OUT-0003044,ACC-R3304-001,OUTWARD,R3304,2026-02-07 16:05:00,RET-BEN-000305,770200000001,227.00,227.00,UTILITY_PAYMENT,Utility Bill Payment,FTS,AE070330000220000000305,0.00,[]
LOC-OUT-0003046,QUOTE-LOC-OUT-0003046,COMPLETED,REF-LOC-OUT-0003046,ACC-R3304-001,OUTWARD,R3304,2026-03-10 16:05:00,RET-BEN-000305,770200000001,238.00,238.00,UTILITY_PAYMENT,Utility Bill Payment,FTS,AE070330000220000000305,0.00,[]
LOC-OUT-0003048,QUOTE-LOC-OUT-0003048,COMPLETED,REF-LOC-OUT-0003048,ACC-R3304-001,OUTWARD,R3304,2026-04-13 16:05:00,RET-BEN-000305,770200000001,249.00,249.00,UTILITY_PAYMENT,Utility Bill Payment,FTS,AE070330000220000000305,0.00,[]
LOC-OUT-0003050,QUOTE-LOC-OUT-0003050,COMPLETED,REF-LOC-OUT-0003050,ACC-R3304-001,OUTWARD,R3304,2026-05-16 16:05:00,RET-BEN-000305,770200000001,260.00,260.00,UTILITY_PAYMENT,Utility Bill Payment,FTS,AE070330000220000000305,0.00,[]
LOC-OUT-0003052,QUOTE-LOC-OUT-0003052,COMPLETED,REF-LOC-OUT-0003052,ACC-R3305-001,OUTWARD,R3305,2026-01-11 17:06:00,RET-BEN-000306,770200000001,233.00,233.00,UTILITY_PAYMENT,Utility Bill Payment,FTS,AE070330000220000000306,0.00,[]
LOC-OUT-0003054,QUOTE-LOC-OUT-0003054,COMPLETED,REF-LOC-OUT-0003054,ACC-R3305-001,OUTWARD,R3305,2026-02-14 17:06:00,RET-BEN-000306,770200000001,244.00,244.00,UTILITY_PAYMENT,Utility Bill Payment,FTS,AE070330000220000000306,0.00,[]
LOC-OUT-0003056,QUOTE-LOC-OUT-0003056,COMPLETED,REF-LOC-OUT-0003056,ACC-R3305-001,OUTWARD,R3305,2026-03-17 17:06:00,RET-BEN-000306,770200000001,255.00,255.00,UTILITY_PAYMENT,Utility Bill Payment,FTS,AE070330000220000000306,0.00,[]
LOC-OUT-0003058,QUOTE-LOC-OUT-0003058,COMPLETED,REF-LOC-OUT-0003058,ACC-R3305-001,OUTWARD,R3305,2026-04-20 17:06:00,RET-BEN-000306,770200000001,266.00,266.00,UTILITY_PAYMENT,Utility Bill Payment,FTS,AE070330000220000000306,0.00,[]
LOC-OUT-0003060,QUOTE-LOC-OUT-0003060,COMPLETED,REF-LOC-OUT-0003060,ACC-R3305-001,OUTWARD,R3305,2026-05-23 17:06:00,RET-BEN-000306,770200000001,277.00,277.00,UTILITY_PAYMENT,Utility Bill Payment,FTS,AE070330000220000000306,0.00,[]
LOC-OUT-0003062,QUOTE-LOC-OUT-0003062,COMPLETED,REF-LOC-OUT-0003062,ACC-R3306-001,OUTWARD,R3306,2026-01-18 18:07:00,RET-BEN-000307,770200000001,250.00,250.00,UTILITY_PAYMENT,Utility Bill Payment,FTS,AE070330000220000000307,0.00,[]
LOC-OUT-0003064,QUOTE-LOC-OUT-0003064,COMPLETED,REF-LOC-OUT-0003064,ACC-R3306-001,OUTWARD,R3306,2026-02-21 18:07:00,RET-BEN-000307,770200000001,261.00,261.00,UTILITY_PAYMENT,Utility Bill Payment,FTS,AE070330000220000000307,0.00,[]
LOC-OUT-0003066,QUOTE-LOC-OUT-0003066,COMPLETED,REF-LOC-OUT-0003066,ACC-R3306-001,OUTWARD,R3306,2026-03-24 18:07:00,RET-BEN-000307,770200000001,272.00,272.00,UTILITY_PAYMENT,Utility Bill Payment,FTS,AE070330000220000000307,0.00,[]
LOC-OUT-0003068,QUOTE-LOC-OUT-0003068,COMPLETED,REF-LOC-OUT-0003068,ACC-R3306-001,OUTWARD,R3306,2026-04-05 18:07:00,RET-BEN-000307,770200000001,283.00,283.00,UTILITY_PAYMENT,Utility Bill Payment,FTS,AE070330000220000000307,0.00,[]
LOC-OUT-0003070,QUOTE-LOC-OUT-0003070,COMPLETED,REF-LOC-OUT-0003070,ACC-R3306-001,OUTWARD,R3306,2026-05-08 18:07:00,RET-BEN-000307,770200000001,294.00,294.00,UTILITY_PAYMENT,Utility Bill Payment,FTS,AE070330000220000000307,0.00,[]
LOC-OUT-0003072,QUOTE-LOC-OUT-0003072,COMPLETED,REF-LOC-OUT-0003072,ACC-R3307-001,OUTWARD,R3307,2026-01-03 08:08:00,RET-BEN-000308,770200000001,267.00,267.00,UTILITY_PAYMENT,Utility Bill Payment,FTS,AE070330000220000000308,0.00,[]
LOC-OUT-0003074,QUOTE-LOC-OUT-0003074,COMPLETED,REF-LOC-OUT-0003074,ACC-R3307-001,OUTWARD,R3307,2026-02-06 08:08:00,RET-BEN-000308,770200000001,278.00,278.00,UTILITY_PAYMENT,Utility Bill Payment,FTS,AE070330000220000000308,0.00,[]
LOC-OUT-0003076,QUOTE-LOC-OUT-0003076,COMPLETED,REF-LOC-OUT-0003076,ACC-R3307-001,OUTWARD,R3307,2026-03-09 08:08:00,RET-BEN-000308,770200000001,289.00,289.00,UTILITY_PAYMENT,Utility Bill Payment,FTS,AE070330000220000000308,0.00,[]
LOC-OUT-0003078,QUOTE-LOC-OUT-0003078,COMPLETED,REF-LOC-OUT-0003078,ACC-R3307-001,OUTWARD,R3307,2026-04-12 08:08:00,RET-BEN-000308,770200000001,300.00,300.00,UTILITY_PAYMENT,Utility Bill Payment,FTS,AE070330000220000000308,0.00,[]
LOC-OUT-0003080,QUOTE-LOC-OUT-0003080,COMPLETED,REF-LOC-OUT-0003080,ACC-R3307-001,OUTWARD,R3307,2026-05-15 08:08:00,RET-BEN-000308,770200000001,311.00,311.00,UTILITY_PAYMENT,Utility Bill Payment,FTS,AE070330000220000000308,0.00,[]
LOC-OUT-0003082,QUOTE-LOC-OUT-0003082,COMPLETED,REF-LOC-OUT-0003082,ACC-R3308-001,OUTWARD,R3308,2026-01-10 09:09:00,RET-BEN-000309,770200000001,284.00,284.00,UTILITY_PAYMENT,Utility Bill Payment,FTS,AE070330000220000000309,0.00,[]
LOC-OUT-0003084,QUOTE-LOC-OUT-0003084,COMPLETED,REF-LOC-OUT-0003084,ACC-R3308-001,OUTWARD,R3308,2026-02-13 09:09:00,RET-BEN-000309,770200000001,295.00,295.00,UTILITY_PAYMENT,Utility Bill Payment,FTS,AE070330000220000000309,0.00,[]
LOC-OUT-0003086,QUOTE-LOC-OUT-0003086,COMPLETED,REF-LOC-OUT-0003086,ACC-R3308-001,OUTWARD,R3308,2026-03-16 09:09:00,RET-BEN-000309,770200000001,306.00,306.00,UTILITY_PAYMENT,Utility Bill Payment,FTS,AE070330000220000000309,0.00,[]
LOC-OUT-0003088,QUOTE-LOC-OUT-0003088,COMPLETED,REF-LOC-OUT-0003088,ACC-R3308-001,OUTWARD,R3308,2026-04-19 09:09:00,RET-BEN-000309,770200000001,317.00,317.00,UTILITY_PAYMENT,Utility Bill Payment,FTS,AE070330000220000000309,0.00,[]
LOC-OUT-0003090,QUOTE-LOC-OUT-0003090,COMPLETED,REF-LOC-OUT-0003090,ACC-R3308-001,OUTWARD,R3308,2026-05-22 09:09:00,RET-BEN-000309,770200000001,328.00,328.00,UTILITY_PAYMENT,Utility Bill Payment,FTS,AE070330000220000000309,0.00,[]
LOC-OUT-0003092,QUOTE-LOC-OUT-0003092,COMPLETED,REF-LOC-OUT-0003092,ACC-R3309-001,OUTWARD,R3309,2026-01-17 10:10:00,RET-BEN-000310,770200000001,301.00,301.00,UTILITY_PAYMENT,Utility Bill Payment,FTS,AE070330000220000000310,0.00,[]
LOC-OUT-0003094,QUOTE-LOC-OUT-0003094,COMPLETED,REF-LOC-OUT-0003094,ACC-R3309-001,OUTWARD,R3309,2026-02-20 10:10:00,RET-BEN-000310,770200000001,312.00,312.00,UTILITY_PAYMENT,Utility Bill Payment,FTS,AE070330000220000000310,0.00,[]
LOC-OUT-0003096,QUOTE-LOC-OUT-0003096,COMPLETED,REF-LOC-OUT-0003096,ACC-R3309-001,OUTWARD,R3309,2026-03-23 10:10:00,RET-BEN-000310,770200000001,323.00,323.00,UTILITY_PAYMENT,Utility Bill Payment,FTS,AE070330000220000000310,0.00,[]
LOC-OUT-0003098,QUOTE-LOC-OUT-0003098,COMPLETED,REF-LOC-OUT-0003098,ACC-R3309-001,OUTWARD,R3309,2026-04-04 10:10:00,RET-BEN-000310,770200000001,334.00,334.00,UTILITY_PAYMENT,Utility Bill Payment,FTS,AE070330000220000000310,0.00,[]
LOC-OUT-0003100,QUOTE-LOC-OUT-0003100,COMPLETED,REF-LOC-OUT-0003100,ACC-R3309-001,OUTWARD,R3309,2026-05-07 10:10:00,RET-BEN-000310,770200000001,345.00,345.00,UTILITY_PAYMENT,Utility Bill Payment,FTS,AE070330000220000000310,0.00,[]
LOC-OUT-0003102,QUOTE-LOC-OUT-0003102,COMPLETED,REF-LOC-OUT-0003102,ACC-R3310-001,OUTWARD,R3310,2026-01-24 11:11:00,RET-BEN-000311,770200000001,318.00,318.00,UTILITY_PAYMENT,Utility Bill Payment,FTS,AE070330000220000000311,0.00,[]
LOC-OUT-0003104,QUOTE-LOC-OUT-0003104,COMPLETED,REF-LOC-OUT-0003104,ACC-R3310-001,OUTWARD,R3310,2026-02-05 11:11:00,RET-BEN-000311,770200000001,329.00,329.00,UTILITY_PAYMENT,Utility Bill Payment,FTS,AE070330000220000000311,0.00,[]
LOC-OUT-0003106,QUOTE-LOC-OUT-0003106,COMPLETED,REF-LOC-OUT-0003106,ACC-R3310-001,OUTWARD,R3310,2026-03-08 11:11:00,RET-BEN-000311,770200000001,340.00,340.00,UTILITY_PAYMENT,Utility Bill Payment,FTS,AE070330000220000000311,0.00,[]
LOC-OUT-0003108,QUOTE-LOC-OUT-0003108,COMPLETED,REF-LOC-OUT-0003108,ACC-R3310-001,OUTWARD,R3310,2026-04-11 11:11:00,RET-BEN-000311,770200000001,85.00,85.00,UTILITY_PAYMENT,Utility Bill Payment,FTS,AE070330000220000000311,0.00,[]
LOC-OUT-0003110,QUOTE-LOC-OUT-0003110,COMPLETED,REF-LOC-OUT-0003110,ACC-R3310-001,OUTWARD,R3310,2026-05-14 11:11:00,RET-BEN-000311,770200000001,96.00,96.00,UTILITY_PAYMENT,Utility Bill Payment,FTS,AE070330000220000000311,0.00,[]
LOC-OUT-0003112,QUOTE-LOC-OUT-0003112,COMPLETED,REF-LOC-OUT-0003112,ACC-R3311-001,OUTWARD,R3311,2026-01-09 12:12:00,RET-BEN-000312,770200000001,335.00,335.00,UTILITY_PAYMENT,Utility Bill Payment,FTS,AE070330000220000000312,0.00,[]
LOC-OUT-0003114,QUOTE-LOC-OUT-0003114,COMPLETED,REF-LOC-OUT-0003114,ACC-R3311-001,OUTWARD,R3311,2026-02-12 12:12:00,RET-BEN-000312,770200000001,346.00,346.00,UTILITY_PAYMENT,Utility Bill Payment,FTS,AE070330000220000000312,0.00,[]
LOC-OUT-0003116,QUOTE-LOC-OUT-0003116,COMPLETED,REF-LOC-OUT-0003116,ACC-R3311-001,OUTWARD,R3311,2026-03-15 12:12:00,RET-BEN-000312,770200000001,91.00,91.00,UTILITY_PAYMENT,Utility Bill Payment,FTS,AE070330000220000000312,0.00,[]
LOC-OUT-0003118,QUOTE-LOC-OUT-0003118,COMPLETED,REF-LOC-OUT-0003118,ACC-R3311-001,OUTWARD,R3311,2026-04-18 12:12:00,RET-BEN-000312,770200000001,102.00,102.00,UTILITY_PAYMENT,Utility Bill Payment,FTS,AE070330000220000000312,0.00,[]
LOC-OUT-0003120,QUOTE-LOC-OUT-0003120,COMPLETED,REF-LOC-OUT-0003120,ACC-R3311-001,OUTWARD,R3311,2026-05-21 12:12:00,RET-BEN-000312,770200000001,113.00,113.00,UTILITY_PAYMENT,Utility Bill Payment,FTS,AE070330000220000000312,0.00,[]
LOC-OUT-0003122,QUOTE-LOC-OUT-0003122,COMPLETED,REF-LOC-OUT-0003122,ACC-R3312-001,OUTWARD,R3312,2026-01-16 13:13:00,RET-BEN-000313,770200000001,86.00,86.00,UTILITY_PAYMENT,Utility Bill Payment,FTS,AE070330000220000000313,0.00,[]
LOC-OUT-0003124,QUOTE-LOC-OUT-0003124,COMPLETED,REF-LOC-OUT-0003124,ACC-R3312-001,OUTWARD,R3312,2026-02-19 13:13:00,RET-BEN-000313,770200000001,97.00,97.00,UTILITY_PAYMENT,Utility Bill Payment,FTS,AE070330000220000000313,0.00,[]
LOC-OUT-0003126,QUOTE-LOC-OUT-0003126,COMPLETED,REF-LOC-OUT-0003126,ACC-R3312-001,OUTWARD,R3312,2026-03-22 13:13:00,RET-BEN-000313,770200000001,108.00,108.00,UTILITY_PAYMENT,Utility Bill Payment,FTS,AE070330000220000000313,0.00,[]
LOC-OUT-0003128,QUOTE-LOC-OUT-0003128,COMPLETED,REF-LOC-OUT-0003128,ACC-R3312-001,OUTWARD,R3312,2026-04-03 13:13:00,RET-BEN-000313,770200000001,119.00,119.00,UTILITY_PAYMENT,Utility Bill Payment,FTS,AE070330000220000000313,0.00,[]
LOC-OUT-0003130,QUOTE-LOC-OUT-0003130,COMPLETED,REF-LOC-OUT-0003130,ACC-R3312-001,OUTWARD,R3312,2026-05-06 13:13:00,RET-BEN-000313,770200000001,130.00,130.00,UTILITY_PAYMENT,Utility Bill Payment,FTS,AE070330000220000000313,0.00,[]
LOC-OUT-0003132,QUOTE-LOC-OUT-0003132,COMPLETED,REF-LOC-OUT-0003132,ACC-R3313-001,OUTWARD,R3313,2026-01-23 14:14:00,RET-BEN-000314,770200000001,103.00,103.00,UTILITY_PAYMENT,Utility Bill Payment,FTS,AE070330000220000000314,0.00,[]
LOC-OUT-0003134,QUOTE-LOC-OUT-0003134,COMPLETED,REF-LOC-OUT-0003134,ACC-R3313-001,OUTWARD,R3313,2026-02-04 14:14:00,RET-BEN-000314,770200000001,114.00,114.00,UTILITY_PAYMENT,Utility Bill Payment,FTS,AE070330000220000000314,0.00,[]
LOC-OUT-0003136,QUOTE-LOC-OUT-0003136,COMPLETED,REF-LOC-OUT-0003136,ACC-R3313-001,OUTWARD,R3313,2026-03-07 14:14:00,RET-BEN-000314,770200000001,125.00,125.00,UTILITY_PAYMENT,Utility Bill Payment,FTS,AE070330000220000000314,0.00,[]
LOC-OUT-0003138,QUOTE-LOC-OUT-0003138,COMPLETED,REF-LOC-OUT-0003138,ACC-R3313-001,OUTWARD,R3313,2026-04-10 14:14:00,RET-BEN-000314,770200000001,136.00,136.00,UTILITY_PAYMENT,Utility Bill Payment,FTS,AE070330000220000000314,0.00,[]
LOC-OUT-0003140,QUOTE-LOC-OUT-0003140,COMPLETED,REF-LOC-OUT-0003140,ACC-R3313-001,OUTWARD,R3313,2026-05-13 14:14:00,RET-BEN-000314,770200000001,147.00,147.00,UTILITY_PAYMENT,Utility Bill Payment,FTS,AE070330000220000000314,0.00,[]
LOC-OUT-0003142,QUOTE-LOC-OUT-0003142,COMPLETED,REF-LOC-OUT-0003142,ACC-R3314-001,OUTWARD,R3314,2026-01-08 15:15:00,RET-BEN-000315,770200000001,120.00,120.00,UTILITY_PAYMENT,Utility Bill Payment,FTS,AE070330000220000000315,0.00,[]
LOC-OUT-0003144,QUOTE-LOC-OUT-0003144,COMPLETED,REF-LOC-OUT-0003144,ACC-R3314-001,OUTWARD,R3314,2026-02-11 15:15:00,RET-BEN-000315,770200000001,131.00,131.00,UTILITY_PAYMENT,Utility Bill Payment,FTS,AE070330000220000000315,0.00,[]
LOC-OUT-0003146,QUOTE-LOC-OUT-0003146,COMPLETED,REF-LOC-OUT-0003146,ACC-R3314-001,OUTWARD,R3314,2026-03-14 15:15:00,RET-BEN-000315,770200000001,142.00,142.00,UTILITY_PAYMENT,Utility Bill Payment,FTS,AE070330000220000000315,0.00,[]
LOC-OUT-0003148,QUOTE-LOC-OUT-0003148,COMPLETED,REF-LOC-OUT-0003148,ACC-R3314-001,OUTWARD,R3314,2026-04-17 15:15:00,RET-BEN-000315,770200000001,153.00,153.00,UTILITY_PAYMENT,Utility Bill Payment,FTS,AE070330000220000000315,0.00,[]
LOC-OUT-0003150,QUOTE-LOC-OUT-0003150,COMPLETED,REF-LOC-OUT-0003150,ACC-R3314-001,OUTWARD,R3314,2026-05-20 15:15:00,RET-BEN-000315,770200000001,164.00,164.00,UTILITY_PAYMENT,Utility Bill Payment,FTS,AE070330000220000000315,0.00,[]
LOC-OUT-0003152,QUOTE-LOC-OUT-0003152,COMPLETED,REF-LOC-OUT-0003152,ACC-R3315-001,OUTWARD,R3315,2026-01-15 16:16:00,RET-BEN-000316,770200000001,137.00,137.00,UTILITY_PAYMENT,Utility Bill Payment,FTS,AE070330000220000000316,0.00,[]
LOC-OUT-0003154,QUOTE-LOC-OUT-0003154,COMPLETED,REF-LOC-OUT-0003154,ACC-R3315-001,OUTWARD,R3315,2026-02-18 16:16:00,RET-BEN-000316,770200000001,148.00,148.00,UTILITY_PAYMENT,Utility Bill Payment,FTS,AE070330000220000000316,0.00,[]
LOC-OUT-0003156,QUOTE-LOC-OUT-0003156,COMPLETED,REF-LOC-OUT-0003156,ACC-R3315-001,OUTWARD,R3315,2026-03-21 16:16:00,RET-BEN-000316,770200000001,159.00,159.00,UTILITY_PAYMENT,Utility Bill Payment,FTS,AE070330000220000000316,0.00,[]
LOC-OUT-0003158,QUOTE-LOC-OUT-0003158,COMPLETED,REF-LOC-OUT-0003158,ACC-R3315-001,OUTWARD,R3315,2026-04-24 16:16:00,RET-BEN-000316,770200000001,170.00,170.00,UTILITY_PAYMENT,Utility Bill Payment,FTS,AE070330000220000000316,0.00,[]
LOC-OUT-0003160,QUOTE-LOC-OUT-0003160,COMPLETED,REF-LOC-OUT-0003160,ACC-R3315-001,OUTWARD,R3315,2026-05-05 16:16:00,RET-BEN-000316,770200000001,181.00,181.00,UTILITY_PAYMENT,Utility Bill Payment,FTS,AE070330000220000000316,0.00,[]
LOC-OUT-0003162,QUOTE-LOC-OUT-0003162,COMPLETED,REF-LOC-OUT-0003162,ACC-R3316-001,OUTWARD,R3316,2026-01-22 17:17:00,RET-BEN-000317,770200000001,154.00,154.00,UTILITY_PAYMENT,Utility Bill Payment,FTS,AE070330000220000000317,0.00,[]
LOC-OUT-0003164,QUOTE-LOC-OUT-0003164,COMPLETED,REF-LOC-OUT-0003164,ACC-R3316-001,OUTWARD,R3316,2026-02-03 17:17:00,RET-BEN-000317,770200000001,165.00,165.00,UTILITY_PAYMENT,Utility Bill Payment,FTS,AE070330000220000000317,0.00,[]
LOC-OUT-0003166,QUOTE-LOC-OUT-0003166,COMPLETED,REF-LOC-OUT-0003166,ACC-R3316-001,OUTWARD,R3316,2026-03-06 17:17:00,RET-BEN-000317,770200000001,176.00,176.00,UTILITY_PAYMENT,Utility Bill Payment,FTS,AE070330000220000000317,0.00,[]
LOC-OUT-0003168,QUOTE-LOC-OUT-0003168,COMPLETED,REF-LOC-OUT-0003168,ACC-R3316-001,OUTWARD,R3316,2026-04-09 17:17:00,RET-BEN-000317,770200000001,187.00,187.00,UTILITY_PAYMENT,Utility Bill Payment,FTS,AE070330000220000000317,0.00,[]
LOC-OUT-0003170,QUOTE-LOC-OUT-0003170,COMPLETED,REF-LOC-OUT-0003170,ACC-R3316-001,OUTWARD,R3316,2026-05-12 17:17:00,RET-BEN-000317,770200000001,198.00,198.00,UTILITY_PAYMENT,Utility Bill Payment,FTS,AE070330000220000000317,0.00,[]
LOC-OUT-0003172,QUOTE-LOC-OUT-0003172,COMPLETED,REF-LOC-OUT-0003172,ACC-R3317-001,OUTWARD,R3317,2026-01-07 18:18:00,RET-BEN-000318,770200000001,171.00,171.00,UTILITY_PAYMENT,Utility Bill Payment,FTS,AE070330000220000000318,0.00,[]
LOC-OUT-0003174,QUOTE-LOC-OUT-0003174,COMPLETED,REF-LOC-OUT-0003174,ACC-R3317-001,OUTWARD,R3317,2026-02-10 18:18:00,RET-BEN-000318,770200000001,182.00,182.00,UTILITY_PAYMENT,Utility Bill Payment,FTS,AE070330000220000000318,0.00,[]
LOC-OUT-0003176,QUOTE-LOC-OUT-0003176,COMPLETED,REF-LOC-OUT-0003176,ACC-R3317-001,OUTWARD,R3317,2026-03-13 18:18:00,RET-BEN-000318,770200000001,193.00,193.00,UTILITY_PAYMENT,Utility Bill Payment,FTS,AE070330000220000000318,0.00,[]
LOC-OUT-0003178,QUOTE-LOC-OUT-0003178,COMPLETED,REF-LOC-OUT-0003178,ACC-R3317-001,OUTWARD,R3317,2026-04-16 18:18:00,RET-BEN-000318,770200000001,204.00,204.00,UTILITY_PAYMENT,Utility Bill Payment,FTS,AE070330000220000000318,0.00,[]
LOC-OUT-0003180,QUOTE-LOC-OUT-0003180,COMPLETED,REF-LOC-OUT-0003180,ACC-R3317-001,OUTWARD,R3317,2026-05-19 18:18:00,RET-BEN-000318,770200000001,215.00,215.00,UTILITY_PAYMENT,Utility Bill Payment,FTS,AE070330000220000000318,0.00,[]
LOC-OUT-0003182,QUOTE-LOC-OUT-0003182,COMPLETED,REF-LOC-OUT-0003182,ACC-R3318-001,OUTWARD,R3318,2026-01-14 08:19:00,RET-BEN-000319,770200000001,188.00,188.00,UTILITY_PAYMENT,Utility Bill Payment,FTS,AE070330000220000000319,0.00,[]
LOC-OUT-0003184,QUOTE-LOC-OUT-0003184,COMPLETED,REF-LOC-OUT-0003184,ACC-R3318-001,OUTWARD,R3318,2026-02-17 08:19:00,RET-BEN-000319,770200000001,199.00,199.00,UTILITY_PAYMENT,Utility Bill Payment,FTS,AE070330000220000000319,0.00,[]
LOC-OUT-0003186,QUOTE-LOC-OUT-0003186,COMPLETED,REF-LOC-OUT-0003186,ACC-R3318-001,OUTWARD,R3318,2026-03-20 08:19:00,RET-BEN-000319,770200000001,210.00,210.00,UTILITY_PAYMENT,Utility Bill Payment,FTS,AE070330000220000000319,0.00,[]
LOC-OUT-0003188,QUOTE-LOC-OUT-0003188,COMPLETED,REF-LOC-OUT-0003188,ACC-R3318-001,OUTWARD,R3318,2026-04-23 08:19:00,RET-BEN-000319,770200000001,221.00,221.00,UTILITY_PAYMENT,Utility Bill Payment,FTS,AE070330000220000000319,0.00,[]
LOC-OUT-0003190,QUOTE-LOC-OUT-0003190,COMPLETED,REF-LOC-OUT-0003190,ACC-R3318-001,OUTWARD,R3318,2026-05-04 08:19:00,RET-BEN-000319,770200000001,232.00,232.00,UTILITY_PAYMENT,Utility Bill Payment,FTS,AE070330000220000000319,0.00,[]
LOC-OUT-0003192,QUOTE-LOC-OUT-0003192,COMPLETED,REF-LOC-OUT-0003192,ACC-R3319-001,OUTWARD,R3319,2026-01-21 09:20:00,RET-BEN-000320,770200000001,205.00,205.00,UTILITY_PAYMENT,Utility Bill Payment,FTS,AE070330000220000000320,0.00,[]
LOC-OUT-0003194,QUOTE-LOC-OUT-0003194,COMPLETED,REF-LOC-OUT-0003194,ACC-R3319-001,OUTWARD,R3319,2026-02-24 09:20:00,RET-BEN-000320,770200000001,216.00,216.00,UTILITY_PAYMENT,Utility Bill Payment,FTS,AE070330000220000000320,0.00,[]
LOC-OUT-0003196,QUOTE-LOC-OUT-0003196,COMPLETED,REF-LOC-OUT-0003196,ACC-R3319-001,OUTWARD,R3319,2026-03-05 09:20:00,RET-BEN-000320,770200000001,227.00,227.00,UTILITY_PAYMENT,Utility Bill Payment,FTS,AE070330000220000000320,0.00,[]
LOC-OUT-0003198,QUOTE-LOC-OUT-0003198,COMPLETED,REF-LOC-OUT-0003198,ACC-R3319-001,OUTWARD,R3319,2026-04-08 09:20:00,RET-BEN-000320,770200000001,238.00,238.00,UTILITY_PAYMENT,Utility Bill Payment,FTS,AE070330000220000000320,0.00,[]
LOC-OUT-0003200,QUOTE-LOC-OUT-0003200,COMPLETED,REF-LOC-OUT-0003200,ACC-R3319-001,OUTWARD,R3319,2026-05-11 09:20:00,RET-BEN-000320,770200000001,249.00,249.00,UTILITY_PAYMENT,Utility Bill Payment,FTS,AE070330000220000000320,0.00,[]
LOC-OUT-0003202,QUOTE-LOC-OUT-0003202,COMPLETED,REF-LOC-OUT-0003202,ACC-R3320-001,OUTWARD,R3320,2026-01-06 10:21:00,RET-BEN-000321,770200000001,222.00,222.00,UTILITY_PAYMENT,Utility Bill Payment,FTS,AE070330000220000000321,0.00,[]
LOC-OUT-0003204,QUOTE-LOC-OUT-0003204,COMPLETED,REF-LOC-OUT-0003204,ACC-R3320-001,OUTWARD,R3320,2026-02-09 10:21:00,RET-BEN-000321,770200000001,233.00,233.00,UTILITY_PAYMENT,Utility Bill Payment,FTS,AE070330000220000000321,0.00,[]
LOC-OUT-0003206,QUOTE-LOC-OUT-0003206,COMPLETED,REF-LOC-OUT-0003206,ACC-R3320-001,OUTWARD,R3320,2026-03-12 10:21:00,RET-BEN-000321,770200000001,244.00,244.00,UTILITY_PAYMENT,Utility Bill Payment,FTS,AE070330000220000000321,0.00,[]
LOC-OUT-0003208,QUOTE-LOC-OUT-0003208,COMPLETED,REF-LOC-OUT-0003208,ACC-R3320-001,OUTWARD,R3320,2026-04-15 10:21:00,RET-BEN-000321,770200000001,255.00,255.00,UTILITY_PAYMENT,Utility Bill Payment,FTS,AE070330000220000000321,0.00,[]
LOC-OUT-0003210,QUOTE-LOC-OUT-0003210,COMPLETED,REF-LOC-OUT-0003210,ACC-R3320-001,OUTWARD,R3320,2026-05-18 10:21:00,RET-BEN-000321,770200000001,266.00,266.00,UTILITY_PAYMENT,Utility Bill Payment,FTS,AE070330000220000000321,0.00,[]
LOC-OUT-0003212,QUOTE-LOC-OUT-0003212,COMPLETED,REF-LOC-OUT-0003212,ACC-R3321-001,OUTWARD,R3321,2026-01-13 11:22:00,RET-BEN-000322,770200000001,239.00,239.00,UTILITY_PAYMENT,Utility Bill Payment,FTS,AE070330000220000000322,0.00,[]
LOC-OUT-0003214,QUOTE-LOC-OUT-0003214,COMPLETED,REF-LOC-OUT-0003214,ACC-R3321-001,OUTWARD,R3321,2026-02-16 11:22:00,RET-BEN-000322,770200000001,250.00,250.00,UTILITY_PAYMENT,Utility Bill Payment,FTS,AE070330000220000000322,0.00,[]
LOC-OUT-0003216,QUOTE-LOC-OUT-0003216,COMPLETED,REF-LOC-OUT-0003216,ACC-R3321-001,OUTWARD,R3321,2026-03-19 11:22:00,RET-BEN-000322,770200000001,261.00,261.00,UTILITY_PAYMENT,Utility Bill Payment,FTS,AE070330000220000000322,0.00,[]
LOC-OUT-0003218,QUOTE-LOC-OUT-0003218,COMPLETED,REF-LOC-OUT-0003218,ACC-R3321-001,OUTWARD,R3321,2026-04-22 11:22:00,RET-BEN-000322,770200000001,272.00,272.00,UTILITY_PAYMENT,Utility Bill Payment,FTS,AE070330000220000000322,0.00,[]
LOC-OUT-0003220,QUOTE-LOC-OUT-0003220,COMPLETED,REF-LOC-OUT-0003220,ACC-R3321-001,OUTWARD,R3321,2026-05-03 11:22:00,RET-BEN-000322,770200000001,283.00,283.00,UTILITY_PAYMENT,Utility Bill Payment,FTS,AE070330000220000000322,0.00,[]
LOC-OUT-0003222,QUOTE-LOC-OUT-0003222,COMPLETED,REF-LOC-OUT-0003222,ACC-R3322-001,OUTWARD,R3322,2026-01-20 12:23:00,RET-BEN-000323,770200000001,256.00,256.00,UTILITY_PAYMENT,Utility Bill Payment,FTS,AE070330000220000000323,0.00,[]
LOC-OUT-0003224,QUOTE-LOC-OUT-0003224,COMPLETED,REF-LOC-OUT-0003224,ACC-R3322-001,OUTWARD,R3322,2026-02-23 12:23:00,RET-BEN-000323,770200000001,267.00,267.00,UTILITY_PAYMENT,Utility Bill Payment,FTS,AE070330000220000000323,0.00,[]
LOC-OUT-0003226,QUOTE-LOC-OUT-0003226,COMPLETED,REF-LOC-OUT-0003226,ACC-R3322-001,OUTWARD,R3322,2026-03-04 12:23:00,RET-BEN-000323,770200000001,278.00,278.00,UTILITY_PAYMENT,Utility Bill Payment,FTS,AE070330000220000000323,0.00,[]
LOC-OUT-0003228,QUOTE-LOC-OUT-0003228,COMPLETED,REF-LOC-OUT-0003228,ACC-R3322-001,OUTWARD,R3322,2026-04-07 12:23:00,RET-BEN-000323,770200000001,289.00,289.00,UTILITY_PAYMENT,Utility Bill Payment,FTS,AE070330000220000000323,0.00,[]
LOC-OUT-0003230,QUOTE-LOC-OUT-0003230,COMPLETED,REF-LOC-OUT-0003230,ACC-R3322-001,OUTWARD,R3322,2026-05-10 12:23:00,RET-BEN-000323,770200000001,300.00,300.00,UTILITY_PAYMENT,Utility Bill Payment,FTS,AE070330000220000000323,0.00,[]
LOC-OUT-0003232,QUOTE-LOC-OUT-0003232,COMPLETED,REF-LOC-OUT-0003232,ACC-R3323-001,OUTWARD,R3323,2026-01-05 13:24:00,RET-BEN-000324,770200000001,273.00,273.00,UTILITY_PAYMENT,Utility Bill Payment,FTS,AE070330000220000000324,0.00,[]
LOC-OUT-0003234,QUOTE-LOC-OUT-0003234,COMPLETED,REF-LOC-OUT-0003234,ACC-R3323-001,OUTWARD,R3323,2026-02-08 13:24:00,RET-BEN-000324,770200000001,284.00,284.00,UTILITY_PAYMENT,Utility Bill Payment,FTS,AE070330000220000000324,0.00,[]
LOC-OUT-0003236,QUOTE-LOC-OUT-0003236,COMPLETED,REF-LOC-OUT-0003236,ACC-R3323-001,OUTWARD,R3323,2026-03-11 13:24:00,RET-BEN-000324,770200000001,295.00,295.00,UTILITY_PAYMENT,Utility Bill Payment,FTS,AE070330000220000000324,0.00,[]
LOC-OUT-0003238,QUOTE-LOC-OUT-0003238,COMPLETED,REF-LOC-OUT-0003238,ACC-R3323-001,OUTWARD,R3323,2026-04-14 13:24:00,RET-BEN-000324,770200000001,306.00,306.00,UTILITY_PAYMENT,Utility Bill Payment,FTS,AE070330000220000000324,0.00,[]
LOC-OUT-0003240,QUOTE-LOC-OUT-0003240,COMPLETED,REF-LOC-OUT-0003240,ACC-R3323-001,OUTWARD,R3323,2026-05-17 13:24:00,RET-BEN-000324,770200000001,317.00,317.00,UTILITY_PAYMENT,Utility Bill Payment,FTS,AE070330000220000000324,0.00,[]
LOC-OUT-0003242,QUOTE-LOC-OUT-0003242,COMPLETED,REF-LOC-OUT-0003242,ACC-R3324-001,OUTWARD,R3324,2026-01-12 14:25:00,RET-BEN-000325,770200000001,290.00,290.00,UTILITY_PAYMENT,Utility Bill Payment,FTS,AE070330000220000000325,0.00,[]
LOC-OUT-0003244,QUOTE-LOC-OUT-0003244,COMPLETED,REF-LOC-OUT-0003244,ACC-R3324-001,OUTWARD,R3324,2026-02-15 14:25:00,RET-BEN-000325,770200000001,301.00,301.00,UTILITY_PAYMENT,Utility Bill Payment,FTS,AE070330000220000000325,0.00,[]
LOC-OUT-0003246,QUOTE-LOC-OUT-0003246,COMPLETED,REF-LOC-OUT-0003246,ACC-R3324-001,OUTWARD,R3324,2026-03-18 14:25:00,RET-BEN-000325,770200000001,312.00,312.00,UTILITY_PAYMENT,Utility Bill Payment,FTS,AE070330000220000000325,0.00,[]
LOC-OUT-0003248,QUOTE-LOC-OUT-0003248,COMPLETED,REF-LOC-OUT-0003248,ACC-R3324-001,OUTWARD,R3324,2026-04-21 14:25:00,RET-BEN-000325,770200000001,323.00,323.00,UTILITY_PAYMENT,Utility Bill Payment,FTS,AE070330000220000000325,0.00,[]
LOC-OUT-0003250,QUOTE-LOC-OUT-0003250,COMPLETED,REF-LOC-OUT-0003250,ACC-R3324-001,OUTWARD,R3324,2026-05-24 14:25:00,RET-BEN-000325,770200000001,334.00,334.00,UTILITY_PAYMENT,Utility Bill Payment,FTS,AE070330000220000000325,0.00,[]
LOC-OUT-0003252,QUOTE-LOC-OUT-0003252,COMPLETED,REF-LOC-OUT-0003252,ACC-R3325-001,OUTWARD,R3325,2026-01-19 15:26:00,RET-BEN-000326,770200000001,307.00,307.00,UTILITY_PAYMENT,Utility Bill Payment,FTS,AE070330000220000000326,0.00,[]
LOC-OUT-0003254,QUOTE-LOC-OUT-0003254,COMPLETED,REF-LOC-OUT-0003254,ACC-R3325-001,OUTWARD,R3325,2026-02-22 15:26:00,RET-BEN-000326,770200000001,318.00,318.00,UTILITY_PAYMENT,Utility Bill Payment,FTS,AE070330000220000000326,0.00,[]
LOC-OUT-0003256,QUOTE-LOC-OUT-0003256,COMPLETED,REF-LOC-OUT-0003256,ACC-R3325-001,OUTWARD,R3325,2026-03-03 15:26:00,RET-BEN-000326,770200000001,329.00,329.00,UTILITY_PAYMENT,Utility Bill Payment,FTS,AE070330000220000000326,0.00,[]
LOC-OUT-0003258,QUOTE-LOC-OUT-0003258,COMPLETED,REF-LOC-OUT-0003258,ACC-R3325-001,OUTWARD,R3325,2026-04-06 15:26:00,RET-BEN-000326,770200000001,340.00,340.00,UTILITY_PAYMENT,Utility Bill Payment,FTS,AE070330000220000000326,0.00,[]
LOC-OUT-0003260,QUOTE-LOC-OUT-0003260,COMPLETED,REF-LOC-OUT-0003260,ACC-R3325-001,OUTWARD,R3325,2026-05-09 15:26:00,RET-BEN-000326,770200000001,85.00,85.00,UTILITY_PAYMENT,Utility Bill Payment,FTS,AE070330000220000000326,0.00,[]
LOC-OUT-0003262,QUOTE-LOC-OUT-0003262,COMPLETED,REF-LOC-OUT-0003262,ACC-R3326-001,OUTWARD,R3326,2026-01-04 16:27:00,RET-BEN-000327,770200000001,324.00,324.00,UTILITY_PAYMENT,Utility Bill Payment,FTS,AE070330000220000000327,0.00,[]
LOC-OUT-0003264,QUOTE-LOC-OUT-0003264,COMPLETED,REF-LOC-OUT-0003264,ACC-R3326-001,OUTWARD,R3326,2026-02-07 16:27:00,RET-BEN-000327,770200000001,335.00,335.00,UTILITY_PAYMENT,Utility Bill Payment,FTS,AE070330000220000000327,0.00,[]
LOC-OUT-0003266,QUOTE-LOC-OUT-0003266,COMPLETED,REF-LOC-OUT-0003266,ACC-R3326-001,OUTWARD,R3326,2026-03-10 16:27:00,RET-BEN-000327,770200000001,346.00,346.00,UTILITY_PAYMENT,Utility Bill Payment,FTS,AE070330000220000000327,0.00,[]
LOC-OUT-0003268,QUOTE-LOC-OUT-0003268,COMPLETED,REF-LOC-OUT-0003268,ACC-R3326-001,OUTWARD,R3326,2026-04-13 16:27:00,RET-BEN-000327,770200000001,91.00,91.00,UTILITY_PAYMENT,Utility Bill Payment,FTS,AE070330000220000000327,0.00,[]
LOC-OUT-0003270,QUOTE-LOC-OUT-0003270,COMPLETED,REF-LOC-OUT-0003270,ACC-R3326-001,OUTWARD,R3326,2026-05-16 16:27:00,RET-BEN-000327,770200000001,102.00,102.00,UTILITY_PAYMENT,Utility Bill Payment,FTS,AE070330000220000000327,0.00,[]
LOC-OUT-0003272,QUOTE-LOC-OUT-0003272,COMPLETED,REF-LOC-OUT-0003272,ACC-R3327-001,OUTWARD,R3327,2026-01-11 17:28:00,RET-BEN-000328,770200000001,341.00,341.00,UTILITY_PAYMENT,Utility Bill Payment,FTS,AE070330000220000000328,0.00,[]
LOC-OUT-0003274,QUOTE-LOC-OUT-0003274,COMPLETED,REF-LOC-OUT-0003274,ACC-R3327-001,OUTWARD,R3327,2026-02-14 17:28:00,RET-BEN-000328,770200000001,86.00,86.00,UTILITY_PAYMENT,Utility Bill Payment,FTS,AE070330000220000000328,0.00,[]
LOC-OUT-0003276,QUOTE-LOC-OUT-0003276,COMPLETED,REF-LOC-OUT-0003276,ACC-R3327-001,OUTWARD,R3327,2026-03-17 17:28:00,RET-BEN-000328,770200000001,97.00,97.00,UTILITY_PAYMENT,Utility Bill Payment,FTS,AE070330000220000000328,0.00,[]
LOC-OUT-0003278,QUOTE-LOC-OUT-0003278,COMPLETED,REF-LOC-OUT-0003278,ACC-R3327-001,OUTWARD,R3327,2026-04-20 17:28:00,RET-BEN-000328,770200000001,108.00,108.00,UTILITY_PAYMENT,Utility Bill Payment,FTS,AE070330000220000000328,0.00,[]
LOC-OUT-0003280,QUOTE-LOC-OUT-0003280,COMPLETED,REF-LOC-OUT-0003280,ACC-R3327-001,OUTWARD,R3327,2026-05-23 17:28:00,RET-BEN-000328,770200000001,119.00,119.00,UTILITY_PAYMENT,Utility Bill Payment,FTS,AE070330000220000000328,0.00,[]
LOC-OUT-0003282,QUOTE-LOC-OUT-0003282,COMPLETED,REF-LOC-OUT-0003282,ACC-R3328-001,OUTWARD,R3328,2026-01-18 18:29:00,RET-BEN-000329,770200000001,92.00,92.00,UTILITY_PAYMENT,Utility Bill Payment,FTS,AE070330000220000000329,0.00,[]
LOC-OUT-0003284,QUOTE-LOC-OUT-0003284,COMPLETED,REF-LOC-OUT-0003284,ACC-R3328-001,OUTWARD,R3328,2026-02-21 18:29:00,RET-BEN-000329,770200000001,103.00,103.00,UTILITY_PAYMENT,Utility Bill Payment,FTS,AE070330000220000000329,0.00,[]
LOC-OUT-0003286,QUOTE-LOC-OUT-0003286,COMPLETED,REF-LOC-OUT-0003286,ACC-R3328-001,OUTWARD,R3328,2026-03-24 18:29:00,RET-BEN-000329,770200000001,114.00,114.00,UTILITY_PAYMENT,Utility Bill Payment,FTS,AE070330000220000000329,0.00,[]
LOC-OUT-0003288,QUOTE-LOC-OUT-0003288,COMPLETED,REF-LOC-OUT-0003288,ACC-R3328-001,OUTWARD,R3328,2026-04-05 18:29:00,RET-BEN-000329,770200000001,125.00,125.00,UTILITY_PAYMENT,Utility Bill Payment,FTS,AE070330000220000000329,0.00,[]
LOC-OUT-0003290,QUOTE-LOC-OUT-0003290,COMPLETED,REF-LOC-OUT-0003290,ACC-R3328-001,OUTWARD,R3328,2026-05-08 18:29:00,RET-BEN-000329,770200000001,136.00,136.00,UTILITY_PAYMENT,Utility Bill Payment,FTS,AE070330000220000000329,0.00,[]
LOC-OUT-0003292,QUOTE-LOC-OUT-0003292,COMPLETED,REF-LOC-OUT-0003292,ACC-R3329-001,OUTWARD,R3329,2026-01-03 08:30:00,RET-BEN-000330,770200000001,109.00,109.00,UTILITY_PAYMENT,Utility Bill Payment,FTS,AE070330000220000000330,0.00,[]
LOC-OUT-0003294,QUOTE-LOC-OUT-0003294,COMPLETED,REF-LOC-OUT-0003294,ACC-R3329-001,OUTWARD,R3329,2026-02-06 08:30:00,RET-BEN-000330,770200000001,120.00,120.00,UTILITY_PAYMENT,Utility Bill Payment,FTS,AE070330000220000000330,0.00,[]
LOC-OUT-0003296,QUOTE-LOC-OUT-0003296,COMPLETED,REF-LOC-OUT-0003296,ACC-R3329-001,OUTWARD,R3329,2026-03-09 08:30:00,RET-BEN-000330,770200000001,131.00,131.00,UTILITY_PAYMENT,Utility Bill Payment,FTS,AE070330000220000000330,0.00,[]
LOC-OUT-0003298,QUOTE-LOC-OUT-0003298,COMPLETED,REF-LOC-OUT-0003298,ACC-R3329-001,OUTWARD,R3329,2026-04-12 08:30:00,RET-BEN-000330,770200000001,142.00,142.00,UTILITY_PAYMENT,Utility Bill Payment,FTS,AE070330000220000000330,0.00,[]
LOC-OUT-0003300,QUOTE-LOC-OUT-0003300,COMPLETED,REF-LOC-OUT-0003300,ACC-R3329-001,OUTWARD,R3329,2026-05-15 08:30:00,RET-BEN-000330,770200000001,153.00,153.00,UTILITY_PAYMENT,Utility Bill Payment,FTS,AE070330000220000000330,0.00,[]
LOC-OUT-0003302,QUOTE-LOC-OUT-0003302,COMPLETED,REF-LOC-OUT-0003302,ACC-R3330-001,OUTWARD,R3330,2026-01-10 09:31:00,RET-BEN-000331,770200000001,126.00,126.00,UTILITY_PAYMENT,Utility Bill Payment,FTS,AE070330000220000000331,0.00,[]
LOC-OUT-0003304,QUOTE-LOC-OUT-0003304,COMPLETED,REF-LOC-OUT-0003304,ACC-R3330-001,OUTWARD,R3330,2026-02-13 09:31:00,RET-BEN-000331,770200000001,137.00,137.00,UTILITY_PAYMENT,Utility Bill Payment,FTS,AE070330000220000000331,0.00,[]
LOC-OUT-0003306,QUOTE-LOC-OUT-0003306,COMPLETED,REF-LOC-OUT-0003306,ACC-R3330-001,OUTWARD,R3330,2026-03-16 09:31:00,RET-BEN-000331,770200000001,148.00,148.00,UTILITY_PAYMENT,Utility Bill Payment,FTS,AE070330000220000000331,0.00,[]
LOC-OUT-0003308,QUOTE-LOC-OUT-0003308,COMPLETED,REF-LOC-OUT-0003308,ACC-R3330-001,OUTWARD,R3330,2026-04-19 09:31:00,RET-BEN-000331,770200000001,159.00,159.00,UTILITY_PAYMENT,Utility Bill Payment,FTS,AE070330000220000000331,0.00,[]
LOC-OUT-0003310,QUOTE-LOC-OUT-0003310,COMPLETED,REF-LOC-OUT-0003310,ACC-R3330-001,OUTWARD,R3330,2026-05-22 09:31:00,RET-BEN-000331,770200000001,170.00,170.00,UTILITY_PAYMENT,Utility Bill Payment,FTS,AE070330000220000000331,0.00,[]
LOC-OUT-0003312,QUOTE-LOC-OUT-0003312,COMPLETED,REF-LOC-OUT-0003312,ACC-R3331-001,OUTWARD,R3331,2026-01-17 10:32:00,RET-BEN-000332,770200000001,143.00,143.00,UTILITY_PAYMENT,Utility Bill Payment,FTS,AE070330000220000000332,0.00,[]
LOC-OUT-0003314,QUOTE-LOC-OUT-0003314,COMPLETED,REF-LOC-OUT-0003314,ACC-R3331-001,OUTWARD,R3331,2026-02-20 10:32:00,RET-BEN-000332,770200000001,154.00,154.00,UTILITY_PAYMENT,Utility Bill Payment,FTS,AE070330000220000000332,0.00,[]
LOC-OUT-0003316,QUOTE-LOC-OUT-0003316,COMPLETED,REF-LOC-OUT-0003316,ACC-R3331-001,OUTWARD,R3331,2026-03-23 10:32:00,RET-BEN-000332,770200000001,165.00,165.00,UTILITY_PAYMENT,Utility Bill Payment,FTS,AE070330000220000000332,0.00,[]
LOC-OUT-0003318,QUOTE-LOC-OUT-0003318,COMPLETED,REF-LOC-OUT-0003318,ACC-R3331-001,OUTWARD,R3331,2026-04-04 10:32:00,RET-BEN-000332,770200000001,176.00,176.00,UTILITY_PAYMENT,Utility Bill Payment,FTS,AE070330000220000000332,0.00,[]
LOC-OUT-0003320,QUOTE-LOC-OUT-0003320,COMPLETED,REF-LOC-OUT-0003320,ACC-R3331-001,OUTWARD,R3331,2026-05-07 10:32:00,RET-BEN-000332,770200000001,187.00,187.00,UTILITY_PAYMENT,Utility Bill Payment,FTS,AE070330000220000000332,0.00,[]
LOC-OUT-0003322,QUOTE-LOC-OUT-0003322,COMPLETED,REF-LOC-OUT-0003322,ACC-R3332-001,OUTWARD,R3332,2026-01-24 11:33:00,RET-BEN-000333,770200000001,160.00,160.00,UTILITY_PAYMENT,Utility Bill Payment,FTS,AE070330000220000000333,0.00,[]
LOC-OUT-0003324,QUOTE-LOC-OUT-0003324,COMPLETED,REF-LOC-OUT-0003324,ACC-R3332-001,OUTWARD,R3332,2026-02-05 11:33:00,RET-BEN-000333,770200000001,171.00,171.00,UTILITY_PAYMENT,Utility Bill Payment,FTS,AE070330000220000000333,0.00,[]
LOC-OUT-0003326,QUOTE-LOC-OUT-0003326,COMPLETED,REF-LOC-OUT-0003326,ACC-R3332-001,OUTWARD,R3332,2026-03-08 11:33:00,RET-BEN-000333,770200000001,182.00,182.00,UTILITY_PAYMENT,Utility Bill Payment,FTS,AE070330000220000000333,0.00,[]
LOC-OUT-0003328,QUOTE-LOC-OUT-0003328,COMPLETED,REF-LOC-OUT-0003328,ACC-R3332-001,OUTWARD,R3332,2026-04-11 11:33:00,RET-BEN-000333,770200000001,193.00,193.00,UTILITY_PAYMENT,Utility Bill Payment,FTS,AE070330000220000000333,0.00,[]
LOC-OUT-0003330,QUOTE-LOC-OUT-0003330,COMPLETED,REF-LOC-OUT-0003330,ACC-R3332-001,OUTWARD,R3332,2026-05-14 11:33:00,RET-BEN-000333,770200000001,204.00,204.00,UTILITY_PAYMENT,Utility Bill Payment,FTS,AE070330000220000000333,0.00,[]
LOC-OUT-0003332,QUOTE-LOC-OUT-0003332,COMPLETED,REF-LOC-OUT-0003332,ACC-R3333-001,OUTWARD,R3333,2026-01-09 12:34:00,RET-BEN-000334,770200000001,177.00,177.00,UTILITY_PAYMENT,Utility Bill Payment,FTS,AE070330000220000000334,0.00,[]
LOC-OUT-0003334,QUOTE-LOC-OUT-0003334,COMPLETED,REF-LOC-OUT-0003334,ACC-R3333-001,OUTWARD,R3333,2026-02-12 12:34:00,RET-BEN-000334,770200000001,188.00,188.00,UTILITY_PAYMENT,Utility Bill Payment,FTS,AE070330000220000000334,0.00,[]
LOC-OUT-0003336,QUOTE-LOC-OUT-0003336,COMPLETED,REF-LOC-OUT-0003336,ACC-R3333-001,OUTWARD,R3333,2026-03-15 12:34:00,RET-BEN-000334,770200000001,199.00,199.00,UTILITY_PAYMENT,Utility Bill Payment,FTS,AE070330000220000000334,0.00,[]
LOC-OUT-0003338,QUOTE-LOC-OUT-0003338,COMPLETED,REF-LOC-OUT-0003338,ACC-R3333-001,OUTWARD,R3333,2026-04-18 12:34:00,RET-BEN-000334,770200000001,210.00,210.00,UTILITY_PAYMENT,Utility Bill Payment,FTS,AE070330000220000000334,0.00,[]
LOC-OUT-0003340,QUOTE-LOC-OUT-0003340,COMPLETED,REF-LOC-OUT-0003340,ACC-R3333-001,OUTWARD,R3333,2026-05-21 12:34:00,RET-BEN-000334,770200000001,221.00,221.00,UTILITY_PAYMENT,Utility Bill Payment,FTS,AE070330000220000000334,0.00,[]
LOC-OUT-0003342,QUOTE-LOC-OUT-0003342,COMPLETED,REF-LOC-OUT-0003342,ACC-R3334-001,OUTWARD,R3334,2026-01-16 13:35:00,RET-BEN-000335,770200000001,194.00,194.00,UTILITY_PAYMENT,Utility Bill Payment,FTS,AE070330000220000000335,0.00,[]
LOC-OUT-0003344,QUOTE-LOC-OUT-0003344,COMPLETED,REF-LOC-OUT-0003344,ACC-R3334-001,OUTWARD,R3334,2026-02-19 13:35:00,RET-BEN-000335,770200000001,205.00,205.00,UTILITY_PAYMENT,Utility Bill Payment,FTS,AE070330000220000000335,0.00,[]
LOC-OUT-0003346,QUOTE-LOC-OUT-0003346,COMPLETED,REF-LOC-OUT-0003346,ACC-R3334-001,OUTWARD,R3334,2026-03-22 13:35:00,RET-BEN-000335,770200000001,216.00,216.00,UTILITY_PAYMENT,Utility Bill Payment,FTS,AE070330000220000000335,0.00,[]
LOC-OUT-0003348,QUOTE-LOC-OUT-0003348,COMPLETED,REF-LOC-OUT-0003348,ACC-R3334-001,OUTWARD,R3334,2026-04-03 13:35:00,RET-BEN-000335,770200000001,227.00,227.00,UTILITY_PAYMENT,Utility Bill Payment,FTS,AE070330000220000000335,0.00,[]
LOC-OUT-0003350,QUOTE-LOC-OUT-0003350,COMPLETED,REF-LOC-OUT-0003350,ACC-R3334-001,OUTWARD,R3334,2026-05-06 13:35:00,RET-BEN-000335,770200000001,238.00,238.00,UTILITY_PAYMENT,Utility Bill Payment,FTS,AE070330000220000000335,0.00,[]
LOC-OUT-0003352,QUOTE-LOC-OUT-0003352,COMPLETED,REF-LOC-OUT-0003352,ACC-R3335-001,OUTWARD,R3335,2026-01-23 14:36:00,RET-BEN-000336,770200000001,211.00,211.00,UTILITY_PAYMENT,Utility Bill Payment,FTS,AE070330000220000000336,0.00,[]
LOC-OUT-0003354,QUOTE-LOC-OUT-0003354,COMPLETED,REF-LOC-OUT-0003354,ACC-R3335-001,OUTWARD,R3335,2026-02-04 14:36:00,RET-BEN-000336,770200000001,222.00,222.00,UTILITY_PAYMENT,Utility Bill Payment,FTS,AE070330000220000000336,0.00,[]
LOC-OUT-0003356,QUOTE-LOC-OUT-0003356,COMPLETED,REF-LOC-OUT-0003356,ACC-R3335-001,OUTWARD,R3335,2026-03-07 14:36:00,RET-BEN-000336,770200000001,233.00,233.00,UTILITY_PAYMENT,Utility Bill Payment,FTS,AE070330000220000000336,0.00,[]
LOC-OUT-0003358,QUOTE-LOC-OUT-0003358,COMPLETED,REF-LOC-OUT-0003358,ACC-R3335-001,OUTWARD,R3335,2026-04-10 14:36:00,RET-BEN-000336,770200000001,244.00,244.00,UTILITY_PAYMENT,Utility Bill Payment,FTS,AE070330000220000000336,0.00,[]
LOC-OUT-0003360,QUOTE-LOC-OUT-0003360,COMPLETED,REF-LOC-OUT-0003360,ACC-R3335-001,OUTWARD,R3335,2026-05-13 14:36:00,RET-BEN-000336,770200000001,255.00,255.00,UTILITY_PAYMENT,Utility Bill Payment,FTS,AE070330000220000000336,0.00,[]
LOC-OUT-0003362,QUOTE-LOC-OUT-0003362,COMPLETED,REF-LOC-OUT-0003362,ACC-R3336-001,OUTWARD,R3336,2026-01-08 15:37:00,RET-BEN-000337,770200000001,228.00,228.00,UTILITY_PAYMENT,Utility Bill Payment,FTS,AE070330000220000000337,0.00,[]
LOC-OUT-0003364,QUOTE-LOC-OUT-0003364,COMPLETED,REF-LOC-OUT-0003364,ACC-R3336-001,OUTWARD,R3336,2026-02-11 15:37:00,RET-BEN-000337,770200000001,239.00,239.00,UTILITY_PAYMENT,Utility Bill Payment,FTS,AE070330000220000000337,0.00,[]
LOC-OUT-0003366,QUOTE-LOC-OUT-0003366,COMPLETED,REF-LOC-OUT-0003366,ACC-R3336-001,OUTWARD,R3336,2026-03-14 15:37:00,RET-BEN-000337,770200000001,250.00,250.00,UTILITY_PAYMENT,Utility Bill Payment,FTS,AE070330000220000000337,0.00,[]
LOC-OUT-0003368,QUOTE-LOC-OUT-0003368,COMPLETED,REF-LOC-OUT-0003368,ACC-R3336-001,OUTWARD,R3336,2026-04-17 15:37:00,RET-BEN-000337,770200000001,261.00,261.00,UTILITY_PAYMENT,Utility Bill Payment,FTS,AE070330000220000000337,0.00,[]
LOC-OUT-0003370,QUOTE-LOC-OUT-0003370,COMPLETED,REF-LOC-OUT-0003370,ACC-R3336-001,OUTWARD,R3336,2026-05-20 15:37:00,RET-BEN-000337,770200000001,272.00,272.00,UTILITY_PAYMENT,Utility Bill Payment,FTS,AE070330000220000000337,0.00,[]
LOC-OUT-0003372,QUOTE-LOC-OUT-0003372,COMPLETED,REF-LOC-OUT-0003372,ACC-R3337-001,OUTWARD,R3337,2026-01-15 16:38:00,RET-BEN-000338,770200000001,245.00,245.00,UTILITY_PAYMENT,Utility Bill Payment,FTS,AE070330000220000000338,0.00,[]
LOC-OUT-0003374,QUOTE-LOC-OUT-0003374,COMPLETED,REF-LOC-OUT-0003374,ACC-R3337-001,OUTWARD,R3337,2026-02-18 16:38:00,RET-BEN-000338,770200000001,256.00,256.00,UTILITY_PAYMENT,Utility Bill Payment,FTS,AE070330000220000000338,0.00,[]
LOC-OUT-0003376,QUOTE-LOC-OUT-0003376,COMPLETED,REF-LOC-OUT-0003376,ACC-R3337-001,OUTWARD,R3337,2026-03-21 16:38:00,RET-BEN-000338,770200000001,267.00,267.00,UTILITY_PAYMENT,Utility Bill Payment,FTS,AE070330000220000000338,0.00,[]
LOC-OUT-0003378,QUOTE-LOC-OUT-0003378,COMPLETED,REF-LOC-OUT-0003378,ACC-R3337-001,OUTWARD,R3337,2026-04-24 16:38:00,RET-BEN-000338,770200000001,278.00,278.00,UTILITY_PAYMENT,Utility Bill Payment,FTS,AE070330000220000000338,0.00,[]
LOC-OUT-0003380,QUOTE-LOC-OUT-0003380,COMPLETED,REF-LOC-OUT-0003380,ACC-R3337-001,OUTWARD,R3337,2026-05-05 16:38:00,RET-BEN-000338,770200000001,289.00,289.00,UTILITY_PAYMENT,Utility Bill Payment,FTS,AE070330000220000000338,0.00,[]
LOC-OUT-0003382,QUOTE-LOC-OUT-0003382,COMPLETED,REF-LOC-OUT-0003382,ACC-R3338-001,OUTWARD,R3338,2026-01-22 17:39:00,RET-BEN-000339,770200000001,262.00,262.00,UTILITY_PAYMENT,Utility Bill Payment,FTS,AE070330000220000000339,0.00,[]
LOC-OUT-0003384,QUOTE-LOC-OUT-0003384,COMPLETED,REF-LOC-OUT-0003384,ACC-R3338-001,OUTWARD,R3338,2026-02-03 17:39:00,RET-BEN-000339,770200000001,273.00,273.00,UTILITY_PAYMENT,Utility Bill Payment,FTS,AE070330000220000000339,0.00,[]
LOC-OUT-0003386,QUOTE-LOC-OUT-0003386,COMPLETED,REF-LOC-OUT-0003386,ACC-R3338-001,OUTWARD,R3338,2026-03-06 17:39:00,RET-BEN-000339,770200000001,284.00,284.00,UTILITY_PAYMENT,Utility Bill Payment,FTS,AE070330000220000000339,0.00,[]
LOC-OUT-0003388,QUOTE-LOC-OUT-0003388,COMPLETED,REF-LOC-OUT-0003388,ACC-R3338-001,OUTWARD,R3338,2026-04-09 17:39:00,RET-BEN-000339,770200000001,295.00,295.00,UTILITY_PAYMENT,Utility Bill Payment,FTS,AE070330000220000000339,0.00,[]
LOC-OUT-0003390,QUOTE-LOC-OUT-0003390,COMPLETED,REF-LOC-OUT-0003390,ACC-R3338-001,OUTWARD,R3338,2026-05-12 17:39:00,RET-BEN-000339,770200000001,306.00,306.00,UTILITY_PAYMENT,Utility Bill Payment,FTS,AE070330000220000000339,0.00,[]
LOC-OUT-0003392,QUOTE-LOC-OUT-0003392,COMPLETED,REF-LOC-OUT-0003392,ACC-R3339-001,OUTWARD,R3339,2026-01-07 18:40:00,RET-BEN-000340,770200000001,279.00,279.00,UTILITY_PAYMENT,Utility Bill Payment,FTS,AE070330000220000000340,0.00,[]
LOC-OUT-0003394,QUOTE-LOC-OUT-0003394,COMPLETED,REF-LOC-OUT-0003394,ACC-R3339-001,OUTWARD,R3339,2026-02-10 18:40:00,RET-BEN-000340,770200000001,290.00,290.00,UTILITY_PAYMENT,Utility Bill Payment,FTS,AE070330000220000000340,0.00,[]
LOC-OUT-0003396,QUOTE-LOC-OUT-0003396,COMPLETED,REF-LOC-OUT-0003396,ACC-R3339-001,OUTWARD,R3339,2026-03-13 18:40:00,RET-BEN-000340,770200000001,301.00,301.00,UTILITY_PAYMENT,Utility Bill Payment,FTS,AE070330000220000000340,0.00,[]
LOC-OUT-0003398,QUOTE-LOC-OUT-0003398,COMPLETED,REF-LOC-OUT-0003398,ACC-R3339-001,OUTWARD,R3339,2026-04-16 18:40:00,RET-BEN-000340,770200000001,312.00,312.00,UTILITY_PAYMENT,Utility Bill Payment,FTS,AE070330000220000000340,0.00,[]
LOC-OUT-0003400,QUOTE-LOC-OUT-0003400,COMPLETED,REF-LOC-OUT-0003400,ACC-R3339-001,OUTWARD,R3339,2026-05-19 18:40:00,RET-BEN-000340,770200000001,323.00,323.00,UTILITY_PAYMENT,Utility Bill Payment,FTS,AE070330000220000000340,0.00,[]
LOC-OUT-0003402,QUOTE-LOC-OUT-0003402,COMPLETED,REF-LOC-OUT-0003402,ACC-R3340-001,OUTWARD,R3340,2026-01-14 08:41:00,RET-BEN-000341,770200000001,296.00,296.00,UTILITY_PAYMENT,Utility Bill Payment,FTS,AE070330000220000000341,0.00,[]
LOC-OUT-0003404,QUOTE-LOC-OUT-0003404,COMPLETED,REF-LOC-OUT-0003404,ACC-R3340-001,OUTWARD,R3340,2026-02-17 08:41:00,RET-BEN-000341,770200000001,307.00,307.00,UTILITY_PAYMENT,Utility Bill Payment,FTS,AE070330000220000000341,0.00,[]
LOC-OUT-0003406,QUOTE-LOC-OUT-0003406,COMPLETED,REF-LOC-OUT-0003406,ACC-R3340-001,OUTWARD,R3340,2026-03-20 08:41:00,RET-BEN-000341,770200000001,318.00,318.00,UTILITY_PAYMENT,Utility Bill Payment,FTS,AE070330000220000000341,0.00,[]
LOC-OUT-0003408,QUOTE-LOC-OUT-0003408,COMPLETED,REF-LOC-OUT-0003408,ACC-R3340-001,OUTWARD,R3340,2026-04-23 08:41:00,RET-BEN-000341,770200000001,329.00,329.00,UTILITY_PAYMENT,Utility Bill Payment,FTS,AE070330000220000000341,0.00,[]
LOC-OUT-0003410,QUOTE-LOC-OUT-0003410,COMPLETED,REF-LOC-OUT-0003410,ACC-R3340-001,OUTWARD,R3340,2026-05-04 08:41:00,RET-BEN-000341,770200000001,340.00,340.00,UTILITY_PAYMENT,Utility Bill Payment,FTS,AE070330000220000000341,0.00,[]
LOC-OUT-0003412,QUOTE-LOC-OUT-0003412,COMPLETED,REF-LOC-OUT-0003412,ACC-R3341-001,OUTWARD,R3341,2026-01-21 09:42:00,RET-BEN-000342,770200000001,313.00,313.00,UTILITY_PAYMENT,Utility Bill Payment,FTS,AE070330000220000000342,0.00,[]
LOC-OUT-0003414,QUOTE-LOC-OUT-0003414,COMPLETED,REF-LOC-OUT-0003414,ACC-R3341-001,OUTWARD,R3341,2026-02-24 09:42:00,RET-BEN-000342,770200000001,324.00,324.00,UTILITY_PAYMENT,Utility Bill Payment,FTS,AE070330000220000000342,0.00,[]
LOC-OUT-0003416,QUOTE-LOC-OUT-0003416,COMPLETED,REF-LOC-OUT-0003416,ACC-R3341-001,OUTWARD,R3341,2026-03-05 09:42:00,RET-BEN-000342,770200000001,335.00,335.00,UTILITY_PAYMENT,Utility Bill Payment,FTS,AE070330000220000000342,0.00,[]
LOC-OUT-0003418,QUOTE-LOC-OUT-0003418,COMPLETED,REF-LOC-OUT-0003418,ACC-R3341-001,OUTWARD,R3341,2026-04-08 09:42:00,RET-BEN-000342,770200000001,346.00,346.00,UTILITY_PAYMENT,Utility Bill Payment,FTS,AE070330000220000000342,0.00,[]
LOC-OUT-0003420,QUOTE-LOC-OUT-0003420,COMPLETED,REF-LOC-OUT-0003420,ACC-R3341-001,OUTWARD,R3341,2026-05-11 09:42:00,RET-BEN-000342,770200000001,91.00,91.00,UTILITY_PAYMENT,Utility Bill Payment,FTS,AE070330000220000000342,0.00,[]
LOC-OUT-0003422,QUOTE-LOC-OUT-0003422,COMPLETED,REF-LOC-OUT-0003422,ACC-R3342-001,OUTWARD,R3342,2026-01-06 10:43:00,RET-BEN-000343,770200000001,330.00,330.00,UTILITY_PAYMENT,Utility Bill Payment,FTS,AE070330000220000000343,0.00,[]
LOC-OUT-0003424,QUOTE-LOC-OUT-0003424,COMPLETED,REF-LOC-OUT-0003424,ACC-R3342-001,OUTWARD,R3342,2026-02-09 10:43:00,RET-BEN-000343,770200000001,341.00,341.00,UTILITY_PAYMENT,Utility Bill Payment,FTS,AE070330000220000000343,0.00,[]
LOC-OUT-0003426,QUOTE-LOC-OUT-0003426,COMPLETED,REF-LOC-OUT-0003426,ACC-R3342-001,OUTWARD,R3342,2026-03-12 10:43:00,RET-BEN-000343,770200000001,86.00,86.00,UTILITY_PAYMENT,Utility Bill Payment,FTS,AE070330000220000000343,0.00,[]
LOC-OUT-0003428,QUOTE-LOC-OUT-0003428,COMPLETED,REF-LOC-OUT-0003428,ACC-R3342-001,OUTWARD,R3342,2026-04-15 10:43:00,RET-BEN-000343,770200000001,97.00,97.00,UTILITY_PAYMENT,Utility Bill Payment,FTS,AE070330000220000000343,0.00,[]
LOC-OUT-0003430,QUOTE-LOC-OUT-0003430,COMPLETED,REF-LOC-OUT-0003430,ACC-R3342-001,OUTWARD,R3342,2026-05-18 10:43:00,RET-BEN-000343,770200000001,108.00,108.00,UTILITY_PAYMENT,Utility Bill Payment,FTS,AE070330000220000000343,0.00,[]
LOC-OUT-0003432,QUOTE-LOC-OUT-0003432,COMPLETED,REF-LOC-OUT-0003432,ACC-R3343-001,OUTWARD,R3343,2026-01-13 11:44:00,RET-BEN-000344,770200000001,347.00,347.00,UTILITY_PAYMENT,Utility Bill Payment,FTS,AE070330000220000000344,0.00,[]
LOC-OUT-0003434,QUOTE-LOC-OUT-0003434,COMPLETED,REF-LOC-OUT-0003434,ACC-R3343-001,OUTWARD,R3343,2026-02-16 11:44:00,RET-BEN-000344,770200000001,92.00,92.00,UTILITY_PAYMENT,Utility Bill Payment,FTS,AE070330000220000000344,0.00,[]
LOC-OUT-0003436,QUOTE-LOC-OUT-0003436,COMPLETED,REF-LOC-OUT-0003436,ACC-R3343-001,OUTWARD,R3343,2026-03-19 11:44:00,RET-BEN-000344,770200000001,103.00,103.00,UTILITY_PAYMENT,Utility Bill Payment,FTS,AE070330000220000000344,0.00,[]
LOC-OUT-0003438,QUOTE-LOC-OUT-0003438,COMPLETED,REF-LOC-OUT-0003438,ACC-R3343-001,OUTWARD,R3343,2026-04-22 11:44:00,RET-BEN-000344,770200000001,114.00,114.00,UTILITY_PAYMENT,Utility Bill Payment,FTS,AE070330000220000000344,0.00,[]
LOC-OUT-0003440,QUOTE-LOC-OUT-0003440,COMPLETED,REF-LOC-OUT-0003440,ACC-R3343-001,OUTWARD,R3343,2026-05-03 11:44:00,RET-BEN-000344,770200000001,125.00,125.00,UTILITY_PAYMENT,Utility Bill Payment,FTS,AE070330000220000000344,0.00,[]
LOC-OUT-0003442,QUOTE-LOC-OUT-0003442,COMPLETED,REF-LOC-OUT-0003442,ACC-R3344-001,OUTWARD,R3344,2026-01-20 12:45:00,RET-BEN-000345,770200000001,98.00,98.00,UTILITY_PAYMENT,Utility Bill Payment,FTS,AE070330000220000000345,0.00,[]
LOC-OUT-0003444,QUOTE-LOC-OUT-0003444,COMPLETED,REF-LOC-OUT-0003444,ACC-R3344-001,OUTWARD,R3344,2026-02-23 12:45:00,RET-BEN-000345,770200000001,109.00,109.00,UTILITY_PAYMENT,Utility Bill Payment,FTS,AE070330000220000000345,0.00,[]
LOC-OUT-0003446,QUOTE-LOC-OUT-0003446,COMPLETED,REF-LOC-OUT-0003446,ACC-R3344-001,OUTWARD,R3344,2026-03-04 12:45:00,RET-BEN-000345,770200000001,120.00,120.00,UTILITY_PAYMENT,Utility Bill Payment,FTS,AE070330000220000000345,0.00,[]
LOC-OUT-0003448,QUOTE-LOC-OUT-0003448,COMPLETED,REF-LOC-OUT-0003448,ACC-R3344-001,OUTWARD,R3344,2026-04-07 12:45:00,RET-BEN-000345,770200000001,131.00,131.00,UTILITY_PAYMENT,Utility Bill Payment,FTS,AE070330000220000000345,0.00,[]
LOC-OUT-0003450,QUOTE-LOC-OUT-0003450,COMPLETED,REF-LOC-OUT-0003450,ACC-R3344-001,OUTWARD,R3344,2026-05-10 12:45:00,RET-BEN-000345,770200000001,142.00,142.00,UTILITY_PAYMENT,Utility Bill Payment,FTS,AE070330000220000000345,0.00,[]
LOC-OUT-0003452,QUOTE-LOC-OUT-0003452,COMPLETED,REF-LOC-OUT-0003452,ACC-R3345-001,OUTWARD,R3345,2026-01-05 13:46:00,RET-BEN-000346,770200000001,115.00,115.00,UTILITY_PAYMENT,Utility Bill Payment,FTS,AE070330000220000000346,0.00,[]
LOC-OUT-0003454,QUOTE-LOC-OUT-0003454,COMPLETED,REF-LOC-OUT-0003454,ACC-R3345-001,OUTWARD,R3345,2026-02-08 13:46:00,RET-BEN-000346,770200000001,126.00,126.00,UTILITY_PAYMENT,Utility Bill Payment,FTS,AE070330000220000000346,0.00,[]
LOC-OUT-0003456,QUOTE-LOC-OUT-0003456,COMPLETED,REF-LOC-OUT-0003456,ACC-R3345-001,OUTWARD,R3345,2026-03-11 13:46:00,RET-BEN-000346,770200000001,137.00,137.00,UTILITY_PAYMENT,Utility Bill Payment,FTS,AE070330000220000000346,0.00,[]
LOC-OUT-0003458,QUOTE-LOC-OUT-0003458,COMPLETED,REF-LOC-OUT-0003458,ACC-R3345-001,OUTWARD,R3345,2026-04-14 13:46:00,RET-BEN-000346,770200000001,148.00,148.00,UTILITY_PAYMENT,Utility Bill Payment,FTS,AE070330000220000000346,0.00,[]
LOC-OUT-0003460,QUOTE-LOC-OUT-0003460,COMPLETED,REF-LOC-OUT-0003460,ACC-R3345-001,OUTWARD,R3345,2026-05-17 13:46:00,RET-BEN-000346,770200000001,159.00,159.00,UTILITY_PAYMENT,Utility Bill Payment,FTS,AE070330000220000000346,0.00,[]
LOC-OUT-0003462,QUOTE-LOC-OUT-0003462,COMPLETED,REF-LOC-OUT-0003462,ACC-R3346-001,OUTWARD,R3346,2026-01-12 14:47:00,RET-BEN-000347,770200000001,132.00,132.00,UTILITY_PAYMENT,Utility Bill Payment,FTS,AE070330000220000000347,0.00,[]
LOC-OUT-0003464,QUOTE-LOC-OUT-0003464,COMPLETED,REF-LOC-OUT-0003464,ACC-R3346-001,OUTWARD,R3346,2026-02-15 14:47:00,RET-BEN-000347,770200000001,143.00,143.00,UTILITY_PAYMENT,Utility Bill Payment,FTS,AE070330000220000000347,0.00,[]
LOC-OUT-0003466,QUOTE-LOC-OUT-0003466,COMPLETED,REF-LOC-OUT-0003466,ACC-R3346-001,OUTWARD,R3346,2026-03-18 14:47:00,RET-BEN-000347,770200000001,154.00,154.00,UTILITY_PAYMENT,Utility Bill Payment,FTS,AE070330000220000000347,0.00,[]
LOC-OUT-0003468,QUOTE-LOC-OUT-0003468,COMPLETED,REF-LOC-OUT-0003468,ACC-R3346-001,OUTWARD,R3346,2026-04-21 14:47:00,RET-BEN-000347,770200000001,165.00,165.00,UTILITY_PAYMENT,Utility Bill Payment,FTS,AE070330000220000000347,0.00,[]
LOC-OUT-0003470,QUOTE-LOC-OUT-0003470,COMPLETED,REF-LOC-OUT-0003470,ACC-R3346-001,OUTWARD,R3346,2026-05-24 14:47:00,RET-BEN-000347,770200000001,176.00,176.00,UTILITY_PAYMENT,Utility Bill Payment,FTS,AE070330000220000000347,0.00,[]
LOC-OUT-0003472,QUOTE-LOC-OUT-0003472,COMPLETED,REF-LOC-OUT-0003472,ACC-R3347-001,OUTWARD,R3347,2026-01-19 15:48:00,RET-BEN-000348,770200000001,149.00,149.00,UTILITY_PAYMENT,Utility Bill Payment,FTS,AE070330000220000000348,0.00,[]
LOC-OUT-0003474,QUOTE-LOC-OUT-0003474,COMPLETED,REF-LOC-OUT-0003474,ACC-R3347-001,OUTWARD,R3347,2026-02-22 15:48:00,RET-BEN-000348,770200000001,160.00,160.00,UTILITY_PAYMENT,Utility Bill Payment,FTS,AE070330000220000000348,0.00,[]
LOC-OUT-0003476,QUOTE-LOC-OUT-0003476,COMPLETED,REF-LOC-OUT-0003476,ACC-R3347-001,OUTWARD,R3347,2026-03-03 15:48:00,RET-BEN-000348,770200000001,171.00,171.00,UTILITY_PAYMENT,Utility Bill Payment,FTS,AE070330000220000000348,0.00,[]
LOC-OUT-0003478,QUOTE-LOC-OUT-0003478,COMPLETED,REF-LOC-OUT-0003478,ACC-R3347-001,OUTWARD,R3347,2026-04-06 15:48:00,RET-BEN-000348,770200000001,182.00,182.00,UTILITY_PAYMENT,Utility Bill Payment,FTS,AE070330000220000000348,0.00,[]
LOC-OUT-0003480,QUOTE-LOC-OUT-0003480,COMPLETED,REF-LOC-OUT-0003480,ACC-R3347-001,OUTWARD,R3347,2026-05-09 15:48:00,RET-BEN-000348,770200000001,193.00,193.00,UTILITY_PAYMENT,Utility Bill Payment,FTS,AE070330000220000000348,0.00,[]
LOC-OUT-0003482,QUOTE-LOC-OUT-0003482,COMPLETED,REF-LOC-OUT-0003482,ACC-R3348-001,OUTWARD,R3348,2026-01-04 16:49:00,RET-BEN-000349,770200000001,166.00,166.00,UTILITY_PAYMENT,Utility Bill Payment,FTS,AE070330000220000000349,0.00,[]
LOC-OUT-0003484,QUOTE-LOC-OUT-0003484,COMPLETED,REF-LOC-OUT-0003484,ACC-R3348-001,OUTWARD,R3348,2026-02-07 16:49:00,RET-BEN-000349,770200000001,177.00,177.00,UTILITY_PAYMENT,Utility Bill Payment,FTS,AE070330000220000000349,0.00,[]
LOC-OUT-0003486,QUOTE-LOC-OUT-0003486,COMPLETED,REF-LOC-OUT-0003486,ACC-R3348-001,OUTWARD,R3348,2026-03-10 16:49:00,RET-BEN-000349,770200000001,188.00,188.00,UTILITY_PAYMENT,Utility Bill Payment,FTS,AE070330000220000000349,0.00,[]
LOC-OUT-0003488,QUOTE-LOC-OUT-0003488,COMPLETED,REF-LOC-OUT-0003488,ACC-R3348-001,OUTWARD,R3348,2026-04-13 16:49:00,RET-BEN-000349,770200000001,199.00,199.00,UTILITY_PAYMENT,Utility Bill Payment,FTS,AE070330000220000000349,0.00,[]
LOC-OUT-0003490,QUOTE-LOC-OUT-0003490,COMPLETED,REF-LOC-OUT-0003490,ACC-R3348-001,OUTWARD,R3348,2026-05-16 16:49:00,RET-BEN-000349,770200000001,210.00,210.00,UTILITY_PAYMENT,Utility Bill Payment,FTS,AE070330000220000000349,0.00,[]
LOC-OUT-0003492,QUOTE-LOC-OUT-0003492,COMPLETED,REF-LOC-OUT-0003492,ACC-R3349-001,OUTWARD,R3349,2026-01-11 17:50:00,RET-BEN-000350,770200000001,183.00,183.00,UTILITY_PAYMENT,Utility Bill Payment,FTS,AE070330000220000000350,0.00,[]
LOC-OUT-0003494,QUOTE-LOC-OUT-0003494,COMPLETED,REF-LOC-OUT-0003494,ACC-R3349-001,OUTWARD,R3349,2026-02-14 17:50:00,RET-BEN-000350,770200000001,194.00,194.00,UTILITY_PAYMENT,Utility Bill Payment,FTS,AE070330000220000000350,0.00,[]
LOC-OUT-0003496,QUOTE-LOC-OUT-0003496,COMPLETED,REF-LOC-OUT-0003496,ACC-R3349-001,OUTWARD,R3349,2026-03-17 17:50:00,RET-BEN-000350,770200000001,205.00,205.00,UTILITY_PAYMENT,Utility Bill Payment,FTS,AE070330000220000000350,0.00,[]
LOC-OUT-0003498,QUOTE-LOC-OUT-0003498,COMPLETED,REF-LOC-OUT-0003498,ACC-R3349-001,OUTWARD,R3349,2026-04-20 17:50:00,RET-BEN-000350,770200000001,216.00,216.00,UTILITY_PAYMENT,Utility Bill Payment,FTS,AE070330000220000000350,0.00,[]
LOC-OUT-0003500,QUOTE-LOC-OUT-0003500,COMPLETED,REF-LOC-OUT-0003500,ACC-R3349-001,OUTWARD,R3349,2026-05-23 17:50:00,RET-BEN-000350,770200000001,227.00,227.00,UTILITY_PAYMENT,Utility Bill Payment,FTS,AE070330000220000000350,0.00,[]
LOC-OUT-0003502,QUOTE-LOC-OUT-0003502,COMPLETED,REF-LOC-OUT-0003502,ACC-R3350-001,OUTWARD,R3350,2026-01-18 18:51:00,RET-BEN-000351,770200000001,200.00,200.00,UTILITY_PAYMENT,Utility Bill Payment,FTS,AE070330000220000000351,0.00,[]
LOC-OUT-0003504,QUOTE-LOC-OUT-0003504,COMPLETED,REF-LOC-OUT-0003504,ACC-R3350-001,OUTWARD,R3350,2026-02-21 18:51:00,RET-BEN-000351,770200000001,211.00,211.00,UTILITY_PAYMENT,Utility Bill Payment,FTS,AE070330000220000000351,0.00,[]
LOC-OUT-0003506,QUOTE-LOC-OUT-0003506,COMPLETED,REF-LOC-OUT-0003506,ACC-R3350-001,OUTWARD,R3350,2026-03-24 18:51:00,RET-BEN-000351,770200000001,222.00,222.00,UTILITY_PAYMENT,Utility Bill Payment,FTS,AE070330000220000000351,0.00,[]
LOC-OUT-0003508,QUOTE-LOC-OUT-0003508,COMPLETED,REF-LOC-OUT-0003508,ACC-R3350-001,OUTWARD,R3350,2026-04-05 18:51:00,RET-BEN-000351,770200000001,233.00,233.00,UTILITY_PAYMENT,Utility Bill Payment,FTS,AE070330000220000000351,0.00,[]
LOC-OUT-0003510,QUOTE-LOC-OUT-0003510,COMPLETED,REF-LOC-OUT-0003510,ACC-R3350-001,OUTWARD,R3350,2026-05-08 18:51:00,RET-BEN-000351,770200000001,244.00,244.00,UTILITY_PAYMENT,Utility Bill Payment,FTS,AE070330000220000000351,0.00,[]
LOC-OUT-0003512,QUOTE-LOC-OUT-0003512,COMPLETED,REF-LOC-OUT-0003512,ACC-R3351-001,OUTWARD,R3351,2026-01-03 08:52:00,RET-BEN-000352,770200000001,217.00,217.00,UTILITY_PAYMENT,Utility Bill Payment,FTS,AE070330000220000000352,0.00,[]
LOC-OUT-0003514,QUOTE-LOC-OUT-0003514,COMPLETED,REF-LOC-OUT-0003514,ACC-R3351-001,OUTWARD,R3351,2026-02-06 08:52:00,RET-BEN-000352,770200000001,228.00,228.00,UTILITY_PAYMENT,Utility Bill Payment,FTS,AE070330000220000000352,0.00,[]
LOC-OUT-0003516,QUOTE-LOC-OUT-0003516,COMPLETED,REF-LOC-OUT-0003516,ACC-R3351-001,OUTWARD,R3351,2026-03-09 08:52:00,RET-BEN-000352,770200000001,239.00,239.00,UTILITY_PAYMENT,Utility Bill Payment,FTS,AE070330000220000000352,0.00,[]
LOC-OUT-0003518,QUOTE-LOC-OUT-0003518,COMPLETED,REF-LOC-OUT-0003518,ACC-R3351-001,OUTWARD,R3351,2026-04-12 08:52:00,RET-BEN-000352,770200000001,250.00,250.00,UTILITY_PAYMENT,Utility Bill Payment,FTS,AE070330000220000000352,0.00,[]
LOC-OUT-0003520,QUOTE-LOC-OUT-0003520,COMPLETED,REF-LOC-OUT-0003520,ACC-R3351-001,OUTWARD,R3351,2026-05-15 08:52:00,RET-BEN-000352,770200000001,261.00,261.00,UTILITY_PAYMENT,Utility Bill Payment,FTS,AE070330000220000000352,0.00,[]
LOC-OUT-0003522,QUOTE-LOC-OUT-0003522,COMPLETED,REF-LOC-OUT-0003522,ACC-R3352-001,OUTWARD,R3352,2026-01-10 09:53:00,RET-BEN-000353,770200000001,234.00,234.00,UTILITY_PAYMENT,Utility Bill Payment,FTS,AE070330000220000000353,0.00,[]
LOC-OUT-0003524,QUOTE-LOC-OUT-0003524,COMPLETED,REF-LOC-OUT-0003524,ACC-R3352-001,OUTWARD,R3352,2026-02-13 09:53:00,RET-BEN-000353,770200000001,245.00,245.00,UTILITY_PAYMENT,Utility Bill Payment,FTS,AE070330000220000000353,0.00,[]
LOC-OUT-0003526,QUOTE-LOC-OUT-0003526,COMPLETED,REF-LOC-OUT-0003526,ACC-R3352-001,OUTWARD,R3352,2026-03-16 09:53:00,RET-BEN-000353,770200000001,256.00,256.00,UTILITY_PAYMENT,Utility Bill Payment,FTS,AE070330000220000000353,0.00,[]
LOC-OUT-0003528,QUOTE-LOC-OUT-0003528,COMPLETED,REF-LOC-OUT-0003528,ACC-R3352-001,OUTWARD,R3352,2026-04-19 09:53:00,RET-BEN-000353,770200000001,267.00,267.00,UTILITY_PAYMENT,Utility Bill Payment,FTS,AE070330000220000000353,0.00,[]
LOC-OUT-0003530,QUOTE-LOC-OUT-0003530,COMPLETED,REF-LOC-OUT-0003530,ACC-R3352-001,OUTWARD,R3352,2026-05-22 09:53:00,RET-BEN-000353,770200000001,278.00,278.00,UTILITY_PAYMENT,Utility Bill Payment,FTS,AE070330000220000000353,0.00,[]
LOC-OUT-0003532,QUOTE-LOC-OUT-0003532,COMPLETED,REF-LOC-OUT-0003532,ACC-R3353-001,OUTWARD,R3353,2026-01-17 10:54:00,RET-BEN-000354,770200000001,251.00,251.00,UTILITY_PAYMENT,Utility Bill Payment,FTS,AE070330000220000000354,0.00,[]
LOC-OUT-0003534,QUOTE-LOC-OUT-0003534,COMPLETED,REF-LOC-OUT-0003534,ACC-R3353-001,OUTWARD,R3353,2026-02-20 10:54:00,RET-BEN-000354,770200000001,262.00,262.00,UTILITY_PAYMENT,Utility Bill Payment,FTS,AE070330000220000000354,0.00,[]
LOC-OUT-0003536,QUOTE-LOC-OUT-0003536,COMPLETED,REF-LOC-OUT-0003536,ACC-R3353-001,OUTWARD,R3353,2026-03-23 10:54:00,RET-BEN-000354,770200000001,273.00,273.00,UTILITY_PAYMENT,Utility Bill Payment,FTS,AE070330000220000000354,0.00,[]
LOC-OUT-0003538,QUOTE-LOC-OUT-0003538,COMPLETED,REF-LOC-OUT-0003538,ACC-R3353-001,OUTWARD,R3353,2026-04-04 10:54:00,RET-BEN-000354,770200000001,284.00,284.00,UTILITY_PAYMENT,Utility Bill Payment,FTS,AE070330000220000000354,0.00,[]
LOC-OUT-0003540,QUOTE-LOC-OUT-0003540,COMPLETED,REF-LOC-OUT-0003540,ACC-R3353-001,OUTWARD,R3353,2026-05-07 10:54:00,RET-BEN-000354,770200000001,295.00,295.00,UTILITY_PAYMENT,Utility Bill Payment,FTS,AE070330000220000000354,0.00,[]
LOC-OUT-0003542,QUOTE-LOC-OUT-0003542,COMPLETED,REF-LOC-OUT-0003542,ACC-R3354-001,OUTWARD,R3354,2026-01-24 11:55:00,RET-BEN-000355,770200000001,268.00,268.00,UTILITY_PAYMENT,Utility Bill Payment,FTS,AE070330000220000000355,0.00,[]
LOC-OUT-0003544,QUOTE-LOC-OUT-0003544,COMPLETED,REF-LOC-OUT-0003544,ACC-R3354-001,OUTWARD,R3354,2026-02-05 11:55:00,RET-BEN-000355,770200000001,279.00,279.00,UTILITY_PAYMENT,Utility Bill Payment,FTS,AE070330000220000000355,0.00,[]
LOC-OUT-0003546,QUOTE-LOC-OUT-0003546,COMPLETED,REF-LOC-OUT-0003546,ACC-R3354-001,OUTWARD,R3354,2026-03-08 11:55:00,RET-BEN-000355,770200000001,290.00,290.00,UTILITY_PAYMENT,Utility Bill Payment,FTS,AE070330000220000000355,0.00,[]
LOC-OUT-0003548,QUOTE-LOC-OUT-0003548,COMPLETED,REF-LOC-OUT-0003548,ACC-R3354-001,OUTWARD,R3354,2026-04-11 11:55:00,RET-BEN-000355,770200000001,301.00,301.00,UTILITY_PAYMENT,Utility Bill Payment,FTS,AE070330000220000000355,0.00,[]
LOC-OUT-0003550,QUOTE-LOC-OUT-0003550,COMPLETED,REF-LOC-OUT-0003550,ACC-R3354-001,OUTWARD,R3354,2026-05-14 11:55:00,RET-BEN-000355,770200000001,312.00,312.00,UTILITY_PAYMENT,Utility Bill Payment,FTS,AE070330000220000000355,0.00,[]
LOC-OUT-0003552,QUOTE-LOC-OUT-0003552,COMPLETED,REF-LOC-OUT-0003552,ACC-R3355-001,OUTWARD,R3355,2026-01-09 12:56:00,RET-BEN-000356,770200000001,285.00,285.00,UTILITY_PAYMENT,Utility Bill Payment,FTS,AE070330000220000000356,0.00,[]
LOC-OUT-0003554,QUOTE-LOC-OUT-0003554,COMPLETED,REF-LOC-OUT-0003554,ACC-R3355-001,OUTWARD,R3355,2026-02-12 12:56:00,RET-BEN-000356,770200000001,296.00,296.00,UTILITY_PAYMENT,Utility Bill Payment,FTS,AE070330000220000000356,0.00,[]
LOC-OUT-0003556,QUOTE-LOC-OUT-0003556,COMPLETED,REF-LOC-OUT-0003556,ACC-R3355-001,OUTWARD,R3355,2026-03-15 12:56:00,RET-BEN-000356,770200000001,307.00,307.00,UTILITY_PAYMENT,Utility Bill Payment,FTS,AE070330000220000000356,0.00,[]
LOC-OUT-0003558,QUOTE-LOC-OUT-0003558,COMPLETED,REF-LOC-OUT-0003558,ACC-R3355-001,OUTWARD,R3355,2026-04-18 12:56:00,RET-BEN-000356,770200000001,318.00,318.00,UTILITY_PAYMENT,Utility Bill Payment,FTS,AE070330000220000000356,0.00,[]
LOC-OUT-0003560,QUOTE-LOC-OUT-0003560,COMPLETED,REF-LOC-OUT-0003560,ACC-R3355-001,OUTWARD,R3355,2026-05-21 12:56:00,RET-BEN-000356,770200000001,329.00,329.00,UTILITY_PAYMENT,Utility Bill Payment,FTS,AE070330000220000000356,0.00,[]
LOC-OUT-0003562,QUOTE-LOC-OUT-0003562,COMPLETED,REF-LOC-OUT-0003562,ACC-R3356-001,OUTWARD,R3356,2026-01-16 13:57:00,RET-BEN-000357,770200000001,302.00,302.00,UTILITY_PAYMENT,Utility Bill Payment,FTS,AE070330000220000000357,0.00,[]
LOC-OUT-0003564,QUOTE-LOC-OUT-0003564,COMPLETED,REF-LOC-OUT-0003564,ACC-R3356-001,OUTWARD,R3356,2026-02-19 13:57:00,RET-BEN-000357,770200000001,313.00,313.00,UTILITY_PAYMENT,Utility Bill Payment,FTS,AE070330000220000000357,0.00,[]
LOC-OUT-0003566,QUOTE-LOC-OUT-0003566,COMPLETED,REF-LOC-OUT-0003566,ACC-R3356-001,OUTWARD,R3356,2026-03-22 13:57:00,RET-BEN-000357,770200000001,324.00,324.00,UTILITY_PAYMENT,Utility Bill Payment,FTS,AE070330000220000000357,0.00,[]
LOC-OUT-0003568,QUOTE-LOC-OUT-0003568,COMPLETED,REF-LOC-OUT-0003568,ACC-R3356-001,OUTWARD,R3356,2026-04-03 13:57:00,RET-BEN-000357,770200000001,335.00,335.00,UTILITY_PAYMENT,Utility Bill Payment,FTS,AE070330000220000000357,0.00,[]
LOC-OUT-0003570,QUOTE-LOC-OUT-0003570,COMPLETED,REF-LOC-OUT-0003570,ACC-R3356-001,OUTWARD,R3356,2026-05-06 13:57:00,RET-BEN-000357,770200000001,346.00,346.00,UTILITY_PAYMENT,Utility Bill Payment,FTS,AE070330000220000000357,0.00,[]
LOC-OUT-0003572,QUOTE-LOC-OUT-0003572,COMPLETED,REF-LOC-OUT-0003572,ACC-R3357-001,OUTWARD,R3357,2026-01-23 14:58:00,RET-BEN-000358,770200000001,319.00,319.00,UTILITY_PAYMENT,Utility Bill Payment,FTS,AE070330000220000000358,0.00,[]
LOC-OUT-0003574,QUOTE-LOC-OUT-0003574,COMPLETED,REF-LOC-OUT-0003574,ACC-R3357-001,OUTWARD,R3357,2026-02-04 14:58:00,RET-BEN-000358,770200000001,330.00,330.00,UTILITY_PAYMENT,Utility Bill Payment,FTS,AE070330000220000000358,0.00,[]
LOC-OUT-0003576,QUOTE-LOC-OUT-0003576,COMPLETED,REF-LOC-OUT-0003576,ACC-R3357-001,OUTWARD,R3357,2026-03-07 14:58:00,RET-BEN-000358,770200000001,341.00,341.00,UTILITY_PAYMENT,Utility Bill Payment,FTS,AE070330000220000000358,0.00,[]
LOC-OUT-0003578,QUOTE-LOC-OUT-0003578,COMPLETED,REF-LOC-OUT-0003578,ACC-R3357-001,OUTWARD,R3357,2026-04-10 14:58:00,RET-BEN-000358,770200000001,86.00,86.00,UTILITY_PAYMENT,Utility Bill Payment,FTS,AE070330000220000000358,0.00,[]
LOC-OUT-0003580,QUOTE-LOC-OUT-0003580,COMPLETED,REF-LOC-OUT-0003580,ACC-R3357-001,OUTWARD,R3357,2026-05-13 14:58:00,RET-BEN-000358,770200000001,97.00,97.00,UTILITY_PAYMENT,Utility Bill Payment,FTS,AE070330000220000000358,0.00,[]
LOC-OUT-0003582,QUOTE-LOC-OUT-0003582,COMPLETED,REF-LOC-OUT-0003582,ACC-R3358-001,OUTWARD,R3358,2026-01-08 15:59:00,RET-BEN-000359,770200000001,336.00,336.00,UTILITY_PAYMENT,Utility Bill Payment,FTS,AE070330000220000000359,0.00,[]
LOC-OUT-0003584,QUOTE-LOC-OUT-0003584,COMPLETED,REF-LOC-OUT-0003584,ACC-R3358-001,OUTWARD,R3358,2026-02-11 15:59:00,RET-BEN-000359,770200000001,347.00,347.00,UTILITY_PAYMENT,Utility Bill Payment,FTS,AE070330000220000000359,0.00,[]
LOC-OUT-0003586,QUOTE-LOC-OUT-0003586,COMPLETED,REF-LOC-OUT-0003586,ACC-R3358-001,OUTWARD,R3358,2026-03-14 15:59:00,RET-BEN-000359,770200000001,92.00,92.00,UTILITY_PAYMENT,Utility Bill Payment,FTS,AE070330000220000000359,0.00,[]
LOC-OUT-0003588,QUOTE-LOC-OUT-0003588,COMPLETED,REF-LOC-OUT-0003588,ACC-R3358-001,OUTWARD,R3358,2026-04-17 15:59:00,RET-BEN-000359,770200000001,103.00,103.00,UTILITY_PAYMENT,Utility Bill Payment,FTS,AE070330000220000000359,0.00,[]
LOC-OUT-0003590,QUOTE-LOC-OUT-0003590,COMPLETED,REF-LOC-OUT-0003590,ACC-R3358-001,OUTWARD,R3358,2026-05-20 15:59:00,RET-BEN-000359,770200000001,114.00,114.00,UTILITY_PAYMENT,Utility Bill Payment,FTS,AE070330000220000000359,0.00,[]
LOC-OUT-0003592,QUOTE-LOC-OUT-0003592,COMPLETED,REF-LOC-OUT-0003592,ACC-R3359-001,OUTWARD,R3359,2026-01-15 16:00:00,RET-BEN-000360,770200000001,87.00,87.00,UTILITY_PAYMENT,Utility Bill Payment,FTS,AE070330000220000000360,0.00,[]
LOC-OUT-0003594,QUOTE-LOC-OUT-0003594,COMPLETED,REF-LOC-OUT-0003594,ACC-R3359-001,OUTWARD,R3359,2026-02-18 16:00:00,RET-BEN-000360,770200000001,98.00,98.00,UTILITY_PAYMENT,Utility Bill Payment,FTS,AE070330000220000000360,0.00,[]
LOC-OUT-0003596,QUOTE-LOC-OUT-0003596,COMPLETED,REF-LOC-OUT-0003596,ACC-R3359-001,OUTWARD,R3359,2026-03-21 16:00:00,RET-BEN-000360,770200000001,109.00,109.00,UTILITY_PAYMENT,Utility Bill Payment,FTS,AE070330000220000000360,0.00,[]
LOC-OUT-0003598,QUOTE-LOC-OUT-0003598,COMPLETED,REF-LOC-OUT-0003598,ACC-R3359-001,OUTWARD,R3359,2026-04-24 16:00:00,RET-BEN-000360,770200000001,120.00,120.00,UTILITY_PAYMENT,Utility Bill Payment,FTS,AE070330000220000000360,0.00,[]
LOC-OUT-0003600,QUOTE-LOC-OUT-0003600,COMPLETED,REF-LOC-OUT-0003600,ACC-R3359-001,OUTWARD,R3359,2026-05-05 16:00:00,RET-BEN-000360,770200000001,131.00,131.00,UTILITY_PAYMENT,Utility Bill Payment,FTS,AE070330000220000000360,0.00,[]
LOC-OUT-0003602,QUOTE-LOC-OUT-0003602,COMPLETED,REF-LOC-OUT-0003602,ACC-R3360-001,OUTWARD,R3360,2026-01-22 17:01:00,RET-BEN-000361,770200000001,104.00,104.00,UTILITY_PAYMENT,Utility Bill Payment,FTS,AE070330000220000000361,0.00,[]
LOC-OUT-0003604,QUOTE-LOC-OUT-0003604,COMPLETED,REF-LOC-OUT-0003604,ACC-R3360-001,OUTWARD,R3360,2026-02-03 17:01:00,RET-BEN-000361,770200000001,115.00,115.00,UTILITY_PAYMENT,Utility Bill Payment,FTS,AE070330000220000000361,0.00,[]
LOC-OUT-0003606,QUOTE-LOC-OUT-0003606,COMPLETED,REF-LOC-OUT-0003606,ACC-R3360-001,OUTWARD,R3360,2026-03-06 17:01:00,RET-BEN-000361,770200000001,126.00,126.00,UTILITY_PAYMENT,Utility Bill Payment,FTS,AE070330000220000000361,0.00,[]
LOC-OUT-0003608,QUOTE-LOC-OUT-0003608,COMPLETED,REF-LOC-OUT-0003608,ACC-R3360-001,OUTWARD,R3360,2026-04-09 17:01:00,RET-BEN-000361,770200000001,137.00,137.00,UTILITY_PAYMENT,Utility Bill Payment,FTS,AE070330000220000000361,0.00,[]
LOC-OUT-0003610,QUOTE-LOC-OUT-0003610,COMPLETED,REF-LOC-OUT-0003610,ACC-R3360-001,OUTWARD,R3360,2026-05-12 17:01:00,RET-BEN-000361,770200000001,148.00,148.00,UTILITY_PAYMENT,Utility Bill Payment,FTS,AE070330000220000000361,0.00,[]
LOC-OUT-0003612,QUOTE-LOC-OUT-0003612,COMPLETED,REF-LOC-OUT-0003612,ACC-R3361-001,OUTWARD,R3361,2026-01-07 18:02:00,RET-BEN-000362,770200000001,121.00,121.00,UTILITY_PAYMENT,Utility Bill Payment,FTS,AE070330000220000000362,0.00,[]
LOC-OUT-0003614,QUOTE-LOC-OUT-0003614,COMPLETED,REF-LOC-OUT-0003614,ACC-R3361-001,OUTWARD,R3361,2026-02-10 18:02:00,RET-BEN-000362,770200000001,132.00,132.00,UTILITY_PAYMENT,Utility Bill Payment,FTS,AE070330000220000000362,0.00,[]
LOC-OUT-0003616,QUOTE-LOC-OUT-0003616,COMPLETED,REF-LOC-OUT-0003616,ACC-R3361-001,OUTWARD,R3361,2026-03-13 18:02:00,RET-BEN-000362,770200000001,143.00,143.00,UTILITY_PAYMENT,Utility Bill Payment,FTS,AE070330000220000000362,0.00,[]
LOC-OUT-0003618,QUOTE-LOC-OUT-0003618,COMPLETED,REF-LOC-OUT-0003618,ACC-R3361-001,OUTWARD,R3361,2026-04-16 18:02:00,RET-BEN-000362,770200000001,154.00,154.00,UTILITY_PAYMENT,Utility Bill Payment,FTS,AE070330000220000000362,0.00,[]
LOC-OUT-0003620,QUOTE-LOC-OUT-0003620,COMPLETED,REF-LOC-OUT-0003620,ACC-R3361-001,OUTWARD,R3361,2026-05-19 18:02:00,RET-BEN-000362,770200000001,165.00,165.00,UTILITY_PAYMENT,Utility Bill Payment,FTS,AE070330000220000000362,0.00,[]
LOC-OUT-0003622,QUOTE-LOC-OUT-0003622,COMPLETED,REF-LOC-OUT-0003622,ACC-R3362-001,OUTWARD,R3362,2026-01-14 08:03:00,RET-BEN-000363,770200000001,138.00,138.00,UTILITY_PAYMENT,Utility Bill Payment,FTS,AE070330000220000000363,0.00,[]
LOC-OUT-0003624,QUOTE-LOC-OUT-0003624,COMPLETED,REF-LOC-OUT-0003624,ACC-R3362-001,OUTWARD,R3362,2026-02-17 08:03:00,RET-BEN-000363,770200000001,149.00,149.00,UTILITY_PAYMENT,Utility Bill Payment,FTS,AE070330000220000000363,0.00,[]
LOC-OUT-0003626,QUOTE-LOC-OUT-0003626,COMPLETED,REF-LOC-OUT-0003626,ACC-R3362-001,OUTWARD,R3362,2026-03-20 08:03:00,RET-BEN-000363,770200000001,160.00,160.00,UTILITY_PAYMENT,Utility Bill Payment,FTS,AE070330000220000000363,0.00,[]
LOC-OUT-0003628,QUOTE-LOC-OUT-0003628,COMPLETED,REF-LOC-OUT-0003628,ACC-R3362-001,OUTWARD,R3362,2026-04-23 08:03:00,RET-BEN-000363,770200000001,171.00,171.00,UTILITY_PAYMENT,Utility Bill Payment,FTS,AE070330000220000000363,0.00,[]
LOC-OUT-0003630,QUOTE-LOC-OUT-0003630,COMPLETED,REF-LOC-OUT-0003630,ACC-R3362-001,OUTWARD,R3362,2026-05-04 08:03:00,RET-BEN-000363,770200000001,182.00,182.00,UTILITY_PAYMENT,Utility Bill Payment,FTS,AE070330000220000000363,0.00,[]
LOC-OUT-0003632,QUOTE-LOC-OUT-0003632,COMPLETED,REF-LOC-OUT-0003632,ACC-R3363-001,OUTWARD,R3363,2026-01-21 09:04:00,RET-BEN-000364,770200000001,155.00,155.00,UTILITY_PAYMENT,Utility Bill Payment,FTS,AE070330000220000000364,0.00,[]
LOC-OUT-0003634,QUOTE-LOC-OUT-0003634,COMPLETED,REF-LOC-OUT-0003634,ACC-R3363-001,OUTWARD,R3363,2026-02-24 09:04:00,RET-BEN-000364,770200000001,166.00,166.00,UTILITY_PAYMENT,Utility Bill Payment,FTS,AE070330000220000000364,0.00,[]
LOC-OUT-0003636,QUOTE-LOC-OUT-0003636,COMPLETED,REF-LOC-OUT-0003636,ACC-R3363-001,OUTWARD,R3363,2026-03-05 09:04:00,RET-BEN-000364,770200000001,177.00,177.00,UTILITY_PAYMENT,Utility Bill Payment,FTS,AE070330000220000000364,0.00,[]
LOC-OUT-0003638,QUOTE-LOC-OUT-0003638,COMPLETED,REF-LOC-OUT-0003638,ACC-R3363-001,OUTWARD,R3363,2026-04-08 09:04:00,RET-BEN-000364,770200000001,188.00,188.00,UTILITY_PAYMENT,Utility Bill Payment,FTS,AE070330000220000000364,0.00,[]
LOC-OUT-0003640,QUOTE-LOC-OUT-0003640,COMPLETED,REF-LOC-OUT-0003640,ACC-R3363-001,OUTWARD,R3363,2026-05-11 09:04:00,RET-BEN-000364,770200000001,199.00,199.00,UTILITY_PAYMENT,Utility Bill Payment,FTS,AE070330000220000000364,0.00,[]
LOC-OUT-0003642,QUOTE-LOC-OUT-0003642,COMPLETED,REF-LOC-OUT-0003642,ACC-R3364-001,OUTWARD,R3364,2026-01-06 10:05:00,RET-BEN-000365,770200000001,172.00,172.00,UTILITY_PAYMENT,Utility Bill Payment,FTS,AE070330000220000000365,0.00,[]
LOC-OUT-0003644,QUOTE-LOC-OUT-0003644,COMPLETED,REF-LOC-OUT-0003644,ACC-R3364-001,OUTWARD,R3364,2026-02-09 10:05:00,RET-BEN-000365,770200000001,183.00,183.00,UTILITY_PAYMENT,Utility Bill Payment,FTS,AE070330000220000000365,0.00,[]
LOC-OUT-0003646,QUOTE-LOC-OUT-0003646,COMPLETED,REF-LOC-OUT-0003646,ACC-R3364-001,OUTWARD,R3364,2026-03-12 10:05:00,RET-BEN-000365,770200000001,194.00,194.00,UTILITY_PAYMENT,Utility Bill Payment,FTS,AE070330000220000000365,0.00,[]
LOC-OUT-0003648,QUOTE-LOC-OUT-0003648,COMPLETED,REF-LOC-OUT-0003648,ACC-R3364-001,OUTWARD,R3364,2026-04-15 10:05:00,RET-BEN-000365,770200000001,205.00,205.00,UTILITY_PAYMENT,Utility Bill Payment,FTS,AE070330000220000000365,0.00,[]
LOC-OUT-0003650,QUOTE-LOC-OUT-0003650,COMPLETED,REF-LOC-OUT-0003650,ACC-R3364-001,OUTWARD,R3364,2026-05-18 10:05:00,RET-BEN-000365,770200000001,216.00,216.00,UTILITY_PAYMENT,Utility Bill Payment,FTS,AE070330000220000000365,0.00,[]
LOC-OUT-0003652,QUOTE-LOC-OUT-0003652,COMPLETED,REF-LOC-OUT-0003652,ACC-R3365-001,OUTWARD,R3365,2026-01-13 11:06:00,RET-BEN-000366,770200000001,189.00,189.00,UTILITY_PAYMENT,Utility Bill Payment,FTS,AE070330000220000000366,0.00,[]
LOC-OUT-0003654,QUOTE-LOC-OUT-0003654,COMPLETED,REF-LOC-OUT-0003654,ACC-R3365-001,OUTWARD,R3365,2026-02-16 11:06:00,RET-BEN-000366,770200000001,200.00,200.00,UTILITY_PAYMENT,Utility Bill Payment,FTS,AE070330000220000000366,0.00,[]
LOC-OUT-0003656,QUOTE-LOC-OUT-0003656,COMPLETED,REF-LOC-OUT-0003656,ACC-R3365-001,OUTWARD,R3365,2026-03-19 11:06:00,RET-BEN-000366,770200000001,211.00,211.00,UTILITY_PAYMENT,Utility Bill Payment,FTS,AE070330000220000000366,0.00,[]
LOC-OUT-0003658,QUOTE-LOC-OUT-0003658,COMPLETED,REF-LOC-OUT-0003658,ACC-R3365-001,OUTWARD,R3365,2026-04-22 11:06:00,RET-BEN-000366,770200000001,222.00,222.00,UTILITY_PAYMENT,Utility Bill Payment,FTS,AE070330000220000000366,0.00,[]
LOC-OUT-0003660,QUOTE-LOC-OUT-0003660,COMPLETED,REF-LOC-OUT-0003660,ACC-R3365-001,OUTWARD,R3365,2026-05-03 11:06:00,RET-BEN-000366,770200000001,233.00,233.00,UTILITY_PAYMENT,Utility Bill Payment,FTS,AE070330000220000000366,0.00,[]
LOC-OUT-0003662,QUOTE-LOC-OUT-0003662,COMPLETED,REF-LOC-OUT-0003662,ACC-R3366-001,OUTWARD,R3366,2026-01-20 12:07:00,RET-BEN-000367,770200000001,206.00,206.00,UTILITY_PAYMENT,Utility Bill Payment,FTS,AE070330000220000000367,0.00,[]
LOC-OUT-0003664,QUOTE-LOC-OUT-0003664,COMPLETED,REF-LOC-OUT-0003664,ACC-R3366-001,OUTWARD,R3366,2026-02-23 12:07:00,RET-BEN-000367,770200000001,217.00,217.00,UTILITY_PAYMENT,Utility Bill Payment,FTS,AE070330000220000000367,0.00,[]
LOC-OUT-0003666,QUOTE-LOC-OUT-0003666,COMPLETED,REF-LOC-OUT-0003666,ACC-R3366-001,OUTWARD,R3366,2026-03-04 12:07:00,RET-BEN-000367,770200000001,228.00,228.00,UTILITY_PAYMENT,Utility Bill Payment,FTS,AE070330000220000000367,0.00,[]
LOC-OUT-0003668,QUOTE-LOC-OUT-0003668,COMPLETED,REF-LOC-OUT-0003668,ACC-R3366-001,OUTWARD,R3366,2026-04-07 12:07:00,RET-BEN-000367,770200000001,239.00,239.00,UTILITY_PAYMENT,Utility Bill Payment,FTS,AE070330000220000000367,0.00,[]
LOC-OUT-0003670,QUOTE-LOC-OUT-0003670,COMPLETED,REF-LOC-OUT-0003670,ACC-R3366-001,OUTWARD,R3366,2026-05-10 12:07:00,RET-BEN-000367,770200000001,250.00,250.00,UTILITY_PAYMENT,Utility Bill Payment,FTS,AE070330000220000000367,0.00,[]
LOC-OUT-0003672,QUOTE-LOC-OUT-0003672,COMPLETED,REF-LOC-OUT-0003672,ACC-R3367-001,OUTWARD,R3367,2026-01-05 13:08:00,RET-BEN-000368,770200000001,223.00,223.00,UTILITY_PAYMENT,Utility Bill Payment,FTS,AE070330000220000000368,0.00,[]
LOC-OUT-0003674,QUOTE-LOC-OUT-0003674,COMPLETED,REF-LOC-OUT-0003674,ACC-R3367-001,OUTWARD,R3367,2026-02-08 13:08:00,RET-BEN-000368,770200000001,234.00,234.00,UTILITY_PAYMENT,Utility Bill Payment,FTS,AE070330000220000000368,0.00,[]
LOC-OUT-0003676,QUOTE-LOC-OUT-0003676,COMPLETED,REF-LOC-OUT-0003676,ACC-R3367-001,OUTWARD,R3367,2026-03-11 13:08:00,RET-BEN-000368,770200000001,245.00,245.00,UTILITY_PAYMENT,Utility Bill Payment,FTS,AE070330000220000000368,0.00,[]
LOC-OUT-0003678,QUOTE-LOC-OUT-0003678,COMPLETED,REF-LOC-OUT-0003678,ACC-R3367-001,OUTWARD,R3367,2026-04-14 13:08:00,RET-BEN-000368,770200000001,256.00,256.00,UTILITY_PAYMENT,Utility Bill Payment,FTS,AE070330000220000000368,0.00,[]
LOC-OUT-0003680,QUOTE-LOC-OUT-0003680,COMPLETED,REF-LOC-OUT-0003680,ACC-R3367-001,OUTWARD,R3367,2026-05-17 13:08:00,RET-BEN-000368,770200000001,267.00,267.00,UTILITY_PAYMENT,Utility Bill Payment,FTS,AE070330000220000000368,0.00,[]
LOC-OUT-0003682,QUOTE-LOC-OUT-0003682,COMPLETED,REF-LOC-OUT-0003682,ACC-R3368-001,OUTWARD,R3368,2026-01-12 14:09:00,RET-BEN-000369,770200000001,240.00,240.00,UTILITY_PAYMENT,Utility Bill Payment,FTS,AE070330000220000000369,0.00,[]
LOC-OUT-0003684,QUOTE-LOC-OUT-0003684,COMPLETED,REF-LOC-OUT-0003684,ACC-R3368-001,OUTWARD,R3368,2026-02-15 14:09:00,RET-BEN-000369,770200000001,251.00,251.00,UTILITY_PAYMENT,Utility Bill Payment,FTS,AE070330000220000000369,0.00,[]
LOC-OUT-0003686,QUOTE-LOC-OUT-0003686,COMPLETED,REF-LOC-OUT-0003686,ACC-R3368-001,OUTWARD,R3368,2026-03-18 14:09:00,RET-BEN-000369,770200000001,262.00,262.00,UTILITY_PAYMENT,Utility Bill Payment,FTS,AE070330000220000000369,0.00,[]
LOC-OUT-0003688,QUOTE-LOC-OUT-0003688,COMPLETED,REF-LOC-OUT-0003688,ACC-R3368-001,OUTWARD,R3368,2026-04-21 14:09:00,RET-BEN-000369,770200000001,273.00,273.00,UTILITY_PAYMENT,Utility Bill Payment,FTS,AE070330000220000000369,0.00,[]
LOC-OUT-0003690,QUOTE-LOC-OUT-0003690,COMPLETED,REF-LOC-OUT-0003690,ACC-R3368-001,OUTWARD,R3368,2026-05-24 14:09:00,RET-BEN-000369,770200000001,284.00,284.00,UTILITY_PAYMENT,Utility Bill Payment,FTS,AE070330000220000000369,0.00,[]
LOC-OUT-0003692,QUOTE-LOC-OUT-0003692,COMPLETED,REF-LOC-OUT-0003692,ACC-R3369-001,OUTWARD,R3369,2026-01-19 15:10:00,RET-BEN-000370,770200000001,257.00,257.00,UTILITY_PAYMENT,Utility Bill Payment,FTS,AE070330000220000000370,0.00,[]
LOC-OUT-0003694,QUOTE-LOC-OUT-0003694,COMPLETED,REF-LOC-OUT-0003694,ACC-R3369-001,OUTWARD,R3369,2026-02-22 15:10:00,RET-BEN-000370,770200000001,268.00,268.00,UTILITY_PAYMENT,Utility Bill Payment,FTS,AE070330000220000000370,0.00,[]
LOC-OUT-0003696,QUOTE-LOC-OUT-0003696,COMPLETED,REF-LOC-OUT-0003696,ACC-R3369-001,OUTWARD,R3369,2026-03-03 15:10:00,RET-BEN-000370,770200000001,279.00,279.00,UTILITY_PAYMENT,Utility Bill Payment,FTS,AE070330000220000000370,0.00,[]
LOC-OUT-0003698,QUOTE-LOC-OUT-0003698,COMPLETED,REF-LOC-OUT-0003698,ACC-R3369-001,OUTWARD,R3369,2026-04-06 15:10:00,RET-BEN-000370,770200000001,290.00,290.00,UTILITY_PAYMENT,Utility Bill Payment,FTS,AE070330000220000000370,0.00,[]
LOC-OUT-0003700,QUOTE-LOC-OUT-0003700,COMPLETED,REF-LOC-OUT-0003700,ACC-R3369-001,OUTWARD,R3369,2026-05-09 15:10:00,RET-BEN-000370,770200000001,301.00,301.00,UTILITY_PAYMENT,Utility Bill Payment,FTS,AE070330000220000000370,0.00,[]
LOC-OUT-0003702,QUOTE-LOC-OUT-0003702,COMPLETED,REF-LOC-OUT-0003702,ACC-R3370-001,OUTWARD,R3370,2026-01-04 16:11:00,RET-BEN-000371,770200000001,274.00,274.00,UTILITY_PAYMENT,Utility Bill Payment,FTS,AE070330000220000000371,0.00,[]
LOC-OUT-0003704,QUOTE-LOC-OUT-0003704,COMPLETED,REF-LOC-OUT-0003704,ACC-R3370-001,OUTWARD,R3370,2026-02-07 16:11:00,RET-BEN-000371,770200000001,285.00,285.00,UTILITY_PAYMENT,Utility Bill Payment,FTS,AE070330000220000000371,0.00,[]
LOC-OUT-0003706,QUOTE-LOC-OUT-0003706,COMPLETED,REF-LOC-OUT-0003706,ACC-R3370-001,OUTWARD,R3370,2026-03-10 16:11:00,RET-BEN-000371,770200000001,296.00,296.00,UTILITY_PAYMENT,Utility Bill Payment,FTS,AE070330000220000000371,0.00,[]
LOC-OUT-0003708,QUOTE-LOC-OUT-0003708,COMPLETED,REF-LOC-OUT-0003708,ACC-R3370-001,OUTWARD,R3370,2026-04-13 16:11:00,RET-BEN-000371,770200000001,307.00,307.00,UTILITY_PAYMENT,Utility Bill Payment,FTS,AE070330000220000000371,0.00,[]
LOC-OUT-0003710,QUOTE-LOC-OUT-0003710,COMPLETED,REF-LOC-OUT-0003710,ACC-R3370-001,OUTWARD,R3370,2026-05-16 16:11:00,RET-BEN-000371,770200000001,318.00,318.00,UTILITY_PAYMENT,Utility Bill Payment,FTS,AE070330000220000000371,0.00,[]
LOC-OUT-0003712,QUOTE-LOC-OUT-0003712,COMPLETED,REF-LOC-OUT-0003712,ACC-R3371-001,OUTWARD,R3371,2026-01-11 17:12:00,RET-BEN-000372,770200000001,291.00,291.00,UTILITY_PAYMENT,Utility Bill Payment,FTS,AE070330000220000000372,0.00,[]
LOC-OUT-0003714,QUOTE-LOC-OUT-0003714,COMPLETED,REF-LOC-OUT-0003714,ACC-R3371-001,OUTWARD,R3371,2026-02-14 17:12:00,RET-BEN-000372,770200000001,302.00,302.00,UTILITY_PAYMENT,Utility Bill Payment,FTS,AE070330000220000000372,0.00,[]
LOC-OUT-0003716,QUOTE-LOC-OUT-0003716,COMPLETED,REF-LOC-OUT-0003716,ACC-R3371-001,OUTWARD,R3371,2026-03-17 17:12:00,RET-BEN-000372,770200000001,313.00,313.00,UTILITY_PAYMENT,Utility Bill Payment,FTS,AE070330000220000000372,0.00,[]
LOC-OUT-0003718,QUOTE-LOC-OUT-0003718,COMPLETED,REF-LOC-OUT-0003718,ACC-R3371-001,OUTWARD,R3371,2026-04-20 17:12:00,RET-BEN-000372,770200000001,324.00,324.00,UTILITY_PAYMENT,Utility Bill Payment,FTS,AE070330000220000000372,0.00,[]
LOC-OUT-0003720,QUOTE-LOC-OUT-0003720,COMPLETED,REF-LOC-OUT-0003720,ACC-R3371-001,OUTWARD,R3371,2026-05-23 17:12:00,RET-BEN-000372,770200000001,335.00,335.00,UTILITY_PAYMENT,Utility Bill Payment,FTS,AE070330000220000000372,0.00,[]
LOC-OUT-0003722,QUOTE-LOC-OUT-0003722,COMPLETED,REF-LOC-OUT-0003722,ACC-R3372-001,OUTWARD,R3372,2026-01-18 18:13:00,RET-BEN-000373,770200000001,308.00,308.00,UTILITY_PAYMENT,Utility Bill Payment,FTS,AE070330000220000000373,0.00,[]
LOC-OUT-0003724,QUOTE-LOC-OUT-0003724,COMPLETED,REF-LOC-OUT-0003724,ACC-R3372-001,OUTWARD,R3372,2026-02-21 18:13:00,RET-BEN-000373,770200000001,319.00,319.00,UTILITY_PAYMENT,Utility Bill Payment,FTS,AE070330000220000000373,0.00,[]
LOC-OUT-0003726,QUOTE-LOC-OUT-0003726,COMPLETED,REF-LOC-OUT-0003726,ACC-R3372-001,OUTWARD,R3372,2026-03-24 18:13:00,RET-BEN-000373,770200000001,330.00,330.00,UTILITY_PAYMENT,Utility Bill Payment,FTS,AE070330000220000000373,0.00,[]
LOC-OUT-0003728,QUOTE-LOC-OUT-0003728,COMPLETED,REF-LOC-OUT-0003728,ACC-R3372-001,OUTWARD,R3372,2026-04-05 18:13:00,RET-BEN-000373,770200000001,341.00,341.00,UTILITY_PAYMENT,Utility Bill Payment,FTS,AE070330000220000000373,0.00,[]
LOC-OUT-0003730,QUOTE-LOC-OUT-0003730,COMPLETED,REF-LOC-OUT-0003730,ACC-R3372-001,OUTWARD,R3372,2026-05-08 18:13:00,RET-BEN-000373,770200000001,86.00,86.00,UTILITY_PAYMENT,Utility Bill Payment,FTS,AE070330000220000000373,0.00,[]
LOC-OUT-0003732,QUOTE-LOC-OUT-0003732,COMPLETED,REF-LOC-OUT-0003732,ACC-R3373-001,OUTWARD,R3373,2026-01-03 08:14:00,RET-BEN-000374,770200000001,325.00,325.00,UTILITY_PAYMENT,Utility Bill Payment,FTS,AE070330000220000000374,0.00,[]
LOC-OUT-0003734,QUOTE-LOC-OUT-0003734,COMPLETED,REF-LOC-OUT-0003734,ACC-R3373-001,OUTWARD,R3373,2026-02-06 08:14:00,RET-BEN-000374,770200000001,336.00,336.00,UTILITY_PAYMENT,Utility Bill Payment,FTS,AE070330000220000000374,0.00,[]
LOC-OUT-0003736,QUOTE-LOC-OUT-0003736,COMPLETED,REF-LOC-OUT-0003736,ACC-R3373-001,OUTWARD,R3373,2026-03-09 08:14:00,RET-BEN-000374,770200000001,347.00,347.00,UTILITY_PAYMENT,Utility Bill Payment,FTS,AE070330000220000000374,0.00,[]
LOC-OUT-0003738,QUOTE-LOC-OUT-0003738,COMPLETED,REF-LOC-OUT-0003738,ACC-R3373-001,OUTWARD,R3373,2026-04-12 08:14:00,RET-BEN-000374,770200000001,92.00,92.00,UTILITY_PAYMENT,Utility Bill Payment,FTS,AE070330000220000000374,0.00,[]
LOC-OUT-0003740,QUOTE-LOC-OUT-0003740,COMPLETED,REF-LOC-OUT-0003740,ACC-R3373-001,OUTWARD,R3373,2026-05-15 08:14:00,RET-BEN-000374,770200000001,103.00,103.00,UTILITY_PAYMENT,Utility Bill Payment,FTS,AE070330000220000000374,0.00,[]
LOC-OUT-0003742,QUOTE-LOC-OUT-0003742,COMPLETED,REF-LOC-OUT-0003742,ACC-R3374-001,OUTWARD,R3374,2026-01-10 09:15:00,RET-BEN-000375,770200000001,342.00,342.00,UTILITY_PAYMENT,Utility Bill Payment,FTS,AE070330000220000000375,0.00,[]
LOC-OUT-0003744,QUOTE-LOC-OUT-0003744,COMPLETED,REF-LOC-OUT-0003744,ACC-R3374-001,OUTWARD,R3374,2026-02-13 09:15:00,RET-BEN-000375,770200000001,87.00,87.00,UTILITY_PAYMENT,Utility Bill Payment,FTS,AE070330000220000000375,0.00,[]
LOC-OUT-0003746,QUOTE-LOC-OUT-0003746,COMPLETED,REF-LOC-OUT-0003746,ACC-R3374-001,OUTWARD,R3374,2026-03-16 09:15:00,RET-BEN-000375,770200000001,98.00,98.00,UTILITY_PAYMENT,Utility Bill Payment,FTS,AE070330000220000000375,0.00,[]
LOC-OUT-0003748,QUOTE-LOC-OUT-0003748,COMPLETED,REF-LOC-OUT-0003748,ACC-R3374-001,OUTWARD,R3374,2026-04-19 09:15:00,RET-BEN-000375,770200000001,109.00,109.00,UTILITY_PAYMENT,Utility Bill Payment,FTS,AE070330000220000000375,0.00,[]
LOC-OUT-0003750,QUOTE-LOC-OUT-0003750,COMPLETED,REF-LOC-OUT-0003750,ACC-R3374-001,OUTWARD,R3374,2026-05-22 09:15:00,RET-BEN-000375,770200000001,120.00,120.00,UTILITY_PAYMENT,Utility Bill Payment,FTS,AE070330000220000000375,0.00,[]
LOC-OUT-0003752,QUOTE-LOC-OUT-0003752,COMPLETED,REF-LOC-OUT-0003752,ACC-R3375-001,OUTWARD,R3375,2026-01-17 10:16:00,RET-BEN-000376,770200000001,93.00,93.00,UTILITY_PAYMENT,Utility Bill Payment,FTS,AE070330000220000000376,0.00,[]
LOC-OUT-0003754,QUOTE-LOC-OUT-0003754,COMPLETED,REF-LOC-OUT-0003754,ACC-R3375-001,OUTWARD,R3375,2026-02-20 10:16:00,RET-BEN-000376,770200000001,104.00,104.00,UTILITY_PAYMENT,Utility Bill Payment,FTS,AE070330000220000000376,0.00,[]
LOC-OUT-0003756,QUOTE-LOC-OUT-0003756,COMPLETED,REF-LOC-OUT-0003756,ACC-R3375-001,OUTWARD,R3375,2026-03-23 10:16:00,RET-BEN-000376,770200000001,115.00,115.00,UTILITY_PAYMENT,Utility Bill Payment,FTS,AE070330000220000000376,0.00,[]
LOC-OUT-0003758,QUOTE-LOC-OUT-0003758,COMPLETED,REF-LOC-OUT-0003758,ACC-R3375-001,OUTWARD,R3375,2026-04-04 10:16:00,RET-BEN-000376,770200000001,126.00,126.00,UTILITY_PAYMENT,Utility Bill Payment,FTS,AE070330000220000000376,0.00,[]
LOC-OUT-0003760,QUOTE-LOC-OUT-0003760,COMPLETED,REF-LOC-OUT-0003760,ACC-R3375-001,OUTWARD,R3375,2026-05-07 10:16:00,RET-BEN-000376,770200000001,137.00,137.00,UTILITY_PAYMENT,Utility Bill Payment,FTS,AE070330000220000000376,0.00,[]
LOC-OUT-0003762,QUOTE-LOC-OUT-0003762,COMPLETED,REF-LOC-OUT-0003762,ACC-R3376-001,OUTWARD,R3376,2026-01-24 11:17:00,RET-BEN-000377,770200000001,110.00,110.00,UTILITY_PAYMENT,Utility Bill Payment,FTS,AE070330000220000000377,0.00,[]
LOC-OUT-0003764,QUOTE-LOC-OUT-0003764,COMPLETED,REF-LOC-OUT-0003764,ACC-R3376-001,OUTWARD,R3376,2026-02-05 11:17:00,RET-BEN-000377,770200000001,121.00,121.00,UTILITY_PAYMENT,Utility Bill Payment,FTS,AE070330000220000000377,0.00,[]
LOC-OUT-0003766,QUOTE-LOC-OUT-0003766,COMPLETED,REF-LOC-OUT-0003766,ACC-R3376-001,OUTWARD,R3376,2026-03-08 11:17:00,RET-BEN-000377,770200000001,132.00,132.00,UTILITY_PAYMENT,Utility Bill Payment,FTS,AE070330000220000000377,0.00,[]
LOC-OUT-0003768,QUOTE-LOC-OUT-0003768,COMPLETED,REF-LOC-OUT-0003768,ACC-R3376-001,OUTWARD,R3376,2026-04-11 11:17:00,RET-BEN-000377,770200000001,143.00,143.00,UTILITY_PAYMENT,Utility Bill Payment,FTS,AE070330000220000000377,0.00,[]
LOC-OUT-0003770,QUOTE-LOC-OUT-0003770,COMPLETED,REF-LOC-OUT-0003770,ACC-R3376-001,OUTWARD,R3376,2026-05-14 11:17:00,RET-BEN-000377,770200000001,154.00,154.00,UTILITY_PAYMENT,Utility Bill Payment,FTS,AE070330000220000000377,0.00,[]
LOC-OUT-0003772,QUOTE-LOC-OUT-0003772,COMPLETED,REF-LOC-OUT-0003772,ACC-R3377-001,OUTWARD,R3377,2026-01-09 12:18:00,RET-BEN-000378,770200000001,127.00,127.00,UTILITY_PAYMENT,Utility Bill Payment,FTS,AE070330000220000000378,0.00,[]
LOC-OUT-0003774,QUOTE-LOC-OUT-0003774,COMPLETED,REF-LOC-OUT-0003774,ACC-R3377-001,OUTWARD,R3377,2026-02-12 12:18:00,RET-BEN-000378,770200000001,138.00,138.00,UTILITY_PAYMENT,Utility Bill Payment,FTS,AE070330000220000000378,0.00,[]
LOC-OUT-0003776,QUOTE-LOC-OUT-0003776,COMPLETED,REF-LOC-OUT-0003776,ACC-R3377-001,OUTWARD,R3377,2026-03-15 12:18:00,RET-BEN-000378,770200000001,149.00,149.00,UTILITY_PAYMENT,Utility Bill Payment,FTS,AE070330000220000000378,0.00,[]
LOC-OUT-0003778,QUOTE-LOC-OUT-0003778,COMPLETED,REF-LOC-OUT-0003778,ACC-R3377-001,OUTWARD,R3377,2026-04-18 12:18:00,RET-BEN-000378,770200000001,160.00,160.00,UTILITY_PAYMENT,Utility Bill Payment,FTS,AE070330000220000000378,0.00,[]
LOC-OUT-0003780,QUOTE-LOC-OUT-0003780,COMPLETED,REF-LOC-OUT-0003780,ACC-R3377-001,OUTWARD,R3377,2026-05-21 12:18:00,RET-BEN-000378,770200000001,171.00,171.00,UTILITY_PAYMENT,Utility Bill Payment,FTS,AE070330000220000000378,0.00,[]
LOC-OUT-0003782,QUOTE-LOC-OUT-0003782,COMPLETED,REF-LOC-OUT-0003782,ACC-R3378-001,OUTWARD,R3378,2026-01-16 13:19:00,RET-BEN-000379,770200000001,144.00,144.00,UTILITY_PAYMENT,Utility Bill Payment,FTS,AE070330000220000000379,0.00,[]
LOC-OUT-0003784,QUOTE-LOC-OUT-0003784,COMPLETED,REF-LOC-OUT-0003784,ACC-R3378-001,OUTWARD,R3378,2026-02-19 13:19:00,RET-BEN-000379,770200000001,155.00,155.00,UTILITY_PAYMENT,Utility Bill Payment,FTS,AE070330000220000000379,0.00,[]
LOC-OUT-0003786,QUOTE-LOC-OUT-0003786,COMPLETED,REF-LOC-OUT-0003786,ACC-R3378-001,OUTWARD,R3378,2026-03-22 13:19:00,RET-BEN-000379,770200000001,166.00,166.00,UTILITY_PAYMENT,Utility Bill Payment,FTS,AE070330000220000000379,0.00,[]
LOC-OUT-0003788,QUOTE-LOC-OUT-0003788,COMPLETED,REF-LOC-OUT-0003788,ACC-R3378-001,OUTWARD,R3378,2026-04-03 13:19:00,RET-BEN-000379,770200000001,177.00,177.00,UTILITY_PAYMENT,Utility Bill Payment,FTS,AE070330000220000000379,0.00,[]
LOC-OUT-0003790,QUOTE-LOC-OUT-0003790,COMPLETED,REF-LOC-OUT-0003790,ACC-R3378-001,OUTWARD,R3378,2026-05-06 13:19:00,RET-BEN-000379,770200000001,188.00,188.00,UTILITY_PAYMENT,Utility Bill Payment,FTS,AE070330000220000000379,0.00,[]
LOC-OUT-0003792,QUOTE-LOC-OUT-0003792,COMPLETED,REF-LOC-OUT-0003792,ACC-R3379-001,OUTWARD,R3379,2026-01-23 14:20:00,RET-BEN-000380,770200000001,161.00,161.00,UTILITY_PAYMENT,Utility Bill Payment,FTS,AE070330000220000000380,0.00,[]
LOC-OUT-0003794,QUOTE-LOC-OUT-0003794,COMPLETED,REF-LOC-OUT-0003794,ACC-R3379-001,OUTWARD,R3379,2026-02-04 14:20:00,RET-BEN-000380,770200000001,172.00,172.00,UTILITY_PAYMENT,Utility Bill Payment,FTS,AE070330000220000000380,0.00,[]
LOC-OUT-0003796,QUOTE-LOC-OUT-0003796,COMPLETED,REF-LOC-OUT-0003796,ACC-R3379-001,OUTWARD,R3379,2026-03-07 14:20:00,RET-BEN-000380,770200000001,183.00,183.00,UTILITY_PAYMENT,Utility Bill Payment,FTS,AE070330000220000000380,0.00,[]
LOC-OUT-0003798,QUOTE-LOC-OUT-0003798,COMPLETED,REF-LOC-OUT-0003798,ACC-R3379-001,OUTWARD,R3379,2026-04-10 14:20:00,RET-BEN-000380,770200000001,194.00,194.00,UTILITY_PAYMENT,Utility Bill Payment,FTS,AE070330000220000000380,0.00,[]
LOC-OUT-0003800,QUOTE-LOC-OUT-0003800,COMPLETED,REF-LOC-OUT-0003800,ACC-R3379-001,OUTWARD,R3379,2026-05-13 14:20:00,RET-BEN-000380,770200000001,205.00,205.00,UTILITY_PAYMENT,Utility Bill Payment,FTS,AE070330000220000000380,0.00,[]
LOC-OUT-0003802,QUOTE-LOC-OUT-0003802,COMPLETED,REF-LOC-OUT-0003802,ACC-R3380-001,OUTWARD,R3380,2026-01-08 15:21:00,RET-BEN-000381,770200000001,178.00,178.00,UTILITY_PAYMENT,Utility Bill Payment,FTS,AE070330000220000000381,0.00,[]
LOC-OUT-0003804,QUOTE-LOC-OUT-0003804,COMPLETED,REF-LOC-OUT-0003804,ACC-R3380-001,OUTWARD,R3380,2026-02-11 15:21:00,RET-BEN-000381,770200000001,189.00,189.00,UTILITY_PAYMENT,Utility Bill Payment,FTS,AE070330000220000000381,0.00,[]
LOC-OUT-0003806,QUOTE-LOC-OUT-0003806,COMPLETED,REF-LOC-OUT-0003806,ACC-R3380-001,OUTWARD,R3380,2026-03-14 15:21:00,RET-BEN-000381,770200000001,200.00,200.00,UTILITY_PAYMENT,Utility Bill Payment,FTS,AE070330000220000000381,0.00,[]
LOC-OUT-0003808,QUOTE-LOC-OUT-0003808,COMPLETED,REF-LOC-OUT-0003808,ACC-R3380-001,OUTWARD,R3380,2026-04-17 15:21:00,RET-BEN-000381,770200000001,211.00,211.00,UTILITY_PAYMENT,Utility Bill Payment,FTS,AE070330000220000000381,0.00,[]
LOC-OUT-0003810,QUOTE-LOC-OUT-0003810,COMPLETED,REF-LOC-OUT-0003810,ACC-R3380-001,OUTWARD,R3380,2026-05-20 15:21:00,RET-BEN-000381,770200000001,222.00,222.00,UTILITY_PAYMENT,Utility Bill Payment,FTS,AE070330000220000000381,0.00,[]
LOC-OUT-0003812,QUOTE-LOC-OUT-0003812,COMPLETED,REF-LOC-OUT-0003812,ACC-R3381-001,OUTWARD,R3381,2026-01-15 16:22:00,RET-BEN-000382,770200000001,195.00,195.00,UTILITY_PAYMENT,Utility Bill Payment,FTS,AE070330000220000000382,0.00,[]
LOC-OUT-0003814,QUOTE-LOC-OUT-0003814,COMPLETED,REF-LOC-OUT-0003814,ACC-R3381-001,OUTWARD,R3381,2026-02-18 16:22:00,RET-BEN-000382,770200000001,206.00,206.00,UTILITY_PAYMENT,Utility Bill Payment,FTS,AE070330000220000000382,0.00,[]
LOC-OUT-0003816,QUOTE-LOC-OUT-0003816,COMPLETED,REF-LOC-OUT-0003816,ACC-R3381-001,OUTWARD,R3381,2026-03-21 16:22:00,RET-BEN-000382,770200000001,217.00,217.00,UTILITY_PAYMENT,Utility Bill Payment,FTS,AE070330000220000000382,0.00,[]
LOC-OUT-0003818,QUOTE-LOC-OUT-0003818,COMPLETED,REF-LOC-OUT-0003818,ACC-R3381-001,OUTWARD,R3381,2026-04-24 16:22:00,RET-BEN-000382,770200000001,228.00,228.00,UTILITY_PAYMENT,Utility Bill Payment,FTS,AE070330000220000000382,0.00,[]
LOC-OUT-0003820,QUOTE-LOC-OUT-0003820,COMPLETED,REF-LOC-OUT-0003820,ACC-R3381-001,OUTWARD,R3381,2026-05-05 16:22:00,RET-BEN-000382,770200000001,239.00,239.00,UTILITY_PAYMENT,Utility Bill Payment,FTS,AE070330000220000000382,0.00,[]
LOC-OUT-0003822,QUOTE-LOC-OUT-0003822,COMPLETED,REF-LOC-OUT-0003822,ACC-R3382-001,OUTWARD,R3382,2026-01-22 17:23:00,RET-BEN-000383,770200000001,212.00,212.00,UTILITY_PAYMENT,Utility Bill Payment,FTS,AE070330000220000000383,0.00,[]
LOC-OUT-0003824,QUOTE-LOC-OUT-0003824,COMPLETED,REF-LOC-OUT-0003824,ACC-R3382-001,OUTWARD,R3382,2026-02-03 17:23:00,RET-BEN-000383,770200000001,223.00,223.00,UTILITY_PAYMENT,Utility Bill Payment,FTS,AE070330000220000000383,0.00,[]
LOC-OUT-0003826,QUOTE-LOC-OUT-0003826,COMPLETED,REF-LOC-OUT-0003826,ACC-R3382-001,OUTWARD,R3382,2026-03-06 17:23:00,RET-BEN-000383,770200000001,234.00,234.00,UTILITY_PAYMENT,Utility Bill Payment,FTS,AE070330000220000000383,0.00,[]
LOC-OUT-0003828,QUOTE-LOC-OUT-0003828,COMPLETED,REF-LOC-OUT-0003828,ACC-R3382-001,OUTWARD,R3382,2026-04-09 17:23:00,RET-BEN-000383,770200000001,245.00,245.00,UTILITY_PAYMENT,Utility Bill Payment,FTS,AE070330000220000000383,0.00,[]
LOC-OUT-0003830,QUOTE-LOC-OUT-0003830,COMPLETED,REF-LOC-OUT-0003830,ACC-R3382-001,OUTWARD,R3382,2026-05-12 17:23:00,RET-BEN-000383,770200000001,256.00,256.00,UTILITY_PAYMENT,Utility Bill Payment,FTS,AE070330000220000000383,0.00,[]
LOC-OUT-0003832,QUOTE-LOC-OUT-0003832,COMPLETED,REF-LOC-OUT-0003832,ACC-R3383-001,OUTWARD,R3383,2026-01-07 18:24:00,RET-BEN-000384,770200000001,229.00,229.00,UTILITY_PAYMENT,Utility Bill Payment,FTS,AE070330000220000000384,0.00,[]
LOC-OUT-0003834,QUOTE-LOC-OUT-0003834,COMPLETED,REF-LOC-OUT-0003834,ACC-R3383-001,OUTWARD,R3383,2026-02-10 18:24:00,RET-BEN-000384,770200000001,240.00,240.00,UTILITY_PAYMENT,Utility Bill Payment,FTS,AE070330000220000000384,0.00,[]
LOC-OUT-0003836,QUOTE-LOC-OUT-0003836,COMPLETED,REF-LOC-OUT-0003836,ACC-R3383-001,OUTWARD,R3383,2026-03-13 18:24:00,RET-BEN-000384,770200000001,251.00,251.00,UTILITY_PAYMENT,Utility Bill Payment,FTS,AE070330000220000000384,0.00,[]
LOC-OUT-0003838,QUOTE-LOC-OUT-0003838,COMPLETED,REF-LOC-OUT-0003838,ACC-R3383-001,OUTWARD,R3383,2026-04-16 18:24:00,RET-BEN-000384,770200000001,262.00,262.00,UTILITY_PAYMENT,Utility Bill Payment,FTS,AE070330000220000000384,0.00,[]
LOC-OUT-0003840,QUOTE-LOC-OUT-0003840,COMPLETED,REF-LOC-OUT-0003840,ACC-R3383-001,OUTWARD,R3383,2026-05-19 18:24:00,RET-BEN-000384,770200000001,273.00,273.00,UTILITY_PAYMENT,Utility Bill Payment,FTS,AE070330000220000000384,0.00,[]
LOC-OUT-0003842,QUOTE-LOC-OUT-0003842,COMPLETED,REF-LOC-OUT-0003842,ACC-R3384-001,OUTWARD,R3384,2026-01-14 08:25:00,RET-BEN-000385,770200000001,246.00,246.00,UTILITY_PAYMENT,Utility Bill Payment,FTS,AE070330000220000000385,0.00,[]
LOC-OUT-0003844,QUOTE-LOC-OUT-0003844,COMPLETED,REF-LOC-OUT-0003844,ACC-R3384-001,OUTWARD,R3384,2026-02-17 08:25:00,RET-BEN-000385,770200000001,257.00,257.00,UTILITY_PAYMENT,Utility Bill Payment,FTS,AE070330000220000000385,0.00,[]
LOC-OUT-0003846,QUOTE-LOC-OUT-0003846,COMPLETED,REF-LOC-OUT-0003846,ACC-R3384-001,OUTWARD,R3384,2026-03-20 08:25:00,RET-BEN-000385,770200000001,268.00,268.00,UTILITY_PAYMENT,Utility Bill Payment,FTS,AE070330000220000000385,0.00,[]
LOC-OUT-0003848,QUOTE-LOC-OUT-0003848,COMPLETED,REF-LOC-OUT-0003848,ACC-R3384-001,OUTWARD,R3384,2026-04-23 08:25:00,RET-BEN-000385,770200000001,279.00,279.00,UTILITY_PAYMENT,Utility Bill Payment,FTS,AE070330000220000000385,0.00,[]
LOC-OUT-0003850,QUOTE-LOC-OUT-0003850,COMPLETED,REF-LOC-OUT-0003850,ACC-R3384-001,OUTWARD,R3384,2026-05-04 08:25:00,RET-BEN-000385,770200000001,290.00,290.00,UTILITY_PAYMENT,Utility Bill Payment,FTS,AE070330000220000000385,0.00,[]
LOC-OUT-0003852,QUOTE-LOC-OUT-0003852,COMPLETED,REF-LOC-OUT-0003852,ACC-R3385-001,OUTWARD,R3385,2026-01-21 09:26:00,RET-BEN-000386,770200000001,263.00,263.00,UTILITY_PAYMENT,Utility Bill Payment,FTS,AE070330000220000000386,0.00,[]
LOC-OUT-0003854,QUOTE-LOC-OUT-0003854,COMPLETED,REF-LOC-OUT-0003854,ACC-R3385-001,OUTWARD,R3385,2026-02-24 09:26:00,RET-BEN-000386,770200000001,274.00,274.00,UTILITY_PAYMENT,Utility Bill Payment,FTS,AE070330000220000000386,0.00,[]
LOC-OUT-0003856,QUOTE-LOC-OUT-0003856,COMPLETED,REF-LOC-OUT-0003856,ACC-R3385-001,OUTWARD,R3385,2026-03-05 09:26:00,RET-BEN-000386,770200000001,285.00,285.00,UTILITY_PAYMENT,Utility Bill Payment,FTS,AE070330000220000000386,0.00,[]
LOC-OUT-0003858,QUOTE-LOC-OUT-0003858,COMPLETED,REF-LOC-OUT-0003858,ACC-R3385-001,OUTWARD,R3385,2026-04-08 09:26:00,RET-BEN-000386,770200000001,296.00,296.00,UTILITY_PAYMENT,Utility Bill Payment,FTS,AE070330000220000000386,0.00,[]
LOC-OUT-0003860,QUOTE-LOC-OUT-0003860,COMPLETED,REF-LOC-OUT-0003860,ACC-R3385-001,OUTWARD,R3385,2026-05-11 09:26:00,RET-BEN-000386,770200000001,307.00,307.00,UTILITY_PAYMENT,Utility Bill Payment,FTS,AE070330000220000000386,0.00,[]
LOC-OUT-0003862,QUOTE-LOC-OUT-0003862,COMPLETED,REF-LOC-OUT-0003862,ACC-R3386-001,OUTWARD,R3386,2026-01-06 10:27:00,RET-BEN-000387,770200000001,280.00,280.00,UTILITY_PAYMENT,Utility Bill Payment,FTS,AE070330000220000000387,0.00,[]
LOC-OUT-0003864,QUOTE-LOC-OUT-0003864,COMPLETED,REF-LOC-OUT-0003864,ACC-R3386-001,OUTWARD,R3386,2026-02-09 10:27:00,RET-BEN-000387,770200000001,291.00,291.00,UTILITY_PAYMENT,Utility Bill Payment,FTS,AE070330000220000000387,0.00,[]
LOC-OUT-0003866,QUOTE-LOC-OUT-0003866,COMPLETED,REF-LOC-OUT-0003866,ACC-R3386-001,OUTWARD,R3386,2026-03-12 10:27:00,RET-BEN-000387,770200000001,302.00,302.00,UTILITY_PAYMENT,Utility Bill Payment,FTS,AE070330000220000000387,0.00,[]
LOC-OUT-0003868,QUOTE-LOC-OUT-0003868,COMPLETED,REF-LOC-OUT-0003868,ACC-R3386-001,OUTWARD,R3386,2026-04-15 10:27:00,RET-BEN-000387,770200000001,313.00,313.00,UTILITY_PAYMENT,Utility Bill Payment,FTS,AE070330000220000000387,0.00,[]
LOC-OUT-0003870,QUOTE-LOC-OUT-0003870,COMPLETED,REF-LOC-OUT-0003870,ACC-R3386-001,OUTWARD,R3386,2026-05-18 10:27:00,RET-BEN-000387,770200000001,324.00,324.00,UTILITY_PAYMENT,Utility Bill Payment,FTS,AE070330000220000000387,0.00,[]
LOC-OUT-0003872,QUOTE-LOC-OUT-0003872,COMPLETED,REF-LOC-OUT-0003872,ACC-R3387-001,OUTWARD,R3387,2026-01-13 11:28:00,RET-BEN-000388,770200000001,297.00,297.00,UTILITY_PAYMENT,Utility Bill Payment,FTS,AE070330000220000000388,0.00,[]
LOC-OUT-0003874,QUOTE-LOC-OUT-0003874,COMPLETED,REF-LOC-OUT-0003874,ACC-R3387-001,OUTWARD,R3387,2026-02-16 11:28:00,RET-BEN-000388,770200000001,308.00,308.00,UTILITY_PAYMENT,Utility Bill Payment,FTS,AE070330000220000000388,0.00,[]
LOC-OUT-0003876,QUOTE-LOC-OUT-0003876,COMPLETED,REF-LOC-OUT-0003876,ACC-R3387-001,OUTWARD,R3387,2026-03-19 11:28:00,RET-BEN-000388,770200000001,319.00,319.00,UTILITY_PAYMENT,Utility Bill Payment,FTS,AE070330000220000000388,0.00,[]
LOC-OUT-0003878,QUOTE-LOC-OUT-0003878,COMPLETED,REF-LOC-OUT-0003878,ACC-R3387-001,OUTWARD,R3387,2026-04-22 11:28:00,RET-BEN-000388,770200000001,330.00,330.00,UTILITY_PAYMENT,Utility Bill Payment,FTS,AE070330000220000000388,0.00,[]
LOC-OUT-0003880,QUOTE-LOC-OUT-0003880,COMPLETED,REF-LOC-OUT-0003880,ACC-R3387-001,OUTWARD,R3387,2026-05-03 11:28:00,RET-BEN-000388,770200000001,341.00,341.00,UTILITY_PAYMENT,Utility Bill Payment,FTS,AE070330000220000000388,0.00,[]
LOC-OUT-0003882,QUOTE-LOC-OUT-0003882,COMPLETED,REF-LOC-OUT-0003882,ACC-R3388-001,OUTWARD,R3388,2026-01-20 12:29:00,RET-BEN-000389,770200000001,314.00,314.00,UTILITY_PAYMENT,Utility Bill Payment,FTS,AE070330000220000000389,0.00,[]
LOC-OUT-0003884,QUOTE-LOC-OUT-0003884,COMPLETED,REF-LOC-OUT-0003884,ACC-R3388-001,OUTWARD,R3388,2026-02-23 12:29:00,RET-BEN-000389,770200000001,325.00,325.00,UTILITY_PAYMENT,Utility Bill Payment,FTS,AE070330000220000000389,0.00,[]
LOC-OUT-0003886,QUOTE-LOC-OUT-0003886,COMPLETED,REF-LOC-OUT-0003886,ACC-R3388-001,OUTWARD,R3388,2026-03-04 12:29:00,RET-BEN-000389,770200000001,336.00,336.00,UTILITY_PAYMENT,Utility Bill Payment,FTS,AE070330000220000000389,0.00,[]
LOC-OUT-0003888,QUOTE-LOC-OUT-0003888,COMPLETED,REF-LOC-OUT-0003888,ACC-R3388-001,OUTWARD,R3388,2026-04-07 12:29:00,RET-BEN-000389,770200000001,347.00,347.00,UTILITY_PAYMENT,Utility Bill Payment,FTS,AE070330000220000000389,0.00,[]
LOC-OUT-0003890,QUOTE-LOC-OUT-0003890,COMPLETED,REF-LOC-OUT-0003890,ACC-R3388-001,OUTWARD,R3388,2026-05-10 12:29:00,RET-BEN-000389,770200000001,92.00,92.00,UTILITY_PAYMENT,Utility Bill Payment,FTS,AE070330000220000000389,0.00,[]
LOC-OUT-0003892,QUOTE-LOC-OUT-0003892,COMPLETED,REF-LOC-OUT-0003892,ACC-R3389-001,OUTWARD,R3389,2026-01-05 13:30:00,RET-BEN-000390,770200000001,331.00,331.00,UTILITY_PAYMENT,Utility Bill Payment,FTS,AE070330000220000000390,0.00,[]
LOC-OUT-0003894,QUOTE-LOC-OUT-0003894,COMPLETED,REF-LOC-OUT-0003894,ACC-R3389-001,OUTWARD,R3389,2026-02-08 13:30:00,RET-BEN-000390,770200000001,342.00,342.00,UTILITY_PAYMENT,Utility Bill Payment,FTS,AE070330000220000000390,0.00,[]
LOC-OUT-0003896,QUOTE-LOC-OUT-0003896,COMPLETED,REF-LOC-OUT-0003896,ACC-R3389-001,OUTWARD,R3389,2026-03-11 13:30:00,RET-BEN-000390,770200000001,87.00,87.00,UTILITY_PAYMENT,Utility Bill Payment,FTS,AE070330000220000000390,0.00,[]
LOC-OUT-0003898,QUOTE-LOC-OUT-0003898,COMPLETED,REF-LOC-OUT-0003898,ACC-R3389-001,OUTWARD,R3389,2026-04-14 13:30:00,RET-BEN-000390,770200000001,98.00,98.00,UTILITY_PAYMENT,Utility Bill Payment,FTS,AE070330000220000000390,0.00,[]
LOC-OUT-0003900,QUOTE-LOC-OUT-0003900,COMPLETED,REF-LOC-OUT-0003900,ACC-R3389-001,OUTWARD,R3389,2026-05-17 13:30:00,RET-BEN-000390,770200000001,109.00,109.00,UTILITY_PAYMENT,Utility Bill Payment,FTS,AE070330000220000000390,0.00,[]
LOC-OUT-0003902,QUOTE-LOC-OUT-0003902,COMPLETED,REF-LOC-OUT-0003902,ACC-R3390-001,OUTWARD,R3390,2026-01-12 14:31:00,RET-BEN-000391,770200000001,348.00,348.00,UTILITY_PAYMENT,Utility Bill Payment,FTS,AE070330000220000000391,0.00,[]
LOC-OUT-0003904,QUOTE-LOC-OUT-0003904,COMPLETED,REF-LOC-OUT-0003904,ACC-R3390-001,OUTWARD,R3390,2026-02-15 14:31:00,RET-BEN-000391,770200000001,93.00,93.00,UTILITY_PAYMENT,Utility Bill Payment,FTS,AE070330000220000000391,0.00,[]
LOC-OUT-0003906,QUOTE-LOC-OUT-0003906,COMPLETED,REF-LOC-OUT-0003906,ACC-R3390-001,OUTWARD,R3390,2026-03-18 14:31:00,RET-BEN-000391,770200000001,104.00,104.00,UTILITY_PAYMENT,Utility Bill Payment,FTS,AE070330000220000000391,0.00,[]
LOC-OUT-0003908,QUOTE-LOC-OUT-0003908,COMPLETED,REF-LOC-OUT-0003908,ACC-R3390-001,OUTWARD,R3390,2026-04-21 14:31:00,RET-BEN-000391,770200000001,115.00,115.00,UTILITY_PAYMENT,Utility Bill Payment,FTS,AE070330000220000000391,0.00,[]
LOC-OUT-0003910,QUOTE-LOC-OUT-0003910,COMPLETED,REF-LOC-OUT-0003910,ACC-R3390-001,OUTWARD,R3390,2026-05-24 14:31:00,RET-BEN-000391,770200000001,126.00,126.00,UTILITY_PAYMENT,Utility Bill Payment,FTS,AE070330000220000000391,0.00,[]
LOC-OUT-0003912,QUOTE-LOC-OUT-0003912,COMPLETED,REF-LOC-OUT-0003912,ACC-R3391-001,OUTWARD,R3391,2026-01-19 15:32:00,RET-BEN-000392,770200000001,99.00,99.00,UTILITY_PAYMENT,Utility Bill Payment,FTS,AE070330000220000000392,0.00,[]
LOC-OUT-0003914,QUOTE-LOC-OUT-0003914,COMPLETED,REF-LOC-OUT-0003914,ACC-R3391-001,OUTWARD,R3391,2026-02-22 15:32:00,RET-BEN-000392,770200000001,110.00,110.00,UTILITY_PAYMENT,Utility Bill Payment,FTS,AE070330000220000000392,0.00,[]
LOC-OUT-0003916,QUOTE-LOC-OUT-0003916,COMPLETED,REF-LOC-OUT-0003916,ACC-R3391-001,OUTWARD,R3391,2026-03-03 15:32:00,RET-BEN-000392,770200000001,121.00,121.00,UTILITY_PAYMENT,Utility Bill Payment,FTS,AE070330000220000000392,0.00,[]
LOC-OUT-0003918,QUOTE-LOC-OUT-0003918,COMPLETED,REF-LOC-OUT-0003918,ACC-R3391-001,OUTWARD,R3391,2026-04-06 15:32:00,RET-BEN-000392,770200000001,132.00,132.00,UTILITY_PAYMENT,Utility Bill Payment,FTS,AE070330000220000000392,0.00,[]
LOC-OUT-0003920,QUOTE-LOC-OUT-0003920,COMPLETED,REF-LOC-OUT-0003920,ACC-R3391-001,OUTWARD,R3391,2026-05-09 15:32:00,RET-BEN-000392,770200000001,143.00,143.00,UTILITY_PAYMENT,Utility Bill Payment,FTS,AE070330000220000000392,0.00,[]
LOC-OUT-0003922,QUOTE-LOC-OUT-0003922,COMPLETED,REF-LOC-OUT-0003922,ACC-R3392-001,OUTWARD,R3392,2026-01-04 16:33:00,RET-BEN-000393,770200000001,116.00,116.00,UTILITY_PAYMENT,Utility Bill Payment,FTS,AE070330000220000000393,0.00,[]
LOC-OUT-0003924,QUOTE-LOC-OUT-0003924,COMPLETED,REF-LOC-OUT-0003924,ACC-R3392-001,OUTWARD,R3392,2026-02-07 16:33:00,RET-BEN-000393,770200000001,127.00,127.00,UTILITY_PAYMENT,Utility Bill Payment,FTS,AE070330000220000000393,0.00,[]
LOC-OUT-0003926,QUOTE-LOC-OUT-0003926,COMPLETED,REF-LOC-OUT-0003926,ACC-R3392-001,OUTWARD,R3392,2026-03-10 16:33:00,RET-BEN-000393,770200000001,138.00,138.00,UTILITY_PAYMENT,Utility Bill Payment,FTS,AE070330000220000000393,0.00,[]
LOC-OUT-0003928,QUOTE-LOC-OUT-0003928,COMPLETED,REF-LOC-OUT-0003928,ACC-R3392-001,OUTWARD,R3392,2026-04-13 16:33:00,RET-BEN-000393,770200000001,149.00,149.00,UTILITY_PAYMENT,Utility Bill Payment,FTS,AE070330000220000000393,0.00,[]
LOC-OUT-0003930,QUOTE-LOC-OUT-0003930,COMPLETED,REF-LOC-OUT-0003930,ACC-R3392-001,OUTWARD,R3392,2026-05-16 16:33:00,RET-BEN-000393,770200000001,160.00,160.00,UTILITY_PAYMENT,Utility Bill Payment,FTS,AE070330000220000000393,0.00,[]
LOC-OUT-0003932,QUOTE-LOC-OUT-0003932,COMPLETED,REF-LOC-OUT-0003932,ACC-R3393-001,OUTWARD,R3393,2026-01-11 17:34:00,RET-BEN-000394,770200000001,133.00,133.00,UTILITY_PAYMENT,Utility Bill Payment,FTS,AE070330000220000000394,0.00,[]
LOC-OUT-0003934,QUOTE-LOC-OUT-0003934,COMPLETED,REF-LOC-OUT-0003934,ACC-R3393-001,OUTWARD,R3393,2026-02-14 17:34:00,RET-BEN-000394,770200000001,144.00,144.00,UTILITY_PAYMENT,Utility Bill Payment,FTS,AE070330000220000000394,0.00,[]
LOC-OUT-0003936,QUOTE-LOC-OUT-0003936,COMPLETED,REF-LOC-OUT-0003936,ACC-R3393-001,OUTWARD,R3393,2026-03-17 17:34:00,RET-BEN-000394,770200000001,155.00,155.00,UTILITY_PAYMENT,Utility Bill Payment,FTS,AE070330000220000000394,0.00,[]
LOC-OUT-0003938,QUOTE-LOC-OUT-0003938,COMPLETED,REF-LOC-OUT-0003938,ACC-R3393-001,OUTWARD,R3393,2026-04-20 17:34:00,RET-BEN-000394,770200000001,166.00,166.00,UTILITY_PAYMENT,Utility Bill Payment,FTS,AE070330000220000000394,0.00,[]
LOC-OUT-0003940,QUOTE-LOC-OUT-0003940,COMPLETED,REF-LOC-OUT-0003940,ACC-R3393-001,OUTWARD,R3393,2026-05-23 17:34:00,RET-BEN-000394,770200000001,177.00,177.00,UTILITY_PAYMENT,Utility Bill Payment,FTS,AE070330000220000000394,0.00,[]
LOC-OUT-0003942,QUOTE-LOC-OUT-0003942,COMPLETED,REF-LOC-OUT-0003942,ACC-R3394-001,OUTWARD,R3394,2026-01-18 18:35:00,RET-BEN-000395,770200000001,150.00,150.00,UTILITY_PAYMENT,Utility Bill Payment,FTS,AE070330000220000000395,0.00,[]
LOC-OUT-0003944,QUOTE-LOC-OUT-0003944,COMPLETED,REF-LOC-OUT-0003944,ACC-R3394-001,OUTWARD,R3394,2026-02-21 18:35:00,RET-BEN-000395,770200000001,161.00,161.00,UTILITY_PAYMENT,Utility Bill Payment,FTS,AE070330000220000000395,0.00,[]
LOC-OUT-0003946,QUOTE-LOC-OUT-0003946,COMPLETED,REF-LOC-OUT-0003946,ACC-R3394-001,OUTWARD,R3394,2026-03-24 18:35:00,RET-BEN-000395,770200000001,172.00,172.00,UTILITY_PAYMENT,Utility Bill Payment,FTS,AE070330000220000000395,0.00,[]
LOC-OUT-0003948,QUOTE-LOC-OUT-0003948,COMPLETED,REF-LOC-OUT-0003948,ACC-R3394-001,OUTWARD,R3394,2026-04-05 18:35:00,RET-BEN-000395,770200000001,183.00,183.00,UTILITY_PAYMENT,Utility Bill Payment,FTS,AE070330000220000000395,0.00,[]
LOC-OUT-0003950,QUOTE-LOC-OUT-0003950,COMPLETED,REF-LOC-OUT-0003950,ACC-R3394-001,OUTWARD,R3394,2026-05-08 18:35:00,RET-BEN-000395,770200000001,194.00,194.00,UTILITY_PAYMENT,Utility Bill Payment,FTS,AE070330000220000000395,0.00,[]
LOC-OUT-0003952,QUOTE-LOC-OUT-0003952,COMPLETED,REF-LOC-OUT-0003952,ACC-R3395-001,OUTWARD,R3395,2026-01-03 08:36:00,RET-BEN-000396,770200000001,167.00,167.00,UTILITY_PAYMENT,Utility Bill Payment,FTS,AE070330000220000000396,0.00,[]
LOC-OUT-0003954,QUOTE-LOC-OUT-0003954,COMPLETED,REF-LOC-OUT-0003954,ACC-R3395-001,OUTWARD,R3395,2026-02-06 08:36:00,RET-BEN-000396,770200000001,178.00,178.00,UTILITY_PAYMENT,Utility Bill Payment,FTS,AE070330000220000000396,0.00,[]
LOC-OUT-0003956,QUOTE-LOC-OUT-0003956,COMPLETED,REF-LOC-OUT-0003956,ACC-R3395-001,OUTWARD,R3395,2026-03-09 08:36:00,RET-BEN-000396,770200000001,189.00,189.00,UTILITY_PAYMENT,Utility Bill Payment,FTS,AE070330000220000000396,0.00,[]
LOC-OUT-0003958,QUOTE-LOC-OUT-0003958,COMPLETED,REF-LOC-OUT-0003958,ACC-R3395-001,OUTWARD,R3395,2026-04-12 08:36:00,RET-BEN-000396,770200000001,200.00,200.00,UTILITY_PAYMENT,Utility Bill Payment,FTS,AE070330000220000000396,0.00,[]
LOC-OUT-0003960,QUOTE-LOC-OUT-0003960,COMPLETED,REF-LOC-OUT-0003960,ACC-R3395-001,OUTWARD,R3395,2026-05-15 08:36:00,RET-BEN-000396,770200000001,211.00,211.00,UTILITY_PAYMENT,Utility Bill Payment,FTS,AE070330000220000000396,0.00,[]
LOC-OUT-0003962,QUOTE-LOC-OUT-0003962,COMPLETED,REF-LOC-OUT-0003962,ACC-R3396-001,OUTWARD,R3396,2026-01-10 09:37:00,RET-BEN-000397,770200000001,184.00,184.00,UTILITY_PAYMENT,Utility Bill Payment,FTS,AE070330000220000000397,0.00,[]
LOC-OUT-0003964,QUOTE-LOC-OUT-0003964,COMPLETED,REF-LOC-OUT-0003964,ACC-R3396-001,OUTWARD,R3396,2026-02-13 09:37:00,RET-BEN-000397,770200000001,195.00,195.00,UTILITY_PAYMENT,Utility Bill Payment,FTS,AE070330000220000000397,0.00,[]
LOC-OUT-0003966,QUOTE-LOC-OUT-0003966,COMPLETED,REF-LOC-OUT-0003966,ACC-R3396-001,OUTWARD,R3396,2026-03-16 09:37:00,RET-BEN-000397,770200000001,206.00,206.00,UTILITY_PAYMENT,Utility Bill Payment,FTS,AE070330000220000000397,0.00,[]
LOC-OUT-0003968,QUOTE-LOC-OUT-0003968,COMPLETED,REF-LOC-OUT-0003968,ACC-R3396-001,OUTWARD,R3396,2026-04-19 09:37:00,RET-BEN-000397,770200000001,217.00,217.00,UTILITY_PAYMENT,Utility Bill Payment,FTS,AE070330000220000000397,0.00,[]
LOC-OUT-0003970,QUOTE-LOC-OUT-0003970,COMPLETED,REF-LOC-OUT-0003970,ACC-R3396-001,OUTWARD,R3396,2026-05-22 09:37:00,RET-BEN-000397,770200000001,228.00,228.00,UTILITY_PAYMENT,Utility Bill Payment,FTS,AE070330000220000000397,0.00,[]
LOC-OUT-0003972,QUOTE-LOC-OUT-0003972,COMPLETED,REF-LOC-OUT-0003972,ACC-R3397-001,OUTWARD,R3397,2026-01-17 10:38:00,RET-BEN-000398,770200000001,201.00,201.00,UTILITY_PAYMENT,Utility Bill Payment,FTS,AE070330000220000000398,0.00,[]
LOC-OUT-0003974,QUOTE-LOC-OUT-0003974,COMPLETED,REF-LOC-OUT-0003974,ACC-R3397-001,OUTWARD,R3397,2026-02-20 10:38:00,RET-BEN-000398,770200000001,212.00,212.00,UTILITY_PAYMENT,Utility Bill Payment,FTS,AE070330000220000000398,0.00,[]
LOC-OUT-0003976,QUOTE-LOC-OUT-0003976,COMPLETED,REF-LOC-OUT-0003976,ACC-R3397-001,OUTWARD,R3397,2026-03-23 10:38:00,RET-BEN-000398,770200000001,223.00,223.00,UTILITY_PAYMENT,Utility Bill Payment,FTS,AE070330000220000000398,0.00,[]
LOC-OUT-0003978,QUOTE-LOC-OUT-0003978,COMPLETED,REF-LOC-OUT-0003978,ACC-R3397-001,OUTWARD,R3397,2026-04-04 10:38:00,RET-BEN-000398,770200000001,234.00,234.00,UTILITY_PAYMENT,Utility Bill Payment,FTS,AE070330000220000000398,0.00,[]
LOC-OUT-0003980,QUOTE-LOC-OUT-0003980,COMPLETED,REF-LOC-OUT-0003980,ACC-R3397-001,OUTWARD,R3397,2026-05-07 10:38:00,RET-BEN-000398,770200000001,245.00,245.00,UTILITY_PAYMENT,Utility Bill Payment,FTS,AE070330000220000000398,0.00,[]
LOC-OUT-0003982,QUOTE-LOC-OUT-0003982,COMPLETED,REF-LOC-OUT-0003982,ACC-R3398-001,OUTWARD,R3398,2026-01-24 11:39:00,RET-BEN-000399,770200000001,218.00,218.00,UTILITY_PAYMENT,Utility Bill Payment,FTS,AE070330000220000000399,0.00,[]
LOC-OUT-0003984,QUOTE-LOC-OUT-0003984,COMPLETED,REF-LOC-OUT-0003984,ACC-R3398-001,OUTWARD,R3398,2026-02-05 11:39:00,RET-BEN-000399,770200000001,229.00,229.00,UTILITY_PAYMENT,Utility Bill Payment,FTS,AE070330000220000000399,0.00,[]
LOC-OUT-0003986,QUOTE-LOC-OUT-0003986,COMPLETED,REF-LOC-OUT-0003986,ACC-R3398-001,OUTWARD,R3398,2026-03-08 11:39:00,RET-BEN-000399,770200000001,240.00,240.00,UTILITY_PAYMENT,Utility Bill Payment,FTS,AE070330000220000000399,0.00,[]
LOC-OUT-0003988,QUOTE-LOC-OUT-0003988,COMPLETED,REF-LOC-OUT-0003988,ACC-R3398-001,OUTWARD,R3398,2026-04-11 11:39:00,RET-BEN-000399,770200000001,251.00,251.00,UTILITY_PAYMENT,Utility Bill Payment,FTS,AE070330000220000000399,0.00,[]
LOC-OUT-0003990,QUOTE-LOC-OUT-0003990,COMPLETED,REF-LOC-OUT-0003990,ACC-R3398-001,OUTWARD,R3398,2026-05-14 11:39:00,RET-BEN-000399,770200000001,262.00,262.00,UTILITY_PAYMENT,Utility Bill Payment,FTS,AE070330000220000000399,0.00,[]
LOC-OUT-0003992,QUOTE-LOC-OUT-0003992,COMPLETED,REF-LOC-OUT-0003992,ACC-R3399-001,OUTWARD,R3399,2026-01-09 12:40:00,RET-BEN-000400,770200000001,235.00,235.00,UTILITY_PAYMENT,Utility Bill Payment,FTS,AE070330000220000000400,0.00,[]
LOC-OUT-0003994,QUOTE-LOC-OUT-0003994,COMPLETED,REF-LOC-OUT-0003994,ACC-R3399-001,OUTWARD,R3399,2026-02-12 12:40:00,RET-BEN-000400,770200000001,246.00,246.00,UTILITY_PAYMENT,Utility Bill Payment,FTS,AE070330000220000000400,0.00,[]
LOC-OUT-0003996,QUOTE-LOC-OUT-0003996,COMPLETED,REF-LOC-OUT-0003996,ACC-R3399-001,OUTWARD,R3399,2026-03-15 12:40:00,RET-BEN-000400,770200000001,257.00,257.00,UTILITY_PAYMENT,Utility Bill Payment,FTS,AE070330000220000000400,0.00,[]
LOC-OUT-0003998,QUOTE-LOC-OUT-0003998,COMPLETED,REF-LOC-OUT-0003998,ACC-R3399-001,OUTWARD,R3399,2026-04-18 12:40:00,RET-BEN-000400,770200000001,268.00,268.00,UTILITY_PAYMENT,Utility Bill Payment,FTS,AE070330000220000000400,0.00,[]
LOC-OUT-0004000,QUOTE-LOC-OUT-0004000,COMPLETED,REF-LOC-OUT-0004000,ACC-R3399-001,OUTWARD,R3399,2026-05-21 12:40:00,RET-BEN-000400,770200000001,279.00,279.00,UTILITY_PAYMENT,Utility Bill Payment,FTS,AE070330000220000000400,0.00,[]
LOC-OUT-0004002,QUOTE-LOC-OUT-0004002,COMPLETED,REF-LOC-OUT-0004002,ACC-R3400-001,OUTWARD,R3400,2026-01-16 13:41:00,RET-BEN-000401,770200000001,252.00,252.00,UTILITY_PAYMENT,Utility Bill Payment,FTS,AE070330000220000000401,0.00,[]
LOC-OUT-0004004,QUOTE-LOC-OUT-0004004,COMPLETED,REF-LOC-OUT-0004004,ACC-R3400-001,OUTWARD,R3400,2026-02-19 13:41:00,RET-BEN-000401,770200000001,263.00,263.00,UTILITY_PAYMENT,Utility Bill Payment,FTS,AE070330000220000000401,0.00,[]
LOC-OUT-0004006,QUOTE-LOC-OUT-0004006,COMPLETED,REF-LOC-OUT-0004006,ACC-R3400-001,OUTWARD,R3400,2026-03-22 13:41:00,RET-BEN-000401,770200000001,274.00,274.00,UTILITY_PAYMENT,Utility Bill Payment,FTS,AE070330000220000000401,0.00,[]
LOC-OUT-0004008,QUOTE-LOC-OUT-0004008,COMPLETED,REF-LOC-OUT-0004008,ACC-R3400-001,OUTWARD,R3400,2026-04-03 13:41:00,RET-BEN-000401,770200000001,285.00,285.00,UTILITY_PAYMENT,Utility Bill Payment,FTS,AE070330000220000000401,0.00,[]
LOC-OUT-0004010,QUOTE-LOC-OUT-0004010,COMPLETED,REF-LOC-OUT-0004010,ACC-R3400-001,OUTWARD,R3400,2026-05-06 13:41:00,RET-BEN-000401,770200000001,296.00,296.00,UTILITY_PAYMENT,Utility Bill Payment,FTS,AE070330000220000000401,0.00,[]
LOC-OUT-0004012,QUOTE-LOC-OUT-0004012,COMPLETED,REF-LOC-OUT-0004012,ACC-R3401-001,OUTWARD,R3401,2026-01-23 14:42:00,RET-BEN-000402,770200000001,269.00,269.00,UTILITY_PAYMENT,Utility Bill Payment,FTS,AE070330000220000000402,0.00,[]
LOC-OUT-0004014,QUOTE-LOC-OUT-0004014,COMPLETED,REF-LOC-OUT-0004014,ACC-R3401-001,OUTWARD,R3401,2026-02-04 14:42:00,RET-BEN-000402,770200000001,280.00,280.00,UTILITY_PAYMENT,Utility Bill Payment,FTS,AE070330000220000000402,0.00,[]
LOC-OUT-0004016,QUOTE-LOC-OUT-0004016,COMPLETED,REF-LOC-OUT-0004016,ACC-R3401-001,OUTWARD,R3401,2026-03-07 14:42:00,RET-BEN-000402,770200000001,291.00,291.00,UTILITY_PAYMENT,Utility Bill Payment,FTS,AE070330000220000000402,0.00,[]
LOC-OUT-0004018,QUOTE-LOC-OUT-0004018,COMPLETED,REF-LOC-OUT-0004018,ACC-R3401-001,OUTWARD,R3401,2026-04-10 14:42:00,RET-BEN-000402,770200000001,302.00,302.00,UTILITY_PAYMENT,Utility Bill Payment,FTS,AE070330000220000000402,0.00,[]
LOC-OUT-0004020,QUOTE-LOC-OUT-0004020,COMPLETED,REF-LOC-OUT-0004020,ACC-R3401-001,OUTWARD,R3401,2026-05-13 14:42:00,RET-BEN-000402,770200000001,313.00,313.00,UTILITY_PAYMENT,Utility Bill Payment,FTS,AE070330000220000000402,0.00,[]
LOC-OUT-0004022,QUOTE-LOC-OUT-0004022,COMPLETED,REF-LOC-OUT-0004022,ACC-R3402-001,OUTWARD,R3402,2026-01-08 15:43:00,RET-BEN-000403,770200000001,286.00,286.00,UTILITY_PAYMENT,Utility Bill Payment,FTS,AE070330000220000000403,0.00,[]
LOC-OUT-0004024,QUOTE-LOC-OUT-0004024,COMPLETED,REF-LOC-OUT-0004024,ACC-R3402-001,OUTWARD,R3402,2026-02-11 15:43:00,RET-BEN-000403,770200000001,297.00,297.00,UTILITY_PAYMENT,Utility Bill Payment,FTS,AE070330000220000000403,0.00,[]
LOC-OUT-0004026,QUOTE-LOC-OUT-0004026,COMPLETED,REF-LOC-OUT-0004026,ACC-R3402-001,OUTWARD,R3402,2026-03-14 15:43:00,RET-BEN-000403,770200000001,308.00,308.00,UTILITY_PAYMENT,Utility Bill Payment,FTS,AE070330000220000000403,0.00,[]
LOC-OUT-0004028,QUOTE-LOC-OUT-0004028,COMPLETED,REF-LOC-OUT-0004028,ACC-R3402-001,OUTWARD,R3402,2026-04-17 15:43:00,RET-BEN-000403,770200000001,319.00,319.00,UTILITY_PAYMENT,Utility Bill Payment,FTS,AE070330000220000000403,0.00,[]
LOC-OUT-0004030,QUOTE-LOC-OUT-0004030,COMPLETED,REF-LOC-OUT-0004030,ACC-R3402-001,OUTWARD,R3402,2026-05-20 15:43:00,RET-BEN-000403,770200000001,330.00,330.00,UTILITY_PAYMENT,Utility Bill Payment,FTS,AE070330000220000000403,0.00,[]
LOC-OUT-0004032,QUOTE-LOC-OUT-0004032,COMPLETED,REF-LOC-OUT-0004032,ACC-R3403-001,OUTWARD,R3403,2026-01-15 16:44:00,RET-BEN-000404,770200000001,303.00,303.00,UTILITY_PAYMENT,Utility Bill Payment,FTS,AE070330000220000000404,0.00,[]
LOC-OUT-0004034,QUOTE-LOC-OUT-0004034,COMPLETED,REF-LOC-OUT-0004034,ACC-R3403-001,OUTWARD,R3403,2026-02-18 16:44:00,RET-BEN-000404,770200000001,314.00,314.00,UTILITY_PAYMENT,Utility Bill Payment,FTS,AE070330000220000000404,0.00,[]
LOC-OUT-0004036,QUOTE-LOC-OUT-0004036,COMPLETED,REF-LOC-OUT-0004036,ACC-R3403-001,OUTWARD,R3403,2026-03-21 16:44:00,RET-BEN-000404,770200000001,325.00,325.00,UTILITY_PAYMENT,Utility Bill Payment,FTS,AE070330000220000000404,0.00,[]
LOC-OUT-0004038,QUOTE-LOC-OUT-0004038,COMPLETED,REF-LOC-OUT-0004038,ACC-R3403-001,OUTWARD,R3403,2026-04-24 16:44:00,RET-BEN-000404,770200000001,336.00,336.00,UTILITY_PAYMENT,Utility Bill Payment,FTS,AE070330000220000000404,0.00,[]
LOC-OUT-0004040,QUOTE-LOC-OUT-0004040,COMPLETED,REF-LOC-OUT-0004040,ACC-R3403-001,OUTWARD,R3403,2026-05-05 16:44:00,RET-BEN-000404,770200000001,347.00,347.00,UTILITY_PAYMENT,Utility Bill Payment,FTS,AE070330000220000000404,0.00,[]
LOC-OUT-0004042,QUOTE-LOC-OUT-0004042,COMPLETED,REF-LOC-OUT-0004042,ACC-R3404-001,OUTWARD,R3404,2026-01-22 17:45:00,RET-BEN-000405,770200000001,320.00,320.00,UTILITY_PAYMENT,Utility Bill Payment,FTS,AE070330000220000000405,0.00,[]
LOC-OUT-0004044,QUOTE-LOC-OUT-0004044,COMPLETED,REF-LOC-OUT-0004044,ACC-R3404-001,OUTWARD,R3404,2026-02-03 17:45:00,RET-BEN-000405,770200000001,331.00,331.00,UTILITY_PAYMENT,Utility Bill Payment,FTS,AE070330000220000000405,0.00,[]
LOC-OUT-0004046,QUOTE-LOC-OUT-0004046,COMPLETED,REF-LOC-OUT-0004046,ACC-R3404-001,OUTWARD,R3404,2026-03-06 17:45:00,RET-BEN-000405,770200000001,342.00,342.00,UTILITY_PAYMENT,Utility Bill Payment,FTS,AE070330000220000000405,0.00,[]
LOC-OUT-0004048,QUOTE-LOC-OUT-0004048,COMPLETED,REF-LOC-OUT-0004048,ACC-R3404-001,OUTWARD,R3404,2026-04-09 17:45:00,RET-BEN-000405,770200000001,87.00,87.00,UTILITY_PAYMENT,Utility Bill Payment,FTS,AE070330000220000000405,0.00,[]
LOC-OUT-0004050,QUOTE-LOC-OUT-0004050,COMPLETED,REF-LOC-OUT-0004050,ACC-R3404-001,OUTWARD,R3404,2026-05-12 17:45:00,RET-BEN-000405,770200000001,98.00,98.00,UTILITY_PAYMENT,Utility Bill Payment,FTS,AE070330000220000000405,0.00,[]
LOC-OUT-0004052,QUOTE-LOC-OUT-0004052,COMPLETED,REF-LOC-OUT-0004052,ACC-R3405-001,OUTWARD,R3405,2026-01-07 18:46:00,RET-BEN-000406,770200000001,337.00,337.00,UTILITY_PAYMENT,Utility Bill Payment,FTS,AE070330000220000000406,0.00,[]
LOC-OUT-0004054,QUOTE-LOC-OUT-0004054,COMPLETED,REF-LOC-OUT-0004054,ACC-R3405-001,OUTWARD,R3405,2026-02-10 18:46:00,RET-BEN-000406,770200000001,348.00,348.00,UTILITY_PAYMENT,Utility Bill Payment,FTS,AE070330000220000000406,0.00,[]
LOC-OUT-0004056,QUOTE-LOC-OUT-0004056,COMPLETED,REF-LOC-OUT-0004056,ACC-R3405-001,OUTWARD,R3405,2026-03-13 18:46:00,RET-BEN-000406,770200000001,93.00,93.00,UTILITY_PAYMENT,Utility Bill Payment,FTS,AE070330000220000000406,0.00,[]
LOC-OUT-0004058,QUOTE-LOC-OUT-0004058,COMPLETED,REF-LOC-OUT-0004058,ACC-R3405-001,OUTWARD,R3405,2026-04-16 18:46:00,RET-BEN-000406,770200000001,104.00,104.00,UTILITY_PAYMENT,Utility Bill Payment,FTS,AE070330000220000000406,0.00,[]
LOC-OUT-0004060,QUOTE-LOC-OUT-0004060,COMPLETED,REF-LOC-OUT-0004060,ACC-R3405-001,OUTWARD,R3405,2026-05-19 18:46:00,RET-BEN-000406,770200000001,115.00,115.00,UTILITY_PAYMENT,Utility Bill Payment,FTS,AE070330000220000000406,0.00,[]
LOC-OUT-0004062,QUOTE-LOC-OUT-0004062,COMPLETED,REF-LOC-OUT-0004062,ACC-R3406-001,OUTWARD,R3406,2026-01-14 08:47:00,RET-BEN-000407,770200000001,88.00,88.00,UTILITY_PAYMENT,Utility Bill Payment,FTS,AE070330000220000000407,0.00,[]
LOC-OUT-0004064,QUOTE-LOC-OUT-0004064,COMPLETED,REF-LOC-OUT-0004064,ACC-R3406-001,OUTWARD,R3406,2026-02-17 08:47:00,RET-BEN-000407,770200000001,99.00,99.00,UTILITY_PAYMENT,Utility Bill Payment,FTS,AE070330000220000000407,0.00,[]
LOC-OUT-0004066,QUOTE-LOC-OUT-0004066,COMPLETED,REF-LOC-OUT-0004066,ACC-R3406-001,OUTWARD,R3406,2026-03-20 08:47:00,RET-BEN-000407,770200000001,110.00,110.00,UTILITY_PAYMENT,Utility Bill Payment,FTS,AE070330000220000000407,0.00,[]
LOC-OUT-0004068,QUOTE-LOC-OUT-0004068,COMPLETED,REF-LOC-OUT-0004068,ACC-R3406-001,OUTWARD,R3406,2026-04-23 08:47:00,RET-BEN-000407,770200000001,121.00,121.00,UTILITY_PAYMENT,Utility Bill Payment,FTS,AE070330000220000000407,0.00,[]
LOC-OUT-0004070,QUOTE-LOC-OUT-0004070,COMPLETED,REF-LOC-OUT-0004070,ACC-R3406-001,OUTWARD,R3406,2026-05-04 08:47:00,RET-BEN-000407,770200000001,132.00,132.00,UTILITY_PAYMENT,Utility Bill Payment,FTS,AE070330000220000000407,0.00,[]
LOC-OUT-0004072,QUOTE-LOC-OUT-0004072,COMPLETED,REF-LOC-OUT-0004072,ACC-R3407-001,OUTWARD,R3407,2026-01-21 09:48:00,RET-BEN-000408,770200000001,105.00,105.00,UTILITY_PAYMENT,Utility Bill Payment,FTS,AE070330000220000000408,0.00,[]
LOC-OUT-0004074,QUOTE-LOC-OUT-0004074,COMPLETED,REF-LOC-OUT-0004074,ACC-R3407-001,OUTWARD,R3407,2026-02-24 09:48:00,RET-BEN-000408,770200000001,116.00,116.00,UTILITY_PAYMENT,Utility Bill Payment,FTS,AE070330000220000000408,0.00,[]
LOC-OUT-0004076,QUOTE-LOC-OUT-0004076,COMPLETED,REF-LOC-OUT-0004076,ACC-R3407-001,OUTWARD,R3407,2026-03-05 09:48:00,RET-BEN-000408,770200000001,127.00,127.00,UTILITY_PAYMENT,Utility Bill Payment,FTS,AE070330000220000000408,0.00,[]
LOC-OUT-0004078,QUOTE-LOC-OUT-0004078,COMPLETED,REF-LOC-OUT-0004078,ACC-R3407-001,OUTWARD,R3407,2026-04-08 09:48:00,RET-BEN-000408,770200000001,138.00,138.00,UTILITY_PAYMENT,Utility Bill Payment,FTS,AE070330000220000000408,0.00,[]
LOC-OUT-0004080,QUOTE-LOC-OUT-0004080,COMPLETED,REF-LOC-OUT-0004080,ACC-R3407-001,OUTWARD,R3407,2026-05-11 09:48:00,RET-BEN-000408,770200000001,149.00,149.00,UTILITY_PAYMENT,Utility Bill Payment,FTS,AE070330000220000000408,0.00,[]
LOC-OUT-0004082,QUOTE-LOC-OUT-0004082,COMPLETED,REF-LOC-OUT-0004082,ACC-R3408-001,OUTWARD,R3408,2026-01-06 10:49:00,RET-BEN-000409,770200000001,122.00,122.00,UTILITY_PAYMENT,Utility Bill Payment,FTS,AE070330000220000000409,0.00,[]
LOC-OUT-0004084,QUOTE-LOC-OUT-0004084,COMPLETED,REF-LOC-OUT-0004084,ACC-R3408-001,OUTWARD,R3408,2026-02-09 10:49:00,RET-BEN-000409,770200000001,133.00,133.00,UTILITY_PAYMENT,Utility Bill Payment,FTS,AE070330000220000000409,0.00,[]
LOC-OUT-0004086,QUOTE-LOC-OUT-0004086,COMPLETED,REF-LOC-OUT-0004086,ACC-R3408-001,OUTWARD,R3408,2026-03-12 10:49:00,RET-BEN-000409,770200000001,144.00,144.00,UTILITY_PAYMENT,Utility Bill Payment,FTS,AE070330000220000000409,0.00,[]
LOC-OUT-0004088,QUOTE-LOC-OUT-0004088,COMPLETED,REF-LOC-OUT-0004088,ACC-R3408-001,OUTWARD,R3408,2026-04-15 10:49:00,RET-BEN-000409,770200000001,155.00,155.00,UTILITY_PAYMENT,Utility Bill Payment,FTS,AE070330000220000000409,0.00,[]
LOC-OUT-0004090,QUOTE-LOC-OUT-0004090,COMPLETED,REF-LOC-OUT-0004090,ACC-R3408-001,OUTWARD,R3408,2026-05-18 10:49:00,RET-BEN-000409,770200000001,166.00,166.00,UTILITY_PAYMENT,Utility Bill Payment,FTS,AE070330000220000000409,0.00,[]
LOC-OUT-0004092,QUOTE-LOC-OUT-0004092,COMPLETED,REF-LOC-OUT-0004092,ACC-R3409-001,OUTWARD,R3409,2026-01-13 11:50:00,RET-BEN-000410,770200000001,139.00,139.00,UTILITY_PAYMENT,Utility Bill Payment,FTS,AE070330000220000000410,0.00,[]
LOC-OUT-0004094,QUOTE-LOC-OUT-0004094,COMPLETED,REF-LOC-OUT-0004094,ACC-R3409-001,OUTWARD,R3409,2026-02-16 11:50:00,RET-BEN-000410,770200000001,150.00,150.00,UTILITY_PAYMENT,Utility Bill Payment,FTS,AE070330000220000000410,0.00,[]
LOC-OUT-0004096,QUOTE-LOC-OUT-0004096,COMPLETED,REF-LOC-OUT-0004096,ACC-R3409-001,OUTWARD,R3409,2026-03-19 11:50:00,RET-BEN-000410,770200000001,161.00,161.00,UTILITY_PAYMENT,Utility Bill Payment,FTS,AE070330000220000000410,0.00,[]
LOC-OUT-0004098,QUOTE-LOC-OUT-0004098,COMPLETED,REF-LOC-OUT-0004098,ACC-R3409-001,OUTWARD,R3409,2026-04-22 11:50:00,RET-BEN-000410,770200000001,172.00,172.00,UTILITY_PAYMENT,Utility Bill Payment,FTS,AE070330000220000000410,0.00,[]
LOC-OUT-0004100,QUOTE-LOC-OUT-0004100,COMPLETED,REF-LOC-OUT-0004100,ACC-R3409-001,OUTWARD,R3409,2026-05-03 11:50:00,RET-BEN-000410,770200000001,183.00,183.00,UTILITY_PAYMENT,Utility Bill Payment,FTS,AE070330000220000000410,0.00,[]
LOC-OUT-0004102,QUOTE-LOC-OUT-0004102,COMPLETED,REF-LOC-OUT-0004102,ACC-R3410-001,OUTWARD,R3410,2026-01-20 12:51:00,RET-BEN-000411,770200000001,156.00,156.00,UTILITY_PAYMENT,Utility Bill Payment,FTS,AE070330000220000000411,0.00,[]
LOC-OUT-0004104,QUOTE-LOC-OUT-0004104,COMPLETED,REF-LOC-OUT-0004104,ACC-R3410-001,OUTWARD,R3410,2026-02-23 12:51:00,RET-BEN-000411,770200000001,167.00,167.00,UTILITY_PAYMENT,Utility Bill Payment,FTS,AE070330000220000000411,0.00,[]
LOC-OUT-0004106,QUOTE-LOC-OUT-0004106,COMPLETED,REF-LOC-OUT-0004106,ACC-R3410-001,OUTWARD,R3410,2026-03-04 12:51:00,RET-BEN-000411,770200000001,178.00,178.00,UTILITY_PAYMENT,Utility Bill Payment,FTS,AE070330000220000000411,0.00,[]
LOC-OUT-0004108,QUOTE-LOC-OUT-0004108,COMPLETED,REF-LOC-OUT-0004108,ACC-R3410-001,OUTWARD,R3410,2026-04-07 12:51:00,RET-BEN-000411,770200000001,189.00,189.00,UTILITY_PAYMENT,Utility Bill Payment,FTS,AE070330000220000000411,0.00,[]
LOC-OUT-0004110,QUOTE-LOC-OUT-0004110,COMPLETED,REF-LOC-OUT-0004110,ACC-R3410-001,OUTWARD,R3410,2026-05-10 12:51:00,RET-BEN-000411,770200000001,200.00,200.00,UTILITY_PAYMENT,Utility Bill Payment,FTS,AE070330000220000000411,0.00,[]
LOC-OUT-0004112,QUOTE-LOC-OUT-0004112,COMPLETED,REF-LOC-OUT-0004112,ACC-R3411-001,OUTWARD,R3411,2026-01-05 13:52:00,RET-BEN-000412,770200000001,173.00,173.00,UTILITY_PAYMENT,Utility Bill Payment,FTS,AE070330000220000000412,0.00,[]
LOC-OUT-0004114,QUOTE-LOC-OUT-0004114,COMPLETED,REF-LOC-OUT-0004114,ACC-R3411-001,OUTWARD,R3411,2026-02-08 13:52:00,RET-BEN-000412,770200000001,184.00,184.00,UTILITY_PAYMENT,Utility Bill Payment,FTS,AE070330000220000000412,0.00,[]
LOC-OUT-0004116,QUOTE-LOC-OUT-0004116,COMPLETED,REF-LOC-OUT-0004116,ACC-R3411-001,OUTWARD,R3411,2026-03-11 13:52:00,RET-BEN-000412,770200000001,195.00,195.00,UTILITY_PAYMENT,Utility Bill Payment,FTS,AE070330000220000000412,0.00,[]
LOC-OUT-0004118,QUOTE-LOC-OUT-0004118,COMPLETED,REF-LOC-OUT-0004118,ACC-R3411-001,OUTWARD,R3411,2026-04-14 13:52:00,RET-BEN-000412,770200000001,206.00,206.00,UTILITY_PAYMENT,Utility Bill Payment,FTS,AE070330000220000000412,0.00,[]
LOC-OUT-0004120,QUOTE-LOC-OUT-0004120,COMPLETED,REF-LOC-OUT-0004120,ACC-R3411-001,OUTWARD,R3411,2026-05-17 13:52:00,RET-BEN-000412,770200000001,217.00,217.00,UTILITY_PAYMENT,Utility Bill Payment,FTS,AE070330000220000000412,0.00,[]
LOC-OUT-0004122,QUOTE-LOC-OUT-0004122,COMPLETED,REF-LOC-OUT-0004122,ACC-R3412-001,OUTWARD,R3412,2026-01-12 14:53:00,RET-BEN-000413,770200000001,190.00,190.00,UTILITY_PAYMENT,Utility Bill Payment,FTS,AE070330000220000000413,0.00,[]
LOC-OUT-0004124,QUOTE-LOC-OUT-0004124,COMPLETED,REF-LOC-OUT-0004124,ACC-R3412-001,OUTWARD,R3412,2026-02-15 14:53:00,RET-BEN-000413,770200000001,201.00,201.00,UTILITY_PAYMENT,Utility Bill Payment,FTS,AE070330000220000000413,0.00,[]
LOC-OUT-0004126,QUOTE-LOC-OUT-0004126,COMPLETED,REF-LOC-OUT-0004126,ACC-R3412-001,OUTWARD,R3412,2026-03-18 14:53:00,RET-BEN-000413,770200000001,212.00,212.00,UTILITY_PAYMENT,Utility Bill Payment,FTS,AE070330000220000000413,0.00,[]
LOC-OUT-0004128,QUOTE-LOC-OUT-0004128,COMPLETED,REF-LOC-OUT-0004128,ACC-R3412-001,OUTWARD,R3412,2026-04-21 14:53:00,RET-BEN-000413,770200000001,223.00,223.00,UTILITY_PAYMENT,Utility Bill Payment,FTS,AE070330000220000000413,0.00,[]
LOC-OUT-0004130,QUOTE-LOC-OUT-0004130,COMPLETED,REF-LOC-OUT-0004130,ACC-R3412-001,OUTWARD,R3412,2026-05-24 14:53:00,RET-BEN-000413,770200000001,234.00,234.00,UTILITY_PAYMENT,Utility Bill Payment,FTS,AE070330000220000000413,0.00,[]
LOC-OUT-0004132,QUOTE-LOC-OUT-0004132,COMPLETED,REF-LOC-OUT-0004132,ACC-R3413-001,OUTWARD,R3413,2026-01-19 15:54:00,RET-BEN-000414,770200000001,207.00,207.00,UTILITY_PAYMENT,Utility Bill Payment,FTS,AE070330000220000000414,0.00,[]
LOC-OUT-0004134,QUOTE-LOC-OUT-0004134,COMPLETED,REF-LOC-OUT-0004134,ACC-R3413-001,OUTWARD,R3413,2026-02-22 15:54:00,RET-BEN-000414,770200000001,218.00,218.00,UTILITY_PAYMENT,Utility Bill Payment,FTS,AE070330000220000000414,0.00,[]
LOC-OUT-0004136,QUOTE-LOC-OUT-0004136,COMPLETED,REF-LOC-OUT-0004136,ACC-R3413-001,OUTWARD,R3413,2026-03-03 15:54:00,RET-BEN-000414,770200000001,229.00,229.00,UTILITY_PAYMENT,Utility Bill Payment,FTS,AE070330000220000000414,0.00,[]
LOC-OUT-0004138,QUOTE-LOC-OUT-0004138,COMPLETED,REF-LOC-OUT-0004138,ACC-R3413-001,OUTWARD,R3413,2026-04-06 15:54:00,RET-BEN-000414,770200000001,240.00,240.00,UTILITY_PAYMENT,Utility Bill Payment,FTS,AE070330000220000000414,0.00,[]
LOC-OUT-0004140,QUOTE-LOC-OUT-0004140,COMPLETED,REF-LOC-OUT-0004140,ACC-R3413-001,OUTWARD,R3413,2026-05-09 15:54:00,RET-BEN-000414,770200000001,251.00,251.00,UTILITY_PAYMENT,Utility Bill Payment,FTS,AE070330000220000000414,0.00,[]
LOC-OUT-0004142,QUOTE-LOC-OUT-0004142,COMPLETED,REF-LOC-OUT-0004142,ACC-R3414-001,OUTWARD,R3414,2026-01-04 16:55:00,RET-BEN-000415,770200000001,224.00,224.00,UTILITY_PAYMENT,Utility Bill Payment,FTS,AE070330000220000000415,0.00,[]
LOC-OUT-0004144,QUOTE-LOC-OUT-0004144,COMPLETED,REF-LOC-OUT-0004144,ACC-R3414-001,OUTWARD,R3414,2026-02-07 16:55:00,RET-BEN-000415,770200000001,235.00,235.00,UTILITY_PAYMENT,Utility Bill Payment,FTS,AE070330000220000000415,0.00,[]
LOC-OUT-0004146,QUOTE-LOC-OUT-0004146,COMPLETED,REF-LOC-OUT-0004146,ACC-R3414-001,OUTWARD,R3414,2026-03-10 16:55:00,RET-BEN-000415,770200000001,246.00,246.00,UTILITY_PAYMENT,Utility Bill Payment,FTS,AE070330000220000000415,0.00,[]
LOC-OUT-0004148,QUOTE-LOC-OUT-0004148,COMPLETED,REF-LOC-OUT-0004148,ACC-R3414-001,OUTWARD,R3414,2026-04-13 16:55:00,RET-BEN-000415,770200000001,257.00,257.00,UTILITY_PAYMENT,Utility Bill Payment,FTS,AE070330000220000000415,0.00,[]
LOC-OUT-0004150,QUOTE-LOC-OUT-0004150,COMPLETED,REF-LOC-OUT-0004150,ACC-R3414-001,OUTWARD,R3414,2026-05-16 16:55:00,RET-BEN-000415,770200000001,268.00,268.00,UTILITY_PAYMENT,Utility Bill Payment,FTS,AE070330000220000000415,0.00,[]
LOC-OUT-0004152,QUOTE-LOC-OUT-0004152,COMPLETED,REF-LOC-OUT-0004152,ACC-R3415-001,OUTWARD,R3415,2026-01-11 17:56:00,RET-BEN-000416,770200000001,241.00,241.00,UTILITY_PAYMENT,Utility Bill Payment,FTS,AE070330000220000000416,0.00,[]
LOC-OUT-0004154,QUOTE-LOC-OUT-0004154,COMPLETED,REF-LOC-OUT-0004154,ACC-R3415-001,OUTWARD,R3415,2026-02-14 17:56:00,RET-BEN-000416,770200000001,252.00,252.00,UTILITY_PAYMENT,Utility Bill Payment,FTS,AE070330000220000000416,0.00,[]
LOC-OUT-0004156,QUOTE-LOC-OUT-0004156,COMPLETED,REF-LOC-OUT-0004156,ACC-R3415-001,OUTWARD,R3415,2026-03-17 17:56:00,RET-BEN-000416,770200000001,263.00,263.00,UTILITY_PAYMENT,Utility Bill Payment,FTS,AE070330000220000000416,0.00,[]
LOC-OUT-0004158,QUOTE-LOC-OUT-0004158,COMPLETED,REF-LOC-OUT-0004158,ACC-R3415-001,OUTWARD,R3415,2026-04-20 17:56:00,RET-BEN-000416,770200000001,274.00,274.00,UTILITY_PAYMENT,Utility Bill Payment,FTS,AE070330000220000000416,0.00,[]
LOC-OUT-0004160,QUOTE-LOC-OUT-0004160,COMPLETED,REF-LOC-OUT-0004160,ACC-R3415-001,OUTWARD,R3415,2026-05-23 17:56:00,RET-BEN-000416,770200000001,285.00,285.00,UTILITY_PAYMENT,Utility Bill Payment,FTS,AE070330000220000000416,0.00,[]
LOC-OUT-0004162,QUOTE-LOC-OUT-0004162,COMPLETED,REF-LOC-OUT-0004162,ACC-R3416-001,OUTWARD,R3416,2026-01-18 18:57:00,RET-BEN-000417,770200000001,258.00,258.00,UTILITY_PAYMENT,Utility Bill Payment,FTS,AE070330000220000000417,0.00,[]
LOC-OUT-0004164,QUOTE-LOC-OUT-0004164,COMPLETED,REF-LOC-OUT-0004164,ACC-R3416-001,OUTWARD,R3416,2026-02-21 18:57:00,RET-BEN-000417,770200000001,269.00,269.00,UTILITY_PAYMENT,Utility Bill Payment,FTS,AE070330000220000000417,0.00,[]
LOC-OUT-0004166,QUOTE-LOC-OUT-0004166,COMPLETED,REF-LOC-OUT-0004166,ACC-R3416-001,OUTWARD,R3416,2026-03-24 18:57:00,RET-BEN-000417,770200000001,280.00,280.00,UTILITY_PAYMENT,Utility Bill Payment,FTS,AE070330000220000000417,0.00,[]
LOC-OUT-0004168,QUOTE-LOC-OUT-0004168,COMPLETED,REF-LOC-OUT-0004168,ACC-R3416-001,OUTWARD,R3416,2026-04-05 18:57:00,RET-BEN-000417,770200000001,291.00,291.00,UTILITY_PAYMENT,Utility Bill Payment,FTS,AE070330000220000000417,0.00,[]
LOC-OUT-0004170,QUOTE-LOC-OUT-0004170,COMPLETED,REF-LOC-OUT-0004170,ACC-R3416-001,OUTWARD,R3416,2026-05-08 18:57:00,RET-BEN-000417,770200000001,302.00,302.00,UTILITY_PAYMENT,Utility Bill Payment,FTS,AE070330000220000000417,0.00,[]
LOC-OUT-0004172,QUOTE-LOC-OUT-0004172,COMPLETED,REF-LOC-OUT-0004172,ACC-R3417-001,OUTWARD,R3417,2026-01-03 08:58:00,RET-BEN-000418,770200000001,275.00,275.00,UTILITY_PAYMENT,Utility Bill Payment,FTS,AE070330000220000000418,0.00,[]
LOC-OUT-0004174,QUOTE-LOC-OUT-0004174,COMPLETED,REF-LOC-OUT-0004174,ACC-R3417-001,OUTWARD,R3417,2026-02-06 08:58:00,RET-BEN-000418,770200000001,286.00,286.00,UTILITY_PAYMENT,Utility Bill Payment,FTS,AE070330000220000000418,0.00,[]
LOC-OUT-0004176,QUOTE-LOC-OUT-0004176,COMPLETED,REF-LOC-OUT-0004176,ACC-R3417-001,OUTWARD,R3417,2026-03-09 08:58:00,RET-BEN-000418,770200000001,297.00,297.00,UTILITY_PAYMENT,Utility Bill Payment,FTS,AE070330000220000000418,0.00,[]
LOC-OUT-0004178,QUOTE-LOC-OUT-0004178,COMPLETED,REF-LOC-OUT-0004178,ACC-R3417-001,OUTWARD,R3417,2026-04-12 08:58:00,RET-BEN-000418,770200000001,308.00,308.00,UTILITY_PAYMENT,Utility Bill Payment,FTS,AE070330000220000000418,0.00,[]
LOC-OUT-0004180,QUOTE-LOC-OUT-0004180,COMPLETED,REF-LOC-OUT-0004180,ACC-R3417-001,OUTWARD,R3417,2026-05-15 08:58:00,RET-BEN-000418,770200000001,319.00,319.00,UTILITY_PAYMENT,Utility Bill Payment,FTS,AE070330000220000000418,0.00,[]
LOC-OUT-0004182,QUOTE-LOC-OUT-0004182,COMPLETED,REF-LOC-OUT-0004182,ACC-R3418-001,OUTWARD,R3418,2026-01-10 09:59:00,RET-BEN-000419,770200000001,292.00,292.00,UTILITY_PAYMENT,Utility Bill Payment,FTS,AE070330000220000000419,0.00,[]
LOC-OUT-0004184,QUOTE-LOC-OUT-0004184,COMPLETED,REF-LOC-OUT-0004184,ACC-R3418-001,OUTWARD,R3418,2026-02-13 09:59:00,RET-BEN-000419,770200000001,303.00,303.00,UTILITY_PAYMENT,Utility Bill Payment,FTS,AE070330000220000000419,0.00,[]
LOC-OUT-0004186,QUOTE-LOC-OUT-0004186,COMPLETED,REF-LOC-OUT-0004186,ACC-R3418-001,OUTWARD,R3418,2026-03-16 09:59:00,RET-BEN-000419,770200000001,314.00,314.00,UTILITY_PAYMENT,Utility Bill Payment,FTS,AE070330000220000000419,0.00,[]
LOC-OUT-0004188,QUOTE-LOC-OUT-0004188,COMPLETED,REF-LOC-OUT-0004188,ACC-R3418-001,OUTWARD,R3418,2026-04-19 09:59:00,RET-BEN-000419,770200000001,325.00,325.00,UTILITY_PAYMENT,Utility Bill Payment,FTS,AE070330000220000000419,0.00,[]
LOC-OUT-0004190,QUOTE-LOC-OUT-0004190,COMPLETED,REF-LOC-OUT-0004190,ACC-R3418-001,OUTWARD,R3418,2026-05-22 09:59:00,RET-BEN-000419,770200000001,336.00,336.00,UTILITY_PAYMENT,Utility Bill Payment,FTS,AE070330000220000000419,0.00,[]
LOC-OUT-0004192,QUOTE-LOC-OUT-0004192,COMPLETED,REF-LOC-OUT-0004192,ACC-R3419-001,OUTWARD,R3419,2026-01-17 10:00:00,RET-BEN-000420,770200000001,309.00,309.00,UTILITY_PAYMENT,Utility Bill Payment,FTS,AE070330000220000000420,0.00,[]
LOC-OUT-0004194,QUOTE-LOC-OUT-0004194,COMPLETED,REF-LOC-OUT-0004194,ACC-R3419-001,OUTWARD,R3419,2026-02-20 10:00:00,RET-BEN-000420,770200000001,320.00,320.00,UTILITY_PAYMENT,Utility Bill Payment,FTS,AE070330000220000000420,0.00,[]
LOC-OUT-0004196,QUOTE-LOC-OUT-0004196,COMPLETED,REF-LOC-OUT-0004196,ACC-R3419-001,OUTWARD,R3419,2026-03-23 10:00:00,RET-BEN-000420,770200000001,331.00,331.00,UTILITY_PAYMENT,Utility Bill Payment,FTS,AE070330000220000000420,0.00,[]
LOC-OUT-0004198,QUOTE-LOC-OUT-0004198,COMPLETED,REF-LOC-OUT-0004198,ACC-R3419-001,OUTWARD,R3419,2026-04-04 10:00:00,RET-BEN-000420,770200000001,342.00,342.00,UTILITY_PAYMENT,Utility Bill Payment,FTS,AE070330000220000000420,0.00,[]
LOC-OUT-0004200,QUOTE-LOC-OUT-0004200,COMPLETED,REF-LOC-OUT-0004200,ACC-R3419-001,OUTWARD,R3419,2026-05-07 10:00:00,RET-BEN-000420,770200000001,87.00,87.00,UTILITY_PAYMENT,Utility Bill Payment,FTS,AE070330000220000000420,0.00,[]
LOC-OUT-0004202,QUOTE-LOC-OUT-0004202,COMPLETED,REF-LOC-OUT-0004202,ACC-R3420-001,OUTWARD,R3420,2026-01-24 11:01:00,RET-BEN-000421,770200000001,326.00,326.00,UTILITY_PAYMENT,Utility Bill Payment,FTS,AE070330000220000000421,0.00,[]
LOC-OUT-0004204,QUOTE-LOC-OUT-0004204,COMPLETED,REF-LOC-OUT-0004204,ACC-R3420-001,OUTWARD,R3420,2026-02-05 11:01:00,RET-BEN-000421,770200000001,337.00,337.00,UTILITY_PAYMENT,Utility Bill Payment,FTS,AE070330000220000000421,0.00,[]
LOC-OUT-0004206,QUOTE-LOC-OUT-0004206,COMPLETED,REF-LOC-OUT-0004206,ACC-R3420-001,OUTWARD,R3420,2026-03-08 11:01:00,RET-BEN-000421,770200000001,348.00,348.00,UTILITY_PAYMENT,Utility Bill Payment,FTS,AE070330000220000000421,0.00,[]
LOC-OUT-0004208,QUOTE-LOC-OUT-0004208,COMPLETED,REF-LOC-OUT-0004208,ACC-R3420-001,OUTWARD,R3420,2026-04-11 11:01:00,RET-BEN-000421,770200000001,93.00,93.00,UTILITY_PAYMENT,Utility Bill Payment,FTS,AE070330000220000000421,0.00,[]
LOC-OUT-0004210,QUOTE-LOC-OUT-0004210,COMPLETED,REF-LOC-OUT-0004210,ACC-R3420-001,OUTWARD,R3420,2026-05-14 11:01:00,RET-BEN-000421,770200000001,104.00,104.00,UTILITY_PAYMENT,Utility Bill Payment,FTS,AE070330000220000000421,0.00,[]
LOC-OUT-0004212,QUOTE-LOC-OUT-0004212,COMPLETED,REF-LOC-OUT-0004212,ACC-R3421-001,OUTWARD,R3421,2026-01-09 12:02:00,RET-BEN-000422,770200000001,343.00,343.00,UTILITY_PAYMENT,Utility Bill Payment,FTS,AE070330000220000000422,0.00,[]
LOC-OUT-0004214,QUOTE-LOC-OUT-0004214,COMPLETED,REF-LOC-OUT-0004214,ACC-R3421-001,OUTWARD,R3421,2026-02-12 12:02:00,RET-BEN-000422,770200000001,88.00,88.00,UTILITY_PAYMENT,Utility Bill Payment,FTS,AE070330000220000000422,0.00,[]
LOC-OUT-0004216,QUOTE-LOC-OUT-0004216,COMPLETED,REF-LOC-OUT-0004216,ACC-R3421-001,OUTWARD,R3421,2026-03-15 12:02:00,RET-BEN-000422,770200000001,99.00,99.00,UTILITY_PAYMENT,Utility Bill Payment,FTS,AE070330000220000000422,0.00,[]
LOC-OUT-0004218,QUOTE-LOC-OUT-0004218,COMPLETED,REF-LOC-OUT-0004218,ACC-R3421-001,OUTWARD,R3421,2026-04-18 12:02:00,RET-BEN-000422,770200000001,110.00,110.00,UTILITY_PAYMENT,Utility Bill Payment,FTS,AE070330000220000000422,0.00,[]
LOC-OUT-0004220,QUOTE-LOC-OUT-0004220,COMPLETED,REF-LOC-OUT-0004220,ACC-R3421-001,OUTWARD,R3421,2026-05-21 12:02:00,RET-BEN-000422,770200000001,121.00,121.00,UTILITY_PAYMENT,Utility Bill Payment,FTS,AE070330000220000000422,0.00,[]
LOC-OUT-0004222,QUOTE-LOC-OUT-0004222,COMPLETED,REF-LOC-OUT-0004222,ACC-R3422-001,OUTWARD,R3422,2026-01-16 13:03:00,RET-BEN-000423,770200000001,94.00,94.00,UTILITY_PAYMENT,Utility Bill Payment,FTS,AE070330000220000000423,0.00,[]
LOC-OUT-0004224,QUOTE-LOC-OUT-0004224,COMPLETED,REF-LOC-OUT-0004224,ACC-R3422-001,OUTWARD,R3422,2026-02-19 13:03:00,RET-BEN-000423,770200000001,105.00,105.00,UTILITY_PAYMENT,Utility Bill Payment,FTS,AE070330000220000000423,0.00,[]
LOC-OUT-0004226,QUOTE-LOC-OUT-0004226,COMPLETED,REF-LOC-OUT-0004226,ACC-R3422-001,OUTWARD,R3422,2026-03-22 13:03:00,RET-BEN-000423,770200000001,116.00,116.00,UTILITY_PAYMENT,Utility Bill Payment,FTS,AE070330000220000000423,0.00,[]
LOC-OUT-0004228,QUOTE-LOC-OUT-0004228,COMPLETED,REF-LOC-OUT-0004228,ACC-R3422-001,OUTWARD,R3422,2026-04-03 13:03:00,RET-BEN-000423,770200000001,127.00,127.00,UTILITY_PAYMENT,Utility Bill Payment,FTS,AE070330000220000000423,0.00,[]
LOC-OUT-0004230,QUOTE-LOC-OUT-0004230,COMPLETED,REF-LOC-OUT-0004230,ACC-R3422-001,OUTWARD,R3422,2026-05-06 13:03:00,RET-BEN-000423,770200000001,138.00,138.00,UTILITY_PAYMENT,Utility Bill Payment,FTS,AE070330000220000000423,0.00,[]
LOC-OUT-0004232,QUOTE-LOC-OUT-0004232,COMPLETED,REF-LOC-OUT-0004232,ACC-R3423-001,OUTWARD,R3423,2026-01-23 14:04:00,RET-BEN-000424,770200000001,111.00,111.00,UTILITY_PAYMENT,Utility Bill Payment,FTS,AE070330000220000000424,0.00,[]
LOC-OUT-0004234,QUOTE-LOC-OUT-0004234,COMPLETED,REF-LOC-OUT-0004234,ACC-R3423-001,OUTWARD,R3423,2026-02-04 14:04:00,RET-BEN-000424,770200000001,122.00,122.00,UTILITY_PAYMENT,Utility Bill Payment,FTS,AE070330000220000000424,0.00,[]
LOC-OUT-0004236,QUOTE-LOC-OUT-0004236,COMPLETED,REF-LOC-OUT-0004236,ACC-R3423-001,OUTWARD,R3423,2026-03-07 14:04:00,RET-BEN-000424,770200000001,133.00,133.00,UTILITY_PAYMENT,Utility Bill Payment,FTS,AE070330000220000000424,0.00,[]
LOC-OUT-0004238,QUOTE-LOC-OUT-0004238,COMPLETED,REF-LOC-OUT-0004238,ACC-R3423-001,OUTWARD,R3423,2026-04-10 14:04:00,RET-BEN-000424,770200000001,144.00,144.00,UTILITY_PAYMENT,Utility Bill Payment,FTS,AE070330000220000000424,0.00,[]
LOC-OUT-0004240,QUOTE-LOC-OUT-0004240,COMPLETED,REF-LOC-OUT-0004240,ACC-R3423-001,OUTWARD,R3423,2026-05-13 14:04:00,RET-BEN-000424,770200000001,155.00,155.00,UTILITY_PAYMENT,Utility Bill Payment,FTS,AE070330000220000000424,0.00,[]
LOC-OUT-0004242,QUOTE-LOC-OUT-0004242,COMPLETED,REF-LOC-OUT-0004242,ACC-R3424-001,OUTWARD,R3424,2026-01-08 15:05:00,RET-BEN-000425,770200000001,128.00,128.00,UTILITY_PAYMENT,Utility Bill Payment,FTS,AE070330000220000000425,0.00,[]
LOC-OUT-0004244,QUOTE-LOC-OUT-0004244,COMPLETED,REF-LOC-OUT-0004244,ACC-R3424-001,OUTWARD,R3424,2026-02-11 15:05:00,RET-BEN-000425,770200000001,139.00,139.00,UTILITY_PAYMENT,Utility Bill Payment,FTS,AE070330000220000000425,0.00,[]
LOC-OUT-0004246,QUOTE-LOC-OUT-0004246,COMPLETED,REF-LOC-OUT-0004246,ACC-R3424-001,OUTWARD,R3424,2026-03-14 15:05:00,RET-BEN-000425,770200000001,150.00,150.00,UTILITY_PAYMENT,Utility Bill Payment,FTS,AE070330000220000000425,0.00,[]
LOC-OUT-0004248,QUOTE-LOC-OUT-0004248,COMPLETED,REF-LOC-OUT-0004248,ACC-R3424-001,OUTWARD,R3424,2026-04-17 15:05:00,RET-BEN-000425,770200000001,161.00,161.00,UTILITY_PAYMENT,Utility Bill Payment,FTS,AE070330000220000000425,0.00,[]
LOC-OUT-0004250,QUOTE-LOC-OUT-0004250,COMPLETED,REF-LOC-OUT-0004250,ACC-R3424-001,OUTWARD,R3424,2026-05-20 15:05:00,RET-BEN-000425,770200000001,172.00,172.00,UTILITY_PAYMENT,Utility Bill Payment,FTS,AE070330000220000000425,0.00,[]
LOC-OUT-0004252,QUOTE-LOC-OUT-0004252,COMPLETED,REF-LOC-OUT-0004252,ACC-R3425-001,OUTWARD,R3425,2026-01-15 16:06:00,RET-BEN-000426,770200000001,145.00,145.00,UTILITY_PAYMENT,Utility Bill Payment,FTS,AE070330000220000000426,0.00,[]
LOC-OUT-0004254,QUOTE-LOC-OUT-0004254,COMPLETED,REF-LOC-OUT-0004254,ACC-R3425-001,OUTWARD,R3425,2026-02-18 16:06:00,RET-BEN-000426,770200000001,156.00,156.00,UTILITY_PAYMENT,Utility Bill Payment,FTS,AE070330000220000000426,0.00,[]
LOC-OUT-0004256,QUOTE-LOC-OUT-0004256,COMPLETED,REF-LOC-OUT-0004256,ACC-R3425-001,OUTWARD,R3425,2026-03-21 16:06:00,RET-BEN-000426,770200000001,167.00,167.00,UTILITY_PAYMENT,Utility Bill Payment,FTS,AE070330000220000000426,0.00,[]
LOC-OUT-0004258,QUOTE-LOC-OUT-0004258,COMPLETED,REF-LOC-OUT-0004258,ACC-R3425-001,OUTWARD,R3425,2026-04-24 16:06:00,RET-BEN-000426,770200000001,178.00,178.00,UTILITY_PAYMENT,Utility Bill Payment,FTS,AE070330000220000000426,0.00,[]
LOC-OUT-0004260,QUOTE-LOC-OUT-0004260,COMPLETED,REF-LOC-OUT-0004260,ACC-R3425-001,OUTWARD,R3425,2026-05-05 16:06:00,RET-BEN-000426,770200000001,189.00,189.00,UTILITY_PAYMENT,Utility Bill Payment,FTS,AE070330000220000000426,0.00,[]
LOC-OUT-0004262,QUOTE-LOC-OUT-0004262,COMPLETED,REF-LOC-OUT-0004262,ACC-R3426-001,OUTWARD,R3426,2026-01-22 17:07:00,RET-BEN-000427,770200000001,162.00,162.00,UTILITY_PAYMENT,Utility Bill Payment,FTS,AE070330000220000000427,0.00,[]
LOC-OUT-0004264,QUOTE-LOC-OUT-0004264,COMPLETED,REF-LOC-OUT-0004264,ACC-R3426-001,OUTWARD,R3426,2026-02-03 17:07:00,RET-BEN-000427,770200000001,173.00,173.00,UTILITY_PAYMENT,Utility Bill Payment,FTS,AE070330000220000000427,0.00,[]
LOC-OUT-0004266,QUOTE-LOC-OUT-0004266,COMPLETED,REF-LOC-OUT-0004266,ACC-R3426-001,OUTWARD,R3426,2026-03-06 17:07:00,RET-BEN-000427,770200000001,184.00,184.00,UTILITY_PAYMENT,Utility Bill Payment,FTS,AE070330000220000000427,0.00,[]
LOC-OUT-0004268,QUOTE-LOC-OUT-0004268,COMPLETED,REF-LOC-OUT-0004268,ACC-R3426-001,OUTWARD,R3426,2026-04-09 17:07:00,RET-BEN-000427,770200000001,195.00,195.00,UTILITY_PAYMENT,Utility Bill Payment,FTS,AE070330000220000000427,0.00,[]
LOC-OUT-0004270,QUOTE-LOC-OUT-0004270,COMPLETED,REF-LOC-OUT-0004270,ACC-R3426-001,OUTWARD,R3426,2026-05-12 17:07:00,RET-BEN-000427,770200000001,206.00,206.00,UTILITY_PAYMENT,Utility Bill Payment,FTS,AE070330000220000000427,0.00,[]
LOC-OUT-0004272,QUOTE-LOC-OUT-0004272,COMPLETED,REF-LOC-OUT-0004272,ACC-R3427-001,OUTWARD,R3427,2026-01-07 18:08:00,RET-BEN-000428,770200000001,179.00,179.00,UTILITY_PAYMENT,Utility Bill Payment,FTS,AE070330000220000000428,0.00,[]
LOC-OUT-0004274,QUOTE-LOC-OUT-0004274,COMPLETED,REF-LOC-OUT-0004274,ACC-R3427-001,OUTWARD,R3427,2026-02-10 18:08:00,RET-BEN-000428,770200000001,190.00,190.00,UTILITY_PAYMENT,Utility Bill Payment,FTS,AE070330000220000000428,0.00,[]
LOC-OUT-0004276,QUOTE-LOC-OUT-0004276,COMPLETED,REF-LOC-OUT-0004276,ACC-R3427-001,OUTWARD,R3427,2026-03-13 18:08:00,RET-BEN-000428,770200000001,201.00,201.00,UTILITY_PAYMENT,Utility Bill Payment,FTS,AE070330000220000000428,0.00,[]
LOC-OUT-0004278,QUOTE-LOC-OUT-0004278,COMPLETED,REF-LOC-OUT-0004278,ACC-R3427-001,OUTWARD,R3427,2026-04-16 18:08:00,RET-BEN-000428,770200000001,212.00,212.00,UTILITY_PAYMENT,Utility Bill Payment,FTS,AE070330000220000000428,0.00,[]
LOC-OUT-0004280,QUOTE-LOC-OUT-0004280,COMPLETED,REF-LOC-OUT-0004280,ACC-R3427-001,OUTWARD,R3427,2026-05-19 18:08:00,RET-BEN-000428,770200000001,223.00,223.00,UTILITY_PAYMENT,Utility Bill Payment,FTS,AE070330000220000000428,0.00,[]
LOC-OUT-0004282,QUOTE-LOC-OUT-0004282,COMPLETED,REF-LOC-OUT-0004282,ACC-R3428-001,OUTWARD,R3428,2026-01-14 08:09:00,RET-BEN-000429,770200000001,196.00,196.00,UTILITY_PAYMENT,Utility Bill Payment,FTS,AE070330000220000000429,0.00,[]
LOC-OUT-0004284,QUOTE-LOC-OUT-0004284,COMPLETED,REF-LOC-OUT-0004284,ACC-R3428-001,OUTWARD,R3428,2026-02-17 08:09:00,RET-BEN-000429,770200000001,207.00,207.00,UTILITY_PAYMENT,Utility Bill Payment,FTS,AE070330000220000000429,0.00,[]
LOC-OUT-0004286,QUOTE-LOC-OUT-0004286,COMPLETED,REF-LOC-OUT-0004286,ACC-R3428-001,OUTWARD,R3428,2026-03-20 08:09:00,RET-BEN-000429,770200000001,218.00,218.00,UTILITY_PAYMENT,Utility Bill Payment,FTS,AE070330000220000000429,0.00,[]
LOC-OUT-0004288,QUOTE-LOC-OUT-0004288,COMPLETED,REF-LOC-OUT-0004288,ACC-R3428-001,OUTWARD,R3428,2026-04-23 08:09:00,RET-BEN-000429,770200000001,229.00,229.00,UTILITY_PAYMENT,Utility Bill Payment,FTS,AE070330000220000000429,0.00,[]
LOC-OUT-0004290,QUOTE-LOC-OUT-0004290,COMPLETED,REF-LOC-OUT-0004290,ACC-R3428-001,OUTWARD,R3428,2026-05-04 08:09:00,RET-BEN-000429,770200000001,240.00,240.00,UTILITY_PAYMENT,Utility Bill Payment,FTS,AE070330000220000000429,0.00,[]
LOC-OUT-0004292,QUOTE-LOC-OUT-0004292,COMPLETED,REF-LOC-OUT-0004292,ACC-R3429-001,OUTWARD,R3429,2026-01-21 09:10:00,RET-BEN-000430,770200000001,213.00,213.00,UTILITY_PAYMENT,Utility Bill Payment,FTS,AE070330000220000000430,0.00,[]
LOC-OUT-0004294,QUOTE-LOC-OUT-0004294,COMPLETED,REF-LOC-OUT-0004294,ACC-R3429-001,OUTWARD,R3429,2026-02-24 09:10:00,RET-BEN-000430,770200000001,224.00,224.00,UTILITY_PAYMENT,Utility Bill Payment,FTS,AE070330000220000000430,0.00,[]
LOC-OUT-0004296,QUOTE-LOC-OUT-0004296,COMPLETED,REF-LOC-OUT-0004296,ACC-R3429-001,OUTWARD,R3429,2026-03-05 09:10:00,RET-BEN-000430,770200000001,235.00,235.00,UTILITY_PAYMENT,Utility Bill Payment,FTS,AE070330000220000000430,0.00,[]
LOC-OUT-0004298,QUOTE-LOC-OUT-0004298,COMPLETED,REF-LOC-OUT-0004298,ACC-R3429-001,OUTWARD,R3429,2026-04-08 09:10:00,RET-BEN-000430,770200000001,246.00,246.00,UTILITY_PAYMENT,Utility Bill Payment,FTS,AE070330000220000000430,0.00,[]
LOC-OUT-0004300,QUOTE-LOC-OUT-0004300,COMPLETED,REF-LOC-OUT-0004300,ACC-R3429-001,OUTWARD,R3429,2026-05-11 09:10:00,RET-BEN-000430,770200000001,257.00,257.00,UTILITY_PAYMENT,Utility Bill Payment,FTS,AE070330000220000000430,0.00,[]
LOC-OUT-0004302,QUOTE-LOC-OUT-0004302,COMPLETED,REF-LOC-OUT-0004302,ACC-R3430-001,OUTWARD,R3430,2026-01-06 10:11:00,RET-BEN-000431,770200000001,230.00,230.00,UTILITY_PAYMENT,Utility Bill Payment,FTS,AE070330000220000000431,0.00,[]
LOC-OUT-0004304,QUOTE-LOC-OUT-0004304,COMPLETED,REF-LOC-OUT-0004304,ACC-R3430-001,OUTWARD,R3430,2026-02-09 10:11:00,RET-BEN-000431,770200000001,241.00,241.00,UTILITY_PAYMENT,Utility Bill Payment,FTS,AE070330000220000000431,0.00,[]
LOC-OUT-0004306,QUOTE-LOC-OUT-0004306,COMPLETED,REF-LOC-OUT-0004306,ACC-R3430-001,OUTWARD,R3430,2026-03-12 10:11:00,RET-BEN-000431,770200000001,252.00,252.00,UTILITY_PAYMENT,Utility Bill Payment,FTS,AE070330000220000000431,0.00,[]
LOC-OUT-0004308,QUOTE-LOC-OUT-0004308,COMPLETED,REF-LOC-OUT-0004308,ACC-R3430-001,OUTWARD,R3430,2026-04-15 10:11:00,RET-BEN-000431,770200000001,263.00,263.00,UTILITY_PAYMENT,Utility Bill Payment,FTS,AE070330000220000000431,0.00,[]
LOC-OUT-0004310,QUOTE-LOC-OUT-0004310,COMPLETED,REF-LOC-OUT-0004310,ACC-R3430-001,OUTWARD,R3430,2026-05-18 10:11:00,RET-BEN-000431,770200000001,274.00,274.00,UTILITY_PAYMENT,Utility Bill Payment,FTS,AE070330000220000000431,0.00,[]
LOC-OUT-0004312,QUOTE-LOC-OUT-0004312,COMPLETED,REF-LOC-OUT-0004312,ACC-R3431-001,OUTWARD,R3431,2026-01-13 11:12:00,RET-BEN-000432,770200000001,247.00,247.00,UTILITY_PAYMENT,Utility Bill Payment,FTS,AE070330000220000000432,0.00,[]
LOC-OUT-0004314,QUOTE-LOC-OUT-0004314,COMPLETED,REF-LOC-OUT-0004314,ACC-R3431-001,OUTWARD,R3431,2026-02-16 11:12:00,RET-BEN-000432,770200000001,258.00,258.00,UTILITY_PAYMENT,Utility Bill Payment,FTS,AE070330000220000000432,0.00,[]
LOC-OUT-0004316,QUOTE-LOC-OUT-0004316,COMPLETED,REF-LOC-OUT-0004316,ACC-R3431-001,OUTWARD,R3431,2026-03-19 11:12:00,RET-BEN-000432,770200000001,269.00,269.00,UTILITY_PAYMENT,Utility Bill Payment,FTS,AE070330000220000000432,0.00,[]
LOC-OUT-0004318,QUOTE-LOC-OUT-0004318,COMPLETED,REF-LOC-OUT-0004318,ACC-R3431-001,OUTWARD,R3431,2026-04-22 11:12:00,RET-BEN-000432,770200000001,280.00,280.00,UTILITY_PAYMENT,Utility Bill Payment,FTS,AE070330000220000000432,0.00,[]
LOC-OUT-0004320,QUOTE-LOC-OUT-0004320,COMPLETED,REF-LOC-OUT-0004320,ACC-R3431-001,OUTWARD,R3431,2026-05-03 11:12:00,RET-BEN-000432,770200000001,291.00,291.00,UTILITY_PAYMENT,Utility Bill Payment,FTS,AE070330000220000000432,0.00,[]
LOC-OUT-0004322,QUOTE-LOC-OUT-0004322,COMPLETED,REF-LOC-OUT-0004322,ACC-R3432-001,OUTWARD,R3432,2026-01-20 12:13:00,RET-BEN-000433,770200000001,264.00,264.00,UTILITY_PAYMENT,Utility Bill Payment,FTS,AE070330000220000000433,0.00,[]
LOC-OUT-0004324,QUOTE-LOC-OUT-0004324,COMPLETED,REF-LOC-OUT-0004324,ACC-R3432-001,OUTWARD,R3432,2026-02-23 12:13:00,RET-BEN-000433,770200000001,275.00,275.00,UTILITY_PAYMENT,Utility Bill Payment,FTS,AE070330000220000000433,0.00,[]
LOC-OUT-0004326,QUOTE-LOC-OUT-0004326,COMPLETED,REF-LOC-OUT-0004326,ACC-R3432-001,OUTWARD,R3432,2026-03-04 12:13:00,RET-BEN-000433,770200000001,286.00,286.00,UTILITY_PAYMENT,Utility Bill Payment,FTS,AE070330000220000000433,0.00,[]
LOC-OUT-0004328,QUOTE-LOC-OUT-0004328,COMPLETED,REF-LOC-OUT-0004328,ACC-R3432-001,OUTWARD,R3432,2026-04-07 12:13:00,RET-BEN-000433,770200000001,297.00,297.00,UTILITY_PAYMENT,Utility Bill Payment,FTS,AE070330000220000000433,0.00,[]
LOC-OUT-0004330,QUOTE-LOC-OUT-0004330,COMPLETED,REF-LOC-OUT-0004330,ACC-R3432-001,OUTWARD,R3432,2026-05-10 12:13:00,RET-BEN-000433,770200000001,308.00,308.00,UTILITY_PAYMENT,Utility Bill Payment,FTS,AE070330000220000000433,0.00,[]
LOC-OUT-0004332,QUOTE-LOC-OUT-0004332,COMPLETED,REF-LOC-OUT-0004332,ACC-R3433-001,OUTWARD,R3433,2026-01-05 13:14:00,RET-BEN-000434,770200000001,281.00,281.00,UTILITY_PAYMENT,Utility Bill Payment,FTS,AE070330000220000000434,0.00,[]
LOC-OUT-0004334,QUOTE-LOC-OUT-0004334,COMPLETED,REF-LOC-OUT-0004334,ACC-R3433-001,OUTWARD,R3433,2026-02-08 13:14:00,RET-BEN-000434,770200000001,292.00,292.00,UTILITY_PAYMENT,Utility Bill Payment,FTS,AE070330000220000000434,0.00,[]
LOC-OUT-0004336,QUOTE-LOC-OUT-0004336,COMPLETED,REF-LOC-OUT-0004336,ACC-R3433-001,OUTWARD,R3433,2026-03-11 13:14:00,RET-BEN-000434,770200000001,303.00,303.00,UTILITY_PAYMENT,Utility Bill Payment,FTS,AE070330000220000000434,0.00,[]
LOC-OUT-0004338,QUOTE-LOC-OUT-0004338,COMPLETED,REF-LOC-OUT-0004338,ACC-R3433-001,OUTWARD,R3433,2026-04-14 13:14:00,RET-BEN-000434,770200000001,314.00,314.00,UTILITY_PAYMENT,Utility Bill Payment,FTS,AE070330000220000000434,0.00,[]
LOC-OUT-0004340,QUOTE-LOC-OUT-0004340,COMPLETED,REF-LOC-OUT-0004340,ACC-R3433-001,OUTWARD,R3433,2026-05-17 13:14:00,RET-BEN-000434,770200000001,325.00,325.00,UTILITY_PAYMENT,Utility Bill Payment,FTS,AE070330000220000000434,0.00,[]
LOC-OUT-0004342,QUOTE-LOC-OUT-0004342,COMPLETED,REF-LOC-OUT-0004342,ACC-R3434-001,OUTWARD,R3434,2026-01-12 14:15:00,RET-BEN-000435,770200000001,298.00,298.00,UTILITY_PAYMENT,Utility Bill Payment,FTS,AE070330000220000000435,0.00,[]
LOC-OUT-0004344,QUOTE-LOC-OUT-0004344,COMPLETED,REF-LOC-OUT-0004344,ACC-R3434-001,OUTWARD,R3434,2026-02-15 14:15:00,RET-BEN-000435,770200000001,309.00,309.00,UTILITY_PAYMENT,Utility Bill Payment,FTS,AE070330000220000000435,0.00,[]
LOC-OUT-0004346,QUOTE-LOC-OUT-0004346,COMPLETED,REF-LOC-OUT-0004346,ACC-R3434-001,OUTWARD,R3434,2026-03-18 14:15:00,RET-BEN-000435,770200000001,320.00,320.00,UTILITY_PAYMENT,Utility Bill Payment,FTS,AE070330000220000000435,0.00,[]
LOC-OUT-0004348,QUOTE-LOC-OUT-0004348,COMPLETED,REF-LOC-OUT-0004348,ACC-R3434-001,OUTWARD,R3434,2026-04-21 14:15:00,RET-BEN-000435,770200000001,331.00,331.00,UTILITY_PAYMENT,Utility Bill Payment,FTS,AE070330000220000000435,0.00,[]
LOC-OUT-0004350,QUOTE-LOC-OUT-0004350,COMPLETED,REF-LOC-OUT-0004350,ACC-R3434-001,OUTWARD,R3434,2026-05-24 14:15:00,RET-BEN-000435,770200000001,342.00,342.00,UTILITY_PAYMENT,Utility Bill Payment,FTS,AE070330000220000000435,0.00,[]
LOC-OUT-0004352,QUOTE-LOC-OUT-0004352,COMPLETED,REF-LOC-OUT-0004352,ACC-R3435-001,OUTWARD,R3435,2026-01-19 15:16:00,RET-BEN-000436,770200000001,315.00,315.00,UTILITY_PAYMENT,Utility Bill Payment,FTS,AE070330000220000000436,0.00,[]
LOC-OUT-0004354,QUOTE-LOC-OUT-0004354,COMPLETED,REF-LOC-OUT-0004354,ACC-R3435-001,OUTWARD,R3435,2026-02-22 15:16:00,RET-BEN-000436,770200000001,326.00,326.00,UTILITY_PAYMENT,Utility Bill Payment,FTS,AE070330000220000000436,0.00,[]
LOC-OUT-0004356,QUOTE-LOC-OUT-0004356,COMPLETED,REF-LOC-OUT-0004356,ACC-R3435-001,OUTWARD,R3435,2026-03-03 15:16:00,RET-BEN-000436,770200000001,337.00,337.00,UTILITY_PAYMENT,Utility Bill Payment,FTS,AE070330000220000000436,0.00,[]
LOC-OUT-0004358,QUOTE-LOC-OUT-0004358,COMPLETED,REF-LOC-OUT-0004358,ACC-R3435-001,OUTWARD,R3435,2026-04-06 15:16:00,RET-BEN-000436,770200000001,348.00,348.00,UTILITY_PAYMENT,Utility Bill Payment,FTS,AE070330000220000000436,0.00,[]
LOC-OUT-0004360,QUOTE-LOC-OUT-0004360,COMPLETED,REF-LOC-OUT-0004360,ACC-R3435-001,OUTWARD,R3435,2026-05-09 15:16:00,RET-BEN-000436,770200000001,93.00,93.00,UTILITY_PAYMENT,Utility Bill Payment,FTS,AE070330000220000000436,0.00,[]
LOC-OUT-0004362,QUOTE-LOC-OUT-0004362,COMPLETED,REF-LOC-OUT-0004362,ACC-R3436-001,OUTWARD,R3436,2026-01-04 16:17:00,RET-BEN-000437,770200000001,332.00,332.00,UTILITY_PAYMENT,Utility Bill Payment,FTS,AE070330000220000000437,0.00,[]
LOC-OUT-0004364,QUOTE-LOC-OUT-0004364,COMPLETED,REF-LOC-OUT-0004364,ACC-R3436-001,OUTWARD,R3436,2026-02-07 16:17:00,RET-BEN-000437,770200000001,343.00,343.00,UTILITY_PAYMENT,Utility Bill Payment,FTS,AE070330000220000000437,0.00,[]
LOC-OUT-0004366,QUOTE-LOC-OUT-0004366,COMPLETED,REF-LOC-OUT-0004366,ACC-R3436-001,OUTWARD,R3436,2026-03-10 16:17:00,RET-BEN-000437,770200000001,88.00,88.00,UTILITY_PAYMENT,Utility Bill Payment,FTS,AE070330000220000000437,0.00,[]
LOC-OUT-0004368,QUOTE-LOC-OUT-0004368,COMPLETED,REF-LOC-OUT-0004368,ACC-R3436-001,OUTWARD,R3436,2026-04-13 16:17:00,RET-BEN-000437,770200000001,99.00,99.00,UTILITY_PAYMENT,Utility Bill Payment,FTS,AE070330000220000000437,0.00,[]
LOC-OUT-0004370,QUOTE-LOC-OUT-0004370,COMPLETED,REF-LOC-OUT-0004370,ACC-R3436-001,OUTWARD,R3436,2026-05-16 16:17:00,RET-BEN-000437,770200000001,110.00,110.00,UTILITY_PAYMENT,Utility Bill Payment,FTS,AE070330000220000000437,0.00,[]
LOC-OUT-0004372,QUOTE-LOC-OUT-0004372,COMPLETED,REF-LOC-OUT-0004372,ACC-R3437-001,OUTWARD,R3437,2026-01-11 17:18:00,RET-BEN-000438,770200000001,349.00,349.00,UTILITY_PAYMENT,Utility Bill Payment,FTS,AE070330000220000000438,0.00,[]
LOC-OUT-0004374,QUOTE-LOC-OUT-0004374,COMPLETED,REF-LOC-OUT-0004374,ACC-R3437-001,OUTWARD,R3437,2026-02-14 17:18:00,RET-BEN-000438,770200000001,94.00,94.00,UTILITY_PAYMENT,Utility Bill Payment,FTS,AE070330000220000000438,0.00,[]
LOC-OUT-0004376,QUOTE-LOC-OUT-0004376,COMPLETED,REF-LOC-OUT-0004376,ACC-R3437-001,OUTWARD,R3437,2026-03-17 17:18:00,RET-BEN-000438,770200000001,105.00,105.00,UTILITY_PAYMENT,Utility Bill Payment,FTS,AE070330000220000000438,0.00,[]
LOC-OUT-0004378,QUOTE-LOC-OUT-0004378,COMPLETED,REF-LOC-OUT-0004378,ACC-R3437-001,OUTWARD,R3437,2026-04-20 17:18:00,RET-BEN-000438,770200000001,116.00,116.00,UTILITY_PAYMENT,Utility Bill Payment,FTS,AE070330000220000000438,0.00,[]
LOC-OUT-0004380,QUOTE-LOC-OUT-0004380,COMPLETED,REF-LOC-OUT-0004380,ACC-R3437-001,OUTWARD,R3437,2026-05-23 17:18:00,RET-BEN-000438,770200000001,127.00,127.00,UTILITY_PAYMENT,Utility Bill Payment,FTS,AE070330000220000000438,0.00,[]
LOC-OUT-0004382,QUOTE-LOC-OUT-0004382,COMPLETED,REF-LOC-OUT-0004382,ACC-R3438-001,OUTWARD,R3438,2026-01-18 18:19:00,RET-BEN-000439,770200000001,100.00,100.00,UTILITY_PAYMENT,Utility Bill Payment,FTS,AE070330000220000000439,0.00,[]
LOC-OUT-0004384,QUOTE-LOC-OUT-0004384,COMPLETED,REF-LOC-OUT-0004384,ACC-R3438-001,OUTWARD,R3438,2026-02-21 18:19:00,RET-BEN-000439,770200000001,111.00,111.00,UTILITY_PAYMENT,Utility Bill Payment,FTS,AE070330000220000000439,0.00,[]
LOC-OUT-0004386,QUOTE-LOC-OUT-0004386,COMPLETED,REF-LOC-OUT-0004386,ACC-R3438-001,OUTWARD,R3438,2026-03-24 18:19:00,RET-BEN-000439,770200000001,122.00,122.00,UTILITY_PAYMENT,Utility Bill Payment,FTS,AE070330000220000000439,0.00,[]
LOC-OUT-0004388,QUOTE-LOC-OUT-0004388,COMPLETED,REF-LOC-OUT-0004388,ACC-R3438-001,OUTWARD,R3438,2026-04-05 18:19:00,RET-BEN-000439,770200000001,133.00,133.00,UTILITY_PAYMENT,Utility Bill Payment,FTS,AE070330000220000000439,0.00,[]
LOC-OUT-0004390,QUOTE-LOC-OUT-0004390,COMPLETED,REF-LOC-OUT-0004390,ACC-R3438-001,OUTWARD,R3438,2026-05-08 18:19:00,RET-BEN-000439,770200000001,144.00,144.00,UTILITY_PAYMENT,Utility Bill Payment,FTS,AE070330000220000000439,0.00,[]
LOC-OUT-0004392,QUOTE-LOC-OUT-0004392,COMPLETED,REF-LOC-OUT-0004392,ACC-R3439-001,OUTWARD,R3439,2026-01-03 08:20:00,RET-BEN-000440,770200000001,117.00,117.00,UTILITY_PAYMENT,Utility Bill Payment,FTS,AE070330000220000000440,0.00,[]
LOC-OUT-0004394,QUOTE-LOC-OUT-0004394,COMPLETED,REF-LOC-OUT-0004394,ACC-R3439-001,OUTWARD,R3439,2026-02-06 08:20:00,RET-BEN-000440,770200000001,128.00,128.00,UTILITY_PAYMENT,Utility Bill Payment,FTS,AE070330000220000000440,0.00,[]
LOC-OUT-0004396,QUOTE-LOC-OUT-0004396,COMPLETED,REF-LOC-OUT-0004396,ACC-R3439-001,OUTWARD,R3439,2026-03-09 08:20:00,RET-BEN-000440,770200000001,139.00,139.00,UTILITY_PAYMENT,Utility Bill Payment,FTS,AE070330000220000000440,0.00,[]
LOC-OUT-0004398,QUOTE-LOC-OUT-0004398,COMPLETED,REF-LOC-OUT-0004398,ACC-R3439-001,OUTWARD,R3439,2026-04-12 08:20:00,RET-BEN-000440,770200000001,150.00,150.00,UTILITY_PAYMENT,Utility Bill Payment,FTS,AE070330000220000000440,0.00,[]
LOC-OUT-0004400,QUOTE-LOC-OUT-0004400,COMPLETED,REF-LOC-OUT-0004400,ACC-R3439-001,OUTWARD,R3439,2026-05-15 08:20:00,RET-BEN-000440,770200000001,161.00,161.00,UTILITY_PAYMENT,Utility Bill Payment,FTS,AE070330000220000000440,0.00,[]
LOC-OUT-0004402,QUOTE-LOC-OUT-0004402,COMPLETED,REF-LOC-OUT-0004402,ACC-R3440-001,OUTWARD,R3440,2026-01-10 09:21:00,RET-BEN-000441,770200000001,134.00,134.00,UTILITY_PAYMENT,Utility Bill Payment,FTS,AE070330000220000000441,0.00,[]
LOC-OUT-0004404,QUOTE-LOC-OUT-0004404,COMPLETED,REF-LOC-OUT-0004404,ACC-R3440-001,OUTWARD,R3440,2026-02-13 09:21:00,RET-BEN-000441,770200000001,145.00,145.00,UTILITY_PAYMENT,Utility Bill Payment,FTS,AE070330000220000000441,0.00,[]
LOC-OUT-0004406,QUOTE-LOC-OUT-0004406,COMPLETED,REF-LOC-OUT-0004406,ACC-R3440-001,OUTWARD,R3440,2026-03-16 09:21:00,RET-BEN-000441,770200000001,156.00,156.00,UTILITY_PAYMENT,Utility Bill Payment,FTS,AE070330000220000000441,0.00,[]
LOC-OUT-0004408,QUOTE-LOC-OUT-0004408,COMPLETED,REF-LOC-OUT-0004408,ACC-R3440-001,OUTWARD,R3440,2026-04-19 09:21:00,RET-BEN-000441,770200000001,167.00,167.00,UTILITY_PAYMENT,Utility Bill Payment,FTS,AE070330000220000000441,0.00,[]
LOC-OUT-0004410,QUOTE-LOC-OUT-0004410,COMPLETED,REF-LOC-OUT-0004410,ACC-R3440-001,OUTWARD,R3440,2026-05-22 09:21:00,RET-BEN-000441,770200000001,178.00,178.00,UTILITY_PAYMENT,Utility Bill Payment,FTS,AE070330000220000000441,0.00,[]
LOC-OUT-0004412,QUOTE-LOC-OUT-0004412,COMPLETED,REF-LOC-OUT-0004412,ACC-R3441-001,OUTWARD,R3441,2026-01-17 10:22:00,RET-BEN-000442,770200000001,151.00,151.00,UTILITY_PAYMENT,Utility Bill Payment,FTS,AE070330000220000000442,0.00,[]
LOC-OUT-0004414,QUOTE-LOC-OUT-0004414,COMPLETED,REF-LOC-OUT-0004414,ACC-R3441-001,OUTWARD,R3441,2026-02-20 10:22:00,RET-BEN-000442,770200000001,162.00,162.00,UTILITY_PAYMENT,Utility Bill Payment,FTS,AE070330000220000000442,0.00,[]
LOC-OUT-0004416,QUOTE-LOC-OUT-0004416,COMPLETED,REF-LOC-OUT-0004416,ACC-R3441-001,OUTWARD,R3441,2026-03-23 10:22:00,RET-BEN-000442,770200000001,173.00,173.00,UTILITY_PAYMENT,Utility Bill Payment,FTS,AE070330000220000000442,0.00,[]
LOC-OUT-0004418,QUOTE-LOC-OUT-0004418,COMPLETED,REF-LOC-OUT-0004418,ACC-R3441-001,OUTWARD,R3441,2026-04-04 10:22:00,RET-BEN-000442,770200000001,184.00,184.00,UTILITY_PAYMENT,Utility Bill Payment,FTS,AE070330000220000000442,0.00,[]
LOC-OUT-0004420,QUOTE-LOC-OUT-0004420,COMPLETED,REF-LOC-OUT-0004420,ACC-R3441-001,OUTWARD,R3441,2026-05-07 10:22:00,RET-BEN-000442,770200000001,195.00,195.00,UTILITY_PAYMENT,Utility Bill Payment,FTS,AE070330000220000000442,0.00,[]
LOC-OUT-0004422,QUOTE-LOC-OUT-0004422,COMPLETED,REF-LOC-OUT-0004422,ACC-R3442-001,OUTWARD,R3442,2026-01-24 11:23:00,RET-BEN-000443,770200000001,168.00,168.00,UTILITY_PAYMENT,Utility Bill Payment,FTS,AE070330000220000000443,0.00,[]
LOC-OUT-0004424,QUOTE-LOC-OUT-0004424,COMPLETED,REF-LOC-OUT-0004424,ACC-R3442-001,OUTWARD,R3442,2026-02-05 11:23:00,RET-BEN-000443,770200000001,179.00,179.00,UTILITY_PAYMENT,Utility Bill Payment,FTS,AE070330000220000000443,0.00,[]
LOC-OUT-0004426,QUOTE-LOC-OUT-0004426,COMPLETED,REF-LOC-OUT-0004426,ACC-R3442-001,OUTWARD,R3442,2026-03-08 11:23:00,RET-BEN-000443,770200000001,190.00,190.00,UTILITY_PAYMENT,Utility Bill Payment,FTS,AE070330000220000000443,0.00,[]
LOC-OUT-0004428,QUOTE-LOC-OUT-0004428,COMPLETED,REF-LOC-OUT-0004428,ACC-R3442-001,OUTWARD,R3442,2026-04-11 11:23:00,RET-BEN-000443,770200000001,201.00,201.00,UTILITY_PAYMENT,Utility Bill Payment,FTS,AE070330000220000000443,0.00,[]
LOC-OUT-0004430,QUOTE-LOC-OUT-0004430,COMPLETED,REF-LOC-OUT-0004430,ACC-R3442-001,OUTWARD,R3442,2026-05-14 11:23:00,RET-BEN-000443,770200000001,212.00,212.00,UTILITY_PAYMENT,Utility Bill Payment,FTS,AE070330000220000000443,0.00,[]
LOC-OUT-0004432,QUOTE-LOC-OUT-0004432,COMPLETED,REF-LOC-OUT-0004432,ACC-R3443-001,OUTWARD,R3443,2026-01-09 12:24:00,RET-BEN-000444,770200000001,185.00,185.00,UTILITY_PAYMENT,Utility Bill Payment,FTS,AE070330000220000000444,0.00,[]
LOC-OUT-0004434,QUOTE-LOC-OUT-0004434,COMPLETED,REF-LOC-OUT-0004434,ACC-R3443-001,OUTWARD,R3443,2026-02-12 12:24:00,RET-BEN-000444,770200000001,196.00,196.00,UTILITY_PAYMENT,Utility Bill Payment,FTS,AE070330000220000000444,0.00,[]
LOC-OUT-0004436,QUOTE-LOC-OUT-0004436,COMPLETED,REF-LOC-OUT-0004436,ACC-R3443-001,OUTWARD,R3443,2026-03-15 12:24:00,RET-BEN-000444,770200000001,207.00,207.00,UTILITY_PAYMENT,Utility Bill Payment,FTS,AE070330000220000000444,0.00,[]
LOC-OUT-0004438,QUOTE-LOC-OUT-0004438,COMPLETED,REF-LOC-OUT-0004438,ACC-R3443-001,OUTWARD,R3443,2026-04-18 12:24:00,RET-BEN-000444,770200000001,218.00,218.00,UTILITY_PAYMENT,Utility Bill Payment,FTS,AE070330000220000000444,0.00,[]
LOC-OUT-0004440,QUOTE-LOC-OUT-0004440,COMPLETED,REF-LOC-OUT-0004440,ACC-R3443-001,OUTWARD,R3443,2026-05-21 12:24:00,RET-BEN-000444,770200000001,229.00,229.00,UTILITY_PAYMENT,Utility Bill Payment,FTS,AE070330000220000000444,0.00,[]
LOC-OUT-0004442,QUOTE-LOC-OUT-0004442,COMPLETED,REF-LOC-OUT-0004442,ACC-R3444-001,OUTWARD,R3444,2026-01-16 13:25:00,RET-BEN-000445,770200000001,202.00,202.00,UTILITY_PAYMENT,Utility Bill Payment,FTS,AE070330000220000000445,0.00,[]
LOC-OUT-0004444,QUOTE-LOC-OUT-0004444,COMPLETED,REF-LOC-OUT-0004444,ACC-R3444-001,OUTWARD,R3444,2026-02-19 13:25:00,RET-BEN-000445,770200000001,213.00,213.00,UTILITY_PAYMENT,Utility Bill Payment,FTS,AE070330000220000000445,0.00,[]
LOC-OUT-0004446,QUOTE-LOC-OUT-0004446,COMPLETED,REF-LOC-OUT-0004446,ACC-R3444-001,OUTWARD,R3444,2026-03-22 13:25:00,RET-BEN-000445,770200000001,224.00,224.00,UTILITY_PAYMENT,Utility Bill Payment,FTS,AE070330000220000000445,0.00,[]
LOC-OUT-0004448,QUOTE-LOC-OUT-0004448,COMPLETED,REF-LOC-OUT-0004448,ACC-R3444-001,OUTWARD,R3444,2026-04-03 13:25:00,RET-BEN-000445,770200000001,235.00,235.00,UTILITY_PAYMENT,Utility Bill Payment,FTS,AE070330000220000000445,0.00,[]
LOC-OUT-0004450,QUOTE-LOC-OUT-0004450,COMPLETED,REF-LOC-OUT-0004450,ACC-R3444-001,OUTWARD,R3444,2026-05-06 13:25:00,RET-BEN-000445,770200000001,246.00,246.00,UTILITY_PAYMENT,Utility Bill Payment,FTS,AE070330000220000000445,0.00,[]
LOC-OUT-0004452,QUOTE-LOC-OUT-0004452,COMPLETED,REF-LOC-OUT-0004452,ACC-R3445-001,OUTWARD,R3445,2026-01-23 14:26:00,RET-BEN-000446,770200000001,219.00,219.00,UTILITY_PAYMENT,Utility Bill Payment,FTS,AE070330000220000000446,0.00,[]
LOC-OUT-0004454,QUOTE-LOC-OUT-0004454,COMPLETED,REF-LOC-OUT-0004454,ACC-R3445-001,OUTWARD,R3445,2026-02-04 14:26:00,RET-BEN-000446,770200000001,230.00,230.00,UTILITY_PAYMENT,Utility Bill Payment,FTS,AE070330000220000000446,0.00,[]
LOC-OUT-0004456,QUOTE-LOC-OUT-0004456,COMPLETED,REF-LOC-OUT-0004456,ACC-R3445-001,OUTWARD,R3445,2026-03-07 14:26:00,RET-BEN-000446,770200000001,241.00,241.00,UTILITY_PAYMENT,Utility Bill Payment,FTS,AE070330000220000000446,0.00,[]
LOC-OUT-0004458,QUOTE-LOC-OUT-0004458,COMPLETED,REF-LOC-OUT-0004458,ACC-R3445-001,OUTWARD,R3445,2026-04-10 14:26:00,RET-BEN-000446,770200000001,252.00,252.00,UTILITY_PAYMENT,Utility Bill Payment,FTS,AE070330000220000000446,0.00,[]
LOC-OUT-0004460,QUOTE-LOC-OUT-0004460,COMPLETED,REF-LOC-OUT-0004460,ACC-R3445-001,OUTWARD,R3445,2026-05-13 14:26:00,RET-BEN-000446,770200000001,263.00,263.00,UTILITY_PAYMENT,Utility Bill Payment,FTS,AE070330000220000000446,0.00,[]
LOC-OUT-0004462,QUOTE-LOC-OUT-0004462,COMPLETED,REF-LOC-OUT-0004462,ACC-R3446-001,OUTWARD,R3446,2026-01-08 15:27:00,RET-BEN-000447,770200000001,236.00,236.00,UTILITY_PAYMENT,Utility Bill Payment,FTS,AE070330000220000000447,0.00,[]
LOC-OUT-0004464,QUOTE-LOC-OUT-0004464,COMPLETED,REF-LOC-OUT-0004464,ACC-R3446-001,OUTWARD,R3446,2026-02-11 15:27:00,RET-BEN-000447,770200000001,247.00,247.00,UTILITY_PAYMENT,Utility Bill Payment,FTS,AE070330000220000000447,0.00,[]
LOC-OUT-0004466,QUOTE-LOC-OUT-0004466,COMPLETED,REF-LOC-OUT-0004466,ACC-R3446-001,OUTWARD,R3446,2026-03-14 15:27:00,RET-BEN-000447,770200000001,258.00,258.00,UTILITY_PAYMENT,Utility Bill Payment,FTS,AE070330000220000000447,0.00,[]
LOC-OUT-0004468,QUOTE-LOC-OUT-0004468,COMPLETED,REF-LOC-OUT-0004468,ACC-R3446-001,OUTWARD,R3446,2026-04-17 15:27:00,RET-BEN-000447,770200000001,269.00,269.00,UTILITY_PAYMENT,Utility Bill Payment,FTS,AE070330000220000000447,0.00,[]
LOC-OUT-0004470,QUOTE-LOC-OUT-0004470,COMPLETED,REF-LOC-OUT-0004470,ACC-R3446-001,OUTWARD,R3446,2026-05-20 15:27:00,RET-BEN-000447,770200000001,280.00,280.00,UTILITY_PAYMENT,Utility Bill Payment,FTS,AE070330000220000000447,0.00,[]
LOC-OUT-0004472,QUOTE-LOC-OUT-0004472,COMPLETED,REF-LOC-OUT-0004472,ACC-R3447-001,OUTWARD,R3447,2026-01-15 16:28:00,RET-BEN-000448,770200000001,253.00,253.00,UTILITY_PAYMENT,Utility Bill Payment,FTS,AE070330000220000000448,0.00,[]
LOC-OUT-0004474,QUOTE-LOC-OUT-0004474,COMPLETED,REF-LOC-OUT-0004474,ACC-R3447-001,OUTWARD,R3447,2026-02-18 16:28:00,RET-BEN-000448,770200000001,264.00,264.00,UTILITY_PAYMENT,Utility Bill Payment,FTS,AE070330000220000000448,0.00,[]
LOC-OUT-0004476,QUOTE-LOC-OUT-0004476,COMPLETED,REF-LOC-OUT-0004476,ACC-R3447-001,OUTWARD,R3447,2026-03-21 16:28:00,RET-BEN-000448,770200000001,275.00,275.00,UTILITY_PAYMENT,Utility Bill Payment,FTS,AE070330000220000000448,0.00,[]
LOC-OUT-0004478,QUOTE-LOC-OUT-0004478,COMPLETED,REF-LOC-OUT-0004478,ACC-R3447-001,OUTWARD,R3447,2026-04-24 16:28:00,RET-BEN-000448,770200000001,286.00,286.00,UTILITY_PAYMENT,Utility Bill Payment,FTS,AE070330000220000000448,0.00,[]
LOC-OUT-0004480,QUOTE-LOC-OUT-0004480,COMPLETED,REF-LOC-OUT-0004480,ACC-R3447-001,OUTWARD,R3447,2026-05-05 16:28:00,RET-BEN-000448,770200000001,297.00,297.00,UTILITY_PAYMENT,Utility Bill Payment,FTS,AE070330000220000000448,0.00,[]
LOC-OUT-0004482,QUOTE-LOC-OUT-0004482,COMPLETED,REF-LOC-OUT-0004482,ACC-R3448-001,OUTWARD,R3448,2026-01-22 17:29:00,RET-BEN-000449,770200000001,270.00,270.00,UTILITY_PAYMENT,Utility Bill Payment,FTS,AE070330000220000000449,0.00,[]
LOC-OUT-0004484,QUOTE-LOC-OUT-0004484,COMPLETED,REF-LOC-OUT-0004484,ACC-R3448-001,OUTWARD,R3448,2026-02-03 17:29:00,RET-BEN-000449,770200000001,281.00,281.00,UTILITY_PAYMENT,Utility Bill Payment,FTS,AE070330000220000000449,0.00,[]
LOC-OUT-0004486,QUOTE-LOC-OUT-0004486,COMPLETED,REF-LOC-OUT-0004486,ACC-R3448-001,OUTWARD,R3448,2026-03-06 17:29:00,RET-BEN-000449,770200000001,292.00,292.00,UTILITY_PAYMENT,Utility Bill Payment,FTS,AE070330000220000000449,0.00,[]
LOC-OUT-0004488,QUOTE-LOC-OUT-0004488,COMPLETED,REF-LOC-OUT-0004488,ACC-R3448-001,OUTWARD,R3448,2026-04-09 17:29:00,RET-BEN-000449,770200000001,303.00,303.00,UTILITY_PAYMENT,Utility Bill Payment,FTS,AE070330000220000000449,0.00,[]
LOC-OUT-0004490,QUOTE-LOC-OUT-0004490,COMPLETED,REF-LOC-OUT-0004490,ACC-R3448-001,OUTWARD,R3448,2026-05-12 17:29:00,RET-BEN-000449,770200000001,314.00,314.00,UTILITY_PAYMENT,Utility Bill Payment,FTS,AE070330000220000000449,0.00,[]
LOC-OUT-0004492,QUOTE-LOC-OUT-0004492,COMPLETED,REF-LOC-OUT-0004492,ACC-R3449-001,OUTWARD,R3449,2026-01-07 18:30:00,RET-BEN-000450,770200000001,287.00,287.00,UTILITY_PAYMENT,Utility Bill Payment,FTS,AE070330000220000000450,0.00,[]
LOC-OUT-0004494,QUOTE-LOC-OUT-0004494,COMPLETED,REF-LOC-OUT-0004494,ACC-R3449-001,OUTWARD,R3449,2026-02-10 18:30:00,RET-BEN-000450,770200000001,298.00,298.00,UTILITY_PAYMENT,Utility Bill Payment,FTS,AE070330000220000000450,0.00,[]
LOC-OUT-0004496,QUOTE-LOC-OUT-0004496,COMPLETED,REF-LOC-OUT-0004496,ACC-R3449-001,OUTWARD,R3449,2026-03-13 18:30:00,RET-BEN-000450,770200000001,309.00,309.00,UTILITY_PAYMENT,Utility Bill Payment,FTS,AE070330000220000000450,0.00,[]
LOC-OUT-0004498,QUOTE-LOC-OUT-0004498,COMPLETED,REF-LOC-OUT-0004498,ACC-R3449-001,OUTWARD,R3449,2026-04-16 18:30:00,RET-BEN-000450,770200000001,320.00,320.00,UTILITY_PAYMENT,Utility Bill Payment,FTS,AE070330000220000000450,0.00,[]
LOC-OUT-0004500,QUOTE-LOC-OUT-0004500,COMPLETED,REF-LOC-OUT-0004500,ACC-R3449-001,OUTWARD,R3449,2026-05-19 18:30:00,RET-BEN-000450,770200000001,331.00,331.00,UTILITY_PAYMENT,Utility Bill Payment,FTS,AE070330000220000000450,0.00,[]
LOC-OUT-0004502,QUOTE-LOC-OUT-0004502,COMPLETED,REF-LOC-OUT-0004502,ACC-R3450-001,OUTWARD,R3450,2026-01-14 08:31:00,RET-BEN-000451,770200000001,304.00,304.00,UTILITY_PAYMENT,Utility Bill Payment,FTS,AE070330000220000000451,0.00,[]
LOC-OUT-0004504,QUOTE-LOC-OUT-0004504,COMPLETED,REF-LOC-OUT-0004504,ACC-R3450-001,OUTWARD,R3450,2026-02-17 08:31:00,RET-BEN-000451,770200000001,315.00,315.00,UTILITY_PAYMENT,Utility Bill Payment,FTS,AE070330000220000000451,0.00,[]
LOC-OUT-0004506,QUOTE-LOC-OUT-0004506,COMPLETED,REF-LOC-OUT-0004506,ACC-R3450-001,OUTWARD,R3450,2026-03-20 08:31:00,RET-BEN-000451,770200000001,326.00,326.00,UTILITY_PAYMENT,Utility Bill Payment,FTS,AE070330000220000000451,0.00,[]
LOC-OUT-0004508,QUOTE-LOC-OUT-0004508,COMPLETED,REF-LOC-OUT-0004508,ACC-R3450-001,OUTWARD,R3450,2026-04-23 08:31:00,RET-BEN-000451,770200000001,337.00,337.00,UTILITY_PAYMENT,Utility Bill Payment,FTS,AE070330000220000000451,0.00,[]
LOC-OUT-0004510,QUOTE-LOC-OUT-0004510,COMPLETED,REF-LOC-OUT-0004510,ACC-R3450-001,OUTWARD,R3450,2026-05-04 08:31:00,RET-BEN-000451,770200000001,348.00,348.00,UTILITY_PAYMENT,Utility Bill Payment,FTS,AE070330000220000000451,0.00,[]
LOC-OUT-0004512,QUOTE-LOC-OUT-0004512,COMPLETED,REF-LOC-OUT-0004512,ACC-B4001-001,OUTWARD,B4001,2026-01-21 09:32:00,SME-BEN-000452,770200000001,510.00,510.00,UTILITY_PAYMENT,Utility Bill Payment,FTS,AE070330000220000000452,0.00,[]
LOC-OUT-0004514,QUOTE-LOC-OUT-0004514,COMPLETED,REF-LOC-OUT-0004514,ACC-B4001-001,OUTWARD,B4001,2026-02-24 09:32:00,SME-BEN-000452,770200000001,523.00,523.00,UTILITY_PAYMENT,Utility Bill Payment,FTS,AE070330000220000000452,0.00,[]
LOC-OUT-0004516,QUOTE-LOC-OUT-0004516,COMPLETED,REF-LOC-OUT-0004516,ACC-B4001-001,OUTWARD,B4001,2026-03-05 09:32:00,SME-BEN-000452,770200000001,536.00,536.00,UTILITY_PAYMENT,Utility Bill Payment,FTS,AE070330000220000000452,0.00,[]
LOC-OUT-0004518,QUOTE-LOC-OUT-0004518,COMPLETED,REF-LOC-OUT-0004518,ACC-B4001-001,OUTWARD,B4001,2026-04-08 09:32:00,SME-BEN-000452,770200000001,549.00,549.00,UTILITY_PAYMENT,Utility Bill Payment,FTS,AE070330000220000000452,0.00,[]
LOC-OUT-0004520,QUOTE-LOC-OUT-0004520,COMPLETED,REF-LOC-OUT-0004520,ACC-B4001-001,OUTWARD,B4001,2026-05-11 09:32:00,SME-BEN-000452,770200000001,562.00,562.00,UTILITY_PAYMENT,Utility Bill Payment,FTS,AE070330000220000000452,0.00,[]
LOC-OUT-0004522,QUOTE-LOC-OUT-0004522,COMPLETED,REF-LOC-OUT-0004522,ACC-B4002-001,OUTWARD,B4002,2026-01-06 10:33:00,SME-BEN-000453,770200000001,529.00,529.00,UTILITY_PAYMENT,Utility Bill Payment,FTS,AE070330000220000000453,0.00,[]
LOC-OUT-0004524,QUOTE-LOC-OUT-0004524,COMPLETED,REF-LOC-OUT-0004524,ACC-B4002-001,OUTWARD,B4002,2026-02-09 10:33:00,SME-BEN-000453,770200000001,542.00,542.00,UTILITY_PAYMENT,Utility Bill Payment,FTS,AE070330000220000000453,0.00,[]
LOC-OUT-0004526,QUOTE-LOC-OUT-0004526,COMPLETED,REF-LOC-OUT-0004526,ACC-B4002-001,OUTWARD,B4002,2026-03-12 10:33:00,SME-BEN-000453,770200000001,555.00,555.00,UTILITY_PAYMENT,Utility Bill Payment,FTS,AE070330000220000000453,0.00,[]
LOC-OUT-0004528,QUOTE-LOC-OUT-0004528,COMPLETED,REF-LOC-OUT-0004528,ACC-B4002-001,OUTWARD,B4002,2026-04-15 10:33:00,SME-BEN-000453,770200000001,568.00,568.00,UTILITY_PAYMENT,Utility Bill Payment,FTS,AE070330000220000000453,0.00,[]
LOC-OUT-0004530,QUOTE-LOC-OUT-0004530,COMPLETED,REF-LOC-OUT-0004530,ACC-B4002-001,OUTWARD,B4002,2026-05-18 10:33:00,SME-BEN-000453,770200000001,581.00,581.00,UTILITY_PAYMENT,Utility Bill Payment,FTS,AE070330000220000000453,0.00,[]
LOC-OUT-0004532,QUOTE-LOC-OUT-0004532,COMPLETED,REF-LOC-OUT-0004532,ACC-B4003-001,OUTWARD,B4003,2026-01-13 11:34:00,SME-BEN-000454,770200000001,548.00,548.00,UTILITY_PAYMENT,Utility Bill Payment,FTS,AE070330000220000000454,0.00,[]
LOC-OUT-0004534,QUOTE-LOC-OUT-0004534,COMPLETED,REF-LOC-OUT-0004534,ACC-B4003-001,OUTWARD,B4003,2026-02-16 11:34:00,SME-BEN-000454,770200000001,561.00,561.00,UTILITY_PAYMENT,Utility Bill Payment,FTS,AE070330000220000000454,0.00,[]
LOC-OUT-0004536,QUOTE-LOC-OUT-0004536,COMPLETED,REF-LOC-OUT-0004536,ACC-B4003-001,OUTWARD,B4003,2026-03-19 11:34:00,SME-BEN-000454,770200000001,574.00,574.00,UTILITY_PAYMENT,Utility Bill Payment,FTS,AE070330000220000000454,0.00,[]
LOC-OUT-0004538,QUOTE-LOC-OUT-0004538,COMPLETED,REF-LOC-OUT-0004538,ACC-B4003-001,OUTWARD,B4003,2026-04-22 11:34:00,SME-BEN-000454,770200000001,587.00,587.00,UTILITY_PAYMENT,Utility Bill Payment,FTS,AE070330000220000000454,0.00,[]
LOC-OUT-0004540,QUOTE-LOC-OUT-0004540,COMPLETED,REF-LOC-OUT-0004540,ACC-B4003-001,OUTWARD,B4003,2026-05-03 11:34:00,SME-BEN-000454,770200000001,600.00,600.00,UTILITY_PAYMENT,Utility Bill Payment,FTS,AE070330000220000000454,0.00,[]
LOC-OUT-0004542,QUOTE-LOC-OUT-0004542,COMPLETED,REF-LOC-OUT-0004542,ACC-B4004-001,OUTWARD,B4004,2026-01-20 12:35:00,SME-BEN-000455,770200000001,567.00,567.00,UTILITY_PAYMENT,Utility Bill Payment,FTS,AE070330000220000000455,0.00,[]
LOC-OUT-0004544,QUOTE-LOC-OUT-0004544,COMPLETED,REF-LOC-OUT-0004544,ACC-B4004-001,OUTWARD,B4004,2026-02-23 12:35:00,SME-BEN-000455,770200000001,580.00,580.00,UTILITY_PAYMENT,Utility Bill Payment,FTS,AE070330000220000000455,0.00,[]
LOC-OUT-0004546,QUOTE-LOC-OUT-0004546,COMPLETED,REF-LOC-OUT-0004546,ACC-B4004-001,OUTWARD,B4004,2026-03-04 12:35:00,SME-BEN-000455,770200000001,593.00,593.00,UTILITY_PAYMENT,Utility Bill Payment,FTS,AE070330000220000000455,0.00,[]
LOC-OUT-0004548,QUOTE-LOC-OUT-0004548,COMPLETED,REF-LOC-OUT-0004548,ACC-B4004-001,OUTWARD,B4004,2026-04-07 12:35:00,SME-BEN-000455,770200000001,606.00,606.00,UTILITY_PAYMENT,Utility Bill Payment,FTS,AE070330000220000000455,0.00,[]
LOC-OUT-0004550,QUOTE-LOC-OUT-0004550,COMPLETED,REF-LOC-OUT-0004550,ACC-B4004-001,OUTWARD,B4004,2026-05-10 12:35:00,SME-BEN-000455,770200000001,619.00,619.00,UTILITY_PAYMENT,Utility Bill Payment,FTS,AE070330000220000000455,0.00,[]
LOC-OUT-0004552,QUOTE-LOC-OUT-0004552,COMPLETED,REF-LOC-OUT-0004552,ACC-B4005-001,OUTWARD,B4005,2026-01-05 13:36:00,SME-BEN-000456,770200000001,586.00,586.00,UTILITY_PAYMENT,Utility Bill Payment,FTS,AE070330000220000000456,0.00,[]
LOC-OUT-0004554,QUOTE-LOC-OUT-0004554,COMPLETED,REF-LOC-OUT-0004554,ACC-B4005-001,OUTWARD,B4005,2026-02-08 13:36:00,SME-BEN-000456,770200000001,599.00,599.00,UTILITY_PAYMENT,Utility Bill Payment,FTS,AE070330000220000000456,0.00,[]
LOC-OUT-0004556,QUOTE-LOC-OUT-0004556,COMPLETED,REF-LOC-OUT-0004556,ACC-B4005-001,OUTWARD,B4005,2026-03-11 13:36:00,SME-BEN-000456,770200000001,612.00,612.00,UTILITY_PAYMENT,Utility Bill Payment,FTS,AE070330000220000000456,0.00,[]
LOC-OUT-0004558,QUOTE-LOC-OUT-0004558,COMPLETED,REF-LOC-OUT-0004558,ACC-B4005-001,OUTWARD,B4005,2026-04-14 13:36:00,SME-BEN-000456,770200000001,625.00,625.00,UTILITY_PAYMENT,Utility Bill Payment,FTS,AE070330000220000000456,0.00,[]
LOC-OUT-0004560,QUOTE-LOC-OUT-0004560,COMPLETED,REF-LOC-OUT-0004560,ACC-B4005-001,OUTWARD,B4005,2026-05-17 13:36:00,SME-BEN-000456,770200000001,638.00,638.00,UTILITY_PAYMENT,Utility Bill Payment,FTS,AE070330000220000000456,0.00,[]
LOC-OUT-0004562,QUOTE-LOC-OUT-0004562,COMPLETED,REF-LOC-OUT-0004562,ACC-B4006-001,OUTWARD,B4006,2026-01-12 14:37:00,SME-BEN-000457,770200000001,605.00,605.00,UTILITY_PAYMENT,Utility Bill Payment,FTS,AE070330000220000000457,0.00,[]
LOC-OUT-0004564,QUOTE-LOC-OUT-0004564,COMPLETED,REF-LOC-OUT-0004564,ACC-B4006-001,OUTWARD,B4006,2026-02-15 14:37:00,SME-BEN-000457,770200000001,618.00,618.00,UTILITY_PAYMENT,Utility Bill Payment,FTS,AE070330000220000000457,0.00,[]
LOC-OUT-0004566,QUOTE-LOC-OUT-0004566,COMPLETED,REF-LOC-OUT-0004566,ACC-B4006-001,OUTWARD,B4006,2026-03-18 14:37:00,SME-BEN-000457,770200000001,631.00,631.00,UTILITY_PAYMENT,Utility Bill Payment,FTS,AE070330000220000000457,0.00,[]
LOC-OUT-0004568,QUOTE-LOC-OUT-0004568,COMPLETED,REF-LOC-OUT-0004568,ACC-B4006-001,OUTWARD,B4006,2026-04-21 14:37:00,SME-BEN-000457,770200000001,644.00,644.00,UTILITY_PAYMENT,Utility Bill Payment,FTS,AE070330000220000000457,0.00,[]
LOC-OUT-0004570,QUOTE-LOC-OUT-0004570,COMPLETED,REF-LOC-OUT-0004570,ACC-B4006-001,OUTWARD,B4006,2026-05-24 14:37:00,SME-BEN-000457,770200000001,356.00,356.00,UTILITY_PAYMENT,Utility Bill Payment,FTS,AE070330000220000000457,0.00,[]
LOC-OUT-0004572,QUOTE-LOC-OUT-0004572,COMPLETED,REF-LOC-OUT-0004572,ACC-B4007-001,OUTWARD,B4007,2026-01-19 15:38:00,SME-BEN-000458,770200000001,624.00,624.00,UTILITY_PAYMENT,Utility Bill Payment,FTS,AE070330000220000000458,0.00,[]
LOC-OUT-0004574,QUOTE-LOC-OUT-0004574,COMPLETED,REF-LOC-OUT-0004574,ACC-B4007-001,OUTWARD,B4007,2026-02-22 15:38:00,SME-BEN-000458,770200000001,637.00,637.00,UTILITY_PAYMENT,Utility Bill Payment,FTS,AE070330000220000000458,0.00,[]
LOC-OUT-0004576,QUOTE-LOC-OUT-0004576,COMPLETED,REF-LOC-OUT-0004576,ACC-B4007-001,OUTWARD,B4007,2026-03-03 15:38:00,SME-BEN-000458,770200000001,650.00,650.00,UTILITY_PAYMENT,Utility Bill Payment,FTS,AE070330000220000000458,0.00,[]
LOC-OUT-0004578,QUOTE-LOC-OUT-0004578,COMPLETED,REF-LOC-OUT-0004578,ACC-B4007-001,OUTWARD,B4007,2026-04-06 15:38:00,SME-BEN-000458,770200000001,362.00,362.00,UTILITY_PAYMENT,Utility Bill Payment,FTS,AE070330000220000000458,0.00,[]
LOC-OUT-0004580,QUOTE-LOC-OUT-0004580,COMPLETED,REF-LOC-OUT-0004580,ACC-B4007-001,OUTWARD,B4007,2026-05-09 15:38:00,SME-BEN-000458,770200000001,375.00,375.00,UTILITY_PAYMENT,Utility Bill Payment,FTS,AE070330000220000000458,0.00,[]
LOC-OUT-0004582,QUOTE-LOC-OUT-0004582,COMPLETED,REF-LOC-OUT-0004582,ACC-B4008-001,OUTWARD,B4008,2026-01-04 16:39:00,SME-BEN-000459,770200000001,643.00,643.00,UTILITY_PAYMENT,Utility Bill Payment,FTS,AE070330000220000000459,0.00,[]
LOC-OUT-0004584,QUOTE-LOC-OUT-0004584,COMPLETED,REF-LOC-OUT-0004584,ACC-B4008-001,OUTWARD,B4008,2026-02-07 16:39:00,SME-BEN-000459,770200000001,355.00,355.00,UTILITY_PAYMENT,Utility Bill Payment,FTS,AE070330000220000000459,0.00,[]
LOC-OUT-0004586,QUOTE-LOC-OUT-0004586,COMPLETED,REF-LOC-OUT-0004586,ACC-B4008-001,OUTWARD,B4008,2026-03-10 16:39:00,SME-BEN-000459,770200000001,368.00,368.00,UTILITY_PAYMENT,Utility Bill Payment,FTS,AE070330000220000000459,0.00,[]
LOC-OUT-0004588,QUOTE-LOC-OUT-0004588,COMPLETED,REF-LOC-OUT-0004588,ACC-B4008-001,OUTWARD,B4008,2026-04-13 16:39:00,SME-BEN-000459,770200000001,381.00,381.00,UTILITY_PAYMENT,Utility Bill Payment,FTS,AE070330000220000000459,0.00,[]
LOC-OUT-0004590,QUOTE-LOC-OUT-0004590,COMPLETED,REF-LOC-OUT-0004590,ACC-B4008-001,OUTWARD,B4008,2026-05-16 16:39:00,SME-BEN-000459,770200000001,394.00,394.00,UTILITY_PAYMENT,Utility Bill Payment,FTS,AE070330000220000000459,0.00,[]
LOC-OUT-0004592,QUOTE-LOC-OUT-0004592,COMPLETED,REF-LOC-OUT-0004592,ACC-B4009-001,OUTWARD,B4009,2026-01-11 17:40:00,SME-BEN-000460,770200000001,361.00,361.00,UTILITY_PAYMENT,Utility Bill Payment,FTS,AE070330000220000000460,0.00,[]
LOC-OUT-0004594,QUOTE-LOC-OUT-0004594,COMPLETED,REF-LOC-OUT-0004594,ACC-B4009-001,OUTWARD,B4009,2026-02-14 17:40:00,SME-BEN-000460,770200000001,374.00,374.00,UTILITY_PAYMENT,Utility Bill Payment,FTS,AE070330000220000000460,0.00,[]
LOC-OUT-0004596,QUOTE-LOC-OUT-0004596,COMPLETED,REF-LOC-OUT-0004596,ACC-B4009-001,OUTWARD,B4009,2026-03-17 17:40:00,SME-BEN-000460,770200000001,387.00,387.00,UTILITY_PAYMENT,Utility Bill Payment,FTS,AE070330000220000000460,0.00,[]
LOC-OUT-0004598,QUOTE-LOC-OUT-0004598,COMPLETED,REF-LOC-OUT-0004598,ACC-B4009-001,OUTWARD,B4009,2026-04-20 17:40:00,SME-BEN-000460,770200000001,400.00,400.00,UTILITY_PAYMENT,Utility Bill Payment,FTS,AE070330000220000000460,0.00,[]
LOC-OUT-0004600,QUOTE-LOC-OUT-0004600,COMPLETED,REF-LOC-OUT-0004600,ACC-B4009-001,OUTWARD,B4009,2026-05-23 17:40:00,SME-BEN-000460,770200000001,413.00,413.00,UTILITY_PAYMENT,Utility Bill Payment,FTS,AE070330000220000000460,0.00,[]
LOC-OUT-0004602,QUOTE-LOC-OUT-0004602,COMPLETED,REF-LOC-OUT-0004602,ACC-B4010-001,OUTWARD,B4010,2026-01-18 18:41:00,SME-BEN-000461,770200000001,380.00,380.00,UTILITY_PAYMENT,Utility Bill Payment,FTS,AE070330000220000000461,0.00,[]
LOC-OUT-0004604,QUOTE-LOC-OUT-0004604,COMPLETED,REF-LOC-OUT-0004604,ACC-B4010-001,OUTWARD,B4010,2026-02-21 18:41:00,SME-BEN-000461,770200000001,393.00,393.00,UTILITY_PAYMENT,Utility Bill Payment,FTS,AE070330000220000000461,0.00,[]
LOC-OUT-0004606,QUOTE-LOC-OUT-0004606,COMPLETED,REF-LOC-OUT-0004606,ACC-B4010-001,OUTWARD,B4010,2026-03-24 18:41:00,SME-BEN-000461,770200000001,406.00,406.00,UTILITY_PAYMENT,Utility Bill Payment,FTS,AE070330000220000000461,0.00,[]
LOC-OUT-0004608,QUOTE-LOC-OUT-0004608,COMPLETED,REF-LOC-OUT-0004608,ACC-B4010-001,OUTWARD,B4010,2026-04-05 18:41:00,SME-BEN-000461,770200000001,419.00,419.00,UTILITY_PAYMENT,Utility Bill Payment,FTS,AE070330000220000000461,0.00,[]
LOC-OUT-0004610,QUOTE-LOC-OUT-0004610,COMPLETED,REF-LOC-OUT-0004610,ACC-B4010-001,OUTWARD,B4010,2026-05-08 18:41:00,SME-BEN-000461,770200000001,432.00,432.00,UTILITY_PAYMENT,Utility Bill Payment,FTS,AE070330000220000000461,0.00,[]
LOC-OUT-0004612,QUOTE-LOC-OUT-0004612,COMPLETED,REF-LOC-OUT-0004612,ACC-B4011-001,OUTWARD,B4011,2026-01-03 08:42:00,SME-BEN-000462,770200000001,399.00,399.00,UTILITY_PAYMENT,Utility Bill Payment,FTS,AE070330000220000000462,0.00,[]
LOC-OUT-0004614,QUOTE-LOC-OUT-0004614,COMPLETED,REF-LOC-OUT-0004614,ACC-B4011-001,OUTWARD,B4011,2026-02-06 08:42:00,SME-BEN-000462,770200000001,412.00,412.00,UTILITY_PAYMENT,Utility Bill Payment,FTS,AE070330000220000000462,0.00,[]
LOC-OUT-0004616,QUOTE-LOC-OUT-0004616,COMPLETED,REF-LOC-OUT-0004616,ACC-B4011-001,OUTWARD,B4011,2026-03-09 08:42:00,SME-BEN-000462,770200000001,425.00,425.00,UTILITY_PAYMENT,Utility Bill Payment,FTS,AE070330000220000000462,0.00,[]
LOC-OUT-0004618,QUOTE-LOC-OUT-0004618,COMPLETED,REF-LOC-OUT-0004618,ACC-B4011-001,OUTWARD,B4011,2026-04-12 08:42:00,SME-BEN-000462,770200000001,438.00,438.00,UTILITY_PAYMENT,Utility Bill Payment,FTS,AE070330000220000000462,0.00,[]
LOC-OUT-0004620,QUOTE-LOC-OUT-0004620,COMPLETED,REF-LOC-OUT-0004620,ACC-B4011-001,OUTWARD,B4011,2026-05-15 08:42:00,SME-BEN-000462,770200000001,451.00,451.00,UTILITY_PAYMENT,Utility Bill Payment,FTS,AE070330000220000000462,0.00,[]
LOC-OUT-0004622,QUOTE-LOC-OUT-0004622,COMPLETED,REF-LOC-OUT-0004622,ACC-B4012-001,OUTWARD,B4012,2026-01-10 09:43:00,SME-BEN-000463,770200000001,418.00,418.00,UTILITY_PAYMENT,Utility Bill Payment,FTS,AE070330000220000000463,0.00,[]
LOC-OUT-0004624,QUOTE-LOC-OUT-0004624,COMPLETED,REF-LOC-OUT-0004624,ACC-B4012-001,OUTWARD,B4012,2026-02-13 09:43:00,SME-BEN-000463,770200000001,431.00,431.00,UTILITY_PAYMENT,Utility Bill Payment,FTS,AE070330000220000000463,0.00,[]
LOC-OUT-0004626,QUOTE-LOC-OUT-0004626,COMPLETED,REF-LOC-OUT-0004626,ACC-B4012-001,OUTWARD,B4012,2026-03-16 09:43:00,SME-BEN-000463,770200000001,444.00,444.00,UTILITY_PAYMENT,Utility Bill Payment,FTS,AE070330000220000000463,0.00,[]
LOC-OUT-0004628,QUOTE-LOC-OUT-0004628,COMPLETED,REF-LOC-OUT-0004628,ACC-B4012-001,OUTWARD,B4012,2026-04-19 09:43:00,SME-BEN-000463,770200000001,457.00,457.00,UTILITY_PAYMENT,Utility Bill Payment,FTS,AE070330000220000000463,0.00,[]
LOC-OUT-0004630,QUOTE-LOC-OUT-0004630,COMPLETED,REF-LOC-OUT-0004630,ACC-B4012-001,OUTWARD,B4012,2026-05-22 09:43:00,SME-BEN-000463,770200000001,470.00,470.00,UTILITY_PAYMENT,Utility Bill Payment,FTS,AE070330000220000000463,0.00,[]
LOC-OUT-0004632,QUOTE-LOC-OUT-0004632,COMPLETED,REF-LOC-OUT-0004632,ACC-B4013-001,OUTWARD,B4013,2026-01-17 10:44:00,SME-BEN-000464,770200000001,437.00,437.00,UTILITY_PAYMENT,Utility Bill Payment,FTS,AE070330000220000000464,0.00,[]
LOC-OUT-0004634,QUOTE-LOC-OUT-0004634,COMPLETED,REF-LOC-OUT-0004634,ACC-B4013-001,OUTWARD,B4013,2026-02-20 10:44:00,SME-BEN-000464,770200000001,450.00,450.00,UTILITY_PAYMENT,Utility Bill Payment,FTS,AE070330000220000000464,0.00,[]
LOC-OUT-0004636,QUOTE-LOC-OUT-0004636,COMPLETED,REF-LOC-OUT-0004636,ACC-B4013-001,OUTWARD,B4013,2026-03-23 10:44:00,SME-BEN-000464,770200000001,463.00,463.00,UTILITY_PAYMENT,Utility Bill Payment,FTS,AE070330000220000000464,0.00,[]
LOC-OUT-0004638,QUOTE-LOC-OUT-0004638,COMPLETED,REF-LOC-OUT-0004638,ACC-B4013-001,OUTWARD,B4013,2026-04-04 10:44:00,SME-BEN-000464,770200000001,476.00,476.00,UTILITY_PAYMENT,Utility Bill Payment,FTS,AE070330000220000000464,0.00,[]
LOC-OUT-0004640,QUOTE-LOC-OUT-0004640,COMPLETED,REF-LOC-OUT-0004640,ACC-B4013-001,OUTWARD,B4013,2026-05-07 10:44:00,SME-BEN-000464,770200000001,489.00,489.00,UTILITY_PAYMENT,Utility Bill Payment,FTS,AE070330000220000000464,0.00,[]
LOC-OUT-0004642,QUOTE-LOC-OUT-0004642,COMPLETED,REF-LOC-OUT-0004642,ACC-B4014-001,OUTWARD,B4014,2026-01-24 11:45:00,SME-BEN-000465,770200000001,456.00,456.00,UTILITY_PAYMENT,Utility Bill Payment,FTS,AE070330000220000000465,0.00,[]
LOC-OUT-0004644,QUOTE-LOC-OUT-0004644,COMPLETED,REF-LOC-OUT-0004644,ACC-B4014-001,OUTWARD,B4014,2026-02-05 11:45:00,SME-BEN-000465,770200000001,469.00,469.00,UTILITY_PAYMENT,Utility Bill Payment,FTS,AE070330000220000000465,0.00,[]
LOC-OUT-0004646,QUOTE-LOC-OUT-0004646,COMPLETED,REF-LOC-OUT-0004646,ACC-B4014-001,OUTWARD,B4014,2026-03-08 11:45:00,SME-BEN-000465,770200000001,482.00,482.00,UTILITY_PAYMENT,Utility Bill Payment,FTS,AE070330000220000000465,0.00,[]
LOC-OUT-0004648,QUOTE-LOC-OUT-0004648,COMPLETED,REF-LOC-OUT-0004648,ACC-B4014-001,OUTWARD,B4014,2026-04-11 11:45:00,SME-BEN-000465,770200000001,495.00,495.00,UTILITY_PAYMENT,Utility Bill Payment,FTS,AE070330000220000000465,0.00,[]
LOC-OUT-0004650,QUOTE-LOC-OUT-0004650,COMPLETED,REF-LOC-OUT-0004650,ACC-B4014-001,OUTWARD,B4014,2026-05-14 11:45:00,SME-BEN-000465,770200000001,508.00,508.00,UTILITY_PAYMENT,Utility Bill Payment,FTS,AE070330000220000000465,0.00,[]
LOC-OUT-0004652,QUOTE-LOC-OUT-0004652,COMPLETED,REF-LOC-OUT-0004652,ACC-B4015-001,OUTWARD,B4015,2026-01-09 12:46:00,SME-BEN-000466,770200000001,475.00,475.00,UTILITY_PAYMENT,Utility Bill Payment,FTS,AE070330000220000000466,0.00,[]
LOC-OUT-0004654,QUOTE-LOC-OUT-0004654,COMPLETED,REF-LOC-OUT-0004654,ACC-B4015-001,OUTWARD,B4015,2026-02-12 12:46:00,SME-BEN-000466,770200000001,488.00,488.00,UTILITY_PAYMENT,Utility Bill Payment,FTS,AE070330000220000000466,0.00,[]
LOC-OUT-0004656,QUOTE-LOC-OUT-0004656,COMPLETED,REF-LOC-OUT-0004656,ACC-B4015-001,OUTWARD,B4015,2026-03-15 12:46:00,SME-BEN-000466,770200000001,501.00,501.00,UTILITY_PAYMENT,Utility Bill Payment,FTS,AE070330000220000000466,0.00,[]
LOC-OUT-0004658,QUOTE-LOC-OUT-0004658,COMPLETED,REF-LOC-OUT-0004658,ACC-B4015-001,OUTWARD,B4015,2026-04-18 12:46:00,SME-BEN-000466,770200000001,514.00,514.00,UTILITY_PAYMENT,Utility Bill Payment,FTS,AE070330000220000000466,0.00,[]
LOC-OUT-0004660,QUOTE-LOC-OUT-0004660,COMPLETED,REF-LOC-OUT-0004660,ACC-B4015-001,OUTWARD,B4015,2026-05-21 12:46:00,SME-BEN-000466,770200000001,527.00,527.00,UTILITY_PAYMENT,Utility Bill Payment,FTS,AE070330000220000000466,0.00,[]
LOC-OUT-0004662,QUOTE-LOC-OUT-0004662,COMPLETED,REF-LOC-OUT-0004662,ACC-B4016-001,OUTWARD,B4016,2026-01-16 13:47:00,SME-BEN-000467,770200000001,494.00,494.00,UTILITY_PAYMENT,Utility Bill Payment,FTS,AE070330000220000000467,0.00,[]
LOC-OUT-0004664,QUOTE-LOC-OUT-0004664,COMPLETED,REF-LOC-OUT-0004664,ACC-B4016-001,OUTWARD,B4016,2026-02-19 13:47:00,SME-BEN-000467,770200000001,507.00,507.00,UTILITY_PAYMENT,Utility Bill Payment,FTS,AE070330000220000000467,0.00,[]
LOC-OUT-0004666,QUOTE-LOC-OUT-0004666,COMPLETED,REF-LOC-OUT-0004666,ACC-B4016-001,OUTWARD,B4016,2026-03-22 13:47:00,SME-BEN-000467,770200000001,520.00,520.00,UTILITY_PAYMENT,Utility Bill Payment,FTS,AE070330000220000000467,0.00,[]
LOC-OUT-0004668,QUOTE-LOC-OUT-0004668,COMPLETED,REF-LOC-OUT-0004668,ACC-B4016-001,OUTWARD,B4016,2026-04-03 13:47:00,SME-BEN-000467,770200000001,533.00,533.00,UTILITY_PAYMENT,Utility Bill Payment,FTS,AE070330000220000000467,0.00,[]
LOC-OUT-0004670,QUOTE-LOC-OUT-0004670,COMPLETED,REF-LOC-OUT-0004670,ACC-B4016-001,OUTWARD,B4016,2026-05-06 13:47:00,SME-BEN-000467,770200000001,546.00,546.00,UTILITY_PAYMENT,Utility Bill Payment,FTS,AE070330000220000000467,0.00,[]
LOC-OUT-0004672,QUOTE-LOC-OUT-0004672,COMPLETED,REF-LOC-OUT-0004672,ACC-B4017-001,OUTWARD,B4017,2026-01-23 14:48:00,SME-BEN-000468,770200000001,513.00,513.00,UTILITY_PAYMENT,Utility Bill Payment,FTS,AE070330000220000000468,0.00,[]
LOC-OUT-0004674,QUOTE-LOC-OUT-0004674,COMPLETED,REF-LOC-OUT-0004674,ACC-B4017-001,OUTWARD,B4017,2026-02-04 14:48:00,SME-BEN-000468,770200000001,526.00,526.00,UTILITY_PAYMENT,Utility Bill Payment,FTS,AE070330000220000000468,0.00,[]
LOC-OUT-0004676,QUOTE-LOC-OUT-0004676,COMPLETED,REF-LOC-OUT-0004676,ACC-B4017-001,OUTWARD,B4017,2026-03-07 14:48:00,SME-BEN-000468,770200000001,539.00,539.00,UTILITY_PAYMENT,Utility Bill Payment,FTS,AE070330000220000000468,0.00,[]
LOC-OUT-0004678,QUOTE-LOC-OUT-0004678,COMPLETED,REF-LOC-OUT-0004678,ACC-B4017-001,OUTWARD,B4017,2026-04-10 14:48:00,SME-BEN-000468,770200000001,552.00,552.00,UTILITY_PAYMENT,Utility Bill Payment,FTS,AE070330000220000000468,0.00,[]
LOC-OUT-0004680,QUOTE-LOC-OUT-0004680,COMPLETED,REF-LOC-OUT-0004680,ACC-B4017-001,OUTWARD,B4017,2026-05-13 14:48:00,SME-BEN-000468,770200000001,565.00,565.00,UTILITY_PAYMENT,Utility Bill Payment,FTS,AE070330000220000000468,0.00,[]
LOC-OUT-0004682,QUOTE-LOC-OUT-0004682,COMPLETED,REF-LOC-OUT-0004682,ACC-B4018-001,OUTWARD,B4018,2026-01-08 15:49:00,SME-BEN-000469,770200000001,532.00,532.00,UTILITY_PAYMENT,Utility Bill Payment,FTS,AE070330000220000000469,0.00,[]
LOC-OUT-0004684,QUOTE-LOC-OUT-0004684,COMPLETED,REF-LOC-OUT-0004684,ACC-B4018-001,OUTWARD,B4018,2026-02-11 15:49:00,SME-BEN-000469,770200000001,545.00,545.00,UTILITY_PAYMENT,Utility Bill Payment,FTS,AE070330000220000000469,0.00,[]
LOC-OUT-0004686,QUOTE-LOC-OUT-0004686,COMPLETED,REF-LOC-OUT-0004686,ACC-B4018-001,OUTWARD,B4018,2026-03-14 15:49:00,SME-BEN-000469,770200000001,558.00,558.00,UTILITY_PAYMENT,Utility Bill Payment,FTS,AE070330000220000000469,0.00,[]
LOC-OUT-0004688,QUOTE-LOC-OUT-0004688,COMPLETED,REF-LOC-OUT-0004688,ACC-B4018-001,OUTWARD,B4018,2026-04-17 15:49:00,SME-BEN-000469,770200000001,571.00,571.00,UTILITY_PAYMENT,Utility Bill Payment,FTS,AE070330000220000000469,0.00,[]
LOC-OUT-0004690,QUOTE-LOC-OUT-0004690,COMPLETED,REF-LOC-OUT-0004690,ACC-B4018-001,OUTWARD,B4018,2026-05-20 15:49:00,SME-BEN-000469,770200000001,584.00,584.00,UTILITY_PAYMENT,Utility Bill Payment,FTS,AE070330000220000000469,0.00,[]
LOC-OUT-0004692,QUOTE-LOC-OUT-0004692,COMPLETED,REF-LOC-OUT-0004692,ACC-B4019-001,OUTWARD,B4019,2026-01-15 16:50:00,SME-BEN-000470,770200000001,551.00,551.00,UTILITY_PAYMENT,Utility Bill Payment,FTS,AE070330000220000000470,0.00,[]
LOC-OUT-0004694,QUOTE-LOC-OUT-0004694,COMPLETED,REF-LOC-OUT-0004694,ACC-B4019-001,OUTWARD,B4019,2026-02-18 16:50:00,SME-BEN-000470,770200000001,564.00,564.00,UTILITY_PAYMENT,Utility Bill Payment,FTS,AE070330000220000000470,0.00,[]
LOC-OUT-0004696,QUOTE-LOC-OUT-0004696,COMPLETED,REF-LOC-OUT-0004696,ACC-B4019-001,OUTWARD,B4019,2026-03-21 16:50:00,SME-BEN-000470,770200000001,577.00,577.00,UTILITY_PAYMENT,Utility Bill Payment,FTS,AE070330000220000000470,0.00,[]
LOC-OUT-0004698,QUOTE-LOC-OUT-0004698,COMPLETED,REF-LOC-OUT-0004698,ACC-B4019-001,OUTWARD,B4019,2026-04-24 16:50:00,SME-BEN-000470,770200000001,590.00,590.00,UTILITY_PAYMENT,Utility Bill Payment,FTS,AE070330000220000000470,0.00,[]
LOC-OUT-0004700,QUOTE-LOC-OUT-0004700,COMPLETED,REF-LOC-OUT-0004700,ACC-B4019-001,OUTWARD,B4019,2026-05-05 16:50:00,SME-BEN-000470,770200000001,603.00,603.00,UTILITY_PAYMENT,Utility Bill Payment,FTS,AE070330000220000000470,0.00,[]
LOC-OUT-0004702,QUOTE-LOC-OUT-0004702,COMPLETED,REF-LOC-OUT-0004702,ACC-B4020-001,OUTWARD,B4020,2026-01-22 17:51:00,SME-BEN-000471,770200000001,570.00,570.00,UTILITY_PAYMENT,Utility Bill Payment,FTS,AE070330000220000000471,0.00,[]
LOC-OUT-0004704,QUOTE-LOC-OUT-0004704,COMPLETED,REF-LOC-OUT-0004704,ACC-B4020-001,OUTWARD,B4020,2026-02-03 17:51:00,SME-BEN-000471,770200000001,583.00,583.00,UTILITY_PAYMENT,Utility Bill Payment,FTS,AE070330000220000000471,0.00,[]
LOC-OUT-0004706,QUOTE-LOC-OUT-0004706,COMPLETED,REF-LOC-OUT-0004706,ACC-B4020-001,OUTWARD,B4020,2026-03-06 17:51:00,SME-BEN-000471,770200000001,596.00,596.00,UTILITY_PAYMENT,Utility Bill Payment,FTS,AE070330000220000000471,0.00,[]
LOC-OUT-0004708,QUOTE-LOC-OUT-0004708,COMPLETED,REF-LOC-OUT-0004708,ACC-B4020-001,OUTWARD,B4020,2026-04-09 17:51:00,SME-BEN-000471,770200000001,609.00,609.00,UTILITY_PAYMENT,Utility Bill Payment,FTS,AE070330000220000000471,0.00,[]
LOC-OUT-0004710,QUOTE-LOC-OUT-0004710,COMPLETED,REF-LOC-OUT-0004710,ACC-B4020-001,OUTWARD,B4020,2026-05-12 17:51:00,SME-BEN-000471,770200000001,622.00,622.00,UTILITY_PAYMENT,Utility Bill Payment,FTS,AE070330000220000000471,0.00,[]
LOC-OUT-0004712,QUOTE-LOC-OUT-0004712,COMPLETED,REF-LOC-OUT-0004712,ACC-B4021-001,OUTWARD,B4021,2026-01-07 18:52:00,SME-BEN-000472,770200000001,589.00,589.00,UTILITY_PAYMENT,Utility Bill Payment,FTS,AE070330000220000000472,0.00,[]
LOC-OUT-0004714,QUOTE-LOC-OUT-0004714,COMPLETED,REF-LOC-OUT-0004714,ACC-B4021-001,OUTWARD,B4021,2026-02-10 18:52:00,SME-BEN-000472,770200000001,602.00,602.00,UTILITY_PAYMENT,Utility Bill Payment,FTS,AE070330000220000000472,0.00,[]
LOC-OUT-0004716,QUOTE-LOC-OUT-0004716,COMPLETED,REF-LOC-OUT-0004716,ACC-B4021-001,OUTWARD,B4021,2026-03-13 18:52:00,SME-BEN-000472,770200000001,615.00,615.00,UTILITY_PAYMENT,Utility Bill Payment,FTS,AE070330000220000000472,0.00,[]
LOC-OUT-0004718,QUOTE-LOC-OUT-0004718,COMPLETED,REF-LOC-OUT-0004718,ACC-B4021-001,OUTWARD,B4021,2026-04-16 18:52:00,SME-BEN-000472,770200000001,628.00,628.00,UTILITY_PAYMENT,Utility Bill Payment,FTS,AE070330000220000000472,0.00,[]
LOC-OUT-0004720,QUOTE-LOC-OUT-0004720,COMPLETED,REF-LOC-OUT-0004720,ACC-B4021-001,OUTWARD,B4021,2026-05-19 18:52:00,SME-BEN-000472,770200000001,641.00,641.00,UTILITY_PAYMENT,Utility Bill Payment,FTS,AE070330000220000000472,0.00,[]
LOC-OUT-0004722,QUOTE-LOC-OUT-0004722,COMPLETED,REF-LOC-OUT-0004722,ACC-B4022-001,OUTWARD,B4022,2026-01-14 08:53:00,SME-BEN-000473,770200000001,608.00,608.00,UTILITY_PAYMENT,Utility Bill Payment,FTS,AE070330000220000000473,0.00,[]
LOC-OUT-0004724,QUOTE-LOC-OUT-0004724,COMPLETED,REF-LOC-OUT-0004724,ACC-B4022-001,OUTWARD,B4022,2026-02-17 08:53:00,SME-BEN-000473,770200000001,621.00,621.00,UTILITY_PAYMENT,Utility Bill Payment,FTS,AE070330000220000000473,0.00,[]
LOC-OUT-0004726,QUOTE-LOC-OUT-0004726,COMPLETED,REF-LOC-OUT-0004726,ACC-B4022-001,OUTWARD,B4022,2026-03-20 08:53:00,SME-BEN-000473,770200000001,634.00,634.00,UTILITY_PAYMENT,Utility Bill Payment,FTS,AE070330000220000000473,0.00,[]
LOC-OUT-0004728,QUOTE-LOC-OUT-0004728,COMPLETED,REF-LOC-OUT-0004728,ACC-B4022-001,OUTWARD,B4022,2026-04-23 08:53:00,SME-BEN-000473,770200000001,647.00,647.00,UTILITY_PAYMENT,Utility Bill Payment,FTS,AE070330000220000000473,0.00,[]
LOC-OUT-0004730,QUOTE-LOC-OUT-0004730,COMPLETED,REF-LOC-OUT-0004730,ACC-B4022-001,OUTWARD,B4022,2026-05-04 08:53:00,SME-BEN-000473,770200000001,359.00,359.00,UTILITY_PAYMENT,Utility Bill Payment,FTS,AE070330000220000000473,0.00,[]
LOC-OUT-0004732,QUOTE-LOC-OUT-0004732,COMPLETED,REF-LOC-OUT-0004732,ACC-B4023-001,OUTWARD,B4023,2026-01-21 09:54:00,SME-BEN-000474,770200000001,627.00,627.00,UTILITY_PAYMENT,Utility Bill Payment,FTS,AE070330000220000000474,0.00,[]
LOC-OUT-0004734,QUOTE-LOC-OUT-0004734,COMPLETED,REF-LOC-OUT-0004734,ACC-B4023-001,OUTWARD,B4023,2026-02-24 09:54:00,SME-BEN-000474,770200000001,640.00,640.00,UTILITY_PAYMENT,Utility Bill Payment,FTS,AE070330000220000000474,0.00,[]
LOC-OUT-0004736,QUOTE-LOC-OUT-0004736,COMPLETED,REF-LOC-OUT-0004736,ACC-B4023-001,OUTWARD,B4023,2026-03-05 09:54:00,SME-BEN-000474,770200000001,352.00,352.00,UTILITY_PAYMENT,Utility Bill Payment,FTS,AE070330000220000000474,0.00,[]
LOC-OUT-0004738,QUOTE-LOC-OUT-0004738,COMPLETED,REF-LOC-OUT-0004738,ACC-B4023-001,OUTWARD,B4023,2026-04-08 09:54:00,SME-BEN-000474,770200000001,365.00,365.00,UTILITY_PAYMENT,Utility Bill Payment,FTS,AE070330000220000000474,0.00,[]
LOC-OUT-0004740,QUOTE-LOC-OUT-0004740,COMPLETED,REF-LOC-OUT-0004740,ACC-B4023-001,OUTWARD,B4023,2026-05-11 09:54:00,SME-BEN-000474,770200000001,378.00,378.00,UTILITY_PAYMENT,Utility Bill Payment,FTS,AE070330000220000000474,0.00,[]
LOC-OUT-0004742,QUOTE-LOC-OUT-0004742,COMPLETED,REF-LOC-OUT-0004742,ACC-B4024-001,OUTWARD,B4024,2026-01-06 10:55:00,SME-BEN-000475,770200000001,646.00,646.00,UTILITY_PAYMENT,Utility Bill Payment,FTS,AE070330000220000000475,0.00,[]
LOC-OUT-0004744,QUOTE-LOC-OUT-0004744,COMPLETED,REF-LOC-OUT-0004744,ACC-B4024-001,OUTWARD,B4024,2026-02-09 10:55:00,SME-BEN-000475,770200000001,358.00,358.00,UTILITY_PAYMENT,Utility Bill Payment,FTS,AE070330000220000000475,0.00,[]
LOC-OUT-0004746,QUOTE-LOC-OUT-0004746,COMPLETED,REF-LOC-OUT-0004746,ACC-B4024-001,OUTWARD,B4024,2026-03-12 10:55:00,SME-BEN-000475,770200000001,371.00,371.00,UTILITY_PAYMENT,Utility Bill Payment,FTS,AE070330000220000000475,0.00,[]
LOC-OUT-0004748,QUOTE-LOC-OUT-0004748,COMPLETED,REF-LOC-OUT-0004748,ACC-B4024-001,OUTWARD,B4024,2026-04-15 10:55:00,SME-BEN-000475,770200000001,384.00,384.00,UTILITY_PAYMENT,Utility Bill Payment,FTS,AE070330000220000000475,0.00,[]
LOC-OUT-0004750,QUOTE-LOC-OUT-0004750,COMPLETED,REF-LOC-OUT-0004750,ACC-B4024-001,OUTWARD,B4024,2026-05-18 10:55:00,SME-BEN-000475,770200000001,397.00,397.00,UTILITY_PAYMENT,Utility Bill Payment,FTS,AE070330000220000000475,0.00,[]
LOC-OUT-0004752,QUOTE-LOC-OUT-0004752,COMPLETED,REF-LOC-OUT-0004752,ACC-B4025-001,OUTWARD,B4025,2026-01-13 11:56:00,SME-BEN-000476,770200000001,364.00,364.00,UTILITY_PAYMENT,Utility Bill Payment,FTS,AE070330000220000000476,0.00,[]
LOC-OUT-0004754,QUOTE-LOC-OUT-0004754,COMPLETED,REF-LOC-OUT-0004754,ACC-B4025-001,OUTWARD,B4025,2026-02-16 11:56:00,SME-BEN-000476,770200000001,377.00,377.00,UTILITY_PAYMENT,Utility Bill Payment,FTS,AE070330000220000000476,0.00,[]
LOC-OUT-0004756,QUOTE-LOC-OUT-0004756,COMPLETED,REF-LOC-OUT-0004756,ACC-B4025-001,OUTWARD,B4025,2026-03-19 11:56:00,SME-BEN-000476,770200000001,390.00,390.00,UTILITY_PAYMENT,Utility Bill Payment,FTS,AE070330000220000000476,0.00,[]
LOC-OUT-0004758,QUOTE-LOC-OUT-0004758,COMPLETED,REF-LOC-OUT-0004758,ACC-B4025-001,OUTWARD,B4025,2026-04-22 11:56:00,SME-BEN-000476,770200000001,403.00,403.00,UTILITY_PAYMENT,Utility Bill Payment,FTS,AE070330000220000000476,0.00,[]
LOC-OUT-0004760,QUOTE-LOC-OUT-0004760,COMPLETED,REF-LOC-OUT-0004760,ACC-B4025-001,OUTWARD,B4025,2026-05-03 11:56:00,SME-BEN-000476,770200000001,416.00,416.00,UTILITY_PAYMENT,Utility Bill Payment,FTS,AE070330000220000000476,0.00,[]
LOC-OUT-0004762,QUOTE-LOC-OUT-0004762,COMPLETED,REF-LOC-OUT-0004762,ACC-B4026-001,OUTWARD,B4026,2026-01-20 12:57:00,SME-BEN-000477,770200000001,383.00,383.00,UTILITY_PAYMENT,Utility Bill Payment,FTS,AE070330000220000000477,0.00,[]
LOC-OUT-0004764,QUOTE-LOC-OUT-0004764,COMPLETED,REF-LOC-OUT-0004764,ACC-B4026-001,OUTWARD,B4026,2026-02-23 12:57:00,SME-BEN-000477,770200000001,396.00,396.00,UTILITY_PAYMENT,Utility Bill Payment,FTS,AE070330000220000000477,0.00,[]
LOC-OUT-0004766,QUOTE-LOC-OUT-0004766,COMPLETED,REF-LOC-OUT-0004766,ACC-B4026-001,OUTWARD,B4026,2026-03-04 12:57:00,SME-BEN-000477,770200000001,409.00,409.00,UTILITY_PAYMENT,Utility Bill Payment,FTS,AE070330000220000000477,0.00,[]
LOC-OUT-0004768,QUOTE-LOC-OUT-0004768,COMPLETED,REF-LOC-OUT-0004768,ACC-B4026-001,OUTWARD,B4026,2026-04-07 12:57:00,SME-BEN-000477,770200000001,422.00,422.00,UTILITY_PAYMENT,Utility Bill Payment,FTS,AE070330000220000000477,0.00,[]
LOC-OUT-0004770,QUOTE-LOC-OUT-0004770,COMPLETED,REF-LOC-OUT-0004770,ACC-B4026-001,OUTWARD,B4026,2026-05-10 12:57:00,SME-BEN-000477,770200000001,435.00,435.00,UTILITY_PAYMENT,Utility Bill Payment,FTS,AE070330000220000000477,0.00,[]
LOC-OUT-0004772,QUOTE-LOC-OUT-0004772,COMPLETED,REF-LOC-OUT-0004772,ACC-B4027-001,OUTWARD,B4027,2026-01-05 13:58:00,SME-BEN-000478,770200000001,402.00,402.00,UTILITY_PAYMENT,Utility Bill Payment,FTS,AE070330000220000000478,0.00,[]
LOC-OUT-0004774,QUOTE-LOC-OUT-0004774,COMPLETED,REF-LOC-OUT-0004774,ACC-B4027-001,OUTWARD,B4027,2026-02-08 13:58:00,SME-BEN-000478,770200000001,415.00,415.00,UTILITY_PAYMENT,Utility Bill Payment,FTS,AE070330000220000000478,0.00,[]
LOC-OUT-0004776,QUOTE-LOC-OUT-0004776,COMPLETED,REF-LOC-OUT-0004776,ACC-B4027-001,OUTWARD,B4027,2026-03-11 13:58:00,SME-BEN-000478,770200000001,428.00,428.00,UTILITY_PAYMENT,Utility Bill Payment,FTS,AE070330000220000000478,0.00,[]
LOC-OUT-0004778,QUOTE-LOC-OUT-0004778,COMPLETED,REF-LOC-OUT-0004778,ACC-B4027-001,OUTWARD,B4027,2026-04-14 13:58:00,SME-BEN-000478,770200000001,441.00,441.00,UTILITY_PAYMENT,Utility Bill Payment,FTS,AE070330000220000000478,0.00,[]
LOC-OUT-0004780,QUOTE-LOC-OUT-0004780,COMPLETED,REF-LOC-OUT-0004780,ACC-B4027-001,OUTWARD,B4027,2026-05-17 13:58:00,SME-BEN-000478,770200000001,454.00,454.00,UTILITY_PAYMENT,Utility Bill Payment,FTS,AE070330000220000000478,0.00,[]
LOC-OUT-0004782,QUOTE-LOC-OUT-0004782,COMPLETED,REF-LOC-OUT-0004782,ACC-B4028-001,OUTWARD,B4028,2026-01-12 14:59:00,SME-BEN-000479,770200000001,421.00,421.00,UTILITY_PAYMENT,Utility Bill Payment,FTS,AE070330000220000000479,0.00,[]
LOC-OUT-0004784,QUOTE-LOC-OUT-0004784,COMPLETED,REF-LOC-OUT-0004784,ACC-B4028-001,OUTWARD,B4028,2026-02-15 14:59:00,SME-BEN-000479,770200000001,434.00,434.00,UTILITY_PAYMENT,Utility Bill Payment,FTS,AE070330000220000000479,0.00,[]
LOC-OUT-0004786,QUOTE-LOC-OUT-0004786,COMPLETED,REF-LOC-OUT-0004786,ACC-B4028-001,OUTWARD,B4028,2026-03-18 14:59:00,SME-BEN-000479,770200000001,447.00,447.00,UTILITY_PAYMENT,Utility Bill Payment,FTS,AE070330000220000000479,0.00,[]
LOC-OUT-0004788,QUOTE-LOC-OUT-0004788,COMPLETED,REF-LOC-OUT-0004788,ACC-B4028-001,OUTWARD,B4028,2026-04-21 14:59:00,SME-BEN-000479,770200000001,460.00,460.00,UTILITY_PAYMENT,Utility Bill Payment,FTS,AE070330000220000000479,0.00,[]
LOC-OUT-0004790,QUOTE-LOC-OUT-0004790,COMPLETED,REF-LOC-OUT-0004790,ACC-B4028-001,OUTWARD,B4028,2026-05-24 14:59:00,SME-BEN-000479,770200000001,473.00,473.00,UTILITY_PAYMENT,Utility Bill Payment,FTS,AE070330000220000000479,0.00,[]
LOC-OUT-0004792,QUOTE-LOC-OUT-0004792,COMPLETED,REF-LOC-OUT-0004792,ACC-B4029-001,OUTWARD,B4029,2026-01-19 15:00:00,SME-BEN-000480,770200000001,440.00,440.00,UTILITY_PAYMENT,Utility Bill Payment,FTS,AE070330000220000000480,0.00,[]
LOC-OUT-0004794,QUOTE-LOC-OUT-0004794,COMPLETED,REF-LOC-OUT-0004794,ACC-B4029-001,OUTWARD,B4029,2026-02-22 15:00:00,SME-BEN-000480,770200000001,453.00,453.00,UTILITY_PAYMENT,Utility Bill Payment,FTS,AE070330000220000000480,0.00,[]
LOC-OUT-0004796,QUOTE-LOC-OUT-0004796,COMPLETED,REF-LOC-OUT-0004796,ACC-B4029-001,OUTWARD,B4029,2026-03-03 15:00:00,SME-BEN-000480,770200000001,466.00,466.00,UTILITY_PAYMENT,Utility Bill Payment,FTS,AE070330000220000000480,0.00,[]
LOC-OUT-0004798,QUOTE-LOC-OUT-0004798,COMPLETED,REF-LOC-OUT-0004798,ACC-B4029-001,OUTWARD,B4029,2026-04-06 15:00:00,SME-BEN-000480,770200000001,479.00,479.00,UTILITY_PAYMENT,Utility Bill Payment,FTS,AE070330000220000000480,0.00,[]
LOC-OUT-0004800,QUOTE-LOC-OUT-0004800,COMPLETED,REF-LOC-OUT-0004800,ACC-B4029-001,OUTWARD,B4029,2026-05-09 15:00:00,SME-BEN-000480,770200000001,492.00,492.00,UTILITY_PAYMENT,Utility Bill Payment,FTS,AE070330000220000000480,0.00,[]
LOC-OUT-0004802,QUOTE-LOC-OUT-0004802,COMPLETED,REF-LOC-OUT-0004802,ACC-B4030-001,OUTWARD,B4030,2026-01-04 16:01:00,SME-BEN-000481,770200000001,459.00,459.00,UTILITY_PAYMENT,Utility Bill Payment,FTS,AE070330000220000000481,0.00,[]
LOC-OUT-0004804,QUOTE-LOC-OUT-0004804,COMPLETED,REF-LOC-OUT-0004804,ACC-B4030-001,OUTWARD,B4030,2026-02-07 16:01:00,SME-BEN-000481,770200000001,472.00,472.00,UTILITY_PAYMENT,Utility Bill Payment,FTS,AE070330000220000000481,0.00,[]
LOC-OUT-0004806,QUOTE-LOC-OUT-0004806,COMPLETED,REF-LOC-OUT-0004806,ACC-B4030-001,OUTWARD,B4030,2026-03-10 16:01:00,SME-BEN-000481,770200000001,485.00,485.00,UTILITY_PAYMENT,Utility Bill Payment,FTS,AE070330000220000000481,0.00,[]
LOC-OUT-0004808,QUOTE-LOC-OUT-0004808,COMPLETED,REF-LOC-OUT-0004808,ACC-B4030-001,OUTWARD,B4030,2026-04-13 16:01:00,SME-BEN-000481,770200000001,498.00,498.00,UTILITY_PAYMENT,Utility Bill Payment,FTS,AE070330000220000000481,0.00,[]
LOC-OUT-0004810,QUOTE-LOC-OUT-0004810,COMPLETED,REF-LOC-OUT-0004810,ACC-B4030-001,OUTWARD,B4030,2026-05-16 16:01:00,SME-BEN-000481,770200000001,511.00,511.00,UTILITY_PAYMENT,Utility Bill Payment,FTS,AE070330000220000000481,0.00,[]
LOC-OUT-0004812,QUOTE-LOC-OUT-0004812,COMPLETED,REF-LOC-OUT-0004812,ACC-B4031-001,OUTWARD,B4031,2026-01-11 17:02:00,SME-BEN-000482,770200000001,478.00,478.00,UTILITY_PAYMENT,Utility Bill Payment,FTS,AE070330000220000000482,0.00,[]
LOC-OUT-0004814,QUOTE-LOC-OUT-0004814,COMPLETED,REF-LOC-OUT-0004814,ACC-B4031-001,OUTWARD,B4031,2026-02-14 17:02:00,SME-BEN-000482,770200000001,491.00,491.00,UTILITY_PAYMENT,Utility Bill Payment,FTS,AE070330000220000000482,0.00,[]
LOC-OUT-0004816,QUOTE-LOC-OUT-0004816,COMPLETED,REF-LOC-OUT-0004816,ACC-B4031-001,OUTWARD,B4031,2026-03-17 17:02:00,SME-BEN-000482,770200000001,504.00,504.00,UTILITY_PAYMENT,Utility Bill Payment,FTS,AE070330000220000000482,0.00,[]
LOC-OUT-0004818,QUOTE-LOC-OUT-0004818,COMPLETED,REF-LOC-OUT-0004818,ACC-B4031-001,OUTWARD,B4031,2026-04-20 17:02:00,SME-BEN-000482,770200000001,517.00,517.00,UTILITY_PAYMENT,Utility Bill Payment,FTS,AE070330000220000000482,0.00,[]
LOC-OUT-0004820,QUOTE-LOC-OUT-0004820,COMPLETED,REF-LOC-OUT-0004820,ACC-B4031-001,OUTWARD,B4031,2026-05-23 17:02:00,SME-BEN-000482,770200000001,530.00,530.00,UTILITY_PAYMENT,Utility Bill Payment,FTS,AE070330000220000000482,0.00,[]
LOC-OUT-0004822,QUOTE-LOC-OUT-0004822,COMPLETED,REF-LOC-OUT-0004822,ACC-B4032-001,OUTWARD,B4032,2026-01-18 18:03:00,SME-BEN-000483,770200000001,497.00,497.00,UTILITY_PAYMENT,Utility Bill Payment,FTS,AE070330000220000000483,0.00,[]
LOC-OUT-0004824,QUOTE-LOC-OUT-0004824,COMPLETED,REF-LOC-OUT-0004824,ACC-B4032-001,OUTWARD,B4032,2026-02-21 18:03:00,SME-BEN-000483,770200000001,510.00,510.00,UTILITY_PAYMENT,Utility Bill Payment,FTS,AE070330000220000000483,0.00,[]
LOC-OUT-0004826,QUOTE-LOC-OUT-0004826,COMPLETED,REF-LOC-OUT-0004826,ACC-B4032-001,OUTWARD,B4032,2026-03-24 18:03:00,SME-BEN-000483,770200000001,523.00,523.00,UTILITY_PAYMENT,Utility Bill Payment,FTS,AE070330000220000000483,0.00,[]
LOC-OUT-0004828,QUOTE-LOC-OUT-0004828,COMPLETED,REF-LOC-OUT-0004828,ACC-B4032-001,OUTWARD,B4032,2026-04-05 18:03:00,SME-BEN-000483,770200000001,536.00,536.00,UTILITY_PAYMENT,Utility Bill Payment,FTS,AE070330000220000000483,0.00,[]
LOC-OUT-0004830,QUOTE-LOC-OUT-0004830,COMPLETED,REF-LOC-OUT-0004830,ACC-B4032-001,OUTWARD,B4032,2026-05-08 18:03:00,SME-BEN-000483,770200000001,549.00,549.00,UTILITY_PAYMENT,Utility Bill Payment,FTS,AE070330000220000000483,0.00,[]
LOC-OUT-0004832,QUOTE-LOC-OUT-0004832,COMPLETED,REF-LOC-OUT-0004832,ACC-B4033-001,OUTWARD,B4033,2026-01-03 08:04:00,SME-BEN-000484,770200000001,516.00,516.00,UTILITY_PAYMENT,Utility Bill Payment,FTS,AE070330000220000000484,0.00,[]
LOC-OUT-0004834,QUOTE-LOC-OUT-0004834,COMPLETED,REF-LOC-OUT-0004834,ACC-B4033-001,OUTWARD,B4033,2026-02-06 08:04:00,SME-BEN-000484,770200000001,529.00,529.00,UTILITY_PAYMENT,Utility Bill Payment,FTS,AE070330000220000000484,0.00,[]
LOC-OUT-0004836,QUOTE-LOC-OUT-0004836,COMPLETED,REF-LOC-OUT-0004836,ACC-B4033-001,OUTWARD,B4033,2026-03-09 08:04:00,SME-BEN-000484,770200000001,542.00,542.00,UTILITY_PAYMENT,Utility Bill Payment,FTS,AE070330000220000000484,0.00,[]
LOC-OUT-0004838,QUOTE-LOC-OUT-0004838,COMPLETED,REF-LOC-OUT-0004838,ACC-B4033-001,OUTWARD,B4033,2026-04-12 08:04:00,SME-BEN-000484,770200000001,555.00,555.00,UTILITY_PAYMENT,Utility Bill Payment,FTS,AE070330000220000000484,0.00,[]
LOC-OUT-0004840,QUOTE-LOC-OUT-0004840,COMPLETED,REF-LOC-OUT-0004840,ACC-B4033-001,OUTWARD,B4033,2026-05-15 08:04:00,SME-BEN-000484,770200000001,568.00,568.00,UTILITY_PAYMENT,Utility Bill Payment,FTS,AE070330000220000000484,0.00,[]
LOC-OUT-0004842,QUOTE-LOC-OUT-0004842,COMPLETED,REF-LOC-OUT-0004842,ACC-B4034-001,OUTWARD,B4034,2026-01-10 09:05:00,SME-BEN-000485,770200000001,535.00,535.00,UTILITY_PAYMENT,Utility Bill Payment,FTS,AE070330000220000000485,0.00,[]
LOC-OUT-0004844,QUOTE-LOC-OUT-0004844,COMPLETED,REF-LOC-OUT-0004844,ACC-B4034-001,OUTWARD,B4034,2026-02-13 09:05:00,SME-BEN-000485,770200000001,548.00,548.00,UTILITY_PAYMENT,Utility Bill Payment,FTS,AE070330000220000000485,0.00,[]
LOC-OUT-0004846,QUOTE-LOC-OUT-0004846,COMPLETED,REF-LOC-OUT-0004846,ACC-B4034-001,OUTWARD,B4034,2026-03-16 09:05:00,SME-BEN-000485,770200000001,561.00,561.00,UTILITY_PAYMENT,Utility Bill Payment,FTS,AE070330000220000000485,0.00,[]
LOC-OUT-0004848,QUOTE-LOC-OUT-0004848,COMPLETED,REF-LOC-OUT-0004848,ACC-B4034-001,OUTWARD,B4034,2026-04-19 09:05:00,SME-BEN-000485,770200000001,574.00,574.00,UTILITY_PAYMENT,Utility Bill Payment,FTS,AE070330000220000000485,0.00,[]
LOC-OUT-0004850,QUOTE-LOC-OUT-0004850,COMPLETED,REF-LOC-OUT-0004850,ACC-B4034-001,OUTWARD,B4034,2026-05-22 09:05:00,SME-BEN-000485,770200000001,587.00,587.00,UTILITY_PAYMENT,Utility Bill Payment,FTS,AE070330000220000000485,0.00,[]
LOC-OUT-0004852,QUOTE-LOC-OUT-0004852,COMPLETED,REF-LOC-OUT-0004852,ACC-B4035-001,OUTWARD,B4035,2026-01-17 10:06:00,SME-BEN-000486,770200000001,554.00,554.00,UTILITY_PAYMENT,Utility Bill Payment,FTS,AE070330000220000000486,0.00,[]
LOC-OUT-0004854,QUOTE-LOC-OUT-0004854,COMPLETED,REF-LOC-OUT-0004854,ACC-B4035-001,OUTWARD,B4035,2026-02-20 10:06:00,SME-BEN-000486,770200000001,567.00,567.00,UTILITY_PAYMENT,Utility Bill Payment,FTS,AE070330000220000000486,0.00,[]
LOC-OUT-0004856,QUOTE-LOC-OUT-0004856,COMPLETED,REF-LOC-OUT-0004856,ACC-B4035-001,OUTWARD,B4035,2026-03-23 10:06:00,SME-BEN-000486,770200000001,580.00,580.00,UTILITY_PAYMENT,Utility Bill Payment,FTS,AE070330000220000000486,0.00,[]
LOC-OUT-0004858,QUOTE-LOC-OUT-0004858,COMPLETED,REF-LOC-OUT-0004858,ACC-B4035-001,OUTWARD,B4035,2026-04-04 10:06:00,SME-BEN-000486,770200000001,593.00,593.00,UTILITY_PAYMENT,Utility Bill Payment,FTS,AE070330000220000000486,0.00,[]
LOC-OUT-0004860,QUOTE-LOC-OUT-0004860,COMPLETED,REF-LOC-OUT-0004860,ACC-B4035-001,OUTWARD,B4035,2026-05-07 10:06:00,SME-BEN-000486,770200000001,606.00,606.00,UTILITY_PAYMENT,Utility Bill Payment,FTS,AE070330000220000000486,0.00,[]
LOC-OUT-0004862,QUOTE-LOC-OUT-0004862,COMPLETED,REF-LOC-OUT-0004862,ACC-B4036-001,OUTWARD,B4036,2026-01-24 11:07:00,SME-BEN-000487,770200000001,573.00,573.00,UTILITY_PAYMENT,Utility Bill Payment,FTS,AE070330000220000000487,0.00,[]
LOC-OUT-0004864,QUOTE-LOC-OUT-0004864,COMPLETED,REF-LOC-OUT-0004864,ACC-B4036-001,OUTWARD,B4036,2026-02-05 11:07:00,SME-BEN-000487,770200000001,586.00,586.00,UTILITY_PAYMENT,Utility Bill Payment,FTS,AE070330000220000000487,0.00,[]
LOC-OUT-0004866,QUOTE-LOC-OUT-0004866,COMPLETED,REF-LOC-OUT-0004866,ACC-B4036-001,OUTWARD,B4036,2026-03-08 11:07:00,SME-BEN-000487,770200000001,599.00,599.00,UTILITY_PAYMENT,Utility Bill Payment,FTS,AE070330000220000000487,0.00,[]
LOC-OUT-0004868,QUOTE-LOC-OUT-0004868,COMPLETED,REF-LOC-OUT-0004868,ACC-B4036-001,OUTWARD,B4036,2026-04-11 11:07:00,SME-BEN-000487,770200000001,612.00,612.00,UTILITY_PAYMENT,Utility Bill Payment,FTS,AE070330000220000000487,0.00,[]
LOC-OUT-0004870,QUOTE-LOC-OUT-0004870,COMPLETED,REF-LOC-OUT-0004870,ACC-B4036-001,OUTWARD,B4036,2026-05-14 11:07:00,SME-BEN-000487,770200000001,625.00,625.00,UTILITY_PAYMENT,Utility Bill Payment,FTS,AE070330000220000000487,0.00,[]
LOC-OUT-0004872,QUOTE-LOC-OUT-0004872,COMPLETED,REF-LOC-OUT-0004872,ACC-B4037-001,OUTWARD,B4037,2026-01-09 12:08:00,SME-BEN-000488,770200000001,592.00,592.00,UTILITY_PAYMENT,Utility Bill Payment,FTS,AE070330000220000000488,0.00,[]
LOC-OUT-0004874,QUOTE-LOC-OUT-0004874,COMPLETED,REF-LOC-OUT-0004874,ACC-B4037-001,OUTWARD,B4037,2026-02-12 12:08:00,SME-BEN-000488,770200000001,605.00,605.00,UTILITY_PAYMENT,Utility Bill Payment,FTS,AE070330000220000000488,0.00,[]
LOC-OUT-0004876,QUOTE-LOC-OUT-0004876,COMPLETED,REF-LOC-OUT-0004876,ACC-B4037-001,OUTWARD,B4037,2026-03-15 12:08:00,SME-BEN-000488,770200000001,618.00,618.00,UTILITY_PAYMENT,Utility Bill Payment,FTS,AE070330000220000000488,0.00,[]
LOC-OUT-0004878,QUOTE-LOC-OUT-0004878,COMPLETED,REF-LOC-OUT-0004878,ACC-B4037-001,OUTWARD,B4037,2026-04-18 12:08:00,SME-BEN-000488,770200000001,631.00,631.00,UTILITY_PAYMENT,Utility Bill Payment,FTS,AE070330000220000000488,0.00,[]
LOC-OUT-0004880,QUOTE-LOC-OUT-0004880,COMPLETED,REF-LOC-OUT-0004880,ACC-B4037-001,OUTWARD,B4037,2026-05-21 12:08:00,SME-BEN-000488,770200000001,644.00,644.00,UTILITY_PAYMENT,Utility Bill Payment,FTS,AE070330000220000000488,0.00,[]
LOC-OUT-0004882,QUOTE-LOC-OUT-0004882,COMPLETED,REF-LOC-OUT-0004882,ACC-B4038-001,OUTWARD,B4038,2026-01-16 13:09:00,SME-BEN-000489,770200000001,611.00,611.00,UTILITY_PAYMENT,Utility Bill Payment,FTS,AE070330000220000000489,0.00,[]
LOC-OUT-0004884,QUOTE-LOC-OUT-0004884,COMPLETED,REF-LOC-OUT-0004884,ACC-B4038-001,OUTWARD,B4038,2026-02-19 13:09:00,SME-BEN-000489,770200000001,624.00,624.00,UTILITY_PAYMENT,Utility Bill Payment,FTS,AE070330000220000000489,0.00,[]
LOC-OUT-0004886,QUOTE-LOC-OUT-0004886,COMPLETED,REF-LOC-OUT-0004886,ACC-B4038-001,OUTWARD,B4038,2026-03-22 13:09:00,SME-BEN-000489,770200000001,637.00,637.00,UTILITY_PAYMENT,Utility Bill Payment,FTS,AE070330000220000000489,0.00,[]
LOC-OUT-0004888,QUOTE-LOC-OUT-0004888,COMPLETED,REF-LOC-OUT-0004888,ACC-B4038-001,OUTWARD,B4038,2026-04-03 13:09:00,SME-BEN-000489,770200000001,650.00,650.00,UTILITY_PAYMENT,Utility Bill Payment,FTS,AE070330000220000000489,0.00,[]
LOC-OUT-0004890,QUOTE-LOC-OUT-0004890,COMPLETED,REF-LOC-OUT-0004890,ACC-B4038-001,OUTWARD,B4038,2026-05-06 13:09:00,SME-BEN-000489,770200000001,362.00,362.00,UTILITY_PAYMENT,Utility Bill Payment,FTS,AE070330000220000000489,0.00,[]
LOC-OUT-0004892,QUOTE-LOC-OUT-0004892,COMPLETED,REF-LOC-OUT-0004892,ACC-B4039-001,OUTWARD,B4039,2026-01-23 14:10:00,SME-BEN-000490,770200000001,630.00,630.00,UTILITY_PAYMENT,Utility Bill Payment,FTS,AE070330000220000000490,0.00,[]
LOC-OUT-0004894,QUOTE-LOC-OUT-0004894,COMPLETED,REF-LOC-OUT-0004894,ACC-B4039-001,OUTWARD,B4039,2026-02-04 14:10:00,SME-BEN-000490,770200000001,643.00,643.00,UTILITY_PAYMENT,Utility Bill Payment,FTS,AE070330000220000000490,0.00,[]
LOC-OUT-0004896,QUOTE-LOC-OUT-0004896,COMPLETED,REF-LOC-OUT-0004896,ACC-B4039-001,OUTWARD,B4039,2026-03-07 14:10:00,SME-BEN-000490,770200000001,355.00,355.00,UTILITY_PAYMENT,Utility Bill Payment,FTS,AE070330000220000000490,0.00,[]
LOC-OUT-0004898,QUOTE-LOC-OUT-0004898,COMPLETED,REF-LOC-OUT-0004898,ACC-B4039-001,OUTWARD,B4039,2026-04-10 14:10:00,SME-BEN-000490,770200000001,368.00,368.00,UTILITY_PAYMENT,Utility Bill Payment,FTS,AE070330000220000000490,0.00,[]
LOC-OUT-0004900,QUOTE-LOC-OUT-0004900,COMPLETED,REF-LOC-OUT-0004900,ACC-B4039-001,OUTWARD,B4039,2026-05-13 14:10:00,SME-BEN-000490,770200000001,381.00,381.00,UTILITY_PAYMENT,Utility Bill Payment,FTS,AE070330000220000000490,0.00,[]
LOC-OUT-0004902,QUOTE-LOC-OUT-0004902,COMPLETED,REF-LOC-OUT-0004902,ACC-B4040-001,OUTWARD,B4040,2026-01-08 15:11:00,SME-BEN-000491,770200000001,649.00,649.00,UTILITY_PAYMENT,Utility Bill Payment,FTS,AE070330000220000000491,0.00,[]
LOC-OUT-0004904,QUOTE-LOC-OUT-0004904,COMPLETED,REF-LOC-OUT-0004904,ACC-B4040-001,OUTWARD,B4040,2026-02-11 15:11:00,SME-BEN-000491,770200000001,361.00,361.00,UTILITY_PAYMENT,Utility Bill Payment,FTS,AE070330000220000000491,0.00,[]
LOC-OUT-0004906,QUOTE-LOC-OUT-0004906,COMPLETED,REF-LOC-OUT-0004906,ACC-B4040-001,OUTWARD,B4040,2026-03-14 15:11:00,SME-BEN-000491,770200000001,374.00,374.00,UTILITY_PAYMENT,Utility Bill Payment,FTS,AE070330000220000000491,0.00,[]
LOC-OUT-0004908,QUOTE-LOC-OUT-0004908,COMPLETED,REF-LOC-OUT-0004908,ACC-B4040-001,OUTWARD,B4040,2026-04-17 15:11:00,SME-BEN-000491,770200000001,387.00,387.00,UTILITY_PAYMENT,Utility Bill Payment,FTS,AE070330000220000000491,0.00,[]
LOC-OUT-0004910,QUOTE-LOC-OUT-0004910,COMPLETED,REF-LOC-OUT-0004910,ACC-B4040-001,OUTWARD,B4040,2026-05-20 15:11:00,SME-BEN-000491,770200000001,400.00,400.00,UTILITY_PAYMENT,Utility Bill Payment,FTS,AE070330000220000000491,0.00,[]
LOC-OUT-0004912,QUOTE-LOC-OUT-0004912,COMPLETED,REF-LOC-OUT-0004912,ACC-B4041-001,OUTWARD,B4041,2026-01-15 16:12:00,SME-BEN-000492,770200000001,367.00,367.00,UTILITY_PAYMENT,Utility Bill Payment,FTS,AE070330000220000000492,0.00,[]
LOC-OUT-0004914,QUOTE-LOC-OUT-0004914,COMPLETED,REF-LOC-OUT-0004914,ACC-B4041-001,OUTWARD,B4041,2026-02-18 16:12:00,SME-BEN-000492,770200000001,380.00,380.00,UTILITY_PAYMENT,Utility Bill Payment,FTS,AE070330000220000000492,0.00,[]
LOC-OUT-0004916,QUOTE-LOC-OUT-0004916,COMPLETED,REF-LOC-OUT-0004916,ACC-B4041-001,OUTWARD,B4041,2026-03-21 16:12:00,SME-BEN-000492,770200000001,393.00,393.00,UTILITY_PAYMENT,Utility Bill Payment,FTS,AE070330000220000000492,0.00,[]
LOC-OUT-0004918,QUOTE-LOC-OUT-0004918,COMPLETED,REF-LOC-OUT-0004918,ACC-B4041-001,OUTWARD,B4041,2026-04-24 16:12:00,SME-BEN-000492,770200000001,406.00,406.00,UTILITY_PAYMENT,Utility Bill Payment,FTS,AE070330000220000000492,0.00,[]
LOC-OUT-0004920,QUOTE-LOC-OUT-0004920,COMPLETED,REF-LOC-OUT-0004920,ACC-B4041-001,OUTWARD,B4041,2026-05-05 16:12:00,SME-BEN-000492,770200000001,419.00,419.00,UTILITY_PAYMENT,Utility Bill Payment,FTS,AE070330000220000000492,0.00,[]
LOC-OUT-0004922,QUOTE-LOC-OUT-0004922,COMPLETED,REF-LOC-OUT-0004922,ACC-B4042-001,OUTWARD,B4042,2026-01-22 17:13:00,SME-BEN-000493,770200000001,386.00,386.00,UTILITY_PAYMENT,Utility Bill Payment,FTS,AE070330000220000000493,0.00,[]
LOC-OUT-0004924,QUOTE-LOC-OUT-0004924,COMPLETED,REF-LOC-OUT-0004924,ACC-B4042-001,OUTWARD,B4042,2026-02-03 17:13:00,SME-BEN-000493,770200000001,399.00,399.00,UTILITY_PAYMENT,Utility Bill Payment,FTS,AE070330000220000000493,0.00,[]
LOC-OUT-0004926,QUOTE-LOC-OUT-0004926,COMPLETED,REF-LOC-OUT-0004926,ACC-B4042-001,OUTWARD,B4042,2026-03-06 17:13:00,SME-BEN-000493,770200000001,412.00,412.00,UTILITY_PAYMENT,Utility Bill Payment,FTS,AE070330000220000000493,0.00,[]
LOC-OUT-0004928,QUOTE-LOC-OUT-0004928,COMPLETED,REF-LOC-OUT-0004928,ACC-B4042-001,OUTWARD,B4042,2026-04-09 17:13:00,SME-BEN-000493,770200000001,425.00,425.00,UTILITY_PAYMENT,Utility Bill Payment,FTS,AE070330000220000000493,0.00,[]
LOC-OUT-0004930,QUOTE-LOC-OUT-0004930,COMPLETED,REF-LOC-OUT-0004930,ACC-B4042-001,OUTWARD,B4042,2026-05-12 17:13:00,SME-BEN-000493,770200000001,438.00,438.00,UTILITY_PAYMENT,Utility Bill Payment,FTS,AE070330000220000000493,0.00,[]
LOC-OUT-0004932,QUOTE-LOC-OUT-0004932,COMPLETED,REF-LOC-OUT-0004932,ACC-B4043-001,OUTWARD,B4043,2026-01-07 18:14:00,SME-BEN-000494,770200000001,405.00,405.00,UTILITY_PAYMENT,Utility Bill Payment,FTS,AE070330000220000000494,0.00,[]
LOC-OUT-0004934,QUOTE-LOC-OUT-0004934,COMPLETED,REF-LOC-OUT-0004934,ACC-B4043-001,OUTWARD,B4043,2026-02-10 18:14:00,SME-BEN-000494,770200000001,418.00,418.00,UTILITY_PAYMENT,Utility Bill Payment,FTS,AE070330000220000000494,0.00,[]
LOC-OUT-0004936,QUOTE-LOC-OUT-0004936,COMPLETED,REF-LOC-OUT-0004936,ACC-B4043-001,OUTWARD,B4043,2026-03-13 18:14:00,SME-BEN-000494,770200000001,431.00,431.00,UTILITY_PAYMENT,Utility Bill Payment,FTS,AE070330000220000000494,0.00,[]
LOC-OUT-0004938,QUOTE-LOC-OUT-0004938,COMPLETED,REF-LOC-OUT-0004938,ACC-B4043-001,OUTWARD,B4043,2026-04-16 18:14:00,SME-BEN-000494,770200000001,444.00,444.00,UTILITY_PAYMENT,Utility Bill Payment,FTS,AE070330000220000000494,0.00,[]
LOC-OUT-0004940,QUOTE-LOC-OUT-0004940,COMPLETED,REF-LOC-OUT-0004940,ACC-B4043-001,OUTWARD,B4043,2026-05-19 18:14:00,SME-BEN-000494,770200000001,457.00,457.00,UTILITY_PAYMENT,Utility Bill Payment,FTS,AE070330000220000000494,0.00,[]
LOC-OUT-0004942,QUOTE-LOC-OUT-0004942,COMPLETED,REF-LOC-OUT-0004942,ACC-B4044-001,OUTWARD,B4044,2026-01-14 08:15:00,SME-BEN-000495,770200000001,424.00,424.00,UTILITY_PAYMENT,Utility Bill Payment,FTS,AE070330000220000000495,0.00,[]
LOC-OUT-0004944,QUOTE-LOC-OUT-0004944,COMPLETED,REF-LOC-OUT-0004944,ACC-B4044-001,OUTWARD,B4044,2026-02-17 08:15:00,SME-BEN-000495,770200000001,437.00,437.00,UTILITY_PAYMENT,Utility Bill Payment,FTS,AE070330000220000000495,0.00,[]
LOC-OUT-0004946,QUOTE-LOC-OUT-0004946,COMPLETED,REF-LOC-OUT-0004946,ACC-B4044-001,OUTWARD,B4044,2026-03-20 08:15:00,SME-BEN-000495,770200000001,450.00,450.00,UTILITY_PAYMENT,Utility Bill Payment,FTS,AE070330000220000000495,0.00,[]
LOC-OUT-0004948,QUOTE-LOC-OUT-0004948,COMPLETED,REF-LOC-OUT-0004948,ACC-B4044-001,OUTWARD,B4044,2026-04-23 08:15:00,SME-BEN-000495,770200000001,463.00,463.00,UTILITY_PAYMENT,Utility Bill Payment,FTS,AE070330000220000000495,0.00,[]
LOC-OUT-0004950,QUOTE-LOC-OUT-0004950,COMPLETED,REF-LOC-OUT-0004950,ACC-B4044-001,OUTWARD,B4044,2026-05-04 08:15:00,SME-BEN-000495,770200000001,476.00,476.00,UTILITY_PAYMENT,Utility Bill Payment,FTS,AE070330000220000000495,0.00,[]
LOC-OUT-0004952,QUOTE-LOC-OUT-0004952,COMPLETED,REF-LOC-OUT-0004952,ACC-B4045-001,OUTWARD,B4045,2026-01-21 09:16:00,SME-BEN-000496,770200000001,443.00,443.00,UTILITY_PAYMENT,Utility Bill Payment,FTS,AE070330000220000000496,0.00,[]
LOC-OUT-0004954,QUOTE-LOC-OUT-0004954,COMPLETED,REF-LOC-OUT-0004954,ACC-B4045-001,OUTWARD,B4045,2026-02-24 09:16:00,SME-BEN-000496,770200000001,456.00,456.00,UTILITY_PAYMENT,Utility Bill Payment,FTS,AE070330000220000000496,0.00,[]
LOC-OUT-0004956,QUOTE-LOC-OUT-0004956,COMPLETED,REF-LOC-OUT-0004956,ACC-B4045-001,OUTWARD,B4045,2026-03-05 09:16:00,SME-BEN-000496,770200000001,469.00,469.00,UTILITY_PAYMENT,Utility Bill Payment,FTS,AE070330000220000000496,0.00,[]
LOC-OUT-0004958,QUOTE-LOC-OUT-0004958,COMPLETED,REF-LOC-OUT-0004958,ACC-B4045-001,OUTWARD,B4045,2026-04-08 09:16:00,SME-BEN-000496,770200000001,482.00,482.00,UTILITY_PAYMENT,Utility Bill Payment,FTS,AE070330000220000000496,0.00,[]
LOC-OUT-0004960,QUOTE-LOC-OUT-0004960,COMPLETED,REF-LOC-OUT-0004960,ACC-B4045-001,OUTWARD,B4045,2026-05-11 09:16:00,SME-BEN-000496,770200000001,495.00,495.00,UTILITY_PAYMENT,Utility Bill Payment,FTS,AE070330000220000000496,0.00,[]
LOC-OUT-0004962,QUOTE-LOC-OUT-0004962,COMPLETED,REF-LOC-OUT-0004962,ACC-B4046-001,OUTWARD,B4046,2026-01-06 10:17:00,SME-BEN-000497,770200000001,462.00,462.00,UTILITY_PAYMENT,Utility Bill Payment,FTS,AE070330000220000000497,0.00,[]
LOC-OUT-0004964,QUOTE-LOC-OUT-0004964,COMPLETED,REF-LOC-OUT-0004964,ACC-B4046-001,OUTWARD,B4046,2026-02-09 10:17:00,SME-BEN-000497,770200000001,475.00,475.00,UTILITY_PAYMENT,Utility Bill Payment,FTS,AE070330000220000000497,0.00,[]
LOC-OUT-0004966,QUOTE-LOC-OUT-0004966,COMPLETED,REF-LOC-OUT-0004966,ACC-B4046-001,OUTWARD,B4046,2026-03-12 10:17:00,SME-BEN-000497,770200000001,488.00,488.00,UTILITY_PAYMENT,Utility Bill Payment,FTS,AE070330000220000000497,0.00,[]
LOC-OUT-0004968,QUOTE-LOC-OUT-0004968,COMPLETED,REF-LOC-OUT-0004968,ACC-B4046-001,OUTWARD,B4046,2026-04-15 10:17:00,SME-BEN-000497,770200000001,501.00,501.00,UTILITY_PAYMENT,Utility Bill Payment,FTS,AE070330000220000000497,0.00,[]
LOC-OUT-0004970,QUOTE-LOC-OUT-0004970,COMPLETED,REF-LOC-OUT-0004970,ACC-B4046-001,OUTWARD,B4046,2026-05-18 10:17:00,SME-BEN-000497,770200000001,514.00,514.00,UTILITY_PAYMENT,Utility Bill Payment,FTS,AE070330000220000000497,0.00,[]
LOC-OUT-0004972,QUOTE-LOC-OUT-0004972,COMPLETED,REF-LOC-OUT-0004972,ACC-B4047-001,OUTWARD,B4047,2026-01-13 11:18:00,SME-BEN-000498,770200000001,481.00,481.00,UTILITY_PAYMENT,Utility Bill Payment,FTS,AE070330000220000000498,0.00,[]
LOC-OUT-0004974,QUOTE-LOC-OUT-0004974,COMPLETED,REF-LOC-OUT-0004974,ACC-B4047-001,OUTWARD,B4047,2026-02-16 11:18:00,SME-BEN-000498,770200000001,494.00,494.00,UTILITY_PAYMENT,Utility Bill Payment,FTS,AE070330000220000000498,0.00,[]
LOC-OUT-0004976,QUOTE-LOC-OUT-0004976,COMPLETED,REF-LOC-OUT-0004976,ACC-B4047-001,OUTWARD,B4047,2026-03-19 11:18:00,SME-BEN-000498,770200000001,507.00,507.00,UTILITY_PAYMENT,Utility Bill Payment,FTS,AE070330000220000000498,0.00,[]
LOC-OUT-0004978,QUOTE-LOC-OUT-0004978,COMPLETED,REF-LOC-OUT-0004978,ACC-B4047-001,OUTWARD,B4047,2026-04-22 11:18:00,SME-BEN-000498,770200000001,520.00,520.00,UTILITY_PAYMENT,Utility Bill Payment,FTS,AE070330000220000000498,0.00,[]
LOC-OUT-0004980,QUOTE-LOC-OUT-0004980,COMPLETED,REF-LOC-OUT-0004980,ACC-B4047-001,OUTWARD,B4047,2026-05-03 11:18:00,SME-BEN-000498,770200000001,533.00,533.00,UTILITY_PAYMENT,Utility Bill Payment,FTS,AE070330000220000000498,0.00,[]
LOC-OUT-0004982,QUOTE-LOC-OUT-0004982,COMPLETED,REF-LOC-OUT-0004982,ACC-B4048-001,OUTWARD,B4048,2026-01-20 12:19:00,SME-BEN-000499,770200000001,500.00,500.00,UTILITY_PAYMENT,Utility Bill Payment,FTS,AE070330000220000000499,0.00,[]
LOC-OUT-0004984,QUOTE-LOC-OUT-0004984,COMPLETED,REF-LOC-OUT-0004984,ACC-B4048-001,OUTWARD,B4048,2026-02-23 12:19:00,SME-BEN-000499,770200000001,513.00,513.00,UTILITY_PAYMENT,Utility Bill Payment,FTS,AE070330000220000000499,0.00,[]
LOC-OUT-0004986,QUOTE-LOC-OUT-0004986,COMPLETED,REF-LOC-OUT-0004986,ACC-B4048-001,OUTWARD,B4048,2026-03-04 12:19:00,SME-BEN-000499,770200000001,526.00,526.00,UTILITY_PAYMENT,Utility Bill Payment,FTS,AE070330000220000000499,0.00,[]
LOC-OUT-0004988,QUOTE-LOC-OUT-0004988,COMPLETED,REF-LOC-OUT-0004988,ACC-B4048-001,OUTWARD,B4048,2026-04-07 12:19:00,SME-BEN-000499,770200000001,539.00,539.00,UTILITY_PAYMENT,Utility Bill Payment,FTS,AE070330000220000000499,0.00,[]
LOC-OUT-0004990,QUOTE-LOC-OUT-0004990,COMPLETED,REF-LOC-OUT-0004990,ACC-B4048-001,OUTWARD,B4048,2026-05-10 12:19:00,SME-BEN-000499,770200000001,552.00,552.00,UTILITY_PAYMENT,Utility Bill Payment,FTS,AE070330000220000000499,0.00,[]
LOC-OUT-0004992,QUOTE-LOC-OUT-0004992,COMPLETED,REF-LOC-OUT-0004992,ACC-B4049-001,OUTWARD,B4049,2026-01-05 13:20:00,SME-BEN-000500,770200000001,519.00,519.00,UTILITY_PAYMENT,Utility Bill Payment,FTS,AE070330000220000000500,0.00,[]
LOC-OUT-0004994,QUOTE-LOC-OUT-0004994,COMPLETED,REF-LOC-OUT-0004994,ACC-B4049-001,OUTWARD,B4049,2026-02-08 13:20:00,SME-BEN-000500,770200000001,532.00,532.00,UTILITY_PAYMENT,Utility Bill Payment,FTS,AE070330000220000000500,0.00,[]
LOC-OUT-0004996,QUOTE-LOC-OUT-0004996,COMPLETED,REF-LOC-OUT-0004996,ACC-B4049-001,OUTWARD,B4049,2026-03-11 13:20:00,SME-BEN-000500,770200000001,545.00,545.00,UTILITY_PAYMENT,Utility Bill Payment,FTS,AE070330000220000000500,0.00,[]
LOC-OUT-0004998,QUOTE-LOC-OUT-0004998,COMPLETED,REF-LOC-OUT-0004998,ACC-B4049-001,OUTWARD,B4049,2026-04-14 13:20:00,SME-BEN-000500,770200000001,558.00,558.00,UTILITY_PAYMENT,Utility Bill Payment,FTS,AE070330000220000000500,0.00,[]
LOC-OUT-0005000,QUOTE-LOC-OUT-0005000,COMPLETED,REF-LOC-OUT-0005000,ACC-B4049-001,OUTWARD,B4049,2026-05-17 13:20:00,SME-BEN-000500,770200000001,571.00,571.00,UTILITY_PAYMENT,Utility Bill Payment,FTS,AE070330000220000000500,0.00,[]
LOC-OUT-0005002,QUOTE-LOC-OUT-0005002,COMPLETED,REF-LOC-OUT-0005002,ACC-B4050-001,OUTWARD,B4050,2026-01-12 14:21:00,SME-BEN-000501,770200000001,538.00,538.00,UTILITY_PAYMENT,Utility Bill Payment,FTS,AE070330000220000000501,0.00,[]
LOC-OUT-0005004,QUOTE-LOC-OUT-0005004,COMPLETED,REF-LOC-OUT-0005004,ACC-B4050-001,OUTWARD,B4050,2026-02-15 14:21:00,SME-BEN-000501,770200000001,551.00,551.00,UTILITY_PAYMENT,Utility Bill Payment,FTS,AE070330000220000000501,0.00,[]
LOC-OUT-0005006,QUOTE-LOC-OUT-0005006,COMPLETED,REF-LOC-OUT-0005006,ACC-B4050-001,OUTWARD,B4050,2026-03-18 14:21:00,SME-BEN-000501,770200000001,564.00,564.00,UTILITY_PAYMENT,Utility Bill Payment,FTS,AE070330000220000000501,0.00,[]
LOC-OUT-0005008,QUOTE-LOC-OUT-0005008,COMPLETED,REF-LOC-OUT-0005008,ACC-B4050-001,OUTWARD,B4050,2026-04-21 14:21:00,SME-BEN-000501,770200000001,577.00,577.00,UTILITY_PAYMENT,Utility Bill Payment,FTS,AE070330000220000000501,0.00,[]
LOC-OUT-0005010,QUOTE-LOC-OUT-0005010,COMPLETED,REF-LOC-OUT-0005010,ACC-B4050-001,OUTWARD,B4050,2026-05-24 14:21:00,SME-BEN-000501,770200000001,590.00,590.00,UTILITY_PAYMENT,Utility Bill Payment,FTS,AE070330000220000000501,0.00,[]
