customer_id,beneficiary_account_number,source,beneficiary_id,customer_type,beneficiary_type,customer_creation_date,beneficiary_account_holder_name,nick_name,is_active,country_of_beneficiary,currency,bank_name,swift_code,beneficiary_created_date,beneficiary_updated_date,legal_type,two_factor_auth_status,cooldown,beneficiary_address_first_line,beneficiary_address_city,beneficiary_address_state,beneficiary_address_country,beneficiary_address_post_code
R2001,770200000001,payment,RET-BEN-000001,RETAIL,local,2021-01-18,National Utility Services PJSC,Utility Services,True,AE,AED,National Clearing Bank,,2023-01-12 09:01:00,2023-01-12 10:01:00,PERSON,COMPLETED,false,Sheikh Zayed Road,Dubai,Dubai,AE,
R3001,770200000001,payment,RET-BEN-000002,RETAIL,local,2021-02-04,National Utility Services PJSC,Utility Services,True,AE,AED,National Clearing Bank,,2023-01-23 09:02:00,2023-01-23 10:02:00,PERSON,COMPLETED,false,Sheikh Zayed Road,Dubai,Dubai,AE,
R3002,770200000001,payment,RET-BEN-000003,RETAIL,local,2021-02-21,National Utility Services PJSC,Utility Services,True,AE,AED,National Clearing Bank,,2023-02-03 09:03:00,2023-02-03 10:03:00,PERSON,COMPLETED,false,Sheikh Zayed Road,Dubai,Dubai,AE,
R3003,770200000001,payment,RET-BEN-000004,RETAIL,local,2021-03-10,National Utility Services PJSC,Utility Services,True,AE,AED,National Clearing Bank,,2023-02-14 09:04:00,2023-02-14 10:04:00,PERSON,COMPLETED,false,Sheikh Zayed Road,Dubai,Dubai,AE,
R3004,770200000001,payment,RET-BEN-000005,RETAIL,local,2021-03-27,National Utility Services PJSC,Utility Services,True,AE,AED,National Clearing Bank,,2023-02-25 09:05:00,2023-02-25 10:05:00,PERSON,COMPLETED,false,Sheikh Zayed Road,Dubai,Dubai,AE,
R3005,770200000001,payment,RET-BEN-000006,RETAIL,local,2021-04-13,National Utility Services PJSC,Utility Services,True,AE,AED,National Clearing Bank,,2023-03-08 09:06:00,2023-03-08 10:06:00,PERSON,COMPLETED,false,Sheikh Zayed Road,Dubai,Dubai,AE,
R3006,770200000001,payment,RET-BEN-000007,RETAIL,local,2021-04-30,National Utility Services PJSC,Utility Services,True,AE,AED,National Clearing Bank,,2023-03-19 09:07:00,2023-03-19 10:07:00,PERSON,COMPLETED,false,Sheikh Zayed Road,Dubai,Dubai,AE,
R3007,770200000001,payment,RET-BEN-000008,RETAIL,local,2021-05-17,National Utility Services PJSC,Utility Services,True,AE,AED,National Clearing Bank,,2023-03-30 09:08:00,2023-03-30 10:08:00,PERSON,COMPLETED,false,Sheikh Zayed Road,Dubai,Dubai,AE,
R3008,770200000001,payment,RET-BEN-000009,RETAIL,local,2021-06-03,National Utility Services PJSC,Utility Services,True,AE,AED,National Clearing Bank,,2023-04-10 09:09:00,2023-04-10 10:09:00,PERSON,COMPLETED,false,Sheikh Zayed Road,Dubai,Dubai,AE,
R3009,770200000001,payment,RET-BEN-000010,RETAIL,local,2021-06-20,National Utility Services PJSC,Utility Services,True,AE,AED,National Clearing Bank,,2023-04-21 09:10:00,2023-04-21 10:10:00,PERSON,COMPLETED,false,Sheikh Zayed Road,Dubai,Dubai,AE,
R3010,770200000001,payment,RET-BEN-000011,RETAIL,local,2021-07-07,National Utility Services PJSC,Utility Services,True,AE,AED,National Clearing Bank,,2023-05-02 09:11:00,2023-05-02 10:11:00,PERSON,COMPLETED,false,Sheikh Zayed Road,Dubai,Dubai,AE,
R3011,770200000001,payment,RET-BEN-000012,RETAIL,local,2021-07-24,National Utility Services PJSC,Utility Services,True,AE,AED,National Clearing Bank,,2023-05-13 09:12:00,2023-05-13 10:12:00,PERSON,COMPLETED,false,Sheikh Zayed Road,Dubai,Dubai,AE,
R3012,770200000001,payment,RET-BEN-000013,RETAIL,local,2021-08-10,National Utility Services PJSC,Utility Services,True,AE,AED,National Clearing Bank,,2023-05-24 09:13:00,2023-05-24 10:13:00,PERSON,COMPLETED,false,Sheikh Zayed Road,Dubai,Dubai,AE,
R3013,770200000001,payment,RET-BEN-000014,RETAIL,local,2021-08-27,National Utility Services PJSC,Utility Services,True,AE,AED,National Clearing Bank,,2023-06-04 09:14:00,2023-06-04 10:14:00,PERSON,COMPLETED,false,Sheikh Zayed Road,Dubai,Dubai,AE,
R3014,770200000001,payment,RET-BEN-000015,RETAIL,local,2021-09-13,National Utility Services PJSC,Utility Services,True,AE,AED,National Clearing Bank,,2023-06-15 09:15:00,2023-06-15 10:15:00,PERSON,COMPLETED,false,Sheikh Zayed Road,Dubai,Dubai,AE,
R3015,770200000001,payment,RET-BEN-000016,RETAIL,local,2021-09-30,National Utility Services PJSC,Utility Services,True,AE,AED,National Clearing Bank,,2023-06-26 09:16:00,2023-06-26 10:16:00,PERSON,COMPLETED,false,Sheikh Zayed Road,Dubai,Dubai,AE,
R3016,770200000001,payment,RET-BEN-000017,RETAIL,local,2021-10-17,National Utility Services PJSC,Utility Services,True,AE,AED,National Clearing Bank,,2023-07-07 09:17:00,2023-07-07 10:17:00,PERSON,COMPLETED,false,Sheikh Zayed Road,Dubai,Dubai,AE,
R3017,770200000001,payment,RET-BEN-000018,RETAIL,local,2021-11-03,National Utility Services PJSC,Utility Services,True,AE,AED,National Clearing Bank,,2023-07-18 09:18:00,2023-07-18 10:18:00,PERSON,COMPLETED,false,Sheikh Zayed Road,Dubai,Dubai,AE,
R3018,770200000001,payment,RET-BEN-000019,RETAIL,local,2021-11-20,National Utility Services PJSC,Utility Services,True,AE,AED,National Clearing Bank,,2023-07-29 09:19:00,2023-07-29 10:19:00,PERSON,COMPLETED,false,Sheikh Zayed Road,Dubai,Dubai,AE,
R3019,770200000001,payment,RET-BEN-000020,RETAIL,local,2021-12-07,National Utility Services PJSC,Utility Services,True,AE,AED,National Clearing Bank,,2023-08-09 09:20:00,2023-08-09 10:20:00,PERSON,COMPLETED,false,Sheikh Zayed Road,Dubai,Dubai,AE,
R3020,770200000001,payment,RET-BEN-000021,RETAIL,local,2021-12-24,National Utility Services PJSC,Utility Services,True,AE,AED,National Clearing Bank,,2023-08-20 09:21:00,2023-08-20 10:21:00,PERSON,COMPLETED,false,Sheikh Zayed Road,Dubai,Dubai,AE,
R3021,770200000001,payment,RET-BEN-000022,RETAIL,local,2022-01-10,National Utility Services PJSC,Utility Services,True,AE,AED,National Clearing Bank,,2023-08-31 09:22:00,2023-08-31 10:22:00,PERSON,COMPLETED,false,Sheikh Zayed Road,Dubai,Dubai,AE,
R3022,770200000001,payment,RET-BEN-000023,RETAIL,local,2022-01-27,National Utility Services PJSC,Utility Services,True,AE,AED,National Clearing Bank,,2023-09-11 09:23:00,2023-09-11 10:23:00,PERSON,COMPLETED,false,Sheikh Zayed Road,Dubai,Dubai,AE,
R3023,770200000001,payment,RET-BEN-000024,RETAIL,local,2022-02-13,National Utility Services PJSC,Utility Services,True,AE,AED,National Clearing Bank,,2023-09-22 09:24:00,2023-09-22 10:24:00,PERSON,COMPLETED,false,Sheikh Zayed Road,Dubai,Dubai,AE,
R3024,770200000001,payment,RET-BEN-000025,RETAIL,local,2022-03-02,National Utility Services PJSC,Utility Services,True,AE,AED,National Clearing Bank,,2023-10-03 09:25:00,2023-10-03 10:25:00,PERSON,COMPLETED,false,Sheikh Zayed Road,Dubai,Dubai,AE,
R3025,770200000001,payment,RET-BEN-000026,RETAIL,local,2022-03-19,National Utility Services PJSC,Utility Services,True,AE,AED,National Clearing Bank,,2023-10-14 09:26:00,2023-10-14 10:26:00,PERSON,COMPLETED,false,Sheikh Zayed Road,Dubai,Dubai,AE,
R3026,770200000001,payment,RET-BEN-000027,RETAIL,local,2022-04-05,National Utility Services PJSC,Utility Services,True,AE,AED,National Clearing Bank,,2023-10-25 09:27:00,2023-10-25 10:27:00,PERSON,COMPLETED,false,Sheikh Zayed Road,Dubai,Dubai,AE,
R3027,770200000001,payment,RET-BEN-000028,RETAIL,local,2022-04-22,National Utility Services PJSC,Utility Services,True,AE,AED,National Clearing Bank,,2023-11-05 09:28:00,2023-11-05 10:28:00,PERSON,COMPLETED,false,Sheikh Zayed Road,Dubai,Dubai,AE,
R3028,770200000001,payment,RET-BEN-000029,RETAIL,local,2022-05-09,National Utility Services PJSC,Utility Services,True,AE,AED,National Clearing Bank,,2023-11-16 09:29:00,2023-11-16 10:29:00,PERSON,COMPLETED,false,Sheikh Zayed Road,Dubai,Dubai,AE,
R3029,770200000001,payment,RET-BEN-000030,RETAIL,local,2022-05-26,National Utility Services PJSC,Utility Services,True,AE,AED,National Clearing Bank,,2023-11-27 09:30:00,2023-11-27 10:30:00,PERSON,COMPLETED,false,Sheikh Zayed Road,Dubai,Dubai,AE,
R3030,770200000001,payment,RET-BEN-000031,RETAIL,local,2022-06-12,National Utility Services PJSC,Utility Services,True,AE,AED,National Clearing Bank,,2023-12-08 09:31:00,2023-12-08 10:31:00,PERSON,COMPLETED,false,Sheikh Zayed Road,Dubai,Dubai,AE,
R3031,770200000001,payment,RET-BEN-000032,RETAIL,local,2022-06-29,National Utility Services PJSC,Utility Services,True,AE,AED,National Clearing Bank,,2023-12-19 09:32:00,2023-12-19 10:32:00,PERSON,COMPLETED,false,Sheikh Zayed Road,Dubai,Dubai,AE,
R3032,770200000001,payment,RET-BEN-000033,RETAIL,local,2022-07-16,National Utility Services PJSC,Utility Services,True,AE,AED,National Clearing Bank,,2023-12-30 09:33:00,2023-12-30 10:33:00,PERSON,COMPLETED,false,Sheikh Zayed Road,Dubai,Dubai,AE,
R3033,770200000001,payment,RET-BEN-000034,RETAIL,local,2022-08-02,National Utility Services PJSC,Utility Services,True,AE,AED,National Clearing Bank,,2024-01-10 09:34:00,2024-01-10 10:34:00,PERSON,COMPLETED,false,Sheikh Zayed Road,Dubai,Dubai,AE,
R3034,770200000001,payment,RET-BEN-000035,RETAIL,local,2022-08-19,National Utility Services PJSC,Utility Services,True,AE,AED,National Clearing Bank,,2024-01-21 09:35:00,2024-01-21 10:35:00,PERSON,COMPLETED,false,Sheikh Zayed Road,Dubai,Dubai,AE,
R3035,770200000001,payment,RET-BEN-000036,RETAIL,local,2022-09-05,National Utility Services PJSC,Utility Services,True,AE,AED,National Clearing Bank,,2024-02-01 09:36:00,2024-02-01 10:36:00,PERSON,COMPLETED,false,Sheikh Zayed Road,Dubai,Dubai,AE,
R3036,770200000001,payment,RET-BEN-000037,RETAIL,local,2022-09-22,National Utility Services PJSC,Utility Services,True,AE,AED,National Clearing Bank,,2024-02-12 09:37:00,2024-02-12 10:37:00,PERSON,COMPLETED,false,Sheikh Zayed Road,Dubai,Dubai,AE,
R3037,770200000001,payment,RET-BEN-000038,RETAIL,local,2022-10-09,National Utility Services PJSC,Utility Services,True,AE,AED,National Clearing Bank,,2024-02-23 09:38:00,2024-02-23 10:38:00,PERSON,COMPLETED,false,Sheikh Zayed Road,Dubai,Dubai,AE,
R3038,770200000001,payment,RET-BEN-000039,RETAIL,local,2022-10-26,National Utility Services PJSC,Utility Services,True,AE,AED,National Clearing Bank,,2024-03-05 09:39:00,2024-03-05 10:39:00,PERSON,COMPLETED,false,Sheikh Zayed Road,Dubai,Dubai,AE,
R3039,770200000001,payment,RET-BEN-000040,RETAIL,local,2022-11-12,National Utility Services PJSC,Utility Services,True,AE,AED,National Clearing Bank,,2024-03-16 09:40:00,2024-03-16 10:40:00,PERSON,COMPLETED,false,Sheikh Zayed Road,Dubai,Dubai,AE,
R3040,770200000001,payment,RET-BEN-000041,RETAIL,local,2022-11-29,National Utility Services PJSC,Utility Services,True,AE,AED,National Clearing Bank,,2024-03-27 09:41:00,2024-03-27 10:41:00,PERSON,COMPLETED,false,Sheikh Zayed Road,Dubai,Dubai,AE,
R3041,770200000001,payment,RET-BEN-000042,RETAIL,local,2022-12-16,National Utility Services PJSC,Utility Services,True,AE,AED,National Clearing Bank,,2024-04-07 09:42:00,2024-04-07 10:42:00,PERSON,COMPLETED,false,Sheikh Zayed Road,Dubai,Dubai,AE,
R3042,770200000001,payment,RET-BEN-000043,RETAIL,local,2023-01-02,National Utility Services PJSC,Utility Services,True,AE,AED,National Clearing Bank,,2024-04-18 09:43:00,2024-04-18 10:43:00,PERSON,COMPLETED,false,Sheikh Zayed Road,Dubai,Dubai,AE,
R3043,770200000001,payment,RET-BEN-000044,RETAIL,local,2023-01-19,National Utility Services PJSC,Utility Services,True,AE,AED,National Clearing Bank,,2023-01-05 09:44:00,2023-01-05 10:44:00,PERSON,COMPLETED,false,Sheikh Zayed Road,Dubai,Dubai,AE,
R3044,770200000001,payment,RET-BEN-000045,RETAIL,local,2023-02-05,National Utility Services PJSC,Utility Services,True,AE,AED,National Clearing Bank,,2023-01-16 09:45:00,2023-01-16 10:45:00,PERSON,COMPLETED,false,Sheikh Zayed Road,Dubai,Dubai,AE,
R3045,770200000001,payment,RET-BEN-000046,RETAIL,local,2023-02-22,National Utility Services PJSC,Utility Services,True,AE,AED,National Clearing Bank,,2023-01-27 09:46:00,2023-01-27 10:46:00,PERSON,COMPLETED,false,Sheikh Zayed Road,Dubai,Dubai,AE,
R3046,770200000001,payment,RET-BEN-000047,RETAIL,local,2023-03-11,National Utility Services PJSC,Utility Services,True,AE,AED,National Clearing Bank,,2023-02-07 09:47:00,2023-02-07 10:47:00,PERSON,COMPLETED,false,Sheikh Zayed Road,Dubai,Dubai,AE,
R3047,770200000001,payment,RET-BEN-000048,RETAIL,local,2023-03-28,National Utility Services PJSC,Utility Services,True,AE,AED,National Clearing Bank,,2023-02-18 09:48:00,2023-02-18 10:48:00,PERSON,COMPLETED,false,Sheikh Zayed Road,Dubai,Dubai,AE,
R3048,770200000001,payment,RET-BEN-000049,RETAIL,local,2023-04-14,National Utility Services PJSC,Utility Services,True,AE,AED,National Clearing Bank,,2023-03-01 09:49:00,2023-03-01 10:49:00,PERSON,COMPLETED,false,Sheikh Zayed Road,Dubai,Dubai,AE,
R3049,770200000001,payment,RET-BEN-000050,RETAIL,local,2023-05-01,National Utility Services PJSC,Utility Services,True,AE,AED,National Clearing Bank,,2023-03-12 09:50:00,2023-03-12 10:50:00,PERSON,COMPLETED,false,Sheikh Zayed Road,Dubai,Dubai,AE,
R3050,770200000001,payment,RET-BEN-000051,RETAIL,local,2023-05-18,National Utility Services PJSC,Utility Services,True,AE,AED,National Clearing Bank,,2023-03-23 09:51:00,2023-03-23 10:51:00,PERSON,COMPLETED,false,Sheikh Zayed Road,Dubai,Dubai,AE,
R3051,770200000001,payment,RET-BEN-000052,RETAIL,local,2023-06-04,National Utility Services PJSC,Utility Services,True,AE,AED,National Clearing Bank,,2023-04-03 09:52:00,2023-04-03 10:52:00,PERSON,COMPLETED,false,Sheikh Zayed Road,Dubai,Dubai,AE,
R3052,770200000001,payment,RET-BEN-000053,RETAIL,local,2023-06-21,National Utility Services PJSC,Utility Services,True,AE,AED,National Clearing Bank,,2023-04-14 09:53:00,2023-04-14 10:53:00,PERSON,COMPLETED,false,Sheikh Zayed Road,Dubai,Dubai,AE,
R3053,770200000001,payment,RET-BEN-000054,RETAIL,local,2023-07-08,National Utility Services PJSC,Utility Services,True,AE,AED,National Clearing Bank,,2023-04-25 09:54:00,2023-04-25 10:54:00,PERSON,COMPLETED,false,Sheikh Zayed Road,Dubai,Dubai,AE,
R3054,770200000001,payment,RET-BEN-000055,RETAIL,local,2023-07-25,National Utility Services PJSC,Utility Services,True,AE,AED,National Clearing Bank,,2023-05-06 09:55:00,2023-05-06 10:55:00,PERSON,COMPLETED,false,Sheikh Zayed Road,Dubai,Dubai,AE,
R3055,770200000001,payment,RET-BEN-000056,RETAIL,local,2023-08-11,National Utility Services PJSC,Utility Services,True,AE,AED,National Clearing Bank,,2023-05-17 09:56:00,2023-05-17 10:56:00,PERSON,COMPLETED,false,Sheikh Zayed Road,Dubai,Dubai,AE,
R3056,770200000001,payment,RET-BEN-000057,RETAIL,local,2023-08-28,National Utility Services PJSC,Utility Services,True,AE,AED,National Clearing Bank,,2023-05-28 09:57:00,2023-05-28 10:57:00,PERSON,COMPLETED,false,Sheikh Zayed Road,Dubai,Dubai,AE,
R3057,770200000001,payment,RET-BEN-000058,RETAIL,local,2023-09-14,National Utility Services PJSC,Utility Services,True,AE,AED,National Clearing Bank,,2023-06-08 09:58:00,2023-06-08 10:58:00,PERSON,COMPLETED,false,Sheikh Zayed Road,Dubai,Dubai,AE,
R3058,770200000001,payment,RET-BEN-000059,RETAIL,local,2023-10-01,National Utility Services PJSC,Utility Services,True,AE,AED,National Clearing Bank,,2023-06-19 09:59:00,2023-06-19 10:59:00,PERSON,COMPLETED,false,Sheikh Zayed Road,Dubai,Dubai,AE,
R3059,770200000001,payment,RET-BEN-000060,RETAIL,local,2023-10-18,National Utility Services PJSC,Utility Services,True,AE,AED,National Clearing Bank,,2023-06-30 09:00:00,2023-06-30 10:00:00,PERSON,COMPLETED,false,Sheikh Zayed Road,Dubai,Dubai,AE,
R3060,770200000001,payment,RET-BEN-000061,RETAIL,local,2023-11-04,National Utility Services PJSC,Utility Services,True,AE,AED,National Clearing Bank,,2023-07-11 09:01:00,2023-07-11 10:01:00,PERSON,COMPLETED,false,Sheikh Zayed Road,Dubai,Dubai,AE,
R3061,770200000001,payment,RET-BEN-000062,RETAIL,local,2023-11-21,National Utility Services PJSC,Utility Services,True,AE,AED,National Clearing Bank,,2023-07-22 09:02:00,2023-07-22 10:02:00,PERSON,COMPLETED,false,Sheikh Zayed Road,Dubai,Dubai,AE,
R3062,770200000001,payment,RET-BEN-000063,RETAIL,local,2023-12-08,National Utility Services PJSC,Utility Services,True,AE,AED,National Clearing Bank,,2023-08-02 09:03:00,2023-08-02 10:03:00,PERSON,COMPLETED,false,Sheikh Zayed Road,Dubai,Dubai,AE,
R3063,770200000001,payment,RET-BEN-000064,RETAIL,local,2023-12-25,National Utility Services PJSC,Utility Services,True,AE,AED,National Clearing Bank,,2023-08-13 09:04:00,2023-08-13 10:04:00,PERSON,COMPLETED,false,Sheikh Zayed Road,Dubai,Dubai,AE,
R3064,770200000001,payment,RET-BEN-000065,RETAIL,local,2024-01-11,National Utility Services PJSC,Utility Services,True,AE,AED,National Clearing Bank,,2023-08-24 09:05:00,2023-08-24 10:05:00,PERSON,COMPLETED,false,Sheikh Zayed Road,Dubai,Dubai,AE,
R3065,770200000001,payment,RET-BEN-000066,RETAIL,local,2024-01-28,National Utility Services PJSC,Utility Services,True,AE,AED,National Clearing Bank,,2023-09-04 09:06:00,2023-09-04 10:06:00,PERSON,COMPLETED,false,Sheikh Zayed Road,Dubai,Dubai,AE,
R3066,770200000001,payment,RET-BEN-000067,RETAIL,local,2024-02-14,National Utility Services PJSC,Utility Services,True,AE,AED,National Clearing Bank,,2023-09-15 09:07:00,2023-09-15 10:07:00,PERSON,COMPLETED,false,Sheikh Zayed Road,Dubai,Dubai,AE,
R3067,770200000001,payment,RET-BEN-000068,RETAIL,local,2024-03-02,National Utility Services PJSC,Utility Services,True,AE,AED,National Clearing Bank,,2023-09-26 09:08:00,2023-09-26 10:08:00,PERSON,COMPLETED,false,Sheikh Zayed Road,Dubai,Dubai,AE,
R3068,770200000001,payment,RET-BEN-000069,RETAIL,local,2024-03-19,National Utility Services PJSC,Utility Services,True,AE,AED,National Clearing Bank,,2023-10-07 09:09:00,2023-10-07 10:09:00,PERSON,COMPLETED,false,Sheikh Zayed Road,Dubai,Dubai,AE,
R3069,770200000001,payment,RET-BEN-000070,RETAIL,local,2024-04-05,National Utility Services PJSC,Utility Services,True,AE,AED,National Clearing Bank,,2023-10-18 09:10:00,2023-10-18 10:10:00,PERSON,COMPLETED,false,Sheikh Zayed Road,Dubai,Dubai,AE,
R3070,770200000001,payment,RET-BEN-000071,RETAIL,local,2024-04-22,National Utility Services PJSC,Utility Services,True,AE,AED,National Clearing Bank,,2023-10-29 09:11:00,2023-10-29 10:11:00,PERSON,COMPLETED,false,Sheikh Zayed Road,Dubai,Dubai,AE,
R3071,770200000001,payment,RET-BEN-000072,RETAIL,local,2024-05-09,National Utility Services PJSC,Utility Services,True,AE,AED,National Clearing Bank,,2023-11-09 09:12:00,2023-11-09 10:12:00,PERSON,COMPLETED,false,Sheikh Zayed Road,Dubai,Dubai,AE,
R3072,770200000001,payment,RET-BEN-000073,RETAIL,local,2024-05-26,National Utility Services PJSC,Utility Services,True,AE,AED,National Clearing Bank,,2023-11-20 09:13:00,2023-11-20 10:13:00,PERSON,COMPLETED,false,Sheikh Zayed Road,Dubai,Dubai,AE,
R3073,770200000001,payment,RET-BEN-000074,RETAIL,local,2021-01-09,National Utility Services PJSC,Utility Services,True,AE,AED,National Clearing Bank,,2023-12-01 09:14:00,2023-12-01 10:14:00,PERSON,COMPLETED,false,Sheikh Zayed Road,Dubai,Dubai,AE,
R3074,770200000001,payment,RET-BEN-000075,RETAIL,local,2021-01-26,National Utility Services PJSC,Utility Services,True,AE,AED,National Clearing Bank,,2023-12-12 09:15:00,2023-12-12 10:15:00,PERSON,COMPLETED,false,Sheikh Zayed Road,Dubai,Dubai,AE,
R3075,770200000001,payment,RET-BEN-000076,RETAIL,local,2021-02-12,National Utility Services PJSC,Utility Services,True,AE,AED,National Clearing Bank,,2023-12-23 09:16:00,2023-12-23 10:16:00,PERSON,COMPLETED,false,Sheikh Zayed Road,Dubai,Dubai,AE,
R3076,770200000001,payment,RET-BEN-000077,RETAIL,local,2021-03-01,National Utility Services PJSC,Utility Services,True,AE,AED,National Clearing Bank,,2024-01-03 09:17:00,2024-01-03 10:17:00,PERSON,COMPLETED,false,Sheikh Zayed Road,Dubai,Dubai,AE,
R3077,770200000001,payment,RET-BEN-000078,RETAIL,local,2021-03-18,National Utility Services PJSC,Utility Services,True,AE,AED,National Clearing Bank,,2024-01-14 09:18:00,2024-01-14 10:18:00,PERSON,COMPLETED,false,Sheikh Zayed Road,Dubai,Dubai,AE,
R3078,770200000001,payment,RET-BEN-000079,RETAIL,local,2021-04-04,National Utility Services PJSC,Utility Services,True,AE,AED,National Clearing Bank,,2024-01-25 09:19:00,2024-01-25 10:19:00,PERSON,COMPLETED,false,Sheikh Zayed Road,Dubai,Dubai,AE,
R3079,770200000001,payment,RET-BEN-000080,RETAIL,local,2021-04-21,National Utility Services PJSC,Utility Services,True,AE,AED,National Clearing Bank,,2024-02-05 09:20:00,2024-02-05 10:20:00,PERSON,COMPLETED,false,Sheikh Zayed Road,Dubai,Dubai,AE,
R3080,770200000001,payment,RET-BEN-000081,RETAIL,local,2021-05-08,National Utility Services PJSC,Utility Services,True,AE,AED,National Clearing Bank,,2024-02-16 09:21:00,2024-02-16 10:21:00,PERSON,COMPLETED,false,Sheikh Zayed Road,Dubai,Dubai,AE,
R3081,770200000001,payment,RET-BEN-000082,RETAIL,local,2021-05-25,National Utility Services PJSC,Utility Services,True,AE,AED,National Clearing Bank,,2024-02-27 09:22:00,2024-02-27 10:22:00,PERSON,COMPLETED,false,Sheikh Zayed Road,Dubai,Dubai,AE,
R3082,770200000001,payment,RET-BEN-000083,RETAIL,local,2021-06-11,National Utility Services PJSC,Utility Services,True,AE,AED,National Clearing Bank,,2024-03-09 09:23:00,2024-03-09 10:23:00,PERSON,COMPLETED,false,Sheikh Zayed Road,Dubai,Dubai,AE,
R3083,770200000001,payment,RET-BEN-000084,RETAIL,local,2021-06-28,National Utility Services PJSC,Utility Services,True,AE,AED,National Clearing Bank,,2024-03-20 09:24:00,2024-03-20 10:24:00,PERSON,COMPLETED,false,Sheikh Zayed Road,Dubai,Dubai,AE,
R3084,770200000001,payment,RET-BEN-000085,RETAIL,local,2021-07-15,National Utility Services PJSC,Utility Services,True,AE,AED,National Clearing Bank,,2024-03-31 09:25:00,2024-03-31 10:25:00,PERSON,COMPLETED,false,Sheikh Zayed Road,Dubai,Dubai,AE,
R3085,770200000001,payment,RET-BEN-000086,RETAIL,local,2021-08-01,National Utility Services PJSC,Utility Services,True,AE,AED,National Clearing Bank,,2024-04-11 09:26:00,2024-04-11 10:26:00,PERSON,COMPLETED,false,Sheikh Zayed Road,Dubai,Dubai,AE,
R3086,770200000001,payment,RET-BEN-000087,RETAIL,local,2021-08-18,National Utility Services PJSC,Utility Services,True,AE,AED,National Clearing Bank,,2024-04-22 09:27:00,2024-04-22 10:27:00,PERSON,COMPLETED,false,Sheikh Zayed Road,Dubai,Dubai,AE,
R3087,770200000001,payment,RET-BEN-000088,RETAIL,local,2021-09-04,National Utility Services PJSC,Utility Services,True,AE,AED,National Clearing Bank,,2023-01-09 09:28:00,2023-01-09 10:28:00,PERSON,COMPLETED,false,Sheikh Zayed Road,Dubai,Dubai,AE,
R3088,770200000001,payment,RET-BEN-000089,RETAIL,local,2021-09-21,National Utility Services PJSC,Utility Services,True,AE,AED,National Clearing Bank,,2023-01-20 09:29:00,2023-01-20 10:29:00,PERSON,COMPLETED,false,Sheikh Zayed Road,Dubai,Dubai,AE,
R3089,770200000001,payment,RET-BEN-000090,RETAIL,local,2021-10-08,National Utility Services PJSC,Utility Services,True,AE,AED,National Clearing Bank,,2023-01-31 09:30:00,2023-01-31 10:30:00,PERSON,COMPLETED,false,Sheikh Zayed Road,Dubai,Dubai,AE,
R3090,770200000001,payment,RET-BEN-000091,RETAIL,local,2021-10-25,National Utility Services PJSC,Utility Services,True,AE,AED,National Clearing Bank,,2023-02-11 09:31:00,2023-02-11 10:31:00,PERSON,COMPLETED,false,Sheikh Zayed Road,Dubai,Dubai,AE,
R3091,770200000001,payment,RET-BEN-000092,RETAIL,local,2021-11-11,National Utility Services PJSC,Utility Services,True,AE,AED,National Clearing Bank,,2023-02-22 09:32:00,2023-02-22 10:32:00,PERSON,COMPLETED,false,Sheikh Zayed Road,Dubai,Dubai,AE,
R3092,770200000001,payment,RET-BEN-000093,RETAIL,local,2021-11-28,National Utility Services PJSC,Utility Services,True,AE,AED,National Clearing Bank,,2023-03-05 09:33:00,2023-03-05 10:33:00,PERSON,COMPLETED,false,Sheikh Zayed Road,Dubai,Dubai,AE,
R3093,770200000001,payment,RET-BEN-000094,RETAIL,local,2021-12-15,National Utility Services PJSC,Utility Services,True,AE,AED,National Clearing Bank,,2023-03-16 09:34:00,2023-03-16 10:34:00,PERSON,COMPLETED,false,Sheikh Zayed Road,Dubai,Dubai,AE,
R3094,770200000001,payment,RET-BEN-000095,RETAIL,local,2022-01-01,National Utility Services PJSC,Utility Services,True,AE,AED,National Clearing Bank,,2023-03-27 09:35:00,2023-03-27 10:35:00,PERSON,COMPLETED,false,Sheikh Zayed Road,Dubai,Dubai,AE,
R3095,770200000001,payment,RET-BEN-000096,RETAIL,local,2022-01-18,National Utility Services PJSC,Utility Services,True,AE,AED,National Clearing Bank,,2023-04-07 09:36:00,2023-04-07 10:36:00,PERSON,COMPLETED,false,Sheikh Zayed Road,Dubai,Dubai,AE,
R3096,770200000001,payment,RET-BEN-000097,RETAIL,local,2022-02-04,National Utility Services PJSC,Utility Services,True,AE,AED,National Clearing Bank,,2023-04-18 09:37:00,2023-04-18 10:37:00,PERSON,COMPLETED,false,Sheikh Zayed Road,Dubai,Dubai,AE,
R3097,770200000001,payment,RET-BEN-000098,RETAIL,local,2022-02-21,National Utility Services PJSC,Utility Services,True,AE,AED,National Clearing Bank,,2023-04-29 09:38:00,2023-04-29 10:38:00,PERSON,COMPLETED,false,Sheikh Zayed Road,Dubai,Dubai,AE,
R3098,770200000001,payment,RET-BEN-000099,RETAIL,local,2022-03-10,National Utility Services PJSC,Utility Services,True,AE,AED,National Clearing Bank,,2023-05-10 09:39:00,2023-05-10 10:39:00,PERSON,COMPLETED,false,Sheikh Zayed Road,Dubai,Dubai,AE,
R3099,770200000001,payment,RET-BEN-000100,RETAIL,local,2022-03-27,National Utility Services PJSC,Utility Services,True,AE,AED,National Clearing Bank,,2023-05-21 09:40:00,2023-05-21 10:40:00,PERSON,COMPLETED,false,Sheikh Zayed Road,Dubai,Dubai,AE,
R3100,770200000001,payment,RET-BEN-000101,RETAIL,local,2022-04-13,National Utility Services PJSC,Utility Services,True,AE,AED,National Clearing Bank,,2023-06-01 09:41:00,2023-06-01 10:41:00,PERSON,COMPLETED,false,Sheikh Zayed Road,Dubai,Dubai,AE,
R3101,770200000001,payment,RET-BEN-000102,RETAIL,local,2022-04-30,National Utility Services PJSC,Utility Services,True,AE,AED,National Clearing Bank,,2023-06-12 09:42:00,2023-06-12 10:42:00,PERSON,COMPLETED,false,Sheikh Zayed Road,Dubai,Dubai,AE,
R3102,770200000001,payment,RET-BEN-000103,RETAIL,local,2022-05-17,National Utility Services PJSC,Utility Services,True,AE,AED,National Clearing Bank,,2023-06-23 09:43:00,2023-06-23 10:43:00,PERSON,COMPLETED,false,Sheikh Zayed Road,Dubai,Dubai,AE,
R3103,770200000001,payment,RET-BEN-000104,RETAIL,local,2022-06-03,National Utility Services PJSC,Utility Services,True,AE,AED,National Clearing Bank,,2023-07-04 09:44:00,2023-07-04 10:44:00,PERSON,COMPLETED,false,Sheikh Zayed Road,Dubai,Dubai,AE,
R3104,770200000001,payment,RET-BEN-000105,RETAIL,local,2022-06-20,National Utility Services PJSC,Utility Services,True,AE,AED,National Clearing Bank,,2023-07-15 09:45:00,2023-07-15 10:45:00,PERSON,COMPLETED,false,Sheikh Zayed Road,Dubai,Dubai,AE,
R3105,770200000001,payment,RET-BEN-000106,RETAIL,local,2022-07-07,National Utility Services PJSC,Utility Services,True,AE,AED,National Clearing Bank,,2023-07-26 09:46:00,2023-07-26 10:46:00,PERSON,COMPLETED,false,Sheikh Zayed Road,Dubai,Dubai,AE,
R3106,770200000001,payment,RET-BEN-000107,RETAIL,local,2022-07-24,National Utility Services PJSC,Utility Services,True,AE,AED,National Clearing Bank,,2023-08-06 09:47:00,2023-08-06 10:47:00,PERSON,COMPLETED,false,Sheikh Zayed Road,Dubai,Dubai,AE,
R3107,770200000001,payment,RET-BEN-000108,RETAIL,local,2022-08-10,National Utility Services PJSC,Utility Services,True,AE,AED,National Clearing Bank,,2023-08-17 09:48:00,2023-08-17 10:48:00,PERSON,COMPLETED,false,Sheikh Zayed Road,Dubai,Dubai,AE,
R3108,770200000001,payment,RET-BEN-000109,RETAIL,local,2022-08-27,National Utility Services PJSC,Utility Services,True,AE,AED,National Clearing Bank,,2023-08-28 09:49:00,2023-08-28 10:49:00,PERSON,COMPLETED,false,Sheikh Zayed Road,Dubai,Dubai,AE,
R3109,770200000001,payment,RET-BEN-000110,RETAIL,local,2022-09-13,National Utility Services PJSC,Utility Services,True,AE,AED,National Clearing Bank,,2023-09-08 09:50:00,2023-09-08 10:50:00,PERSON,COMPLETED,false,Sheikh Zayed Road,Dubai,Dubai,AE,
R3110,770200000001,payment,RET-BEN-000111,RETAIL,local,2022-09-30,National Utility Services PJSC,Utility Services,True,AE,AED,National Clearing Bank,,2023-09-19 09:51:00,2023-09-19 10:51:00,PERSON,COMPLETED,false,Sheikh Zayed Road,Dubai,Dubai,AE,
R3111,770200000001,payment,RET-BEN-000112,RETAIL,local,2022-10-17,National Utility Services PJSC,Utility Services,True,AE,AED,National Clearing Bank,,2023-09-30 09:52:00,2023-09-30 10:52:00,PERSON,COMPLETED,false,Sheikh Zayed Road,Dubai,Dubai,AE,
R3112,770200000001,payment,RET-BEN-000113,RETAIL,local,2022-11-03,National Utility Services PJSC,Utility Services,True,AE,AED,National Clearing Bank,,2023-10-11 09:53:00,2023-10-11 10:53:00,PERSON,COMPLETED,false,Sheikh Zayed Road,Dubai,Dubai,AE,
R3113,770200000001,payment,RET-BEN-000114,RETAIL,local,2022-11-20,National Utility Services PJSC,Utility Services,True,AE,AED,National Clearing Bank,,2023-10-22 09:54:00,2023-10-22 10:54:00,PERSON,COMPLETED,false,Sheikh Zayed Road,Dubai,Dubai,AE,
R3114,770200000001,payment,RET-BEN-000115,RETAIL,local,2022-12-07,National Utility Services PJSC,Utility Services,True,AE,AED,National Clearing Bank,,2023-11-02 09:55:00,2023-11-02 10:55:00,PERSON,COMPLETED,false,Sheikh Zayed Road,Dubai,Dubai,AE,
R3115,770200000001,payment,RET-BEN-000116,RETAIL,local,2022-12-24,National Utility Services PJSC,Utility Services,True,AE,AED,National Clearing Bank,,2023-11-13 09:56:00,2023-11-13 10:56:00,PERSON,COMPLETED,false,Sheikh Zayed Road,Dubai,Dubai,AE,
R3116,770200000001,payment,RET-BEN-000117,RETAIL,local,2023-01-10,National Utility Services PJSC,Utility Services,True,AE,AED,National Clearing Bank,,2023-11-24 09:57:00,2023-11-24 10:57:00,PERSON,COMPLETED,false,Sheikh Zayed Road,Dubai,Dubai,AE,
R3117,770200000001,payment,RET-BEN-000118,RETAIL,local,2023-01-27,National Utility Services PJSC,Utility Services,True,AE,AED,National Clearing Bank,,2023-12-05 09:58:00,2023-12-05 10:58:00,PERSON,COMPLETED,false,Sheikh Zayed Road,Dubai,Dubai,AE,
R3118,770200000001,payment,RET-BEN-000119,RETAIL,local,2023-02-13,National Utility Services PJSC,Utility Services,True,AE,AED,National Clearing Bank,,2023-12-16 09:59:00,2023-12-16 10:59:00,PERSON,COMPLETED,false,Sheikh Zayed Road,Dubai,Dubai,AE,
R3119,770200000001,payment,RET-BEN-000120,RETAIL,local,2023-03-02,National Utility Services PJSC,Utility Services,True,AE,AED,National Clearing Bank,,2023-12-27 09:00:00,2023-12-27 10:00:00,PERSON,COMPLETED,false,Sheikh Zayed Road,Dubai,Dubai,AE,
R3120,770200000001,payment,RET-BEN-000121,RETAIL,local,2023-03-19,National Utility Services PJSC,Utility Services,True,AE,AED,National Clearing Bank,,2024-01-07 09:01:00,2024-01-07 10:01:00,PERSON,COMPLETED,false,Sheikh Zayed Road,Dubai,Dubai,AE,
R3121,770200000001,payment,RET-BEN-000122,RETAIL,local,2023-04-05,National Utility Services PJSC,Utility Services,True,AE,AED,National Clearing Bank,,2024-01-18 09:02:00,2024-01-18 10:02:00,PERSON,COMPLETED,false,Sheikh Zayed Road,Dubai,Dubai,AE,
R3122,770200000001,payment,RET-BEN-000123,RETAIL,local,2023-04-22,National Utility Services PJSC,Utility Services,True,AE,AED,National Clearing Bank,,2024-01-29 09:03:00,2024-01-29 10:03:00,PERSON,COMPLETED,false,Sheikh Zayed Road,Dubai,Dubai,AE,
R3123,770200000001,payment,RET-BEN-000124,RETAIL,local,2023-05-09,National Utility Services PJSC,Utility Services,True,AE,AED,National Clearing Bank,,2024-02-09 09:04:00,2024-02-09 10:04:00,PERSON,COMPLETED,false,Sheikh Zayed Road,Dubai,Dubai,AE,
R3124,770200000001,payment,RET-BEN-000125,RETAIL,local,2023-05-26,National Utility Services PJSC,Utility Services,True,AE,AED,National Clearing Bank,,2024-02-20 09:05:00,2024-02-20 10:05:00,PERSON,COMPLETED,false,Sheikh Zayed Road,Dubai,Dubai,AE,
R3125,770200000001,payment,RET-BEN-000126,RETAIL,local,2023-06-12,National Utility Services PJSC,Utility Services,True,AE,AED,National Clearing Bank,,2024-03-02 09:06:00,2024-03-02 10:06:00,PERSON,COMPLETED,false,Sheikh Zayed Road,Dubai,Dubai,AE,
R3126,770200000001,payment,RET-BEN-000127,RETAIL,local,2023-06-29,National Utility Services PJSC,Utility Services,True,AE,AED,National Clearing Bank,,2024-03-13 09:07:00,2024-03-13 10:07:00,PERSON,COMPLETED,false,Sheikh Zayed Road,Dubai,Dubai,AE,
R3127,770200000001,payment,RET-BEN-000128,RETAIL,local,2023-07-16,National Utility Services PJSC,Utility Services,True,AE,AED,National Clearing Bank,,2024-03-24 09:08:00,2024-03-24 10:08:00,PERSON,COMPLETED,false,Sheikh Zayed Road,Dubai,Dubai,AE,
R3128,770200000001,payment,RET-BEN-000129,RETAIL,local,2023-08-02,National Utility Services PJSC,Utility Services,True,AE,AED,National Clearing Bank,,2024-04-04 09:09:00,2024-04-04 10:09:00,PERSON,COMPLETED,false,Sheikh Zayed Road,Dubai,Dubai,AE,
R3129,770200000001,payment,RET-BEN-000130,RETAIL,local,2023-08-19,National Utility Services PJSC,Utility Services,True,AE,AED,National Clearing Bank,,2024-04-15 09:10:00,2024-04-15 10:10:00,PERSON,COMPLETED,false,Sheikh Zayed Road,Dubai,Dubai,AE,
R3130,770200000001,payment,RET-BEN-000131,RETAIL,local,2023-09-05,National Utility Services PJSC,Utility Services,True,AE,AED,National Clearing Bank,,2023-01-02 09:11:00,2023-01-02 10:11:00,PERSON,COMPLETED,false,Sheikh Zayed Road,Dubai,Dubai,AE,
R3131,770200000001,payment,RET-BEN-000132,RETAIL,local,2023-09-22,National Utility Services PJSC,Utility Services,True,AE,AED,National Clearing Bank,,2023-01-13 09:12:00,2023-01-13 10:12:00,PERSON,COMPLETED,false,Sheikh Zayed Road,Dubai,Dubai,AE,
R3132,770200000001,payment,RET-BEN-000133,RETAIL,local,2023-10-09,National Utility Services PJSC,Utility Services,True,AE,AED,National Clearing Bank,,2023-01-24 09:13:00,2023-01-24 10:13:00,PERSON,COMPLETED,false,Sheikh Zayed Road,Dubai,Dubai,AE,
R3133,770200000001,payment,RET-BEN-000134,RETAIL,local,2023-10-26,National Utility Services PJSC,Utility Services,True,AE,AED,National Clearing Bank,,2023-02-04 09:14:00,2023-02-04 10:14:00,PERSON,COMPLETED,false,Sheikh Zayed Road,Dubai,Dubai,AE,
R3134,770200000001,payment,RET-BEN-000135,RETAIL,local,2023-11-12,National Utility Services PJSC,Utility Services,True,AE,AED,National Clearing Bank,,2023-02-15 09:15:00,2023-02-15 10:15:00,PERSON,COMPLETED,false,Sheikh Zayed Road,Dubai,Dubai,AE,
R3135,770200000001,payment,RET-BEN-000136,RETAIL,local,2023-11-29,National Utility Services PJSC,Utility Services,True,AE,AED,National Clearing Bank,,2023-02-26 09:16:00,2023-02-26 10:16:00,PERSON,COMPLETED,false,Sheikh Zayed Road,Dubai,Dubai,AE,
R3136,770200000001,payment,RET-BEN-000137,RETAIL,local,2023-12-16,National Utility Services PJSC,Utility Services,True,AE,AED,National Clearing Bank,,2023-03-09 09:17:00,2023-03-09 10:17:00,PERSON,COMPLETED,false,Sheikh Zayed Road,Dubai,Dubai,AE,
R3137,770200000001,payment,RET-BEN-000138,RETAIL,local,2024-01-02,National Utility Services PJSC,Utility Services,True,AE,AED,National Clearing Bank,,2023-03-20 09:18:00,2023-03-20 10:18:00,PERSON,COMPLETED,false,Sheikh Zayed Road,Dubai,Dubai,AE,
R3138,770200000001,payment,RET-BEN-000139,RETAIL,local,2024-01-19,National Utility Services PJSC,Utility Services,True,AE,AED,National Clearing Bank,,2023-03-31 09:19:00,2023-03-31 10:19:00,PERSON,COMPLETED,false,Sheikh Zayed Road,Dubai,Dubai,AE,
R3139,770200000001,payment,RET-BEN-000140,RETAIL,local,2024-02-05,National Utility Services PJSC,Utility Services,True,AE,AED,National Clearing Bank,,2023-04-11 09:20:00,2023-04-11 10:20:00,PERSON,COMPLETED,false,Sheikh Zayed Road,Dubai,Dubai,AE,
R3140,770200000001,payment,RET-BEN-000141,RETAIL,local,2024-02-22,National Utility Services PJSC,Utility Services,True,AE,AED,National Clearing Bank,,2023-04-22 09:21:00,2023-04-22 10:21:00,PERSON,COMPLETED,false,Sheikh Zayed Road,Dubai,Dubai,AE,
R3141,770200000001,payment,RET-BEN-000142,RETAIL,local,2024-03-10,National Utility Services PJSC,Utility Services,True,AE,AED,National Clearing Bank,,2023-05-03 09:22:00,2023-05-03 10:22:00,PERSON,COMPLETED,false,Sheikh Zayed Road,Dubai,Dubai,AE,
R3142,770200000001,payment,RET-BEN-000143,RETAIL,local,2024-03-27,National Utility Services PJSC,Utility Services,True,AE,AED,National Clearing Bank,,2023-05-14 09:23:00,2023-05-14 10:23:00,PERSON,COMPLETED,false,Sheikh Zayed Road,Dubai,Dubai,AE,
R3143,770200000001,payment,RET-BEN-000144,RETAIL,local,2024-04-13,National Utility Services PJSC,Utility Services,True,AE,AED,National Clearing Bank,,2023-05-25 09:24:00,2023-05-25 10:24:00,PERSON,COMPLETED,false,Sheikh Zayed Road,Dubai,Dubai,AE,
R3144,770200000001,payment,RET-BEN-000145,RETAIL,local,2024-04-30,National Utility Services PJSC,Utility Services,True,AE,AED,National Clearing Bank,,2023-06-05 09:25:00,2023-06-05 10:25:00,PERSON,COMPLETED,false,Sheikh Zayed Road,Dubai,Dubai,AE,
R3145,770200000001,payment,RET-BEN-000146,RETAIL,local,2024-05-17,National Utility Services PJSC,Utility Services,True,AE,AED,National Clearing Bank,,2023-06-16 09:26:00,2023-06-16 10:26:00,PERSON,COMPLETED,false,Sheikh Zayed Road,Dubai,Dubai,AE,
R3146,770200000001,payment,RET-BEN-000147,RETAIL,local,2024-06-03,National Utility Services PJSC,Utility Services,True,AE,AED,National Clearing Bank,,2023-06-27 09:27:00,2023-06-27 10:27:00,PERSON,COMPLETED,false,Sheikh Zayed Road,Dubai,Dubai,AE,
R3147,770200000001,payment,RET-BEN-000148,RETAIL,local,2021-01-17,National Utility Services PJSC,Utility Services,True,AE,AED,National Clearing Bank,,2023-07-08 09:28:00,2023-07-08 10:28:00,PERSON,COMPLETED,false,Sheikh Zayed Road,Dubai,Dubai,AE,
R3148,770200000001,payment,RET-BEN-000149,RETAIL,local,2021-02-03,National Utility Services PJSC,Utility Services,True,AE,AED,National Clearing Bank,,2023-07-19 09:29:00,2023-07-19 10:29:00,PERSON,COMPLETED,false,Sheikh Zayed Road,Dubai,Dubai,AE,
R3149,770200000001,payment,RET-BEN-000150,RETAIL,local,2021-02-20,National Utility Services PJSC,Utility Services,True,AE,AED,National Clearing Bank,,2023-07-30 09:30:00,2023-07-30 10:30:00,PERSON,COMPLETED,false,Sheikh Zayed Road,Dubai,Dubai,AE,
R3150,770200000001,payment,RET-BEN-000151,RETAIL,local,2021-03-09,National Utility Services PJSC,Utility Services,True,AE,AED,National Clearing Bank,,2023-08-10 09:31:00,2023-08-10 10:31:00,PERSON,COMPLETED,false,Sheikh Zayed Road,Dubai,Dubai,AE,
R3151,770200000001,payment,RET-BEN-000152,RETAIL,local,2021-03-26,National Utility Services PJSC,Utility Services,True,AE,AED,National Clearing Bank,,2023-08-21 09:32:00,2023-08-21 10:32:00,PERSON,COMPLETED,false,Sheikh Zayed Road,Dubai,Dubai,AE,
R3152,770200000001,payment,RET-BEN-000153,RETAIL,local,2021-04-12,National Utility Services PJSC,Utility Services,True,AE,AED,National Clearing Bank,,2023-09-01 09:33:00,2023-09-01 10:33:00,PERSON,COMPLETED,false,Sheikh Zayed Road,Dubai,Dubai,AE,
R3153,770200000001,payment,RET-BEN-000154,RETAIL,local,2021-04-29,National Utility Services PJSC,Utility Services,True,AE,AED,National Clearing Bank,,2023-09-12 09:34:00,2023-09-12 10:34:00,PERSON,COMPLETED,false,Sheikh Zayed Road,Dubai,Dubai,AE,
R3154,770200000001,payment,RET-BEN-000155,RETAIL,local,2021-05-16,National Utility Services PJSC,Utility Services,True,AE,AED,National Clearing Bank,,2023-09-23 09:35:00,2023-09-23 10:35:00,PERSON,COMPLETED,false,Sheikh Zayed Road,Dubai,Dubai,AE,
R3155,770200000001,payment,RET-BEN-000156,RETAIL,local,2021-06-02,National Utility Services PJSC,Utility Services,True,AE,AED,National Clearing Bank,,2023-10-04 09:36:00,2023-10-04 10:36:00,PERSON,COMPLETED,false,Sheikh Zayed Road,Dubai,Dubai,AE,
R3156,770200000001,payment,RET-BEN-000157,RETAIL,local,2021-06-19,National Utility Services PJSC,Utility Services,True,AE,AED,National Clearing Bank,,2023-10-15 09:37:00,2023-10-15 10:37:00,PERSON,COMPLETED,false,Sheikh Zayed Road,Dubai,Dubai,AE,
R3157,770200000001,payment,RET-BEN-000158,RETAIL,local,2021-07-06,National Utility Services PJSC,Utility Services,True,AE,AED,National Clearing Bank,,2023-10-26 09:38:00,2023-10-26 10:38:00,PERSON,COMPLETED,false,Sheikh Zayed Road,Dubai,Dubai,AE,
R3158,770200000001,payment,RET-BEN-000159,RETAIL,local,2021-07-23,National Utility Services PJSC,Utility Services,True,AE,AED,National Clearing Bank,,2023-11-06 09:39:00,2023-11-06 10:39:00,PERSON,COMPLETED,false,Sheikh Zayed Road,Dubai,Dubai,AE,
R3159,770200000001,payment,RET-BEN-000160,RETAIL,local,2021-08-09,National Utility Services PJSC,Utility Services,True,AE,AED,National Clearing Bank,,2023-11-17 09:40:00,2023-11-17 10:40:00,PERSON,COMPLETED,false,Sheikh Zayed Road,Dubai,Dubai,AE,
R3160,770200000001,payment,RET-BEN-000161,RETAIL,local,2021-08-26,National Utility Services PJSC,Utility Services,True,AE,AED,National Clearing Bank,,2023-11-28 09:41:00,2023-11-28 10:41:00,PERSON,COMPLETED,false,Sheikh Zayed Road,Dubai,Dubai,AE,
R3161,770200000001,payment,RET-BEN-000162,RETAIL,local,2021-09-12,National Utility Services PJSC,Utility Services,True,AE,AED,National Clearing Bank,,2023-12-09 09:42:00,2023-12-09 10:42:00,PERSON,COMPLETED,false,Sheikh Zayed Road,Dubai,Dubai,AE,
R3162,770200000001,payment,RET-BEN-000163,RETAIL,local,2021-09-29,National Utility Services PJSC,Utility Services,True,AE,AED,National Clearing Bank,,2023-12-20 09:43:00,2023-12-20 10:43:00,PERSON,COMPLETED,false,Sheikh Zayed Road,Dubai,Dubai,AE,
R3163,770200000001,payment,RET-BEN-000164,RETAIL,local,2021-10-16,National Utility Services PJSC,Utility Services,True,AE,AED,National Clearing Bank,,2023-12-31 09:44:00,2023-12-31 10:44:00,PERSON,COMPLETED,false,Sheikh Zayed Road,Dubai,Dubai,AE,
R3164,770200000001,payment,RET-BEN-000165,RETAIL,local,2021-11-02,National Utility Services PJSC,Utility Services,True,AE,AED,National Clearing Bank,,2024-01-11 09:45:00,2024-01-11 10:45:00,PERSON,COMPLETED,false,Sheikh Zayed Road,Dubai,Dubai,AE,
R3165,770200000001,payment,RET-BEN-000166,RETAIL,local,2021-11-19,National Utility Services PJSC,Utility Services,True,AE,AED,National Clearing Bank,,2024-01-22 09:46:00,2024-01-22 10:46:00,PERSON,COMPLETED,false,Sheikh Zayed Road,Dubai,Dubai,AE,
R3166,770200000001,payment,RET-BEN-000167,RETAIL,local,2021-12-06,National Utility Services PJSC,Utility Services,True,AE,AED,National Clearing Bank,,2024-02-02 09:47:00,2024-02-02 10:47:00,PERSON,COMPLETED,false,Sheikh Zayed Road,Dubai,Dubai,AE,
R3167,770200000001,payment,RET-BEN-000168,RETAIL,local,2021-12-23,National Utility Services PJSC,Utility Services,True,AE,AED,National Clearing Bank,,2024-02-13 09:48:00,2024-02-13 10:48:00,PERSON,COMPLETED,false,Sheikh Zayed Road,Dubai,Dubai,AE,
R3168,770200000001,payment,RET-BEN-000169,RETAIL,local,2022-01-09,National Utility Services PJSC,Utility Services,True,AE,AED,National Clearing Bank,,2024-02-24 09:49:00,2024-02-24 10:49:00,PERSON,COMPLETED,false,Sheikh Zayed Road,Dubai,Dubai,AE,
R3169,770200000001,payment,RET-BEN-000170,RETAIL,local,2022-01-26,National Utility Services PJSC,Utility Services,True,AE,AED,National Clearing Bank,,2024-03-06 09:50:00,2024-03-06 10:50:00,PERSON,COMPLETED,false,Sheikh Zayed Road,Dubai,Dubai,AE,
R3170,770200000001,payment,RET-BEN-000171,RETAIL,local,2022-02-12,National Utility Services PJSC,Utility Services,True,AE,AED,National Clearing Bank,,2024-03-17 09:51:00,2024-03-17 10:51:00,PERSON,COMPLETED,false,Sheikh Zayed Road,Dubai,Dubai,AE,
R3171,770200000001,payment,RET-BEN-000172,RETAIL,local,2022-03-01,National Utility Services PJSC,Utility Services,True,AE,AED,National Clearing Bank,,2024-03-28 09:52:00,2024-03-28 10:52:00,PERSON,COMPLETED,false,Sheikh Zayed Road,Dubai,Dubai,AE,
R3172,770200000001,payment,RET-BEN-000173,RETAIL,local,2022-03-18,National Utility Services PJSC,Utility Services,True,AE,AED,National Clearing Bank,,2024-04-08 09:53:00,2024-04-08 10:53:00,PERSON,COMPLETED,false,Sheikh Zayed Road,Dubai,Dubai,AE,
R3173,770200000001,payment,RET-BEN-000174,RETAIL,local,2022-04-04,National Utility Services PJSC,Utility Services,True,AE,AED,National Clearing Bank,,2024-04-19 09:54:00,2024-04-19 10:54:00,PERSON,COMPLETED,false,Sheikh Zayed Road,Dubai,Dubai,AE,
R3174,770200000001,payment,RET-BEN-000175,RETAIL,local,2022-04-21,National Utility Services PJSC,Utility Services,True,AE,AED,National Clearing Bank,,2023-01-06 09:55:00,2023-01-06 10:55:00,PERSON,COMPLETED,false,Sheikh Zayed Road,Dubai,Dubai,AE,
R3175,770200000001,payment,RET-BEN-000176,RETAIL,local,2022-05-08,National Utility Services PJSC,Utility Services,True,AE,AED,National Clearing Bank,,2023-01-17 09:56:00,2023-01-17 10:56:00,PERSON,COMPLETED,false,Sheikh Zayed Road,Dubai,Dubai,AE,
R3176,770200000001,payment,RET-BEN-000177,RETAIL,local,2022-05-25,National Utility Services PJSC,Utility Services,True,AE,AED,National Clearing Bank,,2023-01-28 09:57:00,2023-01-28 10:57:00,PERSON,COMPLETED,false,Sheikh Zayed Road,Dubai,Dubai,AE,
R3177,770200000001,payment,RET-BEN-000178,RETAIL,local,2022-06-11,National Utility Services PJSC,Utility Services,True,AE,AED,National Clearing Bank,,2023-02-08 09:58:00,2023-02-08 10:58:00,PERSON,COMPLETED,false,Sheikh Zayed Road,Dubai,Dubai,AE,
R3178,770200000001,payment,RET-BEN-000179,RETAIL,local,2022-06-28,National Utility Services PJSC,Utility Services,True,AE,AED,National Clearing Bank,,2023-02-19 09:59:00,2023-02-19 10:59:00,PERSON,COMPLETED,false,Sheikh Zayed Road,Dubai,Dubai,AE,
R3179,770200000001,payment,RET-BEN-000180,RETAIL,local,2022-07-15,National Utility Services PJSC,Utility Services,True,AE,AED,National Clearing Bank,,2023-03-02 09:00:00,2023-03-02 10:00:00,PERSON,COMPLETED,false,Sheikh Zayed Road,Dubai,Dubai,AE,
R3180,770200000001,payment,RET-BEN-000181,RETAIL,local,2022-08-01,National Utility Services PJSC,Utility Services,True,AE,AED,National Clearing Bank,,2023-03-13 09:01:00,2023-03-13 10:01:00,PERSON,COMPLETED,false,Sheikh Zayed Road,Dubai,Dubai,AE,
R3181,770200000001,payment,RET-BEN-000182,RETAIL,local,2022-08-18,National Utility Services PJSC,Utility Services,True,AE,AED,National Clearing Bank,,2023-03-24 09:02:00,2023-03-24 10:02:00,PERSON,COMPLETED,false,Sheikh Zayed Road,Dubai,Dubai,AE,
R3182,770200000001,payment,RET-BEN-000183,RETAIL,local,2022-09-04,National Utility Services PJSC,Utility Services,True,AE,AED,National Clearing Bank,,2023-04-04 09:03:00,2023-04-04 10:03:00,PERSON,COMPLETED,false,Sheikh Zayed Road,Dubai,Dubai,AE,
R3183,770200000001,payment,RET-BEN-000184,RETAIL,local,2022-09-21,National Utility Services PJSC,Utility Services,True,AE,AED,National Clearing Bank,,2023-04-15 09:04:00,2023-04-15 10:04:00,PERSON,COMPLETED,false,Sheikh Zayed Road,Dubai,Dubai,AE,
R3184,770200000001,payment,RET-BEN-000185,RETAIL,local,2022-10-08,National Utility Services PJSC,Utility Services,True,AE,AED,National Clearing Bank,,2023-04-26 09:05:00,2023-04-26 10:05:00,PERSON,COMPLETED,false,Sheikh Zayed Road,Dubai,Dubai,AE,
R3185,770200000001,payment,RET-BEN-000186,RETAIL,local,2022-10-25,National Utility Services PJSC,Utility Services,True,AE,AED,National Clearing Bank,,2023-05-07 09:06:00,2023-05-07 10:06:00,PERSON,COMPLETED,false,Sheikh Zayed Road,Dubai,Dubai,AE,
R3186,770200000001,payment,RET-BEN-000187,RETAIL,local,2022-11-11,National Utility Services PJSC,Utility Services,True,AE,AED,National Clearing Bank,,2023-05-18 09:07:00,2023-05-18 10:07:00,PERSON,COMPLETED,false,Sheikh Zayed Road,Dubai,Dubai,AE,
R3187,770200000001,payment,RET-BEN-000188,RETAIL,local,2022-11-28,National Utility Services PJSC,Utility Services,True,AE,AED,National Clearing Bank,,2023-05-29 09:08:00,2023-05-29 10:08:00,PERSON,COMPLETED,false,Sheikh Zayed Road,Dubai,Dubai,AE,
R3188,770200000001,payment,RET-BEN-000189,RETAIL,local,2022-12-15,National Utility Services PJSC,Utility Services,True,AE,AED,National Clearing Bank,,2023-06-09 09:09:00,2023-06-09 10:09:00,PERSON,COMPLETED,false,Sheikh Zayed Road,Dubai,Dubai,AE,
R3189,770200000001,payment,RET-BEN-000190,RETAIL,local,2023-01-01,National Utility Services PJSC,Utility Services,True,AE,AED,National Clearing Bank,,2023-06-20 09:10:00,2023-06-20 10:10:00,PERSON,COMPLETED,false,Sheikh Zayed Road,Dubai,Dubai,AE,
R3190,770200000001,payment,RET-BEN-000191,RETAIL,local,2023-01-18,National Utility Services PJSC,Utility Services,True,AE,AED,National Clearing Bank,,2023-07-01 09:11:00,2023-07-01 10:11:00,PERSON,COMPLETED,false,Sheikh Zayed Road,Dubai,Dubai,AE,
R3191,770200000001,payment,RET-BEN-000192,RETAIL,local,2023-02-04,National Utility Services PJSC,Utility Services,True,AE,AED,National Clearing Bank,,2023-07-12 09:12:00,2023-07-12 10:12:00,PERSON,COMPLETED,false,Sheikh Zayed Road,Dubai,Dubai,AE,
R3192,770200000001,payment,RET-BEN-000193,RETAIL,local,2023-02-21,National Utility Services PJSC,Utility Services,True,AE,AED,National Clearing Bank,,2023-07-23 09:13:00,2023-07-23 10:13:00,PERSON,COMPLETED,false,Sheikh Zayed Road,Dubai,Dubai,AE,
R3193,770200000001,payment,RET-BEN-000194,RETAIL,local,2023-03-10,National Utility Services PJSC,Utility Services,True,AE,AED,National Clearing Bank,,2023-08-03 09:14:00,2023-08-03 10:14:00,PERSON,COMPLETED,false,Sheikh Zayed Road,Dubai,Dubai,AE,
R3194,770200000001,payment,RET-BEN-000195,RETAIL,local,2023-03-27,National Utility Services PJSC,Utility Services,True,AE,AED,National Clearing Bank,,2023-08-14 09:15:00,2023-08-14 10:15:00,PERSON,COMPLETED,false,Sheikh Zayed Road,Dubai,Dubai,AE,
R3195,770200000001,payment,RET-BEN-000196,RETAIL,local,2023-04-13,National Utility Services PJSC,Utility Services,True,AE,AED,National Clearing Bank,,2023-08-25 09:16:00,2023-08-25 10:16:00,PERSON,COMPLETED,false,Sheikh Zayed Road,Dubai,Dubai,AE,
R3196,770200000001,payment,RET-BEN-000197,RETAIL,local,2023-04-30,National Utility Services PJSC,Utility Services,True,AE,AED,National Clearing Bank,,2023-09-05 09:17:00,2023-09-05 10:17:00,PERSON,COMPLETED,false,Sheikh Zayed Road,Dubai,Dubai,AE,
R3197,770200000001,payment,RET-BEN-000198,RETAIL,local,2023-05-17,National Utility Services PJSC,Utility Services,True,AE,AED,National Clearing Bank,,2023-09-16 09:18:00,2023-09-16 10:18:00,PERSON,COMPLETED,false,Sheikh Zayed Road,Dubai,Dubai,AE,
R3198,770200000001,payment,RET-BEN-000199,RETAIL,local,2023-06-03,National Utility Services PJSC,Utility Services,True,AE,AED,National Clearing Bank,,2023-09-27 09:19:00,2023-09-27 10:19:00,PERSON,COMPLETED,false,Sheikh Zayed Road,Dubai,Dubai,AE,
R3199,770200000001,payment,RET-BEN-000200,RETAIL,local,2023-06-20,National Utility Services PJSC,Utility Services,True,AE,AED,National Clearing Bank,,2023-10-08 09:20:00,2023-10-08 10:20:00,PERSON,COMPLETED,false,Sheikh Zayed Road,Dubai,Dubai,AE,
R3200,770200000001,payment,RET-BEN-000201,RETAIL,local,2023-07-07,National Utility Services PJSC,Utility Services,True,AE,AED,National Clearing Bank,,2023-10-19 09:21:00,2023-10-19 10:21:00,PERSON,COMPLETED,false,Sheikh Zayed Road,Dubai,Dubai,AE,
R3201,770200000001,payment,RET-BEN-000202,RETAIL,local,2023-07-24,National Utility Services PJSC,Utility Services,True,AE,AED,National Clearing Bank,,2023-10-30 09:22:00,2023-10-30 10:22:00,PERSON,COMPLETED,false,Sheikh Zayed Road,Dubai,Dubai,AE,
R3202,770200000001,payment,RET-BEN-000203,RETAIL,local,2023-08-10,National Utility Services PJSC,Utility Services,True,AE,AED,National Clearing Bank,,2023-11-10 09:23:00,2023-11-10 10:23:00,PERSON,COMPLETED,false,Sheikh Zayed Road,Dubai,Dubai,AE,
R3203,770200000001,payment,RET-BEN-000204,RETAIL,local,2023-08-27,National Utility Services PJSC,Utility Services,True,AE,AED,National Clearing Bank,,2023-11-21 09:24:00,2023-11-21 10:24:00,PERSON,COMPLETED,false,Sheikh Zayed Road,Dubai,Dubai,AE,
R3204,770200000001,payment,RET-BEN-000205,RETAIL,local,2023-09-13,National Utility Services PJSC,Utility Services,True,AE,AED,National Clearing Bank,,2023-12-02 09:25:00,2023-12-02 10:25:00,PERSON,COMPLETED,false,Sheikh Zayed Road,Dubai,Dubai,AE,
R3205,770200000001,payment,RET-BEN-000206,RETAIL,local,2023-09-30,National Utility Services PJSC,Utility Services,True,AE,AED,National Clearing Bank,,2023-12-13 09:26:00,2023-12-13 10:26:00,PERSON,COMPLETED,false,Sheikh Zayed Road,Dubai,Dubai,AE,
R3206,770200000001,payment,RET-BEN-000207,RETAIL,local,2023-10-17,National Utility Services PJSC,Utility Services,True,AE,AED,National Clearing Bank,,2023-12-24 09:27:00,2023-12-24 10:27:00,PERSON,COMPLETED,false,Sheikh Zayed Road,Dubai,Dubai,AE,
R3207,770200000001,payment,RET-BEN-000208,RETAIL,local,2023-11-03,National Utility Services PJSC,Utility Services,True,AE,AED,National Clearing Bank,,2024-01-04 09:28:00,2024-01-04 10:28:00,PERSON,COMPLETED,false,Sheikh Zayed Road,Dubai,Dubai,AE,
R3208,770200000001,payment,RET-BEN-000209,RETAIL,local,2023-11-20,National Utility Services PJSC,Utility Services,True,AE,AED,National Clearing Bank,,2024-01-15 09:29:00,2024-01-15 10:29:00,PERSON,COMPLETED,false,Sheikh Zayed Road,Dubai,Dubai,AE,
R3209,770200000001,payment,RET-BEN-000210,RETAIL,local,2023-12-07,National Utility Services PJSC,Utility Services,True,AE,AED,National Clearing Bank,,2024-01-26 09:30:00,2024-01-26 10:30:00,PERSON,COMPLETED,false,Sheikh Zayed Road,Dubai,Dubai,AE,
R3210,770200000001,payment,RET-BEN-000211,RETAIL,local,2023-12-24,National Utility Services PJSC,Utility Services,True,AE,AED,National Clearing Bank,,2024-02-06 09:31:00,2024-02-06 10:31:00,PERSON,COMPLETED,false,Sheikh Zayed Road,Dubai,Dubai,AE,
R3211,770200000001,payment,RET-BEN-000212,RETAIL,local,2024-01-10,National Utility Services PJSC,Utility Services,True,AE,AED,National Clearing Bank,,2024-02-17 09:32:00,2024-02-17 10:32:00,PERSON,COMPLETED,false,Sheikh Zayed Road,Dubai,Dubai,AE,
R3212,770200000001,payment,RET-BEN-000213,RETAIL,local,2024-01-27,National Utility Services PJSC,Utility Services,True,AE,AED,National Clearing Bank,,2024-02-28 09:33:00,2024-02-28 10:33:00,PERSON,COMPLETED,false,Sheikh Zayed Road,Dubai,Dubai,AE,
R3213,770200000001,payment,RET-BEN-000214,RETAIL,local,2024-02-13,National Utility Services PJSC,Utility Services,True,AE,AED,National Clearing Bank,,2024-03-10 09:34:00,2024-03-10 10:34:00,PERSON,COMPLETED,false,Sheikh Zayed Road,Dubai,Dubai,AE,
R3214,770200000001,payment,RET-BEN-000215,RETAIL,local,2024-03-01,National Utility Services PJSC,Utility Services,True,AE,AED,National Clearing Bank,,2024-03-21 09:35:00,2024-03-21 10:35:00,PERSON,COMPLETED,false,Sheikh Zayed Road,Dubai,Dubai,AE,
R3215,770200000001,payment,RET-BEN-000216,RETAIL,local,2024-03-18,National Utility Services PJSC,Utility Services,True,AE,AED,National Clearing Bank,,2024-04-01 09:36:00,2024-04-01 10:36:00,PERSON,COMPLETED,false,Sheikh Zayed Road,Dubai,Dubai,AE,
R3216,770200000001,payment,RET-BEN-000217,RETAIL,local,2024-04-04,National Utility Services PJSC,Utility Services,True,AE,AED,National Clearing Bank,,2024-04-12 09:37:00,2024-04-12 10:37:00,PERSON,COMPLETED,false,Sheikh Zayed Road,Dubai,Dubai,AE,
R3217,770200000001,payment,RET-BEN-000218,RETAIL,local,2024-04-21,National Utility Services PJSC,Utility Services,True,AE,AED,National Clearing Bank,,2024-04-23 09:38:00,2024-04-23 10:38:00,PERSON,COMPLETED,false,Sheikh Zayed Road,Dubai,Dubai,AE,
R3218,770200000001,payment,RET-BEN-000219,RETAIL,local,2024-05-08,National Utility Services PJSC,Utility Services,True,AE,AED,National Clearing Bank,,2023-01-10 09:39:00,2023-01-10 10:39:00,PERSON,COMPLETED,false,Sheikh Zayed Road,Dubai,Dubai,AE,
R3219,770200000001,payment,RET-BEN-000220,RETAIL,local,2024-05-25,National Utility Services PJSC,Utility Services,True,AE,AED,National Clearing Bank,,2023-01-21 09:40:00,2023-01-21 10:40:00,PERSON,COMPLETED,false,Sheikh Zayed Road,Dubai,Dubai,AE,
R3220,770200000001,payment,RET-BEN-000221,RETAIL,local,2021-01-08,National Utility Services PJSC,Utility Services,True,AE,AED,National Clearing Bank,,2023-02-01 09:41:00,2023-02-01 10:41:00,PERSON,COMPLETED,false,Sheikh Zayed Road,Dubai,Dubai,AE,
R3221,770200000001,payment,RET-BEN-000222,RETAIL,local,2021-01-25,National Utility Services PJSC,Utility Services,True,AE,AED,National Clearing Bank,,2023-02-12 09:42:00,2023-02-12 10:42:00,PERSON,COMPLETED,false,Sheikh Zayed Road,Dubai,Dubai,AE,
R3222,770200000001,payment,RET-BEN-000223,RETAIL,local,2021-02-11,National Utility Services PJSC,Utility Services,True,AE,AED,National Clearing Bank,,2023-02-23 09:43:00,2023-02-23 10:43:00,PERSON,COMPLETED,false,Sheikh Zayed Road,Dubai,Dubai,AE,
R3223,770200000001,payment,RET-BEN-000224,RETAIL,local,2021-02-28,National Utility Services PJSC,Utility Services,True,AE,AED,National Clearing Bank,,2023-03-06 09:44:00,2023-03-06 10:44:00,PERSON,COMPLETED,false,Sheikh Zayed Road,Dubai,Dubai,AE,
R3224,770200000001,payment,RET-BEN-000225,RETAIL,local,2021-03-17,National Utility Services PJSC,Utility Services,True,AE,AED,National Clearing Bank,,2023-03-17 09:45:00,2023-03-17 10:45:00,PERSON,COMPLETED,false,Sheikh Zayed Road,Dubai,Dubai,AE,
R3225,770200000001,payment,RET-BEN-000226,RETAIL,local,2021-04-03,National Utility Services PJSC,Utility Services,True,AE,AED,National Clearing Bank,,2023-03-28 09:46:00,2023-03-28 10:46:00,PERSON,COMPLETED,false,Sheikh Zayed Road,Dubai,Dubai,AE,
R3226,770200000001,payment,RET-BEN-000227,RETAIL,local,2021-04-20,National Utility Services PJSC,Utility Services,True,AE,AED,National Clearing Bank,,2023-04-08 09:47:00,2023-04-08 10:47:00,PERSON,COMPLETED,false,Sheikh Zayed Road,Dubai,Dubai,AE,
R3227,770200000001,payment,RET-BEN-000228,RETAIL,local,2021-05-07,National Utility Services PJSC,Utility Services,True,AE,AED,National Clearing Bank,,2023-04-19 09:48:00,2023-04-19 10:48:00,PERSON,COMPLETED,false,Sheikh Zayed Road,Dubai,Dubai,AE,
R3228,770200000001,payment,RET-BEN-000229,RETAIL,local,2021-05-24,National Utility Services PJSC,Utility Services,True,AE,AED,National Clearing Bank,,2023-04-30 09:49:00,2023-04-30 10:49:00,PERSON,COMPLETED,false,Sheikh Zayed Road,Dubai,Dubai,AE,
R3229,770200000001,payment,RET-BEN-000230,RETAIL,local,2021-06-10,National Utility Services PJSC,Utility Services,True,AE,AED,National Clearing Bank,,2023-05-11 09:50:00,2023-05-11 10:50:00,PERSON,COMPLETED,false,Sheikh Zayed Road,Dubai,Dubai,AE,
R3230,770200000001,payment,RET-BEN-000231,RETAIL,local,2021-06-27,National Utility Services PJSC,Utility Services,True,AE,AED,National Clearing Bank,,2023-05-22 09:51:00,2023-05-22 10:51:00,PERSON,COMPLETED,false,Sheikh Zayed Road,Dubai,Dubai,AE,
R3231,770200000001,payment,RET-BEN-000232,RETAIL,local,2021-07-14,National Utility Services PJSC,Utility Services,True,AE,AED,National Clearing Bank,,2023-06-02 09:52:00,2023-06-02 10:52:00,PERSON,COMPLETED,false,Sheikh Zayed Road,Dubai,Dubai,AE,
R3232,770200000001,payment,RET-BEN-000233,RETAIL,local,2021-07-31,National Utility Services PJSC,Utility Services,True,AE,AED,National Clearing Bank,,2023-06-13 09:53:00,2023-06-13 10:53:00,PERSON,COMPLETED,false,Sheikh Zayed Road,Dubai,Dubai,AE,
R3233,770200000001,payment,RET-BEN-000234,RETAIL,local,2021-08-17,National Utility Services PJSC,Utility Services,True,AE,AED,National Clearing Bank,,2023-06-24 09:54:00,2023-06-24 10:54:00,PERSON,COMPLETED,false,Sheikh Zayed Road,Dubai,Dubai,AE,
R3234,770200000001,payment,RET-BEN-000235,RETAIL,local,2021-09-03,National Utility Services PJSC,Utility Services,True,AE,AED,National Clearing Bank,,2023-07-05 09:55:00,2023-07-05 10:55:00,PERSON,COMPLETED,false,Sheikh Zayed Road,Dubai,Dubai,AE,
R3235,770200000001,payment,RET-BEN-000236,RETAIL,local,2021-09-20,National Utility Services PJSC,Utility Services,True,AE,AED,National Clearing Bank,,2023-07-16 09:56:00,2023-07-16 10:56:00,PERSON,COMPLETED,false,Sheikh Zayed Road,Dubai,Dubai,AE,
R3236,770200000001,payment,RET-BEN-000237,RETAIL,local,2021-10-07,National Utility Services PJSC,Utility Services,True,AE,AED,National Clearing Bank,,2023-07-27 09:57:00,2023-07-27 10:57:00,PERSON,COMPLETED,false,Sheikh Zayed Road,Dubai,Dubai,AE,
R3237,770200000001,payment,RET-BEN-000238,RETAIL,local,2021-10-24,National Utility Services PJSC,Utility Services,True,AE,AED,National Clearing Bank,,2023-08-07 09:58:00,2023-08-07 10:58:00,PERSON,COMPLETED,false,Sheikh Zayed Road,Dubai,Dubai,AE,
R3238,770200000001,payment,RET-BEN-000239,RETAIL,local,2021-11-10,National Utility Services PJSC,Utility Services,True,AE,AED,National Clearing Bank,,2023-08-18 09:59:00,2023-08-18 10:59:00,PERSON,COMPLETED,false,Sheikh Zayed Road,Dubai,Dubai,AE,
R3239,770200000001,payment,RET-BEN-000240,RETAIL,local,2021-11-27,National Utility Services PJSC,Utility Services,True,AE,AED,National Clearing Bank,,2023-08-29 09:00:00,2023-08-29 10:00:00,PERSON,COMPLETED,false,Sheikh Zayed Road,Dubai,Dubai,AE,
R3240,770200000001,payment,RET-BEN-000241,RETAIL,local,2021-12-14,National Utility Services PJSC,Utility Services,True,AE,AED,National Clearing Bank,,2023-09-09 09:01:00,2023-09-09 10:01:00,PERSON,COMPLETED,false,Sheikh Zayed Road,Dubai,Dubai,AE,
R3241,770200000001,payment,RET-BEN-000242,RETAIL,local,2021-12-31,National Utility Services PJSC,Utility Services,True,AE,AED,National Clearing Bank,,2023-09-20 09:02:00,2023-09-20 10:02:00,PERSON,COMPLETED,false,Sheikh Zayed Road,Dubai,Dubai,AE,
R3242,770200000001,payment,RET-BEN-000243,RETAIL,local,2022-01-17,National Utility Services PJSC,Utility Services,True,AE,AED,National Clearing Bank,,2023-10-01 09:03:00,2023-10-01 10:03:00,PERSON,COMPLETED,false,Sheikh Zayed Road,Dubai,Dubai,AE,
R3243,770200000001,payment,RET-BEN-000244,RETAIL,local,2022-02-03,National Utility Services PJSC,Utility Services,True,AE,AED,National Clearing Bank,,2023-10-12 09:04:00,2023-10-12 10:04:00,PERSON,COMPLETED,false,Sheikh Zayed Road,Dubai,Dubai,AE,
R3244,770200000001,payment,RET-BEN-000245,RETAIL,local,2022-02-20,National Utility Services PJSC,Utility Services,True,AE,AED,National Clearing Bank,,2023-10-23 09:05:00,2023-10-23 10:05:00,PERSON,COMPLETED,false,Sheikh Zayed Road,Dubai,Dubai,AE,
R3245,770200000001,payment,RET-BEN-000246,RETAIL,local,2022-03-09,National Utility Services PJSC,Utility Services,True,AE,AED,National Clearing Bank,,2023-11-03 09:06:00,2023-11-03 10:06:00,PERSON,COMPLETED,false,Sheikh Zayed Road,Dubai,Dubai,AE,
R3246,770200000001,payment,RET-BEN-000247,RETAIL,local,2022-03-26,National Utility Services PJSC,Utility Services,True,AE,AED,National Clearing Bank,,2023-11-14 09:07:00,2023-11-14 10:07:00,PERSON,COMPLETED,false,Sheikh Zayed Road,Dubai,Dubai,AE,
R3247,770200000001,payment,RET-BEN-000248,RETAIL,local,2022-04-12,National Utility Services PJSC,Utility Services,True,AE,AED,National Clearing Bank,,2023-11-25 09:08:00,2023-11-25 10:08:00,PERSON,COMPLETED,false,Sheikh Zayed Road,Dubai,Dubai,AE,
R3248,770200000001,payment,RET-BEN-000249,RETAIL,local,2022-04-29,National Utility Services PJSC,Utility Services,True,AE,AED,National Clearing Bank,,2023-12-06 09:09:00,2023-12-06 10:09:00,PERSON,COMPLETED,false,Sheikh Zayed Road,Dubai,Dubai,AE,
R3249,770200000001,payment,RET-BEN-000250,RETAIL,local,2022-05-16,National Utility Services PJSC,Utility Services,True,AE,AED,National Clearing Bank,,2023-12-17 09:10:00,2023-12-17 10:10:00,PERSON,COMPLETED,false,Sheikh Zayed Road,Dubai,Dubai,AE,
R3250,770200000001,payment,RET-BEN-000251,RETAIL,local,2022-06-02,National Utility Services PJSC,Utility Services,True,AE,AED,National Clearing Bank,,2023-12-28 09:11:00,2023-12-28 10:11:00,PERSON,COMPLETED,false,Sheikh Zayed Road,Dubai,Dubai,AE,
R3251,770200000001,payment,RET-BEN-000252,RETAIL,local,2022-06-19,National Utility Services PJSC,Utility Services,True,AE,AED,National Clearing Bank,,2024-01-08 09:12:00,2024-01-08 10:12:00,PERSON,COMPLETED,false,Sheikh Zayed Road,Dubai,Dubai,AE,
R3252,770200000001,payment,RET-BEN-000253,RETAIL,local,2022-07-06,National Utility Services PJSC,Utility Services,True,AE,AED,National Clearing Bank,,2024-01-19 09:13:00,2024-01-19 10:13:00,PERSON,COMPLETED,false,Sheikh Zayed Road,Dubai,Dubai,AE,
R3253,770200000001,payment,RET-BEN-000254,RETAIL,local,2022-07-23,National Utility Services PJSC,Utility Services,True,AE,AED,National Clearing Bank,,2024-01-30 09:14:00,2024-01-30 10:14:00,PERSON,COMPLETED,false,Sheikh Zayed Road,Dubai,Dubai,AE,
R3254,770200000001,payment,RET-BEN-000255,RETAIL,local,2022-08-09,National Utility Services PJSC,Utility Services,True,AE,AED,National Clearing Bank,,2024-02-10 09:15:00,2024-02-10 10:15:00,PERSON,COMPLETED,false,Sheikh Zayed Road,Dubai,Dubai,AE,
R3255,770200000001,payment,RET-BEN-000256,RETAIL,local,2022-08-26,National Utility Services PJSC,Utility Services,True,AE,AED,National Clearing Bank,,2024-02-21 09:16:00,2024-02-21 10:16:00,PERSON,COMPLETED,false,Sheikh Zayed Road,Dubai,Dubai,AE,
R3256,770200000001,payment,RET-BEN-000257,RETAIL,local,2022-09-12,National Utility Services PJSC,Utility Services,True,AE,AED,National Clearing Bank,,2024-03-03 09:17:00,2024-03-03 10:17:00,PERSON,COMPLETED,false,Sheikh Zayed Road,Dubai,Dubai,AE,
R3257,770200000001,payment,RET-BEN-000258,RETAIL,local,2022-09-29,National Utility Services PJSC,Utility Services,True,AE,AED,National Clearing Bank,,2024-03-14 09:18:00,2024-03-14 10:18:00,PERSON,COMPLETED,false,Sheikh Zayed Road,Dubai,Dubai,AE,
R3258,770200000001,payment,RET-BEN-000259,RETAIL,local,2022-10-16,National Utility Services PJSC,Utility Services,True,AE,AED,National Clearing Bank,,2024-03-25 09:19:00,2024-03-25 10:19:00,PERSON,COMPLETED,false,Sheikh Zayed Road,Dubai,Dubai,AE,
R3259,770200000001,payment,RET-BEN-000260,RETAIL,local,2022-11-02,National Utility Services PJSC,Utility Services,True,AE,AED,National Clearing Bank,,2024-04-05 09:20:00,2024-04-05 10:20:00,PERSON,COMPLETED,false,Sheikh Zayed Road,Dubai,Dubai,AE,
R3260,770200000001,payment,RET-BEN-000261,RETAIL,local,2022-11-19,National Utility Services PJSC,Utility Services,True,AE,AED,National Clearing Bank,,2024-04-16 09:21:00,2024-04-16 10:21:00,PERSON,COMPLETED,false,Sheikh Zayed Road,Dubai,Dubai,AE,
R3261,770200000001,payment,RET-BEN-000262,RETAIL,local,2022-12-06,National Utility Services PJSC,Utility Services,True,AE,AED,National Clearing Bank,,2023-01-03 09:22:00,2023-01-03 10:22:00,PERSON,COMPLETED,false,Sheikh Zayed Road,Dubai,Dubai,AE,
R3262,770200000001,payment,RET-BEN-000263,RETAIL,local,2022-12-23,National Utility Services PJSC,Utility Services,True,AE,AED,National Clearing Bank,,2023-01-14 09:23:00,2023-01-14 10:23:00,PERSON,COMPLETED,false,Sheikh Zayed Road,Dubai,Dubai,AE,
R3263,770200000001,payment,RET-BEN-000264,RETAIL,local,2023-01-09,National Utility Services PJSC,Utility Services,True,AE,AED,National Clearing Bank,,2023-01-25 09:24:00,2023-01-25 10:24:00,PERSON,COMPLETED,false,Sheikh Zayed Road,Dubai,Dubai,AE,
R3264,770200000001,payment,RET-BEN-000265,RETAIL,local,2023-01-26,National Utility Services PJSC,Utility Services,True,AE,AED,National Clearing Bank,,2023-02-05 09:25:00,2023-02-05 10:25:00,PERSON,COMPLETED,false,Sheikh Zayed Road,Dubai,Dubai,AE,
R3265,770200000001,payment,RET-BEN-000266,RETAIL,local,2023-02-12,National Utility Services PJSC,Utility Services,True,AE,AED,National Clearing Bank,,2023-02-16 09:26:00,2023-02-16 10:26:00,PERSON,COMPLETED,false,Sheikh Zayed Road,Dubai,Dubai,AE,
R3266,770200000001,payment,RET-BEN-000267,RETAIL,local,2023-03-01,National Utility Services PJSC,Utility Services,True,AE,AED,National Clearing Bank,,2023-02-27 09:27:00,2023-02-27 10:27:00,PERSON,COMPLETED,false,Sheikh Zayed Road,Dubai,Dubai,AE,
R3267,770200000001,payment,RET-BEN-000268,RETAIL,local,2023-03-18,National Utility Services PJSC,Utility Services,True,AE,AED,National Clearing Bank,,2023-03-10 09:28:00,2023-03-10 10:28:00,PERSON,COMPLETED,false,Sheikh Zayed Road,Dubai,Dubai,AE,
R3268,770200000001,payment,RET-BEN-000269,RETAIL,local,2023-04-04,National Utility Services PJSC,Utility Services,True,AE,AED,National Clearing Bank,,2023-03-21 09:29:00,2023-03-21 10:29:00,PERSON,COMPLETED,false,Sheikh Zayed Road,Dubai,Dubai,AE,
R3269,770200000001,payment,RET-BEN-000270,RETAIL,local,2023-04-21,National Utility Services PJSC,Utility Services,True,AE,AED,National Clearing Bank,,2023-04-01 09:30:00,2023-04-01 10:30:00,PERSON,COMPLETED,false,Sheikh Zayed Road,Dubai,Dubai,AE,
R3270,770200000001,payment,RET-BEN-000271,RETAIL,local,2023-05-08,National Utility Services PJSC,Utility Services,True,AE,AED,National Clearing Bank,,2023-04-12 09:31:00,2023-04-12 10:31:00,PERSON,COMPLETED,false,Sheikh Zayed Road,Dubai,Dubai,AE,
R3271,770200000001,payment,RET-BEN-000272,RETAIL,local,2023-05-25,National Utility Services PJSC,Utility Services,True,AE,AED,National Clearing Bank,,2023-04-23 09:32:00,2023-04-23 10:32:00,PERSON,COMPLETED,false,Sheikh Zayed Road,Dubai,Dubai,AE,
R3272,770200000001,payment,RET-BEN-000273,RETAIL,local,2023-06-11,National Utility Services PJSC,Utility Services,True,AE,AED,National Clearing Bank,,2023-05-04 09:33:00,2023-05-04 10:33:00,PERSON,COMPLETED,false,Sheikh Zayed Road,Dubai,Dubai,AE,
R3273,770200000001,payment,RET-BEN-000274,RETAIL,local,2023-06-28,National Utility Services PJSC,Utility Services,True,AE,AED,National Clearing Bank,,2023-05-15 09:34:00,2023-05-15 10:34:00,PERSON,COMPLETED,false,Sheikh Zayed Road,Dubai,Dubai,AE,
R3274,770200000001,payment,RET-BEN-000275,RETAIL,local,2023-07-15,National Utility Services PJSC,Utility Services,True,AE,AED,National Clearing Bank,,2023-05-26 09:35:00,2023-05-26 10:35:00,PERSON,COMPLETED,false,Sheikh Zayed Road,Dubai,Dubai,AE,
R3275,770200000001,payment,RET-BEN-000276,RETAIL,local,2023-08-01,National Utility Services PJSC,Utility Services,True,AE,AED,National Clearing Bank,,2023-06-06 09:36:00,2023-06-06 10:36:00,PERSON,COMPLETED,false,Sheikh Zayed Road,Dubai,Dubai,AE,
R3276,770200000001,payment,RET-BEN-000277,RETAIL,local,2023-08-18,National Utility Services PJSC,Utility Services,True,AE,AED,National Clearing Bank,,2023-06-17 09:37:00,2023-06-17 10:37:00,PERSON,COMPLETED,false,Sheikh Zayed Road,Dubai,Dubai,AE,
R3277,770200000001,payment,RET-BEN-000278,RETAIL,local,2023-09-04,National Utility Services PJSC,Utility Services,True,AE,AED,National Clearing Bank,,2023-06-28 09:38:00,2023-06-28 10:38:00,PERSON,COMPLETED,false,Sheikh Zayed Road,Dubai,Dubai,AE,
R3278,770200000001,payment,RET-BEN-000279,RETAIL,local,2023-09-21,National Utility Services PJSC,Utility Services,True,AE,AED,National Clearing Bank,,2023-07-09 09:39:00,2023-07-09 10:39:00,PERSON,COMPLETED,false,Sheikh Zayed Road,Dubai,Dubai,AE,
R3279,770200000001,payment,RET-BEN-000280,RETAIL,local,2023-10-08,National Utility Services PJSC,Utility Services,True,AE,AED,National Clearing Bank,,2023-07-20 09:40:00,2023-07-20 10:40:00,PERSON,COMPLETED,false,Sheikh Zayed Road,Dubai,Dubai,AE,
R3280,770200000001,payment,RET-BEN-000281,RETAIL,local,2023-10-25,National Utility Services PJSC,Utility Services,True,AE,AED,National Clearing Bank,,2023-07-31 09:41:00,2023-07-31 10:41:00,PERSON,COMPLETED,false,Sheikh Zayed Road,Dubai,Dubai,AE,
R3281,770200000001,payment,RET-BEN-000282,RETAIL,local,2023-11-11,National Utility Services PJSC,Utility Services,True,AE,AED,National Clearing Bank,,2023-08-11 09:42:00,2023-08-11 10:42:00,PERSON,COMPLETED,false,Sheikh Zayed Road,Dubai,Dubai,AE,
R3282,770200000001,payment,RET-BEN-000283,RETAIL,local,2023-11-28,National Utility Services PJSC,Utility Services,True,AE,AED,National Clearing Bank,,2023-08-22 09:43:00,2023-08-22 10:43:00,PERSON,COMPLETED,false,Sheikh Zayed Road,Dubai,Dubai,AE,
R3283,770200000001,payment,RET-BEN-000284,RETAIL,local,2023-12-15,National Utility Services PJSC,Utility Services,True,AE,AED,National Clearing Bank,,2023-09-02 09:44:00,2023-09-02 10:44:00,PERSON,COMPLETED,false,Sheikh Zayed Road,Dubai,Dubai,AE,
R3284,770200000001,payment,RET-BEN-000285,RETAIL,local,2024-01-01,National Utility Services PJSC,Utility Services,True,AE,AED,National Clearing Bank,,2023-09-13 09:45:00,2023-09-13 10:45:00,PERSON,COMPLETED,false,Sheikh Zayed Road,Dubai,Dubai,AE,
R3285,770200000001,payment,RET-BEN-000286,RETAIL,local,2024-01-18,National Utility Services PJSC,Utility Services,True,AE,AED,National Clearing Bank,,2023-09-24 09:46:00,2023-09-24 10:46:00,PERSON,COMPLETED,false,Sheikh Zayed Road,Dubai,Dubai,AE,
R3286,770200000001,payment,RET-BEN-000287,RETAIL,local,2024-02-04,National Utility Services PJSC,Utility Services,True,AE,AED,National Clearing Bank,,2023-10-05 09:47:00,2023-10-05 10:47:00,PERSON,COMPLETED,false,Sheikh Zayed Road,Dubai,Dubai,AE,
R3287,770200000001,payment,RET-BEN-000288,RETAIL,local,2024-02-21,National Utility Services PJSC,Utility Services,True,AE,AED,National Clearing Bank,,2023-10-16 09:48:00,2023-10-16 10:48:00,PERSON,COMPLETED,false,Sheikh Zayed Road,Dubai,Dubai,AE,
R3288,770200000001,payment,RET-BEN-000289,RETAIL,local,2024-03-09,National Utility Services PJSC,Utility Services,True,AE,AED,National Clearing Bank,,2023-10-27 09:49:00,2023-10-27 10:49:00,PERSON,COMPLETED,false,Sheikh Zayed Road,Dubai,Dubai,AE,
R3289,770200000001,payment,RET-BEN-000290,RETAIL,local,2024-03-26,National Utility Services PJSC,Utility Services,True,AE,AED,National Clearing Bank,,2023-11-07 09:50:00,2023-11-07 10:50:00,PERSON,COMPLETED,false,Sheikh Zayed Road,Dubai,Dubai,AE,
R3290,770200000001,payment,RET-BEN-000291,RETAIL,local,2024-04-12,National Utility Services PJSC,Utility Services,True,AE,AED,National Clearing Bank,,2023-11-18 09:51:00,2023-11-18 10:51:00,PERSON,COMPLETED,false,Sheikh Zayed Road,Dubai,Dubai,AE,
R3291,770200000001,payment,RET-BEN-000292,RETAIL,local,2024-04-29,National Utility Services PJSC,Utility Services,True,AE,AED,National Clearing Bank,,2023-11-29 09:52:00,2023-11-29 10:52:00,PERSON,COMPLETED,false,Sheikh Zayed Road,Dubai,Dubai,AE,
R3292,770200000001,payment,RET-BEN-000293,RETAIL,local,2024-05-16,National Utility Services PJSC,Utility Services,True,AE,AED,National Clearing Bank,,2023-12-10 09:53:00,2023-12-10 10:53:00,PERSON,COMPLETED,false,Sheikh Zayed Road,Dubai,Dubai,AE,
R3293,770200000001,payment,RET-BEN-000294,RETAIL,local,2024-06-02,National Utility Services PJSC,Utility Services,True,AE,AED,National Clearing Bank,,2023-12-21 09:54:00,2023-12-21 10:54:00,PERSON,COMPLETED,false,Sheikh Zayed Road,Dubai,Dubai,AE,
R3294,770200000001,payment,RET-BEN-000295,RETAIL,local,2021-01-16,National Utility Services PJSC,Utility Services,True,AE,AED,National Clearing Bank,,2024-01-01 09:55:00,2024-01-01 10:55:00,PERSON,COMPLETED,false,Sheikh Zayed Road,Dubai,Dubai,AE,
R3295,770200000001,payment,RET-BEN-000296,RETAIL,local,2021-02-02,National Utility Services PJSC,Utility Services,True,AE,AED,National Clearing Bank,,2024-01-12 09:56:00,2024-01-12 10:56:00,PERSON,COMPLETED,false,Sheikh Zayed Road,Dubai,Dubai,AE,
R3296,770200000001,payment,RET-BEN-000297,RETAIL,local,2021-02-19,National Utility Services PJSC,Utility Services,True,AE,AED,National Clearing Bank,,2024-01-23 09:57:00,2024-01-23 10:57:00,PERSON,COMPLETED,false,Sheikh Zayed Road,Dubai,Dubai,AE,
R3297,770200000001,payment,RET-BEN-000298,RETAIL,local,2021-03-08,National Utility Services PJSC,Utility Services,True,AE,AED,National Clearing Bank,,2024-02-03 09:58:00,2024-02-03 10:58:00,PERSON,COMPLETED,false,Sheikh Zayed Road,Dubai,Dubai,AE,
R3298,770200000001,payment,RET-BEN-000299,RETAIL,local,2021-03-25,National Utility Services PJSC,Utility Services,True,AE,AED,National Clearing Bank,,2024-02-14 09:59:00,2024-02-14 10:59:00,PERSON,COMPLETED,false,Sheikh Zayed Road,Dubai,Dubai,AE,
R3299,770200000001,payment,RET-BEN-000300,RETAIL,local,2021-04-11,National Utility Services PJSC,Utility Services,True,AE,AED,National Clearing Bank,,2024-02-25 09:00:00,2024-02-25 10:00:00,PERSON,COMPLETED,false,Sheikh Zayed Road,Dubai,Dubai,AE,
R3300,770200000001,payment,RET-BEN-000301,RETAIL,local,2021-04-28,National Utility Services PJSC,Utility Services,True,AE,AED,National Clearing Bank,,2024-03-07 09:01:00,2024-03-07 10:01:00,PERSON,COMPLETED,false,Sheikh Zayed Road,Dubai,Dubai,AE,
R3301,770200000001,payment,RET-BEN-000302,RETAIL,local,2021-05-15,National Utility Services PJSC,Utility Services,True,AE,AED,National Clearing Bank,,2024-03-18 09:02:00,2024-03-18 10:02:00,PERSON,COMPLETED,false,Sheikh Zayed Road,Dubai,Dubai,AE,
R3302,770200000001,payment,RET-BEN-000303,RETAIL,local,2021-06-01,National Utility Services PJSC,Utility Services,True,AE,AED,National Clearing Bank,,2024-03-29 09:03:00,2024-03-29 10:03:00,PERSON,COMPLETED,false,Sheikh Zayed Road,Dubai,Dubai,AE,
R3303,770200000001,payment,RET-BEN-000304,RETAIL,local,2021-06-18,National Utility Services PJSC,Utility Services,True,AE,AED,National Clearing Bank,,2024-04-09 09:04:00,2024-04-09 10:04:00,PERSON,COMPLETED,false,Sheikh Zayed Road,Dubai,Dubai,AE,
R3304,770200000001,payment,RET-BEN-000305,RETAIL,local,2021-07-05,National Utility Services PJSC,Utility Services,True,AE,AED,National Clearing Bank,,2024-04-20 09:05:00,2024-04-20 10:05:00,PERSON,COMPLETED,false,Sheikh Zayed Road,Dubai,Dubai,AE,
R3305,770200000001,payment,RET-BEN-000306,RETAIL,local,2021-07-22,National Utility Services PJSC,Utility Services,True,AE,AED,National Clearing Bank,,2023-01-07 09:06:00,2023-01-07 10:06:00,PERSON,COMPLETED,false,Sheikh Zayed Road,Dubai,Dubai,AE,
R3306,770200000001,payment,RET-BEN-000307,RETAIL,local,2021-08-08,National Utility Services PJSC,Utility Services,True,AE,AED,National Clearing Bank,,2023-01-18 09:07:00,2023-01-18 10:07:00,PERSON,COMPLETED,false,Sheikh Zayed Road,Dubai,Dubai,AE,
R3307,770200000001,payment,RET-BEN-000308,RETAIL,local,2021-08-25,National Utility Services PJSC,Utility Services,True,AE,AED,National Clearing Bank,,2023-01-29 09:08:00,2023-01-29 10:08:00,PERSON,COMPLETED,false,Sheikh Zayed Road,Dubai,Dubai,AE,
R3308,770200000001,payment,RET-BEN-000309,RETAIL,local,2021-09-11,National Utility Services PJSC,Utility Services,True,AE,AED,National Clearing Bank,,2023-02-09 09:09:00,2023-02-09 10:09:00,PERSON,COMPLETED,false,Sheikh Zayed Road,Dubai,Dubai,AE,
R3309,770200000001,payment,RET-BEN-000310,RETAIL,local,2021-09-28,National Utility Services PJSC,Utility Services,True,AE,AED,National Clearing Bank,,2023-02-20 09:10:00,2023-02-20 10:10:00,PERSON,COMPLETED,false,Sheikh Zayed Road,Dubai,Dubai,AE,
R3310,770200000001,payment,RET-BEN-000311,RETAIL,local,2021-10-15,National Utility Services PJSC,Utility Services,True,AE,AED,National Clearing Bank,,2023-03-03 09:11:00,2023-03-03 10:11:00,PERSON,COMPLETED,false,Sheikh Zayed Road,Dubai,Dubai,AE,
R3311,770200000001,payment,RET-BEN-000312,RETAIL,local,2021-11-01,National Utility Services PJSC,Utility Services,True,AE,AED,National Clearing Bank,,2023-03-14 09:12:00,2023-03-14 10:12:00,PERSON,COMPLETED,false,Sheikh Zayed Road,Dubai,Dubai,AE,
R3312,770200000001,payment,RET-BEN-000313,RETAIL,local,2021-11-18,National Utility Services PJSC,Utility Services,True,AE,AED,National Clearing Bank,,2023-03-25 09:13:00,2023-03-25 10:13:00,PERSON,COMPLETED,false,Sheikh Zayed Road,Dubai,Dubai,AE,
R3313,770200000001,payment,RET-BEN-000314,RETAIL,local,2021-12-05,National Utility Services PJSC,Utility Services,True,AE,AED,National Clearing Bank,,2023-04-05 09:14:00,2023-04-05 10:14:00,PERSON,COMPLETED,false,Sheikh Zayed Road,Dubai,Dubai,AE,
R3314,770200000001,payment,RET-BEN-000315,RETAIL,local,2021-12-22,National Utility Services PJSC,Utility Services,True,AE,AED,National Clearing Bank,,2023-04-16 09:15:00,2023-04-16 10:15:00,PERSON,COMPLETED,false,Sheikh Zayed Road,Dubai,Dubai,AE,
R3315,770200000001,payment,RET-BEN-000316,RETAIL,local,2022-01-08,National Utility Services PJSC,Utility Services,True,AE,AED,National Clearing Bank,,2023-04-27 09:16:00,2023-04-27 10:16:00,PERSON,COMPLETED,false,Sheikh Zayed Road,Dubai,Dubai,AE,
R3316,770200000001,payment,RET-BEN-000317,RETAIL,local,2022-01-25,National Utility Services PJSC,Utility Services,True,AE,AED,National Clearing Bank,,2023-05-08 09:17:00,2023-05-08 10:17:00,PERSON,COMPLETED,false,Sheikh Zayed Road,Dubai,Dubai,AE,
R3317,770200000001,payment,RET-BEN-000318,RETAIL,local,2022-02-11,National Utility Services PJSC,Utility Services,True,AE,AED,National Clearing Bank,,2023-05-19 09:18:00,2023-05-19 10:18:00,PERSON,COMPLETED,false,Sheikh Zayed Road,Dubai,Dubai,AE,
R3318,770200000001,payment,RET-BEN-000319,RETAIL,local,2022-02-28,National Utility Services PJSC,Utility Services,True,AE,AED,National Clearing Bank,,2023-05-30 09:19:00,2023-05-30 10:19:00,PERSON,COMPLETED,false,Sheikh Zayed Road,Dubai,Dubai,AE,
R3319,770200000001,payment,RET-BEN-000320,RETAIL,local,2022-03-17,National Utility Services PJSC,Utility Services,True,AE,AED,National Clearing Bank,,2023-06-10 09:20:00,2023-06-10 10:20:00,PERSON,COMPLETED,false,Sheikh Zayed Road,Dubai,Dubai,AE,
R3320,770200000001,payment,RET-BEN-000321,RETAIL,local,2022-04-03,National Utility Services PJSC,Utility Services,True,AE,AED,National Clearing Bank,,2023-06-21 09:21:00,2023-06-21 10:21:00,PERSON,COMPLETED,false,Sheikh Zayed Road,Dubai,Dubai,AE,
R3321,770200000001,payment,RET-BEN-000322,RETAIL,local,2022-04-20,National Utility Services PJSC,Utility Services,True,AE,AED,National Clearing Bank,,2023-07-02 09:22:00,2023-07-02 10:22:00,PERSON,COMPLETED,false,Sheikh Zayed Road,Dubai,Dubai,AE,
R3322,770200000001,payment,RET-BEN-000323,RETAIL,local,2022-05-07,National Utility Services PJSC,Utility Services,True,AE,AED,National Clearing Bank,,2023-07-13 09:23:00,2023-07-13 10:23:00,PERSON,COMPLETED,false,Sheikh Zayed Road,Dubai,Dubai,AE,
R3323,770200000001,payment,RET-BEN-000324,RETAIL,local,2022-05-24,National Utility Services PJSC,Utility Services,True,AE,AED,National Clearing Bank,,2023-07-24 09:24:00,2023-07-24 10:24:00,PERSON,COMPLETED,false,Sheikh Zayed Road,Dubai,Dubai,AE,
R3324,770200000001,payment,RET-BEN-000325,RETAIL,local,2022-06-10,National Utility Services PJSC,Utility Services,True,AE,AED,National Clearing Bank,,2023-08-04 09:25:00,2023-08-04 10:25:00,PERSON,COMPLETED,false,Sheikh Zayed Road,Dubai,Dubai,AE,
R3325,770200000001,payment,RET-BEN-000326,RETAIL,local,2022-06-27,National Utility Services PJSC,Utility Services,True,AE,AED,National Clearing Bank,,2023-08-15 09:26:00,2023-08-15 10:26:00,PERSON,COMPLETED,false,Sheikh Zayed Road,Dubai,Dubai,AE,
R3326,770200000001,payment,RET-BEN-000327,RETAIL,local,2022-07-14,National Utility Services PJSC,Utility Services,True,AE,AED,National Clearing Bank,,2023-08-26 09:27:00,2023-08-26 10:27:00,PERSON,COMPLETED,false,Sheikh Zayed Road,Dubai,Dubai,AE,
R3327,770200000001,payment,RET-BEN-000328,RETAIL,local,2022-07-31,National Utility Services PJSC,Utility Services,True,AE,AED,National Clearing Bank,,2023-09-06 09:28:00,2023-09-06 10:28:00,PERSON,COMPLETED,false,Sheikh Zayed Road,Dubai,Dubai,AE,
R3328,770200000001,payment,RET-BEN-000329,RETAIL,local,2022-08-17,National Utility Services PJSC,Utility Services,True,AE,AED,National Clearing Bank,,2023-09-17 09:29:00,2023-09-17 10:29:00,PERSON,COMPLETED,false,Sheikh Zayed Road,Dubai,Dubai,AE,
R3329,770200000001,payment,RET-BEN-000330,RETAIL,local,2022-09-03,National Utility Services PJSC,Utility Services,True,AE,AED,National Clearing Bank,,2023-09-28 09:30:00,2023-09-28 10:30:00,PERSON,COMPLETED,false,Sheikh Zayed Road,Dubai,Dubai,AE,
R3330,770200000001,payment,RET-BEN-000331,RETAIL,local,2022-09-20,National Utility Services PJSC,Utility Services,True,AE,AED,National Clearing Bank,,2023-10-09 09:31:00,2023-10-09 10:31:00,PERSON,COMPLETED,false,Sheikh Zayed Road,Dubai,Dubai,AE,
R3331,770200000001,payment,RET-BEN-000332,RETAIL,local,2022-10-07,National Utility Services PJSC,Utility Services,True,AE,AED,National Clearing Bank,,2023-10-20 09:32:00,2023-10-20 10:32:00,PERSON,COMPLETED,false,Sheikh Zayed Road,Dubai,Dubai,AE,
R3332,770200000001,payment,RET-BEN-000333,RETAIL,local,2022-10-24,National Utility Services PJSC,Utility Services,True,AE,AED,National Clearing Bank,,2023-10-31 09:33:00,2023-10-31 10:33:00,PERSON,COMPLETED,false,Sheikh Zayed Road,Dubai,Dubai,AE,
R3333,770200000001,payment,RET-BEN-000334,RETAIL,local,2022-11-10,National Utility Services PJSC,Utility Services,True,AE,AED,National Clearing Bank,,2023-11-11 09:34:00,2023-11-11 10:34:00,PERSON,COMPLETED,false,Sheikh Zayed Road,Dubai,Dubai,AE,
R3334,770200000001,payment,RET-BEN-000335,RETAIL,local,2022-11-27,National Utility Services PJSC,Utility Services,True,AE,AED,National Clearing Bank,,2023-11-22 09:35:00,2023-11-22 10:35:00,PERSON,COMPLETED,false,Sheikh Zayed Road,Dubai,Dubai,AE,
R3335,770200000001,payment,RET-BEN-000336,RETAIL,local,2022-12-14,National Utility Services PJSC,Utility Services,True,AE,AED,National Clearing Bank,,2023-12-03 09:36:00,2023-12-03 10:36:00,PERSON,COMPLETED,false,Sheikh Zayed Road,Dubai,Dubai,AE,
R3336,770200000001,payment,RET-BEN-000337,RETAIL,local,2022-12-31,National Utility Services PJSC,Utility Services,True,AE,AED,National Clearing Bank,,2023-12-14 09:37:00,2023-12-14 10:37:00,PERSON,COMPLETED,false,Sheikh Zayed Road,Dubai,Dubai,AE,
R3337,770200000001,payment,RET-BEN-000338,RETAIL,local,2023-01-17,National Utility Services PJSC,Utility Services,True,AE,AED,National Clearing Bank,,2023-12-25 09:38:00,2023-12-25 10:38:00,PERSON,COMPLETED,false,Sheikh Zayed Road,Dubai,Dubai,AE,
R3338,770200000001,payment,RET-BEN-000339,RETAIL,local,2023-02-03,National Utility Services PJSC,Utility Services,True,AE,AED,National Clearing Bank,,2024-01-05 09:39:00,2024-01-05 10:39:00,PERSON,COMPLETED,false,Sheikh Zayed Road,Dubai,Dubai,AE,
R3339,770200000001,payment,RET-BEN-000340,RETAIL,local,2023-02-20,National Utility Services PJSC,Utility Services,True,AE,AED,National Clearing Bank,,2024-01-16 09:40:00,2024-01-16 10:40:00,PERSON,COMPLETED,false,Sheikh Zayed Road,Dubai,Dubai,AE,
R3340,770200000001,payment,RET-BEN-000341,RETAIL,local,2023-03-09,National Utility Services PJSC,Utility Services,True,AE,AED,National Clearing Bank,,2024-01-27 09:41:00,2024-01-27 10:41:00,PERSON,COMPLETED,false,Sheikh Zayed Road,Dubai,Dubai,AE,
R3341,770200000001,payment,RET-BEN-000342,RETAIL,local,2023-03-26,National Utility Services PJSC,Utility Services,True,AE,AED,National Clearing Bank,,2024-02-07 09:42:00,2024-02-07 10:42:00,PERSON,COMPLETED,false,Sheikh Zayed Road,Dubai,Dubai,AE,
R3342,770200000001,payment,RET-BEN-000343,RETAIL,local,2023-04-12,National Utility Services PJSC,Utility Services,True,AE,AED,National Clearing Bank,,2024-02-18 09:43:00,2024-02-18 10:43:00,PERSON,COMPLETED,false,Sheikh Zayed Road,Dubai,Dubai,AE,
R3343,770200000001,payment,RET-BEN-000344,RETAIL,local,2023-04-29,National Utility Services PJSC,Utility Services,True,AE,AED,National Clearing Bank,,2024-02-29 09:44:00,2024-02-29 10:44:00,PERSON,COMPLETED,false,Sheikh Zayed Road,Dubai,Dubai,AE,
R3344,770200000001,payment,RET-BEN-000345,RETAIL,local,2023-05-16,National Utility Services PJSC,Utility Services,True,AE,AED,National Clearing Bank,,2024-03-11 09:45:00,2024-03-11 10:45:00,PERSON,COMPLETED,false,Sheikh Zayed Road,Dubai,Dubai,AE,
R3345,770200000001,payment,RET-BEN-000346,RETAIL,local,2023-06-02,National Utility Services PJSC,Utility Services,True,AE,AED,National Clearing Bank,,2024-03-22 09:46:00,2024-03-22 10:46:00,PERSON,COMPLETED,false,Sheikh Zayed Road,Dubai,Dubai,AE,
R3346,770200000001,payment,RET-BEN-000347,RETAIL,local,2023-06-19,National Utility Services PJSC,Utility Services,True,AE,AED,National Clearing Bank,,2024-04-02 09:47:00,2024-04-02 10:47:00,PERSON,COMPLETED,false,Sheikh Zayed Road,Dubai,Dubai,AE,
R3347,770200000001,payment,RET-BEN-000348,RETAIL,local,2023-07-06,National Utility Services PJSC,Utility Services,True,AE,AED,National Clearing Bank,,2024-04-13 09:48:00,2024-04-13 10:48:00,PERSON,COMPLETED,false,Sheikh Zayed Road,Dubai,Dubai,AE,
R3348,770200000001,payment,RET-BEN-000349,RETAIL,local,2023-07-23,National Utility Services PJSC,Utility Services,True,AE,AED,National Clearing Bank,,2024-04-24 09:49:00,2024-04-24 10:49:00,PERSON,COMPLETED,false,Sheikh Zayed Road,Dubai,Dubai,AE,
R3349,770200000001,payment,RET-BEN-000350,RETAIL,local,2023-08-09,National Utility Services PJSC,Utility Services,True,AE,AED,National Clearing Bank,,2023-01-11 09:50:00,2023-01-11 10:50:00,PERSON,COMPLETED,false,Sheikh Zayed Road,Dubai,Dubai,AE,
R3350,770200000001,payment,RET-BEN-000351,RETAIL,local,2023-08-26,National Utility Services PJSC,Utility Services,True,AE,AED,National Clearing Bank,,2023-01-22 09:51:00,2023-01-22 10:51:00,PERSON,COMPLETED,false,Sheikh Zayed Road,Dubai,Dubai,AE,
R3351,770200000001,payment,RET-BEN-000352,RETAIL,local,2023-09-12,National Utility Services PJSC,Utility Services,True,AE,AED,National Clearing Bank,,2023-02-02 09:52:00,2023-02-02 10:52:00,PERSON,COMPLETED,false,Sheikh Zayed Road,Dubai,Dubai,AE,
R3352,770200000001,payment,RET-BEN-000353,RETAIL,local,2023-09-29,National Utility Services PJSC,Utility Services,True,AE,AED,National Clearing Bank,,2023-02-13 09:53:00,2023-02-13 10:53:00,PERSON,COMPLETED,false,Sheikh Zayed Road,Dubai,Dubai,AE,
R3353,770200000001,payment,RET-BEN-000354,RETAIL,local,2023-10-16,National Utility Services PJSC,Utility Services,True,AE,AED,National Clearing Bank,,2023-02-24 09:54:00,2023-02-24 10:54:00,PERSON,COMPLETED,false,Sheikh Zayed Road,Dubai,Dubai,AE,
R3354,770200000001,payment,RET-BEN-000355,RETAIL,local,2023-11-02,National Utility Services PJSC,Utility Services,True,AE,AED,National Clearing Bank,,2023-03-07 09:55:00,2023-03-07 10:55:00,PERSON,COMPLETED,false,Sheikh Zayed Road,Dubai,Dubai,AE,
R3355,770200000001,payment,RET-BEN-000356,RETAIL,local,2023-11-19,National Utility Services PJSC,Utility Services,True,AE,AED,National Clearing Bank,,2023-03-18 09:56:00,2023-03-18 10:56:00,PERSON,COMPLETED,false,Sheikh Zayed Road,Dubai,Dubai,AE,
R3356,770200000001,payment,RET-BEN-000357,RETAIL,local,2023-12-06,National Utility Services PJSC,Utility Services,True,AE,AED,National Clearing Bank,,2023-03-29 09:57:00,2023-03-29 10:57:00,PERSON,COMPLETED,false,Sheikh Zayed Road,Dubai,Dubai,AE,
R3357,770200000001,payment,RET-BEN-000358,RETAIL,local,2023-12-23,National Utility Services PJSC,Utility Services,True,AE,AED,National Clearing Bank,,2023-04-09 09:58:00,2023-04-09 10:58:00,PERSON,COMPLETED,false,Sheikh Zayed Road,Dubai,Dubai,AE,
R3358,770200000001,payment,RET-BEN-000359,RETAIL,local,2024-01-09,National Utility Services PJSC,Utility Services,True,AE,AED,National Clearing Bank,,2023-04-20 09:59:00,2023-04-20 10:59:00,PERSON,COMPLETED,false,Sheikh Zayed Road,Dubai,Dubai,AE,
R3359,770200000001,payment,RET-BEN-000360,RETAIL,local,2024-01-26,National Utility Services PJSC,Utility Services,True,AE,AED,National Clearing Bank,,2023-05-01 09:00:00,2023-05-01 10:00:00,PERSON,COMPLETED,false,Sheikh Zayed Road,Dubai,Dubai,AE,
R3360,770200000001,payment,RET-BEN-000361,RETAIL,local,2024-02-12,National Utility Services PJSC,Utility Services,True,AE,AED,National Clearing Bank,,2023-05-12 09:01:00,2023-05-12 10:01:00,PERSON,COMPLETED,false,Sheikh Zayed Road,Dubai,Dubai,AE,
R3361,770200000001,payment,RET-BEN-000362,RETAIL,local,2024-02-29,National Utility Services PJSC,Utility Services,True,AE,AED,National Clearing Bank,,2023-05-23 09:02:00,2023-05-23 10:02:00,PERSON,COMPLETED,false,Sheikh Zayed Road,Dubai,Dubai,AE,
R3362,770200000001,payment,RET-BEN-000363,RETAIL,local,2024-03-17,National Utility Services PJSC,Utility Services,True,AE,AED,National Clearing Bank,,2023-06-03 09:03:00,2023-06-03 10:03:00,PERSON,COMPLETED,false,Sheikh Zayed Road,Dubai,Dubai,AE,
R3363,770200000001,payment,RET-BEN-000364,RETAIL,local,2024-04-03,National Utility Services PJSC,Utility Services,True,AE,AED,National Clearing Bank,,2023-06-14 09:04:00,2023-06-14 10:04:00,PERSON,COMPLETED,false,Sheikh Zayed Road,Dubai,Dubai,AE,
R3364,770200000001,payment,RET-BEN-000365,RETAIL,local,2024-04-20,National Utility Services PJSC,Utility Services,True,AE,AED,National Clearing Bank,,2023-06-25 09:05:00,2023-06-25 10:05:00,PERSON,COMPLETED,false,Sheikh Zayed Road,Dubai,Dubai,AE,
R3365,770200000001,payment,RET-BEN-000366,RETAIL,local,2024-05-07,National Utility Services PJSC,Utility Services,True,AE,AED,National Clearing Bank,,2023-07-06 09:06:00,2023-07-06 10:06:00,PERSON,COMPLETED,false,Sheikh Zayed Road,Dubai,Dubai,AE,
R3366,770200000001,payment,RET-BEN-000367,RETAIL,local,2024-05-24,National Utility Services PJSC,Utility Services,True,AE,AED,National Clearing Bank,,2023-07-17 09:07:00,2023-07-17 10:07:00,PERSON,COMPLETED,false,Sheikh Zayed Road,Dubai,Dubai,AE,
R3367,770200000001,payment,RET-BEN-000368,RETAIL,local,2021-01-07,National Utility Services PJSC,Utility Services,True,AE,AED,National Clearing Bank,,2023-07-28 09:08:00,2023-07-28 10:08:00,PERSON,COMPLETED,false,Sheikh Zayed Road,Dubai,Dubai,AE,
R3368,770200000001,payment,RET-BEN-000369,RETAIL,local,2021-01-24,National Utility Services PJSC,Utility Services,True,AE,AED,National Clearing Bank,,2023-08-08 09:09:00,2023-08-08 10:09:00,PERSON,COMPLETED,false,Sheikh Zayed Road,Dubai,Dubai,AE,
R3369,770200000001,payment,RET-BEN-000370,RETAIL,local,2021-02-10,National Utility Services PJSC,Utility Services,True,AE,AED,National Clearing Bank,,2023-08-19 09:10:00,2023-08-19 10:10:00,PERSON,COMPLETED,false,Sheikh Zayed Road,Dubai,Dubai,AE,
R3370,770200000001,payment,RET-BEN-000371,RETAIL,local,2021-02-27,National Utility Services PJSC,Utility Services,True,AE,AED,National Clearing Bank,,2023-08-30 09:11:00,2023-08-30 10:11:00,PERSON,COMPLETED,false,Sheikh Zayed Road,Dubai,Dubai,AE,
R3371,770200000001,payment,RET-BEN-000372,RETAIL,local,2021-03-16,National Utility Services PJSC,Utility Services,True,AE,AED,National Clearing Bank,,2023-09-10 09:12:00,2023-09-10 10:12:00,PERSON,COMPLETED,false,Sheikh Zayed Road,Dubai,Dubai,AE,
R3372,770200000001,payment,RET-BEN-000373,RETAIL,local,2021-04-02,National Utility Services PJSC,Utility Services,True,AE,AED,National Clearing Bank,,2023-09-21 09:13:00,2023-09-21 10:13:00,PERSON,COMPLETED,false,Sheikh Zayed Road,Dubai,Dubai,AE,
R3373,770200000001,payment,RET-BEN-000374,RETAIL,local,2021-04-19,National Utility Services PJSC,Utility Services,True,AE,AED,National Clearing Bank,,2023-10-02 09:14:00,2023-10-02 10:14:00,PERSON,COMPLETED,false,Sheikh Zayed Road,Dubai,Dubai,AE,
R3374,770200000001,payment,RET-BEN-000375,RETAIL,local,2021-05-06,National Utility Services PJSC,Utility Services,True,AE,AED,National Clearing Bank,,2023-10-13 09:15:00,2023-10-13 10:15:00,PERSON,COMPLETED,false,Sheikh Zayed Road,Dubai,Dubai,AE,
R3375,770200000001,payment,RET-BEN-000376,RETAIL,local,2021-05-23,National Utility Services PJSC,Utility Services,True,AE,AED,National Clearing Bank,,2023-10-24 09:16:00,2023-10-24 10:16:00,PERSON,COMPLETED,false,Sheikh Zayed Road,Dubai,Dubai,AE,
R3376,770200000001,payment,RET-BEN-000377,RETAIL,local,2021-06-09,National Utility Services PJSC,Utility Services,True,AE,AED,National Clearing Bank,,2023-11-04 09:17:00,2023-11-04 10:17:00,PERSON,COMPLETED,false,Sheikh Zayed Road,Dubai,Dubai,AE,
R3377,770200000001,payment,RET-BEN-000378,RETAIL,local,2021-06-26,National Utility Services PJSC,Utility Services,True,AE,AED,National Clearing Bank,,2023-11-15 09:18:00,2023-11-15 10:18:00,PERSON,COMPLETED,false,Sheikh Zayed Road,Dubai,Dubai,AE,
R3378,770200000001,payment,RET-BEN-000379,RETAIL,local,2021-07-13,National Utility Services PJSC,Utility Services,True,AE,AED,National Clearing Bank,,2023-11-26 09:19:00,2023-11-26 10:19:00,PERSON,COMPLETED,false,Sheikh Zayed Road,Dubai,Dubai,AE,
R3379,770200000001,payment,RET-BEN-000380,RETAIL,local,2021-07-30,National Utility Services PJSC,Utility Services,True,AE,AED,National Clearing Bank,,2023-12-07 09:20:00,2023-12-07 10:20:00,PERSON,COMPLETED,false,Sheikh Zayed Road,Dubai,Dubai,AE,
R3380,770200000001,payment,RET-BEN-000381,RETAIL,local,2021-08-16,National Utility Services PJSC,Utility Services,True,AE,AED,National Clearing Bank,,2023-12-18 09:21:00,2023-12-18 10:21:00,PERSON,COMPLETED,false,Sheikh Zayed Road,Dubai,Dubai,AE,
R3381,770200000001,payment,RET-BEN-000382,RETAIL,local,2021-09-02,National Utility Services PJSC,Utility Services,True,AE,AED,National Clearing Bank,,2023-12-29 09:22:00,2023-12-29 10:22:00,PERSON,COMPLETED,false,Sheikh Zayed Road,Dubai,Dubai,AE,
R3382,770200000001,payment,RET-BEN-000383,RETAIL,local,2021-09-19,National Utility Services PJSC,Utility Services,True,AE,AED,National Clearing Bank,,2024-01-09 09:23:00,2024-01-09 10:23:00,PERSON,COMPLETED,false,Sheikh Zayed Road,Dubai,Dubai,AE,
R3383,770200000001,payment,RET-BEN-000384,RETAIL,local,2021-10-06,National Utility Services PJSC,Utility Services,True,AE,AED,National Clearing Bank,,2024-01-20 09:24:00,2024-01-20 10:24:00,PERSON,COMPLETED,false,Sheikh Zayed Road,Dubai,Dubai,AE,
R3384,770200000001,payment,RET-BEN-000385,RETAIL,local,2021-10-23,National Utility Services PJSC,Utility Services,True,AE,AED,National Clearing Bank,,2024-01-31 09:25:00,2024-01-31 10:25:00,PERSON,COMPLETED,false,Sheikh Zayed Road,Dubai,Dubai,AE,
R3385,770200000001,payment,RET-BEN-000386,RETAIL,local,2021-11-09,National Utility Services PJSC,Utility Services,True,AE,AED,National Clearing Bank,,2024-02-11 09:26:00,2024-02-11 10:26:00,PERSON,COMPLETED,false,Sheikh Zayed Road,Dubai,Dubai,AE,
R3386,770200000001,payment,RET-BEN-000387,RETAIL,local,2021-11-26,National Utility Services PJSC,Utility Services,True,AE,AED,National Clearing Bank,,2024-02-22 09:27:00,2024-02-22 10:27:00,PERSON,COMPLETED,false,Sheikh Zayed Road,Dubai,Dubai,AE,
R3387,770200000001,payment,RET-BEN-000388,RETAIL,local,2021-12-13,National Utility Services PJSC,Utility Services,True,AE,AED,National Clearing Bank,,2024-03-04 09:28:00,2024-03-04 10:28:00,PERSON,COMPLETED,false,Sheikh Zayed Road,Dubai,Dubai,AE,
R3388,770200000001,payment,RET-BEN-000389,RETAIL,local,2021-12-30,National Utility Services PJSC,Utility Services,True,AE,AED,National Clearing Bank,,2024-03-15 09:29:00,2024-03-15 10:29:00,PERSON,COMPLETED,false,Sheikh Zayed Road,Dubai,Dubai,AE,
R3389,770200000001,payment,RET-BEN-000390,RETAIL,local,2022-01-16,National Utility Services PJSC,Utility Services,True,AE,AED,National Clearing Bank,,2024-03-26 09:30:00,2024-03-26 10:30:00,PERSON,COMPLETED,false,Sheikh Zayed Road,Dubai,Dubai,AE,
R3390,770200000001,payment,RET-BEN-000391,RETAIL,local,2022-02-02,National Utility Services PJSC,Utility Services,True,AE,AED,National Clearing Bank,,2024-04-06 09:31:00,2024-04-06 10:31:00,PERSON,COMPLETED,false,Sheikh Zayed Road,Dubai,Dubai,AE,
R3391,770200000001,payment,RET-BEN-000392,RETAIL,local,2022-02-19,National Utility Services PJSC,Utility Services,True,AE,AED,National Clearing Bank,,2024-04-17 09:32:00,2024-04-17 10:32:00,PERSON,COMPLETED,false,Sheikh Zayed Road,Dubai,Dubai,AE,
R3392,770200000001,payment,RET-BEN-000393,RETAIL,local,2022-03-08,National Utility Services PJSC,Utility Services,True,AE,AED,National Clearing Bank,,2023-01-04 09:33:00,2023-01-04 10:33:00,PERSON,COMPLETED,false,Sheikh Zayed Road,Dubai,Dubai,AE,
R3393,770200000001,payment,RET-BEN-000394,RETAIL,local,2022-03-25,National Utility Services PJSC,Utility Services,True,AE,AED,National Clearing Bank,,2023-01-15 09:34:00,2023-01-15 10:34:00,PERSON,COMPLETED,false,Sheikh Zayed Road,Dubai,Dubai,AE,
R3394,770200000001,payment,RET-BEN-000395,RETAIL,local,2022-04-11,National Utility Services PJSC,Utility Services,True,AE,AED,National Clearing Bank,,2023-01-26 09:35:00,2023-01-26 10:35:00,PERSON,COMPLETED,false,Sheikh Zayed Road,Dubai,Dubai,AE,
R3395,770200000001,payment,RET-BEN-000396,RETAIL,local,2022-04-28,National Utility Services PJSC,Utility Services,True,AE,AED,National Clearing Bank,,2023-02-06 09:36:00,2023-02-06 10:36:00,PERSON,COMPLETED,false,Sheikh Zayed Road,Dubai,Dubai,AE,
R3396,770200000001,payment,RET-BEN-000397,RETAIL,local,2022-05-15,National Utility Services PJSC,Utility Services,True,AE,AED,National Clearing Bank,,2023-02-17 09:37:00,2023-02-17 10:37:00,PERSON,COMPLETED,false,Sheikh Zayed Road,Dubai,Dubai,AE,
R3397,770200000001,payment,RET-BEN-000398,RETAIL,local,2022-06-01,National Utility Services PJSC,Utility Services,True,AE,AED,National Clearing Bank,,2023-02-28 09:38:00,2023-02-28 10:38:00,PERSON,COMPLETED,false,Sheikh Zayed Road,Dubai,Dubai,AE,
R3398,770200000001,payment,RET-BEN-000399,RETAIL,local,2022-06-18,National Utility Services PJSC,Utility Services,True,AE,AED,National Clearing Bank,,2023-03-11 09:39:00,2023-03-11 10:39:00,PERSON,COMPLETED,false,Sheikh Zayed Road,Dubai,Dubai,AE,
R3399,770200000001,payment,RET-BEN-000400,RETAIL,local,2022-07-05,National Utility Services PJSC,Utility Services,True,AE,AED,National Clearing Bank,,2023-03-22 09:40:00,2023-03-22 10:40:00,PERSON,COMPLETED,false,Sheikh Zayed Road,Dubai,Dubai,AE,
R3400,770200000001,payment,RET-BEN-000401,RETAIL,local,2022-07-22,National Utility Services PJSC,Utility Services,True,AE,AED,National Clearing Bank,,2023-04-02 09:41:00,2023-04-02 10:41:00,PERSON,COMPLETED,false,Sheikh Zayed Road,Dubai,Dubai,AE,
R3401,770200000001,payment,RET-BEN-000402,RETAIL,local,2022-08-08,National Utility Services PJSC,Utility Services,True,AE,AED,National Clearing Bank,,2023-04-13 09:42:00,2023-04-13 10:42:00,PERSON,COMPLETED,false,Sheikh Zayed Road,Dubai,Dubai,AE,
R3402,770200000001,payment,RET-BEN-000403,RETAIL,local,2022-08-25,National Utility Services PJSC,Utility Services,True,AE,AED,National Clearing Bank,,2023-04-24 09:43:00,2023-04-24 10:43:00,PERSON,COMPLETED,false,Sheikh Zayed Road,Dubai,Dubai,AE,
R3403,770200000001,payment,RET-BEN-000404,RETAIL,local,2022-09-11,National Utility Services PJSC,Utility Services,True,AE,AED,National Clearing Bank,,2023-05-05 09:44:00,2023-05-05 10:44:00,PERSON,COMPLETED,false,Sheikh Zayed Road,Dubai,Dubai,AE,
R3404,770200000001,payment,RET-BEN-000405,RETAIL,local,2022-09-28,National Utility Services PJSC,Utility Services,True,AE,AED,National Clearing Bank,,2023-05-16 09:45:00,2023-05-16 10:45:00,PERSON,COMPLETED,false,Sheikh Zayed Road,Dubai,Dubai,AE,
R3405,770200000001,payment,RET-BEN-000406,RETAIL,local,2022-10-15,National Utility Services PJSC,Utility Services,True,AE,AED,National Clearing Bank,,2023-05-27 09:46:00,2023-05-27 10:46:00,PERSON,COMPLETED,false,Sheikh Zayed Road,Dubai,Dubai,AE,
R3406,770200000001,payment,RET-BEN-000407,RETAIL,local,2022-11-01,National Utility Services PJSC,Utility Services,True,AE,AED,National Clearing Bank,,2023-06-07 09:47:00,2023-06-07 10:47:00,PERSON,COMPLETED,false,Sheikh Zayed Road,Dubai,Dubai,AE,
R3407,770200000001,payment,RET-BEN-000408,RETAIL,local,2022-11-18,National Utility Services PJSC,Utility Services,True,AE,AED,National Clearing Bank,,2023-06-18 09:48:00,2023-06-18 10:48:00,PERSON,COMPLETED,false,Sheikh Zayed Road,Dubai,Dubai,AE,
R3408,770200000001,payment,RET-BEN-000409,RETAIL,local,2022-12-05,National Utility Services PJSC,Utility Services,True,AE,AED,National Clearing Bank,,2023-06-29 09:49:00,2023-06-29 10:49:00,PERSON,COMPLETED,false,Sheikh Zayed Road,Dubai,Dubai,AE,
R3409,770200000001,payment,RET-BEN-000410,RETAIL,local,2022-12-22,National Utility Services PJSC,Utility Services,True,AE,AED,National Clearing Bank,,2023-07-10 09:50:00,2023-07-10 10:50:00,PERSON,COMPLETED,false,Sheikh Zayed Road,Dubai,Dubai,AE,
R3410,770200000001,payment,RET-BEN-000411,RETAIL,local,2023-01-08,National Utility Services PJSC,Utility Services,True,AE,AED,National Clearing Bank,,2023-07-21 09:51:00,2023-07-21 10:51:00,PERSON,COMPLETED,false,Sheikh Zayed Road,Dubai,Dubai,AE,
R3411,770200000001,payment,RET-BEN-000412,RETAIL,local,2023-01-25,National Utility Services PJSC,Utility Services,True,AE,AED,National Clearing Bank,,2023-08-01 09:52:00,2023-08-01 10:52:00,PERSON,COMPLETED,false,Sheikh Zayed Road,Dubai,Dubai,AE,
R3412,770200000001,payment,RET-BEN-000413,RETAIL,local,2023-02-11,National Utility Services PJSC,Utility Services,True,AE,AED,National Clearing Bank,,2023-08-12 09:53:00,2023-08-12 10:53:00,PERSON,COMPLETED,false,Sheikh Zayed Road,Dubai,Dubai,AE,
R3413,770200000001,payment,RET-BEN-000414,RETAIL,local,2023-02-28,National Utility Services PJSC,Utility Services,True,AE,AED,National Clearing Bank,,2023-08-23 09:54:00,2023-08-23 10:54:00,PERSON,COMPLETED,false,Sheikh Zayed Road,Dubai,Dubai,AE,
R3414,770200000001,payment,RET-BEN-000415,RETAIL,local,2023-03-17,National Utility Services PJSC,Utility Services,True,AE,AED,National Clearing Bank,,2023-09-03 09:55:00,2023-09-03 10:55:00,PERSON,COMPLETED,false,Sheikh Zayed Road,Dubai,Dubai,AE,
R3415,770200000001,payment,RET-BEN-000416,RETAIL,local,2023-04-03,National Utility Services PJSC,Utility Services,True,AE,AED,National Clearing Bank,,2023-09-14 09:56:00,2023-09-14 10:56:00,PERSON,COMPLETED,false,Sheikh Zayed Road,Dubai,Dubai,AE,
R3416,770200000001,payment,RET-BEN-000417,RETAIL,local,2023-04-20,National Utility Services PJSC,Utility Services,True,AE,AED,National Clearing Bank,,2023-09-25 09:57:00,2023-09-25 10:57:00,PERSON,COMPLETED,false,Sheikh Zayed Road,Dubai,Dubai,AE,
R3417,770200000001,payment,RET-BEN-000418,RETAIL,local,2023-05-07,National Utility Services PJSC,Utility Services,True,AE,AED,National Clearing Bank,,2023-10-06 09:58:00,2023-10-06 10:58:00,PERSON,COMPLETED,false,Sheikh Zayed Road,Dubai,Dubai,AE,
R3418,770200000001,payment,RET-BEN-000419,RETAIL,local,2023-05-24,National Utility Services PJSC,Utility Services,True,AE,AED,National Clearing Bank,,2023-10-17 09:59:00,2023-10-17 10:59:00,PERSON,COMPLETED,false,Sheikh Zayed Road,Dubai,Dubai,AE,
R3419,770200000001,payment,RET-BEN-000420,RETAIL,local,2023-06-10,National Utility Services PJSC,Utility Services,True,AE,AED,National Clearing Bank,,2023-10-28 09:00:00,2023-10-28 10:00:00,PERSON,COMPLETED,false,Sheikh Zayed Road,Dubai,Dubai,AE,
R3420,770200000001,payment,RET-BEN-000421,RETAIL,local,2023-06-27,National Utility Services PJSC,Utility Services,True,AE,AED,National Clearing Bank,,2023-11-08 09:01:00,2023-11-08 10:01:00,PERSON,COMPLETED,false,Sheikh Zayed Road,Dubai,Dubai,AE,
R3421,770200000001,payment,RET-BEN-000422,RETAIL,local,2023-07-14,National Utility Services PJSC,Utility Services,True,AE,AED,National Clearing Bank,,2023-11-19 09:02:00,2023-11-19 10:02:00,PERSON,COMPLETED,false,Sheikh Zayed Road,Dubai,Dubai,AE,
R3422,770200000001,payment,RET-BEN-000423,RETAIL,local,2023-07-31,National Utility Services PJSC,Utility Services,True,AE,AED,National Clearing Bank,,2023-11-30 09:03:00,2023-11-30 10:03:00,PERSON,COMPLETED,false,Sheikh Zayed Road,Dubai,Dubai,AE,
R3423,770200000001,payment,RET-BEN-000424,RETAIL,local,2023-08-17,National Utility Services PJSC,Utility Services,True,AE,AED,National Clearing Bank,,2023-12-11 09:04:00,2023-12-11 10:04:00,PERSON,COMPLETED,false,Sheikh Zayed Road,Dubai,Dubai,AE,
R3424,770200000001,payment,RET-BEN-000425,RETAIL,local,2023-09-03,National Utility Services PJSC,Utility Services,True,AE,AED,National Clearing Bank,,2023-12-22 09:05:00,2023-12-22 10:05:00,PERSON,COMPLETED,false,Sheikh Zayed Road,Dubai,Dubai,AE,
R3425,770200000001,payment,RET-BEN-000426,RETAIL,local,2023-09-20,National Utility Services PJSC,Utility Services,True,AE,AED,National Clearing Bank,,2024-01-02 09:06:00,2024-01-02 10:06:00,PERSON,COMPLETED,false,Sheikh Zayed Road,Dubai,Dubai,AE,
R3426,770200000001,payment,RET-BEN-000427,RETAIL,local,2023-10-07,National Utility Services PJSC,Utility Services,True,AE,AED,National Clearing Bank,,2024-01-13 09:07:00,2024-01-13 10:07:00,PERSON,COMPLETED,false,Sheikh Zayed Road,Dubai,Dubai,AE,
R3427,770200000001,payment,RET-BEN-000428,RETAIL,local,2023-10-24,National Utility Services PJSC,Utility Services,True,AE,AED,National Clearing Bank,,2024-01-24 09:08:00,2024-01-24 10:08:00,PERSON,COMPLETED,false,Sheikh Zayed Road,Dubai,Dubai,AE,
R3428,770200000001,payment,RET-BEN-000429,RETAIL,local,2023-11-10,National Utility Services PJSC,Utility Services,True,AE,AED,National Clearing Bank,,2024-02-04 09:09:00,2024-02-04 10:09:00,PERSON,COMPLETED,false,Sheikh Zayed Road,Dubai,Dubai,AE,
R3429,770200000001,payment,RET-BEN-000430,RETAIL,local,2023-11-27,National Utility Services PJSC,Utility Services,True,AE,AED,National Clearing Bank,,2024-02-15 09:10:00,2024-02-15 10:10:00,PERSON,COMPLETED,false,Sheikh Zayed Road,Dubai,Dubai,AE,
R3430,770200000001,payment,RET-BEN-000431,RETAIL,local,2023-12-14,National Utility Services PJSC,Utility Services,True,AE,AED,National Clearing Bank,,2024-02-26 09:11:00,2024-02-26 10:11:00,PERSON,COMPLETED,false,Sheikh Zayed Road,Dubai,Dubai,AE,
R3431,770200000001,payment,RET-BEN-000432,RETAIL,local,2023-12-31,National Utility Services PJSC,Utility Services,True,AE,AED,National Clearing Bank,,2024-03-08 09:12:00,2024-03-08 10:12:00,PERSON,COMPLETED,false,Sheikh Zayed Road,Dubai,Dubai,AE,
R3432,770200000001,payment,RET-BEN-000433,RETAIL,local,2024-01-17,National Utility Services PJSC,Utility Services,True,AE,AED,National Clearing Bank,,2024-03-19 09:13:00,2024-03-19 10:13:00,PERSON,COMPLETED,false,Sheikh Zayed Road,Dubai,Dubai,AE,
R3433,770200000001,payment,RET-BEN-000434,RETAIL,local,2024-02-03,National Utility Services PJSC,Utility Services,True,AE,AED,National Clearing Bank,,2024-03-30 09:14:00,2024-03-30 10:14:00,PERSON,COMPLETED,false,Sheikh Zayed Road,Dubai,Dubai,AE,
R3434,770200000001,payment,RET-BEN-000435,RETAIL,local,2024-02-20,National Utility Services PJSC,Utility Services,True,AE,AED,National Clearing Bank,,2024-04-10 09:15:00,2024-04-10 10:15:00,PERSON,COMPLETED,false,Sheikh Zayed Road,Dubai,Dubai,AE,
R3435,770200000001,payment,RET-BEN-000436,RETAIL,local,2024-03-08,National Utility Services PJSC,Utility Services,True,AE,AED,National Clearing Bank,,2024-04-21 09:16:00,2024-04-21 10:16:00,PERSON,COMPLETED,false,Sheikh Zayed Road,Dubai,Dubai,AE,
R3436,770200000001,payment,RET-BEN-000437,RETAIL,local,2024-03-25,National Utility Services PJSC,Utility Services,True,AE,AED,National Clearing Bank,,2023-01-08 09:17:00,2023-01-08 10:17:00,PERSON,COMPLETED,false,Sheikh Zayed Road,Dubai,Dubai,AE,
R3437,770200000001,payment,RET-BEN-000438,RETAIL,local,2024-04-11,National Utility Services PJSC,Utility Services,True,AE,AED,National Clearing Bank,,2023-01-19 09:18:00,2023-01-19 10:18:00,PERSON,COMPLETED,false,Sheikh Zayed Road,Dubai,Dubai,AE,
R3438,770200000001,payment,RET-BEN-000439,RETAIL,local,2024-04-28,National Utility Services PJSC,Utility Services,True,AE,AED,National Clearing Bank,,2023-01-30 09:19:00,2023-01-30 10:19:00,PERSON,COMPLETED,false,Sheikh Zayed Road,Dubai,Dubai,AE,
R3439,770200000001,payment,RET-BEN-000440,RETAIL,local,2024-05-15,National Utility Services PJSC,Utility Services,True,AE,AED,National Clearing Bank,,2023-02-10 09:20:00,2023-02-10 10:20:00,PERSON,COMPLETED,false,Sheikh Zayed Road,Dubai,Dubai,AE,
R3440,770200000001,payment,RET-BEN-000441,RETAIL,local,2024-06-01,National Utility Services PJSC,Utility Services,True,AE,AED,National Clearing Bank,,2023-02-21 09:21:00,2023-02-21 10:21:00,PERSON,COMPLETED,false,Sheikh Zayed Road,Dubai,Dubai,AE,
R3441,770200000001,payment,RET-BEN-000442,RETAIL,local,2021-01-15,National Utility Services PJSC,Utility Services,True,AE,AED,National Clearing Bank,,2023-03-04 09:22:00,2023-03-04 10:22:00,PERSON,COMPLETED,false,Sheikh Zayed Road,Dubai,Dubai,AE,
R3442,770200000001,payment,RET-BEN-000443,RETAIL,local,2021-02-01,National Utility Services PJSC,Utility Services,True,AE,AED,National Clearing Bank,,2023-03-15 09:23:00,2023-03-15 10:23:00,PERSON,COMPLETED,false,Sheikh Zayed Road,Dubai,Dubai,AE,
R3443,770200000001,payment,RET-BEN-000444,RETAIL,local,2021-02-18,National Utility Services PJSC,Utility Services,True,AE,AED,National Clearing Bank,,2023-03-26 09:24:00,2023-03-26 10:24:00,PERSON,COMPLETED,false,Sheikh Zayed Road,Dubai,Dubai,AE,
R3444,770200000001,payment,RET-BEN-000445,RETAIL,local,2021-03-07,National Utility Services PJSC,Utility Services,True,AE,AED,National Clearing Bank,,2023-04-06 09:25:00,2023-04-06 10:25:00,PERSON,COMPLETED,false,Sheikh Zayed Road,Dubai,Dubai,AE,
R3445,770200000001,payment,RET-BEN-000446,RETAIL,local,2021-03-24,National Utility Services PJSC,Utility Services,True,AE,AED,National Clearing Bank,,2023-04-17 09:26:00,2023-04-17 10:26:00,PERSON,COMPLETED,false,Sheikh Zayed Road,Dubai,Dubai,AE,
R3446,770200000001,payment,RET-BEN-000447,RETAIL,local,2021-04-10,National Utility Services PJSC,Utility Services,True,AE,AED,National Clearing Bank,,2023-04-28 09:27:00,2023-04-28 10:27:00,PERSON,COMPLETED,false,Sheikh Zayed Road,Dubai,Dubai,AE,
R3447,770200000001,payment,RET-BEN-000448,RETAIL,local,2021-04-27,National Utility Services PJSC,Utility Services,True,AE,AED,National Clearing Bank,,2023-05-09 09:28:00,2023-05-09 10:28:00,PERSON,COMPLETED,false,Sheikh Zayed Road,Dubai,Dubai,AE,
R3448,770200000001,payment,RET-BEN-000449,RETAIL,local,2021-05-14,National Utility Services PJSC,Utility Services,True,AE,AED,National Clearing Bank,,2023-05-20 09:29:00,2023-05-20 10:29:00,PERSON,COMPLETED,false,Sheikh Zayed Road,Dubai,Dubai,AE,
R3449,770200000001,payment,RET-BEN-000450,RETAIL,local,2021-05-31,National Utility Services PJSC,Utility Services,True,AE,AED,National Clearing Bank,,2023-05-31 09:30:00,2023-05-31 10:30:00,PERSON,COMPLETED,false,Sheikh Zayed Road,Dubai,Dubai,AE,
R3450,770200000001,payment,RET-BEN-000451,RETAIL,local,2021-06-17,National Utility Services PJSC,Utility Services,True,AE,AED,National Clearing Bank,,2023-06-11 09:31:00,2023-06-11 10:31:00,PERSON,COMPLETED,false,Sheikh Zayed Road,Dubai,Dubai,AE,
